name,brand,price,processor,Ram,Ram_type,ROM,ROM_type,GPU,OS,display_size,resolution_width,resolution_height,warranty,image_url,buy_url,source
"HP 15, AMD Ryzen 7 7735HS (16GB DDR5,512GB SSD) FHD, Anti-Glare, Micro-Edge, 15.6''/39.6cm, Win11, M365 Basic(1yr)* Office24, Silver, 1.59kg, fc1038AU, AMD Radeon FHD Camera w/Shutter, Backlit Laptop",HP,59990.0,Amd Ryzen 7 7735Hs,16.0,DDR5,512.0,SSD,Amd Radeon Fhd,Windows 11,15.6,1920,1080,1,https://m.media-amazon.com/images/I/714-RoZpQML._SL500_.jpg,,amazon
"Dell 15 (Previously Inspiron), 13th Gen Intel Core i5-1334U (16GB RAM, 1TB SSD) FHD, Anti-Glare 15.6""/39.62cm, Windows 11 MSO'24, Silver, 1.62kg, 12 Month McAfee, Thin & Light, Backlit Keyboard Laptop",Dell,65548.0,Intel Core I5-1334U,16.0,DDR4,512.0,SSD,Intel Iris Xe,Windows 11,15.6,2560,1600,1,https://m.media-amazon.com/images/I/611DLBKu8JL._SL500_.jpg,,amazon
"acer SmartChoice Aspire Lite, AMD Ryzen 5-5625U Processor, 16 GB/512 GB, Full HD, 15.6""/39.62 cm, Windows 11 Home, Steel Gray, 1.59 kg, AL15-41, Metal Body, Thin and Light Laptop",Acer,43990.0,Intel Core i5,8.0,DDR4,512.0,SSD,Intel Iris Xe,Windows 11,15.6,1920,1080,1,https://m.media-amazon.com/images/I/718UBZxpxrL._SL500_.jpg,,amazon
"HP 15, 13th Gen Intel Core i3-1315U Laptop (8GB DDR4,512GB SSD) Anti-Glare, Micro-Edge,15.6''/39.6cm, FHD, Win11,M365 Basic(1yr),Office Home24, Silver,1.59kg, FHD Camera w/Privacy Shutter, fd0569TU",HP,46990.0,Intel Core I3-1315U,8.0,DDR4,512.0,SSD,Intel Iris Xe,Windows 11,15.6,1920,1080,1,https://m.media-amazon.com/images/I/61R5Ecv7i-L._SL500_.jpg,,amazon
"HP Victus, 14th Gen Intel Core i5-14450HX, 6GB RTX 3050, 24GB DDR5, 512GB SSD, FHD, 144Hz, 300 nits, IPS,15.6''/39.6cm, Win11, M365* Office24, Mica Silver, 2.3kg, fa2303tx/fa2315tx, RGB Gaming Laptop",HP,103990.0,Intel Core I5-14450Hx,24.0,DDR5,512.0,SSD,Rtx 3050,Windows 11,15.6,1920,1080,1,https://m.media-amazon.com/images/I/71KML--Vz9L._SL500_.jpg,,amazon
"HP Victus, AMD Ryzen 7 7445HS, 6GB RTX 4050, 16GB DDR5(Upgradeable) 512GB SSD, 144Hz, IPS, 300nits, FHD, 15.6''/39.6cm, Win11, M365* Office24, Blue, 2.29kg, fb3130AX, Backlit, DTS Audio, Gaming Laptop",HP,89990.0,Amd Ryzen 7 7445Hs,16.0,DDR5,512.0,SSD,Rtx 4050,Windows 11,15.6,1920,1080,1,https://m.media-amazon.com/images/I/71r2ySSfgBL._SL500_.jpg,,amazon
"ASUS Vivobook 15, Smartchoice,Intel Core i5 13th Gen 13420H,16GB RAM, 512GB SSD, FHD 15.6"",Windows 11, Office Home 2024, Quiet Blue, 1.70 kg, X1502VA-BQ836WS,Intel UHD iGPU, M365 Basic (1Year)* Laptop",ASUS,59990.0,Intel Core I5 13Th,16.0,DDR4,512.0,SSD,Intel Iris Xe,Windows 11,15.6,1920,1080,1,https://m.media-amazon.com/images/I/818iNyzckGL._SL500_.jpg,,amazon
"ASUS Gaming V16 (2025) 14th Gen,Intel Core 7 240H Gaming Laptop (RTX 4050-6GB/16GB RAM/512GB SSD/Windows 11 Home/16/144Hz/M365*/Office Home 2024, Matte Black,1.95 Kg),V3607VU-RP275WS",ASUS,92990.0,Intel Core i5,16.0,DDR4,512.0,SSD,Rtx 4050,Windows 11,15.6,1920,1080,1,https://m.media-amazon.com/images/I/71YeigfZCuL._SL500_.jpg,,amazon
"HP 15, Intel Core Ultra 5 125H (24GB DDR5, 1TB SSD), Micro-Edge, Anti-Glare, FHD, 15''/39.6cm, Win11, M365* Office24, Silver, 1.65kg, FD1458TU, FHD Camera, Backlit Laptop",HP,76990.0,Intel Core Ultra 5,24.0,DDR5,512.0,SSD,Intel Iris Xe,Windows 11,15.6,1920,1080,1,https://m.media-amazon.com/images/I/71GUbAzXvLL._SL500_.jpg,,amazon
"HP Smartchoice Victus, 13th Gen Intel Core i7-13620H, 8GB RTX 5050, 24GB DDR5(Upgradeable) 1TB SSD, 144Hz, FHD, 15.6''/39.6cm, Win11, M365* Office24, Mica Silver, 2.29kg, fa2309TX, RGB Gaming Laptop",HP,112990.0,Intel Core I7-13620H,24.0,DDR5,512.0,SSD,Rtx 5050,Windows 11,15.6,1920,1080,1,https://m.media-amazon.com/images/I/71HKFtogydL._SL500_.jpg,,amazon
"Acer Aspire One, Intel Core Celeron N4500, Office 2024 + M365 Basic, 12GB LPDDR4X RAM/ 256GB SSD, 14.0""/35.56cm TN HD Display, Win 11 Home, Pure Silver, 1.3KG, A114-45, Thin and Light Laptop",Acer,34990.0,Intel Core i5,12.0,LPDDR4X,256.0,SSD,Intel Iris Xe,Windows 11,14.0,1366,768,1,https://m.media-amazon.com/images/I/71I0Oo7W2-L._SL500_.jpg,,amazon
"HP 15, Intel Core Ultra 5 125H, 12 Tops (16GB DDR5, 512GB SSD) FHD, IPS, 15.6''/39.6cm, Win11, M365 Basic* Office24, Silver, 1.65kg, fd1254TU, Intel Graphics, FHD Camera w/Shutter, AI Powered Laptop",HP,65990.0,Intel Core Ultra 5,16.0,DDR5,512.0,SSD,Intel Iris Xe,Windows 11,15.6,1920,1080,1,https://m.media-amazon.com/images/I/71jeGkNKMeL._SL500_.jpg,,amazon
"HP 15, 13th Gen Intel Core i3-1315U (12GB DDR4, 512GB SSD) FHD, Anti-Glare, Micro-Edge, 15.6''/39.6cm, Win11, M365 Basic(1yr)* Office24, Silver, 1.59kg, fd0573TU, FHD Camera w/Shutter Laptop",HP,52690.0,Intel Core I3-1315U,12.0,DDR4,512.0,SSD,Intel Iris Xe,Windows 11,15.6,1920,1080,1,https://m.media-amazon.com/images/I/71FXHAM+jWL._SL500_.jpg,,amazon
"acer Nitro V 15, AMD Ryzen 7-7445HS, NVIDIA GeForce RTX 4050-6 GB, 16GB DDR5, 512GB SSD, FHD IPS, 15.6""/39.62cm, 165Hz, Win 11 Home, Obsidian Black, 2.1KG, ANV15-42, Gaming Laptop",Acer,78990.0,Intel Core i5,16.0,DDR5,512.0,SSD,Nvidia Geforce Rtx 4050,Windows 11,15.6,1920,1080,1,https://m.media-amazon.com/images/I/51WgXPBL4nL._SL500_.jpg,,amazon
"HP OmniBook 5 OLED (Previously Pavilion), Snapdragon X Processor (16GB LPDDR5x, 1TB SSD) 2K, 14''/35.6cm, Win11, M365 Basic(1yr)* Office24, Silver, 1.35kg, he0015QU, Light-Weight, Next-Gen AI Laptop",HP,74990.0,Snapdragon X Processor,16.0,LPDDR5X,512.0,SSD,Intel Iris Xe,Windows 11,15.6,2560,1600,1,https://m.media-amazon.com/images/I/71fHNU8KnQL._SL500_.jpg,,amazon
"HP HyperX OMEN 15, AMD Ryzen 7 260, 8GB-RTX 5050, 24GB DDR5 (Upgradeable), 1TB SSD, 180Hz, 2.5K, 500 nits, 3ms resp time, 15.3''/38.9cm, Win11, Office24, Black, 2.42kg, gb0038AX, RGB, AI Gaming Laptop",HP,139990.0,Amd Ryzen 7 260,24.0,DDR5,512.0,SSD,Rtx 5050,Windows 11,15.3,2560,1600,1,https://m.media-amazon.com/images/I/71uj3RNcdrL._SL500_.jpg,,amazon
"acer Aspire Lite, AMD Ryzen 3 5300U Processor, 16 GB RAM, 512GB SSD, Full HD, 15.6""/39.62cm, Windows 11 Home, Steel Gray, 1.59KG, AL15-41, Metal Body, Premium Thin and Light Laptop",Acer,44990.0,Amd Ryzen 3 5300U,16.0,DDR4,512.0,SSD,Intel Iris Xe,Windows 11,15.6,1920,1080,1,https://m.media-amazon.com/images/I/513p8BwV-RL._SL500_.jpg,,amazon
Thomson NEO 14.1 Inch IN-P14C Intel Celeron Dual Core N4020 Processor & Window 11 Home Notebook (4 GB RAM DDR4/ 128 GB SSD/Numeric Touch Pad/Thin & Light Weight/Silver),Thomson,22990.0,Intel Celeron Dual,4.0,DDR4,128.0,SSD,Intel Iris Xe,Windows 11,14.1,1920,1080,1,https://m.media-amazon.com/images/I/71IWq5rtazL._SL500_.jpg,,amazon
"Apple 2026 MacBook Pro Laptop with M5 Max chip with 18‑core CPU and 40‑core GPU: Built for AI, 41.05 cm (16.2″) Liquid Retina XDR Display, 48GB Unified Memory, 2TB SSD Storage; Space Black",Apple,451490.0,Intel Core i5,8.0,DDR4,512.0,SSD,Intel Iris Xe,Windows 11,15.6,1920,1080,1,https://m.media-amazon.com/images/I/61h78UMEXjL._SL500_.jpg,,amazon
"𝗗𝗲𝗹𝗹Laptop Model 5420 | 𝗜𝗡𝗧𝗘𝗟i5 11th Gen Processor |8GB DDR4 RAM |256GB SSD |14"" FHD Display | Win10 | A+ Condition Laptop (Refab)",𝗗𝗲𝗹𝗹laptop,26999.0,Intel Core i5,8.0,DDR4,256.0,SSD,Intel Iris Xe,Windows 10,15.6,1920,1080,1,https://m.media-amazon.com/images/I/51LHNjAjH9L._SL500_.jpg,,amazon
"Dell 15 Laptop, 14th Gen Intel Core 3 100U Processor, 16GB DDR4, 512 SSD, Intel UHD Graphics, 15.6"" NT FHD 120Hz IPS AG 250 nit Display, Win 11 + Office H&S 2024, Carbon Black, Thin & Light- 1.63Kg",Dell,58990.0,Intel Core i5,16.0,DDR4,512.0,SSD,Intel Uhd Graphics,Windows 11,15.6,1920,1080,1,https://m.media-amazon.com/images/I/71ZBa5+qu4L._SL500_.jpg,,amazon
"Dell 15 (Previously Inspiron) Laptop, 14th Gen Intel Core 3 100U Processor, 8GB DDR4, 512 SSD, 15.6"" NT FHD 120Hz IPS AG 250 nit Display, Win 11 + Office H&S 2024, Carbon Black, Thin & Light- 1.63Kg",Dell,57990.0,Intel Core i5,8.0,DDR4,512.0,SSD,Intel Iris Xe,Windows 11,15.6,1920,1080,1,https://m.media-amazon.com/images/I/717WZ7WriwL._SL500_.jpg,,amazon
"Lenovo V15 G4 AMD Athlon Silver 7120U Laptop 8GB LPDDR5 Ram, 512 GB SSD PCIe, Windows 11 Lifetime Validity,15.6"" FHD Screen, AMD Radeon 610M, Silver, 1 Year Brand Warranty",Lenovo,41999.0,Amd Athlon Silver,8.0,LPDDR5,512.0,SSD,Amd Radeon 610M,Windows 11,15.6,1920,1080,1,https://m.media-amazon.com/images/I/61AccNkmFFL._SL500_.jpg,,amazon
"HP Omen, Intel Core Ultra 9 285H, 8GB RTX 5070, 32GB DDR5, 1TB SSD, 165Hz, 2k WUXGA, 3ms, 400 nits, 16''/40.6cm, Win11, M365* Office24, Black, 2.42kg, an0012TX, Unleashed Mode, RGB, AI Gaming Laptop",HP,187490.0,Intel Core Ultra 9,32.0,DDR5,512.0,SSD,Rtx 5070,Windows 11,15.6,2560,1600,1,https://m.media-amazon.com/images/I/71RpTH4KJmL._SL500_.jpg,,amazon
"Lenovo IdeaPad 1 AMD Ryzen 5 5500U 15.6"" HD Thin and Light Laptop (8GB RAM/512GB SSD/Windows 11 Home/Office Home 2024/1 Year ADP Free/Grey/1.6Kg), 82R4011MIN",Lenovo,43900.0,Amd Ryzen 5 5500U,8.0,DDR4,512.0,SSD,Intel Iris Xe,Windows 11,15.6,1366,768,1,https://m.media-amazon.com/images/I/71xHNSCyRsL._SL500_.jpg,,amazon
"acer Aspire Lite 12th Gen Intel Core i3-1215U Premium Metal Laptop (Windows 11 Home/16 GB RAM/512GB SSD) AL15-52, 39.62cm (15.6"") Full HD Display, Metal Body, Steel Gray, 1.59 Kg",Acer,44990.0,Intel Core I3-1215U,16.0,DDR4,512.0,SSD,Intel Iris Xe,Windows 11,15.6,1920,1080,1,https://m.media-amazon.com/images/I/71JEGsayyGL._SL500_.jpg,,amazon
"HP 255R G10 Notebook (AMD Athlon Silver 7120U /8GB/512GB/DOS) 15.6-inch(39.6cm), Anti-Glare, HD Laptop, Radeon Graphics, Silver,1.52kg",HP,39340.0,Amd Athlon Silver,8.0,DDR4,512.0,SSD,Intel Iris Xe,DOS,15.6,2560,1600,1,https://m.media-amazon.com/images/I/71rDlgf2Q6L._SL500_.jpg,,amazon
"acer Nitro V 15, AMD Ryzen 5 6600H Hexa-core Processor,NVIDIA GeForce RTX 4050-6GB GDDR6,16 GB, 512 GB, Full HD IPS, 15.6""/39.62 cm, 165 Hz, Win 11 Home,Obsidian Black, 2.1 kg, ANV15-41,Gaming Laptop",Acer,89990.0,Amd Ryzen 5 6600H,8.0,DDR4,512.0,SSD,Nvidia Geforce Rtx 4050,Windows 11,15.6,1920,1080,1,https://m.media-amazon.com/images/I/71l3rBy8IPL._SL500_.jpg,,amazon
"Lenovo Smartchoice Ideapad 5 2-in-1 13th Gen Intel Core i5-13420H (16GB RAM/512GB SSD/Windows 11/Office Home 2024/WUXGA IPS/14 (35.5cm)/Touchscreen 2-in-1/3Mon.Game Pass/Grey/1.6kg), 83KX0059IN Laptop",Lenovo,74490.0,Intel Core I5-13420H,16.0,DDR4,512.0,SSD,Intel Iris Xe,Windows 11,15.6,1920,1080,1,https://m.media-amazon.com/images/I/61XOR7fpbVL._SL500_.jpg,,amazon
"Lenovo Yoga Slim 7 Aura Edition, Intel Core Ultra 5 228V, 32GB RAM, 1TB SSD, WUXGA OLED, Copilot+ AI PC, 40 Tops, 14""/35.5cm, Windows 11, Office 2024, Grey, 1.19Kg, 83JX001LIN, AI Now, AI Laptop",Lenovo,109990.0,Intel Core Ultra 5,32.0,DDR4,512.0,SSD,Intel Iris Xe,Windows 11,15.6,1920,1080,1,https://m.media-amazon.com/images/I/81eXBrmUASL._SL500_.jpg,,amazon
"acer [SmartChoice Aspire 3 Laptop Intel Core Celeron N4500 Processor Laptop (8 GB LPDDR4X SDRAM/256 GB SSD/Win11 Home/38 WHR/HD Webcam) A325-45 with 39.63 cm (15.6"") HD Display, Pure Silver, 1.5 KG",Acer,36990.0,Intel Core i5,8.0,LPDDR4X,256.0,SSD,Intel Iris Xe,Windows 11,15.6,1366,768,1,https://m.media-amazon.com/images/I/41bdNUDc8pL._SL500_.jpg,,amazon
"HP Omen, AMD Ryzen AI 7 350, 8GB RTX 5050, 24GB DDR5(Upgradeable) 1TB SSD, 165Hz, 2k WUXGA, 3ms, 400 nits, 16'(40.6cm) Win11, M365* Office24, Black, 2.44kg, ap0165AX, RGB, AI Gaming Laptop",HP,134990.0,Intel Core i5,24.0,DDR5,512.0,SSD,Rtx 5050,Windows 11,15.6,3840,2160,1,https://m.media-amazon.com/images/I/71P33TSPkVL._SL500_.jpg,,amazon
"HP Omen, Intel Core i7-14650HX 14th Gen, 8GB RTX 5050, 24GB DDR5(Upgradeable) 1TB SSD, 165Hz, 2k WUXGA, 3ms, 400 nits, 16''/40.6cm, Win11, M365* Office24, Black, 2.43kg, am0241TX, RGB Gaming Laptop",HP,143990.0,Intel Core I7-14650Hx,24.0,DDR5,512.0,SSD,Rtx 5050,Windows 11,15.6,2560,1600,1,https://m.media-amazon.com/images/I/710as3-Py1L._SL500_.jpg,,amazon
𝗛𝗣𝗣𝗿𝗼𝗯𝗼𝗼𝗸Model 430 G3 Business Laptop | InteI i5 6th Gen | 8GB RAM | 256GB SSD | WiFi | Webcam | Win10 Pro (Refab),𝗛𝗣𝗣𝗿𝗼𝗯𝗼𝗼𝗸model,20299.0,Intel Core i5,8.0,DDR4,256.0,SSD,Intel Iris Xe,Windows 10,15.6,1920,1080,1,https://m.media-amazon.com/images/I/61eW+bmIh+L._SL500_.jpg,,amazon
"Acer Aspire One, Intel Core Celeron N4500, Office 2024 + M365 Basic, 12GB LPDDR4X RAM/ 512GB SSD, 14.0""/35.56cm TN HD Display, Win 11 Home, Pure Silver, 1.3KG, A114-45, Thin and Light Laptop",Acer,38990.0,Intel Core i5,12.0,LPDDR4X,512.0,SSD,Intel Iris Xe,Windows 11,14.0,1366,768,1,https://m.media-amazon.com/images/I/71I0Oo7W2-L._SL500_.jpg,,amazon
"ASUS Chromebook CX1405 (2025), Intel Core 3-N355, 8GB RAM, 128GB SSD, FHD 14""(35.56cm), Chrome OS, Pure Grey, 1.38Kg, CX1405CTA-S60724, Intel UHD Graphics, 42WHrs, Thin & Light Laptop",ASUS,34490.0,Intel Core i5,8.0,DDR4,128.0,SSD,Intel Uhd Graphics,Windows 11,15.6,1920,1080,1,https://m.media-amazon.com/images/I/71LikKalsOL._SL500_.jpg,,amazon
"ASUS Vivobook 16, Intel Core Ultra 5 Series 2, 16GB RAM, 512GB SSD, FHD+ 16"", Windows 11, Office Home 2024, Silver, 1.88kg, X1607CA-MB142WS, Intel iGPU, M365 Basic (1Year)* Laptop",ASUS,66990.0,Intel Core Ultra 5,16.0,DDR4,512.0,SSD,Intel Iris Xe,Windows 11,15.6,1920,1080,1,https://m.media-amazon.com/images/I/714zVJcMt5L._SL500_.jpg,,amazon
"Lenovo V15 G4 AMD Athlon Silver 7120U Laptop 8GB LPDDR5 Ram, 512 GB SSD PCIe, Windows 11/MS Office,15.6"" FHD Screen, AMD Radeon 610M, Silver, 1 Year Brand Warranty",Lenovo,41999.0,Amd Athlon Silver,8.0,LPDDR5,512.0,SSD,Amd Radeon 610M,Windows 11,15.6,1920,1080,1,https://m.media-amazon.com/images/I/51EuJs4AGpL._SL500_.jpg,,amazon
"acer Nitro V 15, Intel core i7-13th Gen 13620H,NVIDIA GeForce RTX - 5050 8GB, 16 GB,512 GB,Full HD IPS,15.6""/39.62 cm,165 Hz, Win 11 Home, Obsidian Black, 2.113 kg, ANV15-52, Amber KB,Gaming Laptop",Acer,93990.0,Intel Core I7-13Th,8.0,DDR4,512.0,SSD,Intel Iris Xe,Windows 11,15.6,1920,1080,1,https://m.media-amazon.com/images/I/51WgXPBL4nL._SL500_.jpg,,amazon
"HP 14 AI PC Intel Core Ultra 7 - (24 GB/1 TB SSD/Windows 11 Home) 14-ep1181TU Thin and Light Laptop (14 Inch, Natural Silver, 1.4 kg, with MS Office)",HP,87999.0,Intel Core Ultra 7,8.0,DDR4,512.0,SSD,Intel Iris Xe,Windows 11,15.6,1920,1080,1,https://m.media-amazon.com/images/I/71+5idlIHgL._SL500_.jpg,,amazon
"Dell Inspiron 3530, Intel Core i7 13th Gen -1355U, 16GB RAM, 512GB SSD, FHD, 15.6""/39.62cm, Windows 11, Microsoft Office Home 2024, Silver, 1.62kg, Backlit KB, M365, 15 Month McAfee Laptop",Dell,82490.0,Intel Core I7 13Th,16.0,DDR4,512.0,SSD,Intel Iris Xe,Windows 11,15.6,2560,1600,1,https://m.media-amazon.com/images/I/615Lg0FU5bL._SL500_.jpg,,amazon
"HP Victus, Intel Core 7 240H, 8GB RTX 5050, 24GB DDR5(Upgradeable) 1TB SSD, FHD, 144Hz, 300 nits, IPS, 15.6''/39.6cm, Win11, M365* Office24, Mica Silver, 2.29kg, fa2409TX, RGB Backlit, Gaming Laptop",HP,113949.0,Intel Core i5,24.0,DDR5,512.0,SSD,Rtx 5050,Windows 11,15.6,1920,1080,1,https://m.media-amazon.com/images/I/71cW4VF6BkL._SL500_.jpg,,amazon
"HP 15 Laptop, AMD Ryzen 5 7520U (16GB DDR5,512GB SSD) Win11,M365 Basic(1yr)*Office Home24, Anti-Glare,15.6''/39.6cm,FHD,Backlit KB,FHD Camera w/Privacy Shutter,Radeon Graphics, Silver,1.59kg FC0690AU",HP,53990.0,Amd Ryzen 5 7520U,16.0,DDR5,512.0,SSD,Intel Iris Xe,Windows 11,15.6,1920,1080,1,https://m.media-amazon.com/images/I/71-8y5gh4bL._SL500_.jpg,,amazon
𝗟𝗲𝗻𝗼𝘃𝗼Model L14 Laptop| Core i5 10th Gen Processor | 8GB RAM/256GB SSD | 14″ HD Display | A+ Condition (Pre-Owned & Tested),𝗟𝗲𝗻𝗼𝘃𝗼model,23995.0,Intel Core i5,8.0,DDR4,256.0,SSD,Intel Iris Xe,Windows 11,15.6,1366,768,1,https://m.media-amazon.com/images/I/51G8BlhaMAL._SL500_.jpg,,amazon
"ASUS Gaming V16, Intel Core 7 240H Gaming Laptop(RTX 5060-8GB/16GB RAM/512GB SSD/FHD+/16""/144Hz/Backlit Keyboard/Windows 11/M365 Basic (1Year)*/Office Home 2024/Matte Black/1.95 Kg) V3607VM-RP057WS",ASUS,109990.0,Intel Core i5,16.0,DDR4,512.0,SSD,Rtx 5060,Windows 11,15.6,1920,1080,1,https://m.media-amazon.com/images/I/71Du1Y52b9L._SL500_.jpg,,amazon
"ASUS ROG Strix G16,Intel Core Ultra 9 275HX Gaming Laptop(RTX 5070 Ti -12GB/140W TGP/32GB/1TB/2.5K QHD+/16""/240Hz/Windows 11/M365 Basic (1Year)*/Office Home 2024/Eclipse Gray/2.65 Kg) G615LR-S5190WS",ASUS,269990.0,Intel Core Ultra 9,8.0,DDR4,512.0,SSD,Rtx 5070,Windows 11,15.6,1366,768,1,https://m.media-amazon.com/images/I/81yUKF8dkiL._SL500_.jpg,,amazon
"HP 15, Intel Core 5-120U (8GB DDR4, 512GB SSD) FHD, Anti-Glare, Micro-Edge, 15.6''/39.6cm, Win11, M365 Basic(1yr), Office Home24, Silver,1.59kg, fd0651TU, FHD Camera w/Privacy Shutter, Backlit Laptop",HP,56824.0,Intel Core i5,8.0,DDR4,512.0,SSD,Intel Iris Xe,Windows 11,15.6,1920,1080,1,https://m.media-amazon.com/images/I/71Pvu4wjdtL._SL500_.jpg,,amazon
"HP 15, AMD Ryzen 3 7320U (8GB LPDDR5, 512GB SSD) FHD, Anti-Glare, Micro-Edge, 15.6""/39.6cm, Win 11, Office 21, Silver, 1.59kg, fc0154AU, AMD Radeon Graphics, 1080p FHD Camera Laptop",HP,45720.0,Amd Ryzen 3 7320U,8.0,LPDDR5,512.0,SSD,Amd Radeon Graphics,Windows 11,15.6,1920,1080,1,https://m.media-amazon.com/images/I/61SHFVKs+AL._SL500_.jpg,,amazon
"Lenovo Yoga AMD Pro 7 Ryzen AI 9 365 (32GB RAM/1TB SSD/Copilot+PC/14.5""(36.8cm)/2.8K WQXGA+OLED/120Hz/Windows11/Office Home 2024/Grey/1.54Kg), 83HN0027IN AI Laptop",Lenovo,112990.0,Intel Core i5,32.0,DDR4,512.0,SSD,Intel Iris Xe,Windows 11,14.5,3840,2160,1,https://m.media-amazon.com/images/I/71gcREwFhxL._SL500_.jpg,,amazon
"Dell 15 AI Powered Laptop, Intel Core Ultra 5 225H, 16GB DDR5 RAM, 512GB SSD, 15.6"" FHD Anti-Glare Display, Intel Arc Graphics, Dedicated Copilot Key, Backlit Keyboard, Silver, Win11 Home + MSO H&S'24",Dell,79990.0,Intel Core Ultra 5,16.0,DDR5,512.0,SSD,Intel Arc Graphics,Windows 11,15.6,1920,1080,1,https://m.media-amazon.com/images/I/61Hnx-dNRjL._SL500_.jpg,,amazon
"ASUS TUF A16 (2026), AMD Ryzen 7 170 Processor,RTX 4050-6GB, 16GB RAM, 512GB SSD, FHD+, 16""(40 cm), Windows 11 Home, M365 Basic(1 Year)* Office 2024, Mecha Gray, 2.2 Kg, FA607NUQ-RL047WS,Gaming Laptop",ASUS,99990.0,Amd Ryzen 7 170,16.0,DDR4,512.0,SSD,Rtx 4050,Windows 11,15.6,1920,1080,1,https://m.media-amazon.com/images/I/81zFXp24a7L._SL500_.jpg,,amazon
ALKETRON - 15.6 Inch Professional Laptop - 256GB SSD + 12GB RAM with Windows 11 & MS Office - 1Yr Warranty + 3 Yr Extended Warranty(Standard Edition),Alketron,28745.0,Intel Core i5,12.0,DDR4,256.0,SSD,Intel Iris Xe,Windows 11,15.6,1920,1080,1,https://m.media-amazon.com/images/I/61VPPYUhoIL._SL500_.jpg,,amazon
"acer Aspire 3 Intel Core i5-1334U Processor Laptop with 35.56 cm (14"") FHD LED-Backlit IPS Display (16GB RAM/512GB SSD/WiFi 6/Intel Graphics/Win11Home) A324-51, Backlit Keyboard, Steel Gray, 1.45KG",Acer,57990.0,Intel Core I5-1334U,16.0,DDR4,512.0,SSD,Intel Iris Xe,Windows 11,15.6,1920,1080,1,https://m.media-amazon.com/images/I/71sZZwsXCmL._SL500_.jpg,,amazon
"Dell G15, 13th Gen Intel Core i5-13450HX Processor, NVIDIA RTX 3050-6GB, (16GB RAM 1TB SSD) FHD 15.6""/39.62 cm, Orange Backlit Keyboard, Win 11, MS Office'24, Dark Shadow Grey, 2.65Kg Gaming Laptop",Dell,80990.0,Intel Core I5-13450Hx,16.0,DDR4,512.0,SSD,Nvidia Rtx 3050,Windows 11,15.6,1920,1080,1,https://m.media-amazon.com/images/I/61ko2a0owDL._SL500_.jpg,,amazon
"HP Victus, Intel Core i5-14450HX 14th Gen, 6GB RTX 4050, 24GB DDR5(Upgradeable) 512GB SSD, FHD, 144Hz, 300 nits, 15.6''/39.6cm, Win11, M365* Office24, Mica Silver, 2.29kg, fa2382tx, RGB Gaming Laptop",HP,102990.0,Intel Core I5-14450Hx,24.0,DDR5,512.0,SSD,Rtx 4050,Windows 11,15.6,1920,1080,1,https://m.media-amazon.com/images/I/71ISEW+yZeL._SL500_.jpg,,amazon
"acer Professional 14, AMD Ryzen 3-7330U, 8 GB RAM, 512 GB SSD, Full HD 14"", Windows 11 Pro, MSO21, Pro Silver, 1.39 KG, Professional Premium Laptop, Travel Lite",Acer,42990.0,Intel Core i5,8.0,DDR4,512.0,SSD,Intel Iris Xe,Windows 11,15.6,1920,1080,1,https://m.media-amazon.com/images/I/51xKQHXurwL._SL500_.jpg,,amazon
"ASUS Vivobook 15 (2025), 13th Gen,Intel Core i3-1315U, 8GB RAM, 512GB SSD, FHD, 15.6"", 39.6 cm, Windows 11 Home,M365 Basic(1 Year)* Office 2024,Cool Silver,1.7 Kg, X1504VA-D5321WS, Thin & Light Laptop",ASUS,45890.0,Intel Core I3-1315U,8.0,DDR4,512.0,SSD,Intel Iris Xe,Windows 11,15.6,1920,1080,1,https://m.media-amazon.com/images/I/71bIUPAleZL._SL500_.jpg,,amazon
"HP Omen, AMD Ryzen AI 7 350, 8GB RTX 5060, 24GB DDR5(Upgradeable) 1TB SSD, 165Hz, 2k WUXGA, 3ms, 400 nits, 16''/40.6cm, Win11, M365* Office24, Black, 2.44kg, ap0183AX, RGB, AI Gaming Laptop",HP,152990.0,Intel Core i5,24.0,DDR5,512.0,SSD,Rtx 5060,Windows 11,15.6,3840,2160,1,https://m.media-amazon.com/images/I/71L-15NzerL._SL500_.jpg,,amazon
"ASUS ROG Strix G16 (2025), AMD Ryzen 9 8940HX, RTX 5050-8GB, 16GB RAM, 1TB SSD, FHD+, 16"", 40 cm, Windows 11 Home, M365 Basic(1yr)* Office24, Eclipse Gray, 2.5 Kg, G614PH-RV073WS, Gaming Laptop",ASUS,154990.0,Amd Ryzen 9 8940Hx,16.0,DDR4,512.0,SSD,Rtx 5050,Windows 11,15.6,1920,1080,1,https://m.media-amazon.com/images/I/71KmP-oCBBL._SL500_.jpg,,amazon
"ASUS Vivobook S14,Smartchoice,AMD Ryzen AI 7 350,16GB RAM,1TB SSD,OLED,14"",Windows 11, Office24,M365 Basic (1Yr)*, Matte Gray,1.4Kg, M3407KA-SF049WS,50 Tops,Metallic Design,Next-Gen AI Laptop,Copilot+",ASUS,81990.0,Intel Core i5,16.0,DDR4,512.0,SSD,Intel Iris Xe,Windows 11,15.6,3840,2160,1,https://m.media-amazon.com/images/I/71G3hXXBEWL._SL500_.jpg,,amazon
"ASUS Vivobook 14, (i5 14th Gen) Intel Core 5 120U, Thin & Light Laptop(16GB RAM/512GB SSD/FHD/14/60Hz/Fingerprint Reader/M365 Basic (1Year)*/Office Home 2024/Quiet Blue/1.4 Kg) X1404VAP-EB1542WS",ASUS,61990.0,Intel Core i5,16.0,DDR4,512.0,SSD,Intel Iris Xe,Windows 11,15.6,1920,1080,1,https://m.media-amazon.com/images/I/61O2P+m2gIL._SL500_.jpg,,amazon
"HP 15, 13th Gen Intel Core i5-13420H, (16GB DDR4, 512GB SSD), FHD, Anti-Glare, Micro-Edge, 15.6''/39.6cm, Win11, M365 Basic(1yr)* Office24, Silver, 1.65kg, fr0028TU, Camera w/Shutter, Backlit Laptop",HP,64990.0,Intel Core I5-13420H,16.0,DDR4,512.0,SSD,Intel Iris Xe,Windows 11,15.6,1920,1080,1,https://m.media-amazon.com/images/I/71n-EYolAoL._SL500_.jpg,,amazon
"HP 15, AMD Ryzen 5 7520U (8GB LPDDR5, 512GB SSD) FHD, Anti-Glare, Micro-Edge, 15.6''/39.6cm, Win11, M365 Basic(1yr), Offic24, Silver,1.59kg, fc0805AU, FHD Camera w/Privacy Shutter, Backlit Laptop",HP,52700.0,Amd Ryzen 5 7520U,8.0,LPDDR5,512.0,SSD,Intel Iris Xe,Windows 11,15.6,1920,1080,1,https://m.media-amazon.com/images/I/71GVVSSUsML._SL500_.jpg,,amazon
"ASUS TUF A16,AMD Ryzen 9 8940HX, Gaming Laptop(RTX 5070-8GB/115W TGP/16GB/1TB /2.5K QHD+/16""/165Hz/90WHrs/Windows 11/M365 Basic (1Year)*/Office Home 2024/Jaeger Gray/2.2 Kg) FA608PP-QT014WS",ASUS,189990.0,Amd Ryzen 9 8940Hx,8.0,DDR4,512.0,SSD,Rtx 5070,Windows 11,15.6,1366,768,1,https://m.media-amazon.com/images/I/71vog9Fy81L._SL500_.jpg,,amazon
"HP Professional 14 (2025), Intel Core i3 13th Gen 1315U - (8 GB/512 GB SSD/Intel UHD Graphics/Windows 11 Pro) Thin and Light Business Laptop/14.0"" HD Display/Turbo Silver/1.4 Kg/MSO 2021",HP,49990.0,Intel Core I3 13Th,8.0,DDR4,512.0,SSD,Intel Uhd Graphics,Windows 11,14.0,1366,768,1,https://m.media-amazon.com/images/I/71XURoDxZ2L._SL500_.jpg,,amazon
"Lenovo LOQ, AMD Ryzen 5 7235HS, RTX 3050A-4GB, 12GB RAM, 512GB SSD, [FHD], 15.6""/39.6cm, 144Hz, Windows 11, Office Home 2024, Grey, 2.4Kg, 83JC00HNIN, 3 Mon. Game Pass, Gaming Laptop",Lenovo,70990.0,Amd Ryzen 5 7235Hs,12.0,DDR4,512.0,SSD,Rtx 3050A,Windows 11,15.6,3840,2160,1,https://m.media-amazon.com/images/I/61aXoUYHNcL._SL500_.jpg,,amazon
"Lenovo Legion Pro 5 2025, Intel Core Ultra 7 255HX, RTX 5060-8GB, 32GB RAM, 1TB SSD, WQXGA OLED, 16""/40.6cm, 165Hz, Windows 11, Office 2024+AI Now, Black, 2.4Kg, 83F3007CIN, AI Powered Gaming Laptop",Lenovo,208490.0,Intel Core Ultra 7,32.0,DDR4,512.0,SSD,Rtx 5060,Windows 11,15.6,3840,2160,1,https://m.media-amazon.com/images/I/71bhP2ueWmL._SL500_.jpg,,amazon
"Acer Aspire Lite, AMD Ryzen 5-5625U, Office 2024 + M365 Basic, 16GB, 512GB, FHD 15.6""/39.62 cm, Windows 11 Home, Steel Gray, 1.59 KG, AL15-41, Premium Thin and Light Laptop",Acer,47990.0,Intel Core i5,8.0,DDR4,512.0,SSD,Intel Iris Xe,Windows 11,15.6,1920,1080,1,https://m.media-amazon.com/images/I/613PAggC8dL._SL500_.jpg,,amazon
"Lenovo Legion Pro 5 2025 Intel Core i9-14900HX | NVIDIA RTX 5070 8GB (32GB RAM/1TB SSD/WQXGA IPS/240Hz/16 (40.6cm)/Windows 11/Office 2024+AI Now/Black/2.4Kg), 83NN003CIN AI Powered Gaming Laptop",Lenovo,234490.0,Intel Core I9-14900Hx,32.0,DDR4,512.0,SSD,Nvidia Rtx 5070,Windows 11,15.6,3840,2160,1,https://m.media-amazon.com/images/I/81l6vr7T1ZL._SL500_.jpg,,amazon
"ASUS ROG Strix SCAR 18,Intel Core Ultra 9 275HX Gaming Laptop(NVIDIA RTX 5090-24GB/175W TGP/64GB/2TB/2.5K QHD+/18""/240Hz/Windows 11/M365 Basic(1Year)*/Office Home 2024/Off Black/3.30 Kg)G835LX-SA187WS",ASUS,499990.0,Intel Core Ultra 9,8.0,DDR4,512.0,SSD,Nvidia Rtx 5090,Windows 11,15.6,1366,768,1,https://m.media-amazon.com/images/I/71kUn311DqL._SL500_.jpg,,amazon
"acer Aspire Lite, AMD Ryzen 5 7430U Processor,Office 2024 + M365 Basic, 16 GB RAM, 512 GB SSD, Full HD, 15.6""/39.62 cm, Windows 11 Home, Steel Grey, 1.59 kg, AL15-41, Thin and Light Laptop",Acer,47990.0,Amd Ryzen 5 7430U,16.0,DDR4,512.0,SSD,Intel Iris Xe,Windows 11,15.6,1920,1080,1,https://m.media-amazon.com/images/I/71CgSaE-qeL._SL500_.jpg,,amazon
"Acer Aspire Lite Intel Core 3-100U Processor, Office 2024 + M365 Basic, 8GB RAM/256GB SSD, 15.6""/39.62 cm, FHD IPS Display,Win 11 Home, Steel Grey, 1.59Kg, AL15-53, Thin and Light Laptop",Acer,57990.0,Intel Core i5,8.0,DDR4,256.0,SSD,Intel Iris Xe,Windows 11,15.6,1920,1080,1,https://m.media-amazon.com/images/I/517m2WrmJxL._SL500_.jpg,,amazon
"ASUS Zenbook 14,Intel Core Ultra 7 (Series 2),Thin & Light(Intel Arc iGPU/32GB/1TB/3K OLED Touch screen/14/120Hz/Windows 11/M365 Basic (1Year)*/Office Home 2024/Foggy Silver/1.28 kg) UX3405CA-PZ348WS",ASUS,115990.0,Intel Core Ultra 7,8.0,DDR4,512.0,SSD,Intel Arc Igpu,Windows 11,15.6,1920,1080,1,https://m.media-amazon.com/images/I/71ZLWczn8ZL._SL500_.jpg,,amazon
"Dell Inspiron 5440 Notebook Computer, Intel Core 3 100U 14th Gen Processor, 8GB DDR5 RAM, 512GB SSD, 14"" FHD+ Screen, Ubuntu, 1Yr Warranty, Ice Blue",Dell,43300.0,Intel Core i5,8.0,DDR5,512.0,SSD,Intel Iris Xe,Windows 11,15.6,1920,1080,1,https://m.media-amazon.com/images/I/61TpeOfqRjL._SL500_.jpg,,amazon
"ASUS ROG Zephyrus G14,AMD Ryzen 9 270, Gaming Laptop(RTX 5060-8GB/90W TGP/16GB/1TB/3K OLED/14/120Hz/73WHrs/Windows 11/M365 Basic (1Year)*/Office Home 2024/Eclipse Gray/1.5 Kg) GA403UM-QS007WS",ASUS,199990.0,Amd Ryzen 9 270,8.0,DDR4,512.0,SSD,Rtx 5060,Windows 11,15.6,1920,1080,1,https://m.media-amazon.com/images/I/71OkP3ps6HL._SL500_.jpg,,amazon
"HP OmniBook 7 OLED (Previously Pavilion Plus), Intel Core Ultra 7 255H (32GB LPDDR5,1TB SSD) 3K,0.2 ms, 14''/35.6cm, Win11, M365, Office24, Meteor Silver,1.5kg, fr0116TU, 5MP Camera, Backlit AI Laptop",HP,134490.0,Intel Core Ultra 7,32.0,LPDDR5,512.0,SSD,Intel Iris Xe,Windows 11,15.6,1920,1080,1,https://m.media-amazon.com/images/I/71WEr0qQZCL._SL500_.jpg,,amazon
"Alienware 16X Aurora Gaming Laptop, AI Enabled Intel Core Ultra9 HX Processor, 32GB DDR5, 1TB SSD, NVIDIA GeForce RTX 5070, 8GB GDDR7, 16"" QHD+ 240Hz Display, Backlit KB, Interstellar Indigo, 2.66kg",Mi,243990.0,Intel Core Ultra9,32.0,DDR5,512.0,SSD,Nvidia Geforce Rtx 5070,Windows 11,15.6,1366,768,1,https://m.media-amazon.com/images/I/71dwZTo0yUL._SL500_.jpg,,amazon
"Dell 15 Laptop DC15250-15.6-inch FHD 120Hz Display, 13th Gen Intel Core i7-1355U, 16GB DDR4 RAM, 512GB SSD, Intel UHD Graphics, Windows 11 Home, Onsite Service - Platinum Silver",Dell,88790.0,Intel Core I7-1355U,16.0,DDR4,512.0,SSD,Intel Uhd Graphics,Windows 11,15.6,1920,1080,1,https://m.media-amazon.com/images/I/71or-rIdySL._SL500_.jpg,,amazon
"Apple 2026 MacBook Air 15″ Laptop with M5 chip: AI and Apple Intelligence, 38.91 cm (15.3″) Liquid Retina Display, 16GB Unified Memory, 1TB SSD Storage, 12MP Center Stage Camera, Touch ID; Midnight",Apple,148990.0,Intel Core i5,8.0,DDR4,512.0,SSD,Intel Iris Xe,Windows 11,15.6,1920,1080,1,https://m.media-amazon.com/images/I/718d4Eu7cFL._SL500_.jpg,,amazon
"Lenovo Legion 9 Intel Core i9-13980HX 16"" (40.64cm) 3.2K Mini LED 1200Nits 165Hz Gaming Laptop (32GB/2TB SSD/NVIDIA RTX 4090 16GB/Black/2.5Kg), 83AG0044IN +M300s Mouse",Lenovo,449689.0,Intel Core I9-13980Hx,8.0,DDR4,512.0,SSD,Nvidia Rtx 4090,Windows 11,15.6,2560,1600,1,https://m.media-amazon.com/images/I/71504Quh3sL._SL500_.jpg,,amazon
"MSI Raider Gaming Laptop,Intel Core Ultra 9 285HX+24GB RTX 5090,64GB,4TB SSD with Logitech G502 LS Wireless Gaming Mouse, 25000DPI Programmable and Logitech GProX Wired Gaming Headset",MSI,413824.0,Intel Core Ultra 9,8.0,DDR4,512.0,SSD,Rtx 5090,Windows 11,15.6,1920,1080,1,https://m.media-amazon.com/images/I/51oVfg0-3TL._SL500_.jpg,,amazon
"Lenovo IdeaPad Slim 3 13th Gen Core i7-13620H 15.3"" (38.8cm) WUXGA IPS Laptop (16GB RAM/512GB SSD/Win 11/Office 2024/Backlit/1Yr ADP Free/Top Metal Cover & IR Camera/Grey/1.6Kg),83K1011BIN",Lenovo,81390.0,Intel Core i5,16.0,DDR4,512.0,SSD,Intel Iris Xe,Windows 11,15.3,1920,1080,1,https://m.media-amazon.com/images/I/71K-77wHn2L._SL500_.jpg,,amazon
"ASUS ROG Strix G16, AMD Ryzen 9 8940HX, RTX 5050-8GB,16GB RAM,1TB SSD,FHD+,16"",165Hz,90Whr,Windows 11,M365 Basic (1Year)*,Office Home 2024,Eclipse Gray,2.5 Kg, G614PH-RV033WS, Gaming Laptop",ASUS,159990.0,Amd Ryzen 9 8940Hx,16.0,DDR4,512.0,SSD,Rtx 5050,Windows 11,15.6,1920,1080,1,https://m.media-amazon.com/images/I/71zDvlIrn+L._SL500_.jpg,,amazon
"MSI Katana 15, Intel 14th Gen. i7-14650HX, 40CM QHD 165Hz Gaming Laptop (16GB/1TB NVMe SSD/Windows 11 Home/NVIDIA GeForce RTX 5060, GDDR7 8GB/Black/2.4Kg) B14WFK-262IN",MSI,149990.0,Intel Core i5,8.0,DDR4,512.0,SSD,Nvidia Geforce Rtx 5060,Windows 11,15.6,3840,2160,1,https://m.media-amazon.com/images/I/51BzYoJhPkL._SL500_.jpg,,amazon
"acer TravelLite Thin Laptop AMD Ryzen 5 7430U (6-Core) |8GB RAM, 512GB SSD | 14"" Full HD Anti-Glare Display |Privacy Shutter| Windows 11| MS Office | Metal Body | 1.34Kg | Black | 1 Year Warranty",Acer,42890.0,Amd Ryzen 5 7430U,8.0,DDR4,512.0,SSD,Intel Iris Xe,Windows 11,15.6,3840,2160,1,https://m.media-amazon.com/images/I/51xuTIRBMCL._SL500_.jpg,,amazon
"acer Aspire 14, 13th Gen, Intel Core i7-13620H Processors, 16 GB RAM, 512 GB SSD, Full HD IPS, 14""/35.56 cm, Windows 11 Home, MSO, Pure Silver, 1.44 kg, AS14H-53, Backlit KB, Thin and Light Laptop",Acer,65990.0,Intel Core I7-13620H,16.0,DDR4,512.0,SSD,Intel Iris Xe,Windows 11,15.6,1920,1080,1,https://m.media-amazon.com/images/I/71SC8V59NjL._SL500_.jpg,,amazon
"Lenovo LOQ 2025 AMD Ryzen 7 250| NVIDIA RTX 5060 8GB (24GB RAM/1TB SSD/144Hz Refresh Rate/572 AI TOPS/15.6"" (39.6cm)/Windows 11/Office 2024/3 Mon. Game Pass/Grey/2.4Kg), 83JG008MIN",Lenovo,130005.0,Amd Ryzen 7 250,24.0,DDR4,512.0,SSD,Nvidia Rtx 5060,Windows 11,15.6,3840,2160,1,https://m.media-amazon.com/images/I/816vnY-8LuL._SL500_.jpg,,amazon
"Lenovo Thinkpad P16v Intel Core Ultra 7 155H 16""(40.64 cm) WUXGA IPS 300Nits, AI Ready Thin and Light Workstation (32GB/1TB SSD/Win11 Pro/Backlit/NVIDIA RTX 4GB/Black/3Y Premier/2.22Kg), 21KXS05500",Lenovo,211990.0,Intel Core Ultra 7,8.0,DDR4,512.0,SSD,Nvidia Rtx 4Gb,Windows 11,15.6,2560,1600,1,https://m.media-amazon.com/images/I/31eBjDI7iOL._SL500_.jpg,,amazon
"Lenovo Legion 7 2025 Intel Core Ultra 9 275HX | NVIDIA RTX 5060 8GB (32GB RAM/1TB SSD/WQXGA OLED/240Hz/16 (40.6cm)/Windows 11/Office 2024+AI Now/White/2 Kg), 83KY001FIN AI Powered Gaming Laptop",Lenovo,232490.0,Intel Core Ultra 9,32.0,DDR4,512.0,SSD,Nvidia Rtx 5060,Windows 11,15.6,1920,1080,1,https://m.media-amazon.com/images/I/71QW0QofZeL._SL500_.jpg,,amazon
"Alienware Area-15 Gaming Laptop,Intel Core Ultra 9 275HX+24GB RTX 5090,64GB,2TB SSD with Logitech G502 LS Wireless Gaming Mouse, 25000DPI Programmable and Logitech GProX Wired Gaming Headset",Mi,417024.0,Intel Core Ultra 9,8.0,DDR4,512.0,SSD,Rtx 5090,Windows 11,15.6,1920,1080,1,https://m.media-amazon.com/images/I/51MMQy-ZrXL._SL500_.jpg,,amazon
"HP Business Laptop (2026) AMD Ryzen 5 7535U 8GB DDR5 RAM, 512GB SSD, AMD Radeon Graphics, Windows 11 Pro, 15.6"" HD Display, Thin & Light, Turbo Silver, 1.45 kg",HP,47310.0,Amd Ryzen 5 7535U,8.0,DDR5,512.0,SSD,Amd Radeon Graphics,Windows 11,15.6,1366,768,1,https://m.media-amazon.com/images/I/51JfDmvAvkL._SL500_.jpg,,amazon
"ASUS Zenbook 14 (2026),Intel Core Ultra 5 225H,Intel Arc iGPU,16GB/1TB,FHD+ OLED,Touchscreen,14""(35.5 cm),Windows 11,M365 Basic(1Y)* Office24,Foggy Silver,1.28 Kg,UX3405CA-QL1111WS,Thin & Light Laptop",ASUS,106990.0,Intel Core Ultra 5,8.0,DDR4,512.0,SSD,Intel Arc Igpu,Windows 11,15.6,1920,1080,1,https://m.media-amazon.com/images/I/71rzGwCAp-L._SL500_.jpg,,amazon
"HP 15, AMD Ryzen 7 5825U, 16GB DDR4, 512GB SSD, 15.6-inch(39.6cm) Anti-Glare, FHD, Radeon Graphics, Backlit KB, 1080p HD cam (Win11, M365 Basic(1yr)*,Office Home24, Silver, 1.69kg) fc0533AU",HP,55696.0,Amd Ryzen 7 5825U,16.0,DDR4,512.0,SSD,Intel Iris Xe,Windows 11,15.6,1920,1080,1,https://m.media-amazon.com/images/I/713PRh1j6jL._SL500_.jpg,,amazon
"HP Smartchoice OmniBook 5 (Previously Pavilion) 50 Tops, AMD Ryzen AI 5 340 (16GB LPDDR5X, 512GB SSD) WUXGA 2K, 16''/40.6cm, Win11, Office24, Silver, 1.79kg, ag1037au, Next Gen AI Copilot+ Laptop",HP,69990.0,Intel Core i5,16.0,LPDDR5X,512.0,SSD,Intel Iris Xe,Windows 11,15.6,2560,1600,1,https://m.media-amazon.com/images/I/812Gk34kkML._SL500_.jpg,,amazon
"ASUS Vivobook S16, Intel Core Ultra 7 255H, 16GB RAM, 512GB SSD, FHD+ 16"",Windows 11, Office Home 2024, Cool Silver, 1.7Kg, S3607CA-RP090WS, Intel Arc iGPU, M365 Basic (1Year)*, Metallic Design Laptop",ASUS,84990.0,Intel Core Ultra 7,16.0,DDR4,512.0,SSD,Intel Arc Igpu,Windows 11,15.6,1920,1080,1,https://m.media-amazon.com/images/I/71toN+td5bL._SL500_.jpg,,amazon
"Lenovo IdeaPad Slim 5 AMD Ryzen AI 5 330 (16GB RAM/512GB SSD/14 (35.5cm)/WUXGA IPS/Copilot+ PC/Windows 11/Office Home 2024/Backlit Keyboard/1Yr ADP Free/Grey/1.4Kg), 83HX008XIN AI Laptop",Lenovo,64990.0,Intel Core i5,16.0,DDR4,512.0,SSD,Intel Iris Xe,Windows 11,15.6,3840,2160,1,https://m.media-amazon.com/images/I/71yUz8eFWbL._SL500_.jpg,,amazon
"Lenovo IdeaPad 5 2-in-1 AMD Ryzen AI 7 350 (24GB RAM/1TB SSD/14 (35.5cm)/WUXGA OLED/Windows 11/Lenovo AI Now/Copilot+PC/Office Home 2024/Digital Pen 2/Grey/1.5Kg), 83KT000LIN Convertible Laptop",Lenovo,99990.0,Intel Core i5,24.0,DDR4,512.0,SSD,Intel Iris Xe,Windows 11,15.6,1920,1080,1,https://m.media-amazon.com/images/I/81NabopIRjL._SL500_.jpg,,amazon
"Alienware 16 Area-51 Gaming Laptop, AI Enabled Core Ultra 9 275HX Proc, 32GB DDR5, 1TB SSD, RTX 5070Ti 12GB GDDR7 Graphics, 16.0"" WQXGA 240Hz 500 nits Display, Liquid Teal Color, Win 11 + MSO'24,3.4kg",Mi,346990.0,Intel Core i5,32.0,DDR5,512.0,SSD,Rtx 5070Ti,Windows 11,16.0,3840,2160,1,https://m.media-amazon.com/images/I/71Re1GWdMCL._SL500_.jpg,,amazon
"Alienware 18 Area-51 Gaming Laptop, AI Enabled Core Ultra 9 275HX Proc, 32GB DDR5, 2TB SSD, RTX 5080 16GB GDDR7 Graphics, 18.0"" WQXGA 300Hz 500 nits Display, Liquid Teal Color, Win 11 + MSO'24,4.34kg",Mi,419990.0,Intel Core i5,32.0,DDR5,512.0,SSD,Rtx 5080,Windows 11,18.0,3840,2160,1,https://m.media-amazon.com/images/I/71VfI6VCi2L._SL500_.jpg,,amazon
"Apple 2026 MacBook Pro Laptop with M5 Pro chip with 15‑core CPU and 16‑core GPU: Built for AI, 35.97 cm (14.2″) Liquid Retina XDR Display, 24GB Unified Memory, 2TB SSD Storage; Silver",Apple,261990.0,Intel Core i5,8.0,DDR4,512.0,SSD,Intel Iris Xe,Windows 11,15.6,1920,1080,1,https://m.media-amazon.com/images/I/61UzKi7ALhL._SL500_.jpg,,amazon
"Samsung Galaxy Book2 NP550 Laptop, 39.6cm (15.6"") FHD Display, 12th Gen Intel Core i5 / 16GB DDR4 RAM / 512GB SSD/Win-11 Pro/ms-Office / 1.8kg / Graphite, (NP550XED-KA4IN)",Samsung,61990.0,Intel Core i5,16.0,DDR4,512.0,SSD,Intel Iris Xe,Windows 11,15.6,1920,1080,1,https://m.media-amazon.com/images/I/51+EWrpsGAL._SL500_.jpg,,amazon
"Lenovo Yoga Slim 9 Intel Evo Core Ultra 7 258V Touchscreen Laptop (32GB RAM/1TB SSD/14 (35.5cm)/4K WQUXGA OLED/AI PC/Lenovo AI Now/Copilot+ PC/Windows 11/Office 2024/1Yr ADP/Teal/1.2Kg), 83CX002LIN",Lenovo,199990.0,Intel Core i5,32.0,DDR4,512.0,SSD,Intel Iris Xe,Windows 11,15.6,3840,2160,1,https://m.media-amazon.com/images/I/81wPDgihP5L._SL500_.jpg,,amazon
"acer Aspire Lite Intel Core 5-210H Processor, Office 2024 + M365 Basic, 16GB RAM/512GB SSD, 15.6""/39.62 cm, FHD IPS Display,Win 11 Home, Backlit KB, Steel Grey, 1.7Kg, AL15-52H, Thin and Light Laptop",Acer,55990.0,Intel Core i5,16.0,DDR4,512.0,SSD,Intel Iris Xe,Windows 11,15.6,1920,1080,1,https://m.media-amazon.com/images/I/81f0N+NOjSL._SL500_.jpg,,amazon
"Apple 2026 MacBook Pro Laptop with M5 Pro chip with 18‑core CPU and 20‑core GPU: Built for AI, 35.97 cm (14.2″) Liquid Retina XDR Display, 24GB Unified Memory, 2TB SSD Storage; Space Black",Apple,279990.0,Intel Core i5,8.0,DDR4,512.0,SSD,Intel Iris Xe,Windows 11,15.6,1920,1080,1,https://m.media-amazon.com/images/I/61+jOMbYhYL._SL500_.jpg,,amazon
"ASUS ROG Zephyrus G15(2022), 15.6"" (39.62 cms) 2K WQHD 240Hz/3ms, AMD Ryzen 9 6900HS, 8GB RTX 3070 Ti, Gaming Laptop (16GB/1TB SSD/90WHrs Battery/Windows 11/Office 2021/White/1.9 Kg), GA503RW-LN066WS",ASUS,198999.0,Amd Ryzen 9 6900Hs,8.0,DDR4,512.0,SSD,Rtx 3070,Windows 11,15.6,2560,1600,1,https://m.media-amazon.com/images/I/81jr2dOaWaL._SL500_.jpg,,amazon
"MSI Katana 15 HX Gaming Laptop, Intel Core i5-14450HX, 16GB DDR5 RAM, 512GB PCIe Gen4 SSD, NVIDIA GeForce RTX 5050 8GB,FHD 144Hz Display,Windows 11 Home, Backlit Keyboard,Gaming & Productivity Laptop",MSI,102990.0,Intel Core I5-14450Hx,16.0,DDR5,512.0,SSD,Nvidia Geforce Rtx 5050,Windows 11,15.6,1920,1080,1,https://m.media-amazon.com/images/I/51eUDfg7rwL._SL500_.jpg,,amazon
"acer Predator Helios 16 AI, Intel Core Ultra 9 Processor,RTX 5090-24 GB GDDR7,32 GB/1 TB, WQXGA OLED, 16.0""/40.64 cm, 240Hz, Win 11 Home, Abyssal Black, 2.65 kg, PH16-73, RGB KB, Gaming Laptop",Acer,449999.0,Intel Core Ultra 9,8.0,DDR4,512.0,SSD,Rtx 5090,Windows 11,16.0,1920,1080,1,https://m.media-amazon.com/images/I/51q3f4NuyIL._SL500_.jpg,,amazon
"MSI Crosshair A16, AMD 8th Gen. Ryzen 9 8940HX, 41cm QHD+ 240Hz Gaming Laptop (16GB/1TB NVMe SSD/Windows 11 Home/NVIDIA GeForce RTX 5060, GDDR7 8GB/Cosmos Gray/2.5Kg) D8WFKG-035IN",MSI,162900.0,Intel Core i5,8.0,DDR4,512.0,SSD,Nvidia Geforce Rtx 5060,Windows 11,15.6,1366,768,1,https://m.media-amazon.com/images/I/51EWytLLqAL._SL500_.jpg,,amazon
"HP 15, Intel Core 5-120U (16GB DDR4, 512GB SSD) FHD, Anti-Glare, Micro-Edge, 15.6''/39.6cm, Win11, M365 Basic(1yr), Office Home24, Silver,1.59kg, fd0682tu, FHD Camera w/Shutter, BL Laptop",HP,62024.0,Intel Core i5,16.0,DDR4,512.0,SSD,Intel Iris Xe,Windows 11,15.6,1920,1080,1,https://m.media-amazon.com/images/I/71V4hl-Y9IL._SL500_.jpg,,amazon
"HP OmniBook X Flip OLED (Previously Envy) Intel Core Ultra 5 226V, 40 Tops(16GB LPDDR5X,512GB SSD) 3K, Touch, 120hz,14''/35.6cm, Win11, Office24, Meteor Silver,1.38kg, fm0058TU,Pen, Next Gen AI Laptop",HP,105990.0,Intel Core Ultra 5,16.0,LPDDR5X,512.0,SSD,Intel Iris Xe,Windows 11,15.6,1920,1080,1,https://m.media-amazon.com/images/I/71N04uIPZDL._SL500_.jpg,,amazon
"HP Professional 14 (2025), Intel Core i3 13th Gen 1315U - (16 GB/512 GB SSD/Intel UHD Graphics/Windows 11 pro) Thin and Light Business Laptop/14.0"" HD Display/Turbo Silver/1.4 Kg/MSO 2024",HP,52990.0,Intel Core I3 13Th,8.0,DDR4,512.0,SSD,Intel Uhd Graphics,Windows 11,14.0,1366,768,1,https://m.media-amazon.com/images/I/71QhLr042zL._SL500_.jpg,,amazon
"ASUS ROG Flow Z13 (2025), AMD Ryzen AI MAX+ 395,AMD Radeon iGPU, 64GB/1TB, 2.5K QHD,Touchscreen, 13.4"", 34 cm,Windows 11, M365 Basic(1yr)* Office24, Off Black, 1.59 Kg, GZ302EA-RU193WS, Gaming Laptop",ASUS,299990.0,Intel Core i5,8.0,DDR4,512.0,SSD,Amd Radeon Igpu,Windows 11,13.4,1366,768,1,https://m.media-amazon.com/images/I/615VSi-JX7L._SL500_.jpg,,amazon
"HP Omnibook 5 (Previously Pavilion), AMD Ryzen AI 7 350 (24GB LPDDR5x, 1TB SSD), 2k (1920 x 1200),Touch, Anti-Glare,16''/40.6cm, Win11, M365* Office24, Silver, 1.79kg, ag1087au, BL, Next Gen AI Laptop",HP,94990.0,Intel Core i5,24.0,LPDDR5X,512.0,SSD,Intel Iris Xe,Windows 11,15.6,2560,1600,1,https://m.media-amazon.com/images/I/812Gk34kkML._SL500_.jpg,,amazon
"HP 15, 13th Gen Intel Core i3-1315U (8GB DDR4, 512GB SSD), FHD, Micro -Edge, Anti-Glare, 15.6''/39.6cm, Win11, M365* Office24, Silver, 1.59kg, fd0624tu, FHD Camera, UHD Graphics Laptop",HP,50990.0,Intel Core I3-1315U,8.0,DDR4,512.0,SSD,Intel Iris Xe,Windows 11,15.6,1920,1080,1,https://m.media-amazon.com/images/I/71d8M36b60L._SL500_.jpg,,amazon
"Apple 2026 MacBook Pro Laptop with M5 Pro chip with 15‑core CPU and 16‑core GPU: Built for AI, 35.97 cm (14.2″) Liquid Retina XDR Display, 24GB Unified Memory, 2TB SSD Storage; Space Black",Apple,261990.0,Intel Core i5,8.0,DDR4,512.0,SSD,Intel Iris Xe,Windows 11,15.6,1920,1080,1,https://m.media-amazon.com/images/I/61+jOMbYhYL._SL500_.jpg,,amazon
"Apple 2026 MacBook Pro Laptop with M5 Max chip with 18‑core CPU and 32‑core GPU: Built for AI, 35.97 cm (14.2″) Liquid Retina XDR Display, 36GB Unified Memory, 2TB SSD Storage; Space Black",Apple,360990.0,Intel Core i5,8.0,DDR4,512.0,SSD,Intel Iris Xe,Windows 11,15.6,1920,1080,1,https://m.media-amazon.com/images/I/61+jOMbYhYL._SL500_.jpg,,amazon
"Lenovo V14 Intel Core i5 13th Gen 14"" FHD (1920x1080) Antiglare 250 Nits Thin and Light Laptop (16GB RAM/512GB SSD/Windows 11 Home/Office 2024/Iron Grey/1.43 kg), 83A0A0PTIN",Lenovo,61110.0,Intel Core I5 13Th,16.0,DDR4,512.0,SSD,Intel Iris Xe,Windows 11,15.6,1920,1080,1,https://m.media-amazon.com/images/I/71odoZVRgaL._SL500_.jpg,,amazon
"Lenovo Yoga Slim 7 Intel Core Ultra 5 125H (16GB RAM/1TB SSD/14 (35.5cm)/WUXGA OLED/Copilot+ PC/Windows 11/MSO 365 Basic+Office 2024/1Yr ADP Free/Teal/1.39Kg), 83CV00G2IN",Lenovo,81990.0,Intel Core Ultra 5,16.0,DDR4,512.0,SSD,Intel Iris Xe,Windows 11,15.6,1920,1080,1,https://m.media-amazon.com/images/I/81PaO9Q1WFL._SL500_.jpg,,amazon
"Lenovo LOQ, Intel Core i7 13th Gen 13700HX, NVIDIA RTX 5060 8GB, 16GB RAM, 1TB SSD, 15.6""(39.6cm), 144Hz, Windows 11, Office 2024, Grey, 2.4Kg, 83JE00U4IN, 572 AI Tops, 3 Mon. Game Pass Gaming Laptop",Lenovo,132721.0,Intel Core I7 13Th,16.0,DDR4,512.0,SSD,Nvidia Rtx 5060,Windows 11,15.6,3840,2160,1,https://m.media-amazon.com/images/I/81+Ucv6QFmL._SL500_.jpg,,amazon
"Apple 2026 MacBook Air 13″ Laptop with M5 chip: AI and Apple Intelligence, 34.46 cm (13.6″) Liquid Retina Display, 16GB Unified Memory, 1TB SSD Storage, 12MP Center Stage Camera, Touch ID; Starlight",Apple,124990.0,Intel Core i5,8.0,DDR4,512.0,SSD,Intel Iris Xe,Windows 11,15.6,1920,1080,1,https://m.media-amazon.com/images/I/71OjWwgFuEL._SL500_.jpg,,amazon
"Dell 15 Ai Powered Laptop, Intel Core Ultra 7 255H, 16GB DDR5 RAM, 512GB SSD, 15.6"" FHD Anti-Glare Display, Intel Arc Graphics, Backlit Keyboard, Dedicated Copilot Key, Silver, Win11 Home + MSO H&S'24",Dell,102990.0,Intel Core Ultra 7,16.0,DDR5,512.0,SSD,Intel Arc Graphics,Windows 11,15.6,1920,1080,1,https://m.media-amazon.com/images/I/71GWUD5Yr6L._SL500_.jpg,,amazon
"Lenovo LOQ 2025 Intel Core i7-13645HX| NVIDIA RTX 5050 8GB (16GB RAM/1TB SSD/144Hz Refresh Rate/440 AI TOPS/15.6"" (39.6cm)/Windows 11/Office 2024/3 Mon.Game Pass/Grey/2.4Kg), 83JE019XIN",Lenovo,124990.0,Intel Core I7-13645Hx,16.0,DDR4,512.0,SSD,Nvidia Rtx 5050,Windows 11,15.6,3840,2160,1,https://m.media-amazon.com/images/I/81qeef66f2L._SL500_.jpg,,amazon
"ASUS Zenbook S 16 (2026), AMD Ryzen AI 9 465, AMD Radeon iGPU, 32GB RAM, 1TB SSD, OLED, 16"", (40 cm), Windows 11, M365 Basic(1 Year)* Office 2024, Antrim Gray, 1.50 kg, UM5606GA-SR248WS,Co-Pilot+ PC",ASUS,171990.0,Intel Core i5,32.0,DDR4,512.0,SSD,Amd Radeon Igpu,Windows 11,15.6,1920,1080,1,https://m.media-amazon.com/images/I/71xp5idSFaL._SL500_.jpg,,amazon
"ASUS ROG Strix G16,Intel Core Ultra 9 275HX,Gaming Laptop(RTX 5070-8GB/115W TGP/32GB/1TB /2.5K QHD+/16""/240Hz/90WHrs/Windows 11/M365 Basic(1Year)*/Office Home 2024/Eclipse Gray/2.65 Kg)G615LP-S5022WS",ASUS,249990.0,Intel Core Ultra 9,8.0,DDR4,512.0,SSD,Rtx 5070,Windows 11,15.6,1366,768,1,https://m.media-amazon.com/images/I/71V8fkQY4fL._SL500_.jpg,,amazon
"Lenovo ThinkPad X1 Carbon Intel Core Ultra 7 155U 14"" WUXGA IPS 400 Nits 100% sRGB Thin and Light Laptop (32GB RAM/1TB SSD/Win 11 Pro/Fingerprint/Backlit/3Y Premier Support/Black/1.08 kg), 21KCS0CW00",Lenovo,245000.0,Intel Core Ultra 7,32.0,DDR4,512.0,SSD,Intel Iris Xe,Windows 11,15.6,1920,1080,1,https://m.media-amazon.com/images/I/51TjZ1nza0L._SL500_.jpg,,amazon
"acer Professional 15, Intel Core i7-1355U, 16 GB RAM, 512 GB SSD, Full HD 15.6"", Win11 Pro, MSO21,Silver, 1.52 KG, Back Lite, Finger Print, Premium Laptop with 3 Year Warranty and 1 Year Antivirus",Acer,74990.0,Intel Core I7-1355U,16.0,DDR4,512.0,SSD,Intel Iris Xe,Windows 11,15.6,1920,1080,1,https://m.media-amazon.com/images/I/51h0uNCDJBL._SL500_.jpg,,amazon
"Dell 14"" Latitude 7450 Laptop - Intel Core Ultra 7-16GB LPDDR5x RAM - 512GB M.2 NVMe SSD -Windows 11 Pro",Dell,217999.0,Intel Core Ultra 7,16.0,LPDDR5X,512.0,SSD,Intel Iris Xe,Windows 11,15.6,1920,1080,1,https://m.media-amazon.com/images/I/51vnVomE3AL._SL500_.jpg,,amazon
"HP Victus, 13th Gen Intel Core i5-13420H, 4GB RTX 3050A, 16GB DDR4(Upgradeable) 1TB SSD, FHD, 144Hz, 300 nits, IPS, 15.6''/39.6cm, Win11, M365* Office24, Mica Silver, 2.3kg, fa2047TX, Gaming Laptop",HP,76990.0,Intel Core I5-13420H,16.0,DDR4,512.0,SSD,Rtx 3050A,Windows 11,15.6,1920,1080,1,https://m.media-amazon.com/images/I/71j5dTzty-L._SL500_.jpg,,amazon
"Lenovo Yoga Slim 7 AMD Ryzen AINow 7 350, 83JY005YIN AI Laptop, Copilot+ 32GB RAM/1TB SSD/14""(35.5cm)WUXGA OLED/50 TOPS/Windows 11, Office Home 2024, Backlit Keyboard, 1Yr ADP Free, Teal, 1.19Kg",Lenovo,113890.0,Intel Core i5,32.0,DDR4,512.0,SSD,Intel Iris Xe,Windows 11,15.6,1920,1080,1,https://m.media-amazon.com/images/I/71idQZv1+dL._SL500_.jpg,,amazon
"MSI Pulse 17 AI, Intel Core Ultra 7 155H, Built-in AI, 43CM 16:10 QHD+ 240Hz Gaming Laptop(16GB/1TB NVMe SSD/Windows 11 Home/NVIDIA GeForce RTX 4070, /Core Black/2.8Kg), C1VGKG-031IN",MSI,169990.0,Intel Core Ultra 7,8.0,DDR4,512.0,SSD,Nvidia Geforce Rtx 4070,Windows 11,15.6,2880,1800,1,https://m.media-amazon.com/images/I/71pUt5K1bnL._SL500_.jpg,,amazon
"Dell 15, R5-7520U Processor, 8GB LPDDR5 RAM, 512GB SSD, FHD 15.6""/39.62 cm Display, Windows 11 Home, Carbon Black, 1.63kg, Standard Keyboard, 15 Month McAfee, Thin & Light Laptop",Dell,51990.0,Intel Core i5,8.0,LPDDR5,512.0,SSD,Intel Iris Xe,Windows 11,15.6,1920,1080,1,https://m.media-amazon.com/images/I/71TyZ4JfBrL._SL500_.jpg,,amazon
"HP 14 AI, Intel Core Ultra 7 155H (16GB DDR5, 512GB SSD) FHD, Anti-Glare, 14""/35.6cm, Win11, Office21, Silver, 1.4kg, gr1023TU, Intel Arc Graphics, FHD Camera w/Shutter, Backlit Kb AI Powered Laptop",HP,86900.0,Intel Core Ultra 7,16.0,DDR5,512.0,SSD,Intel Arc Graphics,Windows 11,15.6,3840,2160,1,https://m.media-amazon.com/images/I/712Y+xrw9SL._SL500_.jpg,,amazon
"Lenovo Legion 7 Intel Core i9-12900HX 16"" (40.64cm) QHD IPS 165Hz 500Nits Gaming Laptop (32GB/1TB SSD/Win 11/Office 2021/NVIDIA RTX 3080Ti 16GB/Alexa/3 Month Game Pass/Storm Grey/2.53Kg), 82TD009KIN",Lenovo,376990.0,Intel Core I9-12900Hx,8.0,DDR4,512.0,SSD,Nvidia Rtx 3080Ti,Windows 11,15.6,1366,768,1,https://m.media-amazon.com/images/I/81i0-7HgSmL._SL500_.jpg,,amazon
"acer Predator Helios Neo 16S AI,Intel Core Ultra 7 Processor 255HX,RTX 5070-8 GB GDDR7,16 GB/1 TB,WQXGA OLED,16.0""/40.64 cm,240Hz,Win 11 Home,Abyssal Black,2.3 kg,PHN16S-71, RGB KB,Gaming Laptop",Acer,212941.0,Intel Core Ultra 7,8.0,DDR4,512.0,SSD,Rtx 5070,Windows 11,16.0,1920,1080,1,https://m.media-amazon.com/images/I/51S7YnmsUnL._SL500_.jpg,,amazon
"MSI Stealth 16 AI Studio, Intel 1st Gen. Ultra 9 185H, Built-in AI, 41CM QHD+ 240Hz Gaming Laptop (32GB/2TB NVMe SSD/Windows 11 Pro/NVIDIA GeForce RTX 4070, GDDR6 8GB/Star Blue/1.9Kg), A1VGG-057IN",MSI,243990.0,Intel Core i5,8.0,DDR4,512.0,SSD,Nvidia Geforce Rtx 4070,Windows 11,15.6,1366,768,1,https://m.media-amazon.com/images/I/71cI7-kW2yL._SL500_.jpg,,amazon
"Dell 15, 13th Gen Intel Core i5-1334U (16GB DDR4, 512GB SSD) Anti-Glare FHD 15.6""/39.62cm, Windows 11, Microsoft Office Home 2024, Grey, 1.66kg, [Vostro 3530], 12 Month McAfee, Thin & Light Laptop",Dell,61490.0,Intel Core I5-1334U,16.0,DDR4,512.0,SSD,Intel Iris Xe,Windows 11,15.6,1920,1080,1,https://m.media-amazon.com/images/I/712WiT-wexL._SL500_.jpg,,amazon
"MSI Crosshair 16, Intel Series 2 Core Ultra 9 275HX, 41cm QHD+ 240Hz Gaming Laptop (16GB/1TB NVMe SSD/Windows 11 Home/NVIDIA GeForce RTX 5070, GDDR7 8GB/Cosmos Gray/2.5Kg) D2XWGKG-065IN",MSI,199990.0,Intel Core i5,8.0,DDR4,512.0,SSD,Nvidia Geforce Rtx 5070,Windows 11,15.6,1366,768,1,https://m.media-amazon.com/images/I/51JU4tvjuWL._SL500_.jpg,,amazon
"HP Victus, 13th Gen Intel core i7-13650HX, 6GB RTX 4050, 24GB DDR5, 512GB SSD, FHD, 144Hz, 300 nits, IPS, 15.6''/39.6cm, Win11, M365* Office24, Mica Silver, 2.29kg, fa2531TX, Backlit KB, Gaming Laptop",HP,119990.0,Intel Core I7-13650Hx,24.0,DDR5,512.0,SSD,Rtx 4050,Windows 11,15.6,1920,1080,1,https://m.media-amazon.com/images/I/71X3qj7oRXL._SL500_.jpg,,amazon
"acer Predator Helios 16 Gaming Laptop 14th Gen Intel Core i9 Processor (Windows 11 Home/16 GB/1 TB SSD/NVIDIA GeForce RTX 4070) PH16-72 with 40.64 cm (16"") WQXGA Display",Acer,199990.0,Intel Core i5,8.0,DDR4,512.0,SSD,Nvidia Geforce Rtx 4070,Windows 11,15.6,1920,1080,1,https://m.media-amazon.com/images/I/61ziSzsGEbL._SL500_.jpg,,amazon
"HP 14, Intel Core 13th Generation Intel Core i7-1355U (16GB DDR4, 512GB SSD), Micro-Edge, Anti-Glare, FHD, 14''/35.6cm, Win11, M365* Office24, Silver, 1.4kg, EP0159TU, FHD Camera, Backlit Laptop",HP,79990.0,Intel Core I7-1355U,16.0,DDR4,512.0,SSD,Intel Iris Xe,Windows 11,15.6,3840,2160,1,https://m.media-amazon.com/images/I/614QC+tnRVL._SL500_.jpg,,amazon
"HP Professional 14 (2026), Intel Core i3 13th Gen 1315U - (8 GB/512 GB SSD/Intel Graphics/Windows 11 Pro) Thin and Light Business Laptop/14.0"" HD Display/Turbo Silver/1.4 Kg/MSO 2024",HP,49990.0,Intel Core I3 13Th,8.0,DDR4,512.0,SSD,Intel Iris Xe,Windows 11,14.0,1366,768,1,https://m.media-amazon.com/images/I/516VbaB5tZL._SL500_.jpg,,amazon
"HP Elite x360 1040 G11 14"" Touchscreen Convertible 2 in 1 Notebook - WUXGA - Intel Core Ultra 7 155H - vPro Technology - 32 GB - 512 GB SSD - English Keyboard - Intel Chip - 1920 x 1200 - Windows 11 P",HP,155990.0,Intel Core Ultra 7,8.0,DDR4,512.0,SSD,Intel Iris Xe,Windows 11,15.6,1920,1080,1,https://m.media-amazon.com/images/I/41AHmBqjzML._SL500_.jpg,,amazon
"HP OmniBook Ultra Flip (Previously Spectre) Intel Core Ultra 7 256V 47 Tops (16GB LPDDR5X, 1TB SSD) OLED, 500 nits,14''/35.6cm, Touch 2-in-1, Win11, Office21, Gray,1.34kg, fh0026TU Next Gen AI Laptop",HP,167887.0,Intel Core Ultra 7,16.0,LPDDR5X,512.0,SSD,Intel Iris Xe,Windows 11,15.6,3840,2160,1,https://m.media-amazon.com/images/I/71Bm87j4HuL._SL500_.jpg,,amazon
"Lenovo V15 Intel Core i3 13th Gen (16GB RAM/512GB SSD/Windows 11 Home/MS-Office/Iron Grey) 15.6"" FHD (1920x1080) Antiglare 250 Nits Thin & Light Laptop/1Y Onsite/1.65 kg (I3-1315U / 16GB)",Lenovo,52990.0,Intel Core I3 13Th,16.0,DDR4,512.0,SSD,Intel Iris Xe,Windows 11,15.6,1920,1080,1,https://m.media-amazon.com/images/I/71QZeI0GKPL._SL500_.jpg,,amazon
"HP Omnibook 5 (Previously Pavilion),13th Gen Intel Core i5-1334U (16GB LPDDR5, 1TB SSD),2k (1920 x 1200),IPS,300nits, 14''/35.6cm, Win11, M365* Office24, Silver, 1.65kg, FP0790TU, IR Camera, BL Laptop",HP,89990.0,Intel Core I5-1334U,16.0,LPDDR5,512.0,SSD,Intel Iris Xe,Windows 11,15.6,2560,1600,1,https://m.media-amazon.com/images/I/71trIQNLSwL._SL500_.jpg,,amazon
"ASUS Zenbook S16, AMD Ryzen AI 7 Octa Core 350, 24GB,1TB,16"" Touch Screen, 3K OLED, Windows 11,M365 Basic(1Yr)*,Office24,Scandinavian White,1.5 Kg,UM5606KA-RJ108WS,Next-Gen AI Laptop,Copilot+",ASUS,134990.0,Intel Core i5,8.0,DDR4,512.0,SSD,Intel Iris Xe,Windows 11,15.6,1920,1080,1,https://m.media-amazon.com/images/I/71aHAVI7psL._SL500_.jpg,,amazon
"HP Envy x360 AI Laptop, Intel Core Ultra 5 125U, 12 TOPS, 16GB LPDDR5, 512GB SSD, (Win11, Office21, Blue, 1.44 kg) Touchscreen, 3K, OLED, 14-inch (35.6cm), Integrated graphics, 5MP IR camera, fc0078TU",HP,90490.0,Intel Core Ultra 5,16.0,LPDDR5,512.0,SSD,Intel Iris Xe,Windows 11,15.6,1920,1080,1,https://m.media-amazon.com/images/I/61+mD9ePuNL._SL500_.jpg,,amazon
"HP 15, 13th Gen Intel Core i5-1334U with Turbo Boost, 16GB DDR4, 512GB SSD, (Win 11 Pro, MSO21 Pro, Black, 1.6 kg), 15.6-inch FHD Laptop, Ultra Durable, Finger Print, Type-C, Quick Heal Anti Virus",HP,59990.0,Intel Core I5-1334U,16.0,DDR4,512.0,SSD,Intel Iris Xe,Windows 11,15.6,1920,1080,1,https://m.media-amazon.com/images/I/71KvNjo-ZUL._SL500_.jpg,,amazon
"Lenovo LOQ Intel Core i7-14700HX 15.6"" (39.6cm) 144Hz 300Nits FHD Gaming Laptop (16GB/1TB SSD/Win 11/NVIDIA GeForce RTX 4060 8GB Graphics/100% sRGB/Office 21/1Yr ADP Free/Grey/2.4Kg), 83DV00BEIN",Lenovo,153450.0,Intel Core I7-14700Hx,8.0,DDR4,512.0,SSD,Nvidia Geforce Rtx 4060,Windows 11,15.6,3840,2160,1,https://m.media-amazon.com/images/I/81Nk28r7wGL._SL500_.jpg,,amazon
"Acer Aspire Lite 12th Gen, Intel Core i5-12450H, Office 2024 + M365 Basic, 12GB RAM/512GB SSD, 39.62cm 15.6"" FHD IPS Display, Win 11 Home, Pure Silver, 1.7KG,AL15-52H, Backlit KB, Thin & Light Laptop",Acer,50990.0,Intel Core I5-12450H,12.0,DDR4,512.0,SSD,Intel Iris Xe,Windows 11,15.6,1920,1080,1,https://m.media-amazon.com/images/I/81qzE9lsXkL._SL500_.jpg,,amazon
"HP Laptop Ultra 7-155H, 16GB RAM, 1TB SSD, RTX 1000 Ada 6GB, Win 11 Pro, 16"" WUXGA, 5MP+IR Cam, Fingerprint Sensor, Backlit Keyboard, Wi-Fi 6E, BT 5.3, 3-Year Warranty (A8WN1PT)",HP,186999.0,Intel Core i5,16.0,DDR4,512.0,SSD,Rtx 1000,Windows 11,15.6,1920,1080,1,https://m.media-amazon.com/images/I/71+y2W0wpqL._SL500_.jpg,,amazon
"Dell 15, AMD Ryzen 3 7320U Processor (8GB RAM / 512GB SSD/Windows 11 + Office H&S 2024 + M365 / 15.6""(39.62 Cm) FHD Display / 12 Month Mcafee/Black Color/ 1.63 Kg/Thin & Light Laptop",Dell,45990.0,Amd Ryzen 3 7320U,8.0,DDR4,512.0,SSD,Intel Iris Xe,Windows 11,15.6,1920,1080,1,https://m.media-amazon.com/images/I/61431iniPwL._SL500_.jpg,,amazon
"ASUS Zenbook S16, AMD Ryzen AI 7 Octa Core 350, 24GB RAM, 1TB SSD,3K OLED, Touchscreen, 16"", Windows 11,M365 Basic (1Yr)*,Office24,Zumaia Gray,1.5 Kg, UM5606KA-RJ109WS,Next-Gen AI Laptop,Copilot+",ASUS,134990.0,Intel Core i5,24.0,DDR4,512.0,SSD,Intel Iris Xe,Windows 11,15.6,1920,1080,1,https://m.media-amazon.com/images/I/71xHX2U+H0L._SL500_.jpg,,amazon
"MSI Crosshair 16, Intel Series 2 Core Ultra 7 255HX, 41cm QHD+ 240Hz Gaming Laptop (16GB/1TB NVMe SSD/Windows 11 Home/NVIDIA GeForce RTX 5060, GDDR7 8GB/Cosmos Gray/2.5Kg) D2XWFKG-068IN",MSI,157490.0,Intel Core i5,8.0,DDR4,512.0,SSD,Nvidia Geforce Rtx 5060,Windows 11,15.6,1366,768,1,https://m.media-amazon.com/images/I/51sxO649F-L._SL500_.jpg,,amazon
"acer Predator Helios Neo 16 Gaming Laptop 13th Gen Intel Core i9 Processor (16 GB/1 TB SSD/Windows 11 Home/NVIDIA GeForce RTX 4060) PHN16-71, (16"") WUXGA Display",Acer,158999.0,Intel Core i5,8.0,DDR4,512.0,SSD,Nvidia Geforce Rtx 4060,Windows 11,15.6,1920,1080,1,https://m.media-amazon.com/images/I/51MfOw+lbEL._SL500_.jpg,,amazon
"Lenovo IdeaPad Flex 5 Ryzen 7 5700U 14"" (35.5cm) WUXGA+ IPS 2-in-1 Laptop (16GB/512GB SSD/Win 11/Office Home 2024/Backlit KB/Fingerprint/FHD Camera/Alexa/3 Month Game Pass/Grey/1.55Kg), 82R900HJIN",Lenovo,70699.0,Intel Core i5,8.0,DDR4,512.0,SSD,Intel Iris Xe,Windows 11,15.6,1920,1080,1,https://m.media-amazon.com/images/I/71qqqN2FtiL._SL500_.jpg,,amazon
"Dell G-series-15-5530-laptop - 15.6"" FHD, Intel Core i5-13450HX, 16GB DDR5 RAM, 512GB SSD, NVIDIA GeForce RTX 3050, 4-Zone RGB Backlit Keyboard + G-Key, Dark Shadow Gray, Win 11 + H&S 2021, 2.65 Kg",Dell,97990.0,Intel Core I5-13450Hx,16.0,DDR5,512.0,SSD,Nvidia Geforce Rtx 3050,Windows 11,15.6,1920,1080,1,https://m.media-amazon.com/images/I/51glKdrTmJL._SL500_.jpg,,amazon
"Lenovo Smartchoice Yoga Pro 7 Intel Evo Core Ultra 7 155H Built-in AI 14""(35.5cm) 2.8K-OLED 400Nits 120Hz Laptop (16GB/1TB SSD/NVIDIA RTX 4050 6GB/FHD+IR Camera/Win11/MSO 21/Grey/1.5Kg), 83E2005EIN",Lenovo,134090.0,Intel Core i5,8.0,DDR4,512.0,SSD,Nvidia Rtx 4050,Windows 11,15.6,2880,1800,1,https://m.media-amazon.com/images/I/71OPe4Vfb4L._SL500_.jpg,,amazon
"Dell Alienware x15 R1 Gaming Laptop, Intel Core i7-11800H Processor/ 16GB/ 1TB SSD/Win 11 + MSO'21/ NVIDIA RTX 3060 6GB/ 15.6"" (39.62cm) FHD 300 nits 360Hz + Alien FX/Lunar Light/ 2.27kg",Dell,252990.0,Intel Core I7-11800H,8.0,DDR4,512.0,SSD,Nvidia Rtx 3060,Windows 11,15.6,1920,1080,1,https://m.media-amazon.com/images/I/61J++6x4ezL._SL500_.jpg,,amazon
"Lenovo ThinkPad P14s Gen 5 21G2001VUS 14.5"" Mobile Workstation - WUXGA - Intel Core Ultra 7 155H - 32 GB - 1 TB SSD - English Keyboard - Black",Lenovo,299999.0,Intel Core Ultra 7,8.0,DDR4,512.0,SSD,Intel Iris Xe,Windows 11,14.5,1920,1080,1,https://m.media-amazon.com/images/I/61ZlkrpEg9L._SL500_.jpg,,amazon
"HP 15 (2025), Intel Core i3 13th Gen 1315U - (16 GB/512 GB SSD/Intel UHD Graphics/Windows 11 Pro) Thin and Light Business Laptop/15.6"" HD Display/Ash Grey/1.5 kg/MS Office 2021",HP,49200.0,Intel Core I3 13Th,8.0,DDR4,512.0,SSD,Intel Uhd Graphics,Windows 11,15.6,1366,768,1,https://m.media-amazon.com/images/I/71sxKjBSHKL._SL500_.jpg,,amazon
"HP OMEN Intel Core 7 240H - (24 GB/1 TB SSD/Windows 11 Home/8 GB Graphics/NVIDIA GeForce RTX 5050) 16-am0277TX Gaming Laptop (16 Inch, Shadow Black, Black Chrome Logo, 2.43 Kg, with MS Office)",HP,130600.0,Intel Core i5,8.0,DDR4,512.0,SSD,Nvidia Geforce Rtx 5050,Windows 11,15.6,1920,1080,1,https://m.media-amazon.com/images/I/419AgfOSo9L._SL500_.jpg,,amazon
"Dell Inspiron 5330 Laptop, Intel Evo Platform Powered by Intel Core i7-1360P Processor/16GB LP DDR5/1TB SSD/13.3"" (33.78cm) QHD+ 300 nits/Win 11 + MSO'21/15 Month McAfee/Platinum Silver/1.24kg",Dell,125115.0,Intel Core I7-1360P,8.0,DDR5,512.0,SSD,Intel Iris Xe,Windows 11,13.3,3840,2160,1,https://m.media-amazon.com/images/I/61pmuHUgSVL._SL500_.jpg,,amazon
"HP Spectre x360, Intel Evo Core Ultra 7 155H, Built-in AI, 14-inch (35.6 cm), 2.8K OLED, 32GB LPDDR5x, 1TB SSD, 120 Hz IMAX, 9MP IR Camera w/Camera Shutter (Win 11, MSO, Blue, 1.34 kg), eu0556TU",HP,160800.0,Intel Core i5,32.0,LPDDR5X,512.0,SSD,Intel Iris Xe,Windows 11,15.6,2880,1800,1,https://m.media-amazon.com/images/I/71Kwi8zU+DL._SL500_.jpg,,amazon
"HP Professional 14 (2026), Intel (i5 14th Gen) Core 5 120U - (16 GB/512 GB SSD/Intel Iris Xe Graphic/Windows 11 Home) Business Laptop/14.0"" FHD/Backlit + FingerPrint/Silver/Copilot Key/1.4kg/MS Office",HP,62360.0,Intel Core i5,8.0,DDR4,512.0,SSD,Intel Iris Xe,Windows 11,14.0,3840,2160,1,https://m.media-amazon.com/images/I/71Zvgr61FxL._SL500_.jpg,,amazon
HP 15 (2025) AMD Ryzen 3 7335U Quad Core Laptop 16GB DDR5 512GB SSD AMD Radeon Graphics Windows 11 Pro MS Office 2024 Copilot Key AI PC 15.6-inch FHD Thin & Light 1.5kg Turbo Silver,HP,47900.0,Amd Ryzen 3 7335U,16.0,DDR5,512.0,SSD,Amd Radeon Graphics,Windows 11,15.6,1920,1080,1,https://m.media-amazon.com/images/I/51JhuGKbySL._SL500_.jpg,,amazon
"acer TravelLite Thin Laptop AMD Ryzen 3 5400U | 8GB RAM, 512GB SSD | 14"" Full HD Anti-Glare Display | Windows 11 | MS Office | 1.34Kg | Black | 1 Year Warranty",Acer,43036.0,Amd Ryzen 3 5400U,8.0,DDR4,512.0,SSD,Intel Iris Xe,Windows 11,15.6,3840,2160,1,https://m.media-amazon.com/images/I/71VR5f3I7pL._SL500_.jpg,,amazon
"HP ZBook Studio 12th Gen Intel Core i7-12700H 16inch(40.6 cm) WUXGA Display Creator Laptop /400 nits/16GB RAM/1TB SSD/NVIDIA GeForce RTX 3060/Win 11 Home/MSO/B&O/Backlit KB/FPR, G9 Workstation PC",HP,211990.0,Intel Core I7-12700H,16.0,DDR4,512.0,SSD,Nvidia Geforce Rtx 3060,Windows 11,15.6,1920,1080,1,https://m.media-amazon.com/images/I/61oe21tFMNL._SL500_.jpg,,amazon
"acer Aspire 3D 15 SpatialLabs Edition Gaming Laptop Intel Core i7-13620H Processor (16GB/1TB/NVIDIA RTX4050/Win11Home) A3D15-71GM, 39.6 cm(15.6"") UHD 3840 x 2160 IPS Display, Obsidian Black, 2.32KG",Acer,119000.0,Intel Core I7-13620H,8.0,DDR4,512.0,SSD,Intel Iris Xe,Windows 11,15.6,3840,2160,1,https://m.media-amazon.com/images/I/61mIyVYG5tL._SL500_.jpg,,amazon
"Lenovo Thinkpad P16s Intel Core Ultra 7 155H 16""(40.64 cm) WUXGA IPS 300Nits, AI Ready Thin and Light Workstation (32GB/1TB SSD/Win11 Pro/Backlit/NVIDIA RTX 4GB/Black/3Y Premier/1.82Kg), 21KSS0AK00",Lenovo,186583.0,Intel Core Ultra 7,8.0,DDR4,512.0,SSD,Nvidia Rtx 4Gb,Windows 11,15.6,2560,1600,1,https://m.media-amazon.com/images/I/31zJttaGneL._SL500_.jpg,,amazon
"Lenovo LOQ, Intel Core i5 13th Gen 13450HX, NVIDIA RTX 4050 6GB, 16GB RAM, 512GB SSD, 15.6""(39.6cm), Windows 11, Office Home 2024, Grey, 2.4Kg, 83DV00X4IN, 100% sRGB, 3 Mon. Game Pass Gaming Laptop",Lenovo,106590.0,Intel Core I5 13Th,16.0,DDR4,512.0,SSD,Nvidia Rtx 4050,Windows 11,15.6,3840,2160,1,https://m.media-amazon.com/images/I/815ZvsHky7L._SL500_.jpg,,amazon
"Acer Aspire 3 A325-53 13th Gen Intel Core i5-1334U Thin and Light Laptop (8 GB/512GB SSD/Intel UHD Graphics/Windows 11 Home),15.6"" FHD IPS Display/MS Office 2024/Silver",Acer,53800.0,Intel Core I5-1334U,8.0,DDR4,512.0,SSD,Intel Uhd Graphics,Windows 11,15.6,1920,1080,1,https://m.media-amazon.com/images/I/61uDcjLLlVL._SL500_.jpg,,amazon
"Dell Pro14, Intel Core-5 120U, 8 GB DDR5 RAM, 512 GB New Gen SSD, Full HD+ 14"", Windows 11 Pro, MSO21, Pro Silver Pro, 1.41 KG, Professional Premium Laptop with 3 Year Warranty, 1 Year Antivirus",Dell,67115.0,Intel Core i5,8.0,DDR5,512.0,SSD,Intel Iris Xe,Windows 11,15.6,1920,1080,1,https://m.media-amazon.com/images/I/61R3FIaLDOL._SL500_.jpg,,amazon
"ASUS TUF F16 (2025),14th Gen, Intel Core i7 14650HX, RTX 5050-8GB, 16GB RAM, 1TB SSD, FHD+, 16"", 40 cm, Windows 11, M365 Basic(1yr)* Office24, Jaeger Gray, 2.2 Kg, FX608JHR-RV135WS, Gaming Laptop",ASUS,149990.0,Intel Core I7 14650Hx,16.0,DDR4,512.0,SSD,Rtx 5050,Windows 11,15.6,1920,1080,1,https://m.media-amazon.com/images/I/71sj54JbtHL._SL500_.jpg,,amazon
"Lenovo 15 (2026), Intel Core i3 13th Gen 1315U - (16 GB DDR5/512 GB SSD/Intel UHD Graphics/Windows 11 Pro) Thin and Light Business Laptop/15.6"" FHD Display/Iron Grey/1.6 kg/MS Office",Lenovo,55990.0,Intel Core I3 13Th,16.0,DDR5,512.0,SSD,Intel Uhd Graphics,Windows 11,15.6,1920,1080,1,https://m.media-amazon.com/images/I/81g8ey1e7DL._SL500_.jpg,,amazon
"ASUS TUF A16 (2026), AMD Ryzen 7 260, RTX 5050-8GB, 16GB RAM, 1TB SSD, FHD+, 16"", (40 cm), Windows 11 Home, M365 Basic(1 Year)* Office 2024, Jaeger Gray, 2.2 Kg, FA608UH-RV112WS, Gaming Laptop",ASUS,149990.0,Amd Ryzen 7 260,16.0,DDR4,512.0,SSD,Rtx 5050,Windows 11,15.6,1920,1080,1,https://m.media-amazon.com/images/I/71FCreN4HTL._SL500_.jpg,,amazon
"Apple 2024 MacBook Air 15″ Laptop with M3 chip: 38.91 cm (15.3″) Liquid Retina Display, 16GB Unified Memory, 512GB SSD Storage, Backlit Keyboard, 1080p FaceTime HD Camera, Touch ID- Silver",Apple,147990.0,Intel Core i5,8.0,DDR4,512.0,SSD,Intel Iris Xe,Windows 11,15.6,1366,768,1,https://m.media-amazon.com/images/I/71h-tsPzk5L._SL500_.jpg,,amazon
"HP Victus, Gaming Laptop",HP,92990.0,Intel Core i5,8.0,DDR4,512.0,SSD,Intel Iris Xe,Windows 11,15.6,1920,1080,1,https://m.media-amazon.com/images/I/71s00YuMQcL._SL500_.jpg,,amazon
"Lenovo Legion 5 Intel Core i7-14650HX 16"" (40.64cm) WQXGA IPS 350Nits 165Hz Gaming Laptop (16GB/1TB SSD/Win 11/Office 2021/NVIDIA RTX 4070 8GB/100%sRGB/Alexa/3 Month Game Pass/Grey/2.3Kg), 83DG009DIN",Lenovo,219990.0,Intel Core I7-14650Hx,8.0,DDR4,512.0,SSD,Nvidia Rtx 4070,Windows 11,15.6,1920,1080,1,https://m.media-amazon.com/images/I/81gN0vHbWGL._SL500_.jpg,,amazon
"ASUS ProArt P16 OLED (2025), AMD Ryzen AI 9 HX 370, RTX 5080-16GB,64GB RAM, 2TB SSD, 16""/40.64cm Touchscreen, 4K, 120Hz,Windows 11,M365 Basic (1Year)*/Office 2024, Nano Black, 1.95Kg,H7606WW-SE023WS",ASUS,419990.0,Intel Core i5,64.0,DDR4,512.0,SSD,Rtx 5080,Windows 11,15.6,3840,2160,1,https://m.media-amazon.com/images/I/71uLxy9vW6L._SL500_.jpg,,amazon
"ASUS TUF A15,AMD Ryzen 7 170,RTX 3050-4GB,16GB RAM (Upgradeable),1TB SSD,FHD, 15.6""(39.6 cm),Windows 11 Home, M365 Basic(1 Year)* Office 2024, Graphite Black, 2.3 Kg, FA506NCQ-HN009WS, Gaming Laptop",ASUS,91990.0,Amd Ryzen 7 170,16.0,DDR4,512.0,SSD,Rtx 3050,Windows 11,15.6,1920,1080,1,https://m.media-amazon.com/images/I/81DtVNemFnL._SL500_.jpg,,amazon
"Lenovo LOQ, Intel Core i5-13450HX, 13th Gen, NVIDIA RTX 3050-6GB, 16GB RAM, 512GB SSD, FHD 144Hz 300Nits, 15.6""/39.62cm, Windows 11, MS Office 21, Grey, 2.4Kg, 83DV00BHIN, 100% sRGB Gaming Laptop",Lenovo,110990.0,Intel Core I5-13450Hx,16.0,DDR4,512.0,SSD,Nvidia Rtx 3050,Windows 11,15.6,3840,2160,1,https://m.media-amazon.com/images/I/81sI6re6MPL._SL500_.jpg,,amazon
"Lenovo V15 G4 IRU Laptop | 15.6"" FHD Anti-Glare | Intel Core i7-13620H 13th Gen (10 Cores) | 16GB LPDDR5 RAM, 512GB SSD | Windows 11 + Office 2021 | Wi-Fi 6, HD Cam | Iron Grey | 1-Year Warranty",Lenovo,72890.0,Intel Core I7-13620H,16.0,LPDDR5,512.0,SSD,Intel Iris Xe,Windows 11,15.6,1920,1080,1,https://m.media-amazon.com/images/I/71aup0IO2ZL._SL500_.jpg,,amazon
"Lenovo Legion Pro 5 2025 Intel Core Ultra 7 255HX | NVIDIA RTX 5070 8GB (32GB RAM/1TB SSD/WQXGA OLED/165Hz/16 (40.6cm)/Windows 11/Office 2024+AI Now/Black/2.4Kg), 83F3009BIN AI Powered Gaming Laptop",Lenovo,237490.0,Intel Core Ultra 7,32.0,DDR4,512.0,SSD,Nvidia Rtx 5070,Windows 11,15.6,3840,2160,1,https://m.media-amazon.com/images/I/71bdQJH1zbL._SL500_.jpg,,amazon
"Lenovo ThinkBook 14, Intel Core 5 210H, 16GB RAM, 512GB SSD, WUXGA IPS 14” (35.56cm), Windows 11 Pro, Arctic Grey, 1.36Kg, 21SGS00400, Fingerprint, Backlit, 300 Nits, 3Y Premier Warranty, Laptop",Lenovo,105490.0,Intel Core i5,16.0,DDR4,512.0,SSD,Intel Iris Xe,Windows 11,15.6,1920,1080,1,https://m.media-amazon.com/images/I/51KhhD5u5UL._SL500_.jpg,,amazon
"HP 255 Notebook, AMD Athlon Silver 7120U,8GB DDR4, 256GB SSD, 15.6-inch(39.6cm),Anti-Glare, HD Laptop, Radeon Graphics, (Win 11, Silver,1.52kg) G10",HP,39999.0,Amd Athlon Silver,8.0,DDR4,256.0,SSD,Intel Iris Xe,Windows 11,15.6,2560,1600,1,https://m.media-amazon.com/images/I/71hEe+kRUXL._SL500_.jpg,,amazon
"ASUS ROG Strix G17 (2022), 17.3""(43.94 cm) FHD 360Hz/3ms, AMD Ryzen 9 6900HX, 8GB RTX 3070 Ti Graphics, Gaming Laptop (16GB/1TB SSD/90WHrs Battery/Windows 11/Office 2021/Gray/2.9 Kg), G713RW-KH110WS",ASUS,207990.0,Amd Ryzen 9 6900Hx,8.0,DDR4,512.0,SSD,Rtx 3070,Windows 11,17.3,1920,1080,1,https://m.media-amazon.com/images/I/61jSHaXCNEL._SL500_.jpg,,amazon
"ASUS Vivobook 15, 13th Gen, Intel Core i3-1315U, 8GB RAM,512GB SSD,15.6"" (39.62 cms), FHD, Windows 11,MS Office,Backlit Keyboard,Silver,1.7 kg, X1504VA-NJ320WS, Thin & Light Laptop",ASUS,45990.0,Intel Core I3-1315U,8.0,DDR4,512.0,SSD,Intel Iris Xe,Windows 11,15.6,1920,1080,1,https://m.media-amazon.com/images/I/715P4YWFq7L._SL500_.jpg,,amazon
"Lenovo V15 12th Gen Intel Core i5-1235U 15.6"" FHD Thin and Light Laptop (8GB RAM/512GB SSD/Windows 11 Home/MS Office Home & Student 2021/Iron Grey/1.70 kg), 82TTA07QIH",Lenovo,54999.0,Intel Core I5-1235U,8.0,DDR4,512.0,SSD,Intel Iris Xe,Windows 11,15.6,1920,1080,1,https://m.media-amazon.com/images/I/719+CaSnPxL._SL500_.jpg,,amazon
"ASUS Gaming V16 (2025), 14th Gen, Intel Core 5 210H Gaming Laptop(RTX 5050-8GB/16GB RAM/512GB SSD/FHD+/16""/144Hz/Windows 11/M365 Basic*/Office Home 2024/Matte Black/1.95 Kg) V3607VH-RP037WS",ASUS,106990.0,Intel Core i5,16.0,DDR4,512.0,SSD,Rtx 5050,Windows 11,15.6,1920,1080,1,https://m.media-amazon.com/images/I/7177NR5Og9L._SL500_.jpg,,amazon
"ASUS Vivobook Go 14 (2026),AMD Ryzen 3 30 Processor,AMD Radeon iGPU,8GB RAM,512GB SSD,FHD,14"" (35.5 cm),Windows 11,M365 Basic(1Y)* Office 2024,Mixed Black,1.38 Kg,E1404FA-EB1414WS,Thin & Light Laptop",ASUS,42990.0,Amd Ryzen 3 30,8.0,DDR4,512.0,SSD,Amd Radeon Igpu,Windows 11,15.6,1920,1080,1,https://m.media-amazon.com/images/I/71CudLAwF1L._SL500_.jpg,,amazon
"Lenovo IdeaPad Pro 5 AMD Ryzen 7 8845HS 16"" (40.64cm) 2K-OLED 400Nits 120Hz Laptop (16GB/1TB SSD/NVDIA RTX 4050 6GB/Win11/100% DCI-P3/Office 2021/Alexa/3 Month Game Pass/Grey/1.91Kg), 83D5000SIN",Lenovo,131890.0,Amd Ryzen 7 8845Hs,8.0,DDR4,512.0,SSD,Rtx 4050,Windows 11,15.6,2560,1600,1,https://m.media-amazon.com/images/I/81J-isVnBTL._SL500_.jpg,,amazon
"HP 15 (2025), Intel Core i5 13th Gen 1334U - (32 GB/512 GB SSD/Intel Iris Xe Graphics/Windows 11 Pro) Thin and Light Business Laptop/15.6"" FHD Display/Fingerprint Reader/Ash Grey/1.5 kg/MS Office 2021",HP,70990.0,Intel Core I5 13Th,8.0,DDR4,512.0,SSD,Intel Iris Xe,Windows 11,15.6,1920,1080,1,https://m.media-amazon.com/images/I/71K3Oh9j6WL._SL500_.jpg,,amazon
"Dell Inspiron 7640 Thin & Light Laptop, Intel Core i5-13420H Processor, 16GB DDR5 + 512GB SSD, 16"" (40.64cm) FHD+ 250nits Display, Backlit KB + FPR, Win 11 + MSO'21, 15 Months McAfee, Ice Blue, 1.90kg",Dell,100990.0,Intel Core I5-13420H,16.0,DDR5,512.0,SSD,Intel Iris Xe,Windows 11,15.6,1920,1080,1,https://m.media-amazon.com/images/I/61SX7Uabk5L._SL500_.jpg,,amazon
"Lenovo IdeaPad 1 15ALC7 AMD Ryzen 5 5500U 15.6"" FHD Thin and Light Laptop (8GB/512GB SSD/Integrated AMD Radeon Graphics/Windows 11 Home/Office Home 2024/1Yr ADP Free/Cloud Grey/1.61Kg), 82R4011NIN",Lenovo,47990.0,Amd Ryzen 5 5500U,8.0,DDR4,512.0,SSD,Amd Radeon Graphics,Windows 11,15.6,1920,1080,1,https://m.media-amazon.com/images/I/61kKzgGGFtL._SL500_.jpg,,amazon
"Dell Latitude 5000 5450 14"" Notebook - Full HD - Intel Core Ultra 5 125U - 16 GB - 256 GB SSD - Titan Gray",Dell,139000.0,Intel Core Ultra 5,8.0,DDR4,256.0,SSD,Intel Iris Xe,Windows 11,15.6,1920,1080,1,https://m.media-amazon.com/images/I/51kAOLVS21L._SL500_.jpg,,amazon
"HP 15, Intel Celeron (8GB DDR5, 512GB SSD), Micro-Edge, Anti-Glare, 15.6''/39.6cm, Win11, M365* Office24, Silver, 1.59kg, fd0885TU, FHD Camera, Backlit, Dual Speakers Laptop",HP,59990.0,Intel Celeron,8.0,DDR5,512.0,SSD,Intel Iris Xe,Windows 11,15.6,1920,1080,1,https://m.media-amazon.com/images/I/71TyRVohe6L._SL500_.jpg,,amazon
"Lenovo LOQ 2024 Intel Core i5-12450HX 15.6"" (39.6cm) 144Hz 300Nits FHD IPS Gaming Laptop (24GB/512GB SSD/Win 11/NVIDIA RTX 3050 6GB Graphics/1Yr ADP Free/MSO 21/3 Mon Game Pass/Grey/2.4Kg), 83GS0098IN",Lenovo,99500.0,Intel Core I5-12450Hx,8.0,DDR4,512.0,SSD,Nvidia Rtx 3050,Windows 11,15.6,3840,2160,1,https://m.media-amazon.com/images/I/81tmCrtiRgL._SL500_.jpg,,amazon
"Lenovo LOQ Intel Core i5-13450HX| NVIDIA RTX 3050 6GB (16GB RAM/512GB SSD/144Hz Refresh Rate/15.6"" (39.6cm)/Windows 11/Office Home 2024/3 Mon. Game Pass/Grey/2.4Kg), 83DV018MIN AI Gaming Laptop",Lenovo,96990.0,Intel Core I5-13450Hx,16.0,DDR4,512.0,SSD,Nvidia Rtx 3050,Windows 11,15.6,3840,2160,1,https://m.media-amazon.com/images/I/81sI6re6MPL._SL500_.jpg,,amazon
"Lenovo 15 (2025), Intel Core i3 12th Gen 1215U - (16 GB/512 GB SSD/Intel UHD Graphics/Windows 11 Home) Thin and Light Business Laptop/15.6"" FHD Display/Iron Grey/1.6 kg/MS Office 2021",Lenovo,59999.0,Intel Core I3 12Th,8.0,DDR4,512.0,SSD,Intel Uhd Graphics,Windows 11,15.6,1920,1080,1,https://m.media-amazon.com/images/I/71uxIR5ZneL._SL500_.jpg,,amazon
"ASUS Vivobook 14 (2025), Intel Core 5 120U, 8GB RAM, 512GB SSD, FHD, 14"", (35.5 cm), Windows 11 Home, M365 Basic(1 Year)* Office 2024, Cool Silver, 1.4 Kg, X1404VAP-EB1521WS, Thin & Light Laptop",ASUS,57990.0,Intel Core i5,8.0,DDR4,512.0,SSD,Intel Iris Xe,Windows 11,15.6,1920,1080,1,https://m.media-amazon.com/images/I/71ik+SPFwYL._SL500_.jpg,,amazon
"MSI Modern 14,Intel 13th Gen. Core i3 1315U,36CM FHD 60Hz Thin & Light Laptop(16GB/512GB NVMe SSD/Windows 11 Home/Microsoft Office Home & Student 2021/Intel UHD/Urban Silver/1.4Kg), C13M-1424IN",MSI,44990.0,Intel Core i5,8.0,DDR4,512.0,SSD,Intel Iris Xe,Windows 11,15.6,3840,2160,1,https://m.media-amazon.com/images/I/71AGCkQsQ3L._SL500_.jpg,,amazon
"Samsung Galaxy Book6 (Gray, 16GB RAM, 1TB SSD) | Intel Core Ultra 5 (Series 3) | 16"" WUXGA+ Display with Touchscreen | 24Hrs Battery Life | 120 Hz Refresh Rate | Dolby Atmos Stereo Speakers | AI PC",Samsung,146990.0,Intel Core Ultra 5,16.0,DDR4,512.0,SSD,Intel Iris Xe,Windows 11,15.6,1920,1080,1,https://m.media-amazon.com/images/I/71u-zAQGavL._SL500_.jpg,,amazon
"New Microsoft Surface Laptop5 15"" Intel evo 12 Gen i7 / 8GB / 256GB Platinum with Windows 11 Home, Microsoft 365 Family 30-Day Trial & Xbox Game Pass Ultimate 30-Day Trial",Mi,98990.0,Intel Core i5,8.0,DDR4,256.0,SSD,Intel Iris Xe,Windows 11,15.6,1920,1080,1,https://m.media-amazon.com/images/I/61n0igkrg3L._SL500_.jpg,,amazon
HP 15 Backlit KB,HP,73400.0,Intel Core i5,8.0,DDR4,512.0,SSD,Intel Iris Xe,Windows 11,15.6,1920,1080,1,https://m.media-amazon.com/images/I/71ADoSstoIL._SL500_.jpg,,amazon
"Lenovo Yoga Slim 7 AMD Ryzen AI 7 350 (32GB RAM/1TB SSD/14 (35.5cm)/WUXGA OLED/Copilot+ PC/Windows 11/Microsoft 365 Basic + Office Home 2024 + Lenovo AI Now/1Yr ADP Free/Teal/1.19Kg), 83JY0069IN",Lenovo,113641.0,Intel Core i5,32.0,DDR4,512.0,SSD,Intel Iris Xe,Windows 11,15.6,1920,1080,1,https://m.media-amazon.com/images/I/71TqHX7QtbL._SL500_.jpg,,amazon
"acer Travelmate Business Laptop Intel Core i3 1115G4 Processor (16GB DDR4/ 512GB SSD/Intel Iris Xe Graphics/Windows 11 Home/MS Office Home and Student) TMP214-53 with 35.56 cm (14.0"") Full HD Display",Acer,46999.0,Intel Core I3 1115G4,16.0,DDR4,512.0,SSD,Intel Iris Xe,Windows 11,14.0,1920,1080,1,https://m.media-amazon.com/images/I/61+E7zon44L._SL500_.jpg,,amazon
"HP 14,Core Ultra 5 125H (16GB DDR5, 512GB SSD), Micro-Edge, Anti-Glare, FHD, 14''/35.6cm, Win11, M365* Office24, Silver, 1.4kg, ep1150TU, FHD Camera, Backlit Laptop",HP,72990.0,Intel Core i5,16.0,DDR5,512.0,SSD,Intel Iris Xe,Windows 11,15.6,3840,2160,1,https://m.media-amazon.com/images/I/71Z+oWbjruL._SL500_.jpg,,amazon
"MSI Stealth 16 Studio, Intel 13th Gen. i7-13700H, 41CM QHD+ 240Hz Gaming Laptop (32GB/1TB NVMe SSD/Windows 11 Home/Nvidia GeForce RTX4070, 8GB GDDR6/Pure White/1.99Kg), A13VG-030IN",MSI,335251.0,Intel Core i5,8.0,DDR4,512.0,SSD,Intel Iris Xe,Windows 11,15.6,1366,768,1,https://m.media-amazon.com/images/I/71vIbM3K3YL._SL500_.jpg,,amazon
"Dell Vostro 3530 Laptop 15.6"" FHD Display, 13th Generation Intel Core i5-1334U Processor, 16GB DDR4 RAM, 512GB SSD, Intel Iris Xe Graphics, Win 11 + Office H&S 2024- Titan Grey, 1.66 Kg",Dell,63300.0,Intel Core I5-1334U,16.0,DDR4,512.0,SSD,Intel Iris Xe,Windows 11,15.6,1920,1080,1,https://m.media-amazon.com/images/I/71OOkauvMwL._SL500_.jpg,,amazon
"HP Professional 15 (2025), Intel Core i5 13th Gen 1334U - 32 GB/512 GB SSD/Intel Iris Xe Graphics/Windows 11 Pro Thin and Light Business Laptop/15.6"" FHD Display/Backlit/Turbo Silver/1.5 kg/MSO 2024",HP,76500.0,Intel Core I5 13Th,8.0,DDR4,512.0,SSD,Intel Iris Xe,Windows 11,15.6,1920,1080,1,https://m.media-amazon.com/images/I/51kG0ca8MEL._SL500_.jpg,,amazon
"Acer Nitro V 15, Intel Core 5 210H Processor, RTX 4050-8 GB GDDR7, 16 GB, 512 GB, FHD IPS, 15.6""/39.62cm,165Hz, Win 11 Home, Obsidian Black, 2.1 KG, ANV15-52, Gaming Laptop",Acer,89490.0,Intel Core i5,8.0,DDR4,512.0,SSD,Rtx 4050,Windows 11,15.6,1920,1080,1,https://m.media-amazon.com/images/I/51SJe266P8L._SL500_.jpg,,amazon
"ASUS Vivobook Go 14 (2026),AMD Ryzen 5 40,AMD Radeon iGPU,8GB RAM,512GB SSD,FHD, 14""(35.5 cm),Windows 11 Home,M365 Basic(1 Year)* Office 2024,Mixed Black, 1.38 Kg, E1404FA-EB1415WS,Thin & Light Laptop",ASUS,66990.0,Amd Ryzen 5 40,8.0,DDR4,512.0,SSD,Amd Radeon Igpu,Windows 11,15.6,1920,1080,1,https://m.media-amazon.com/images/I/71DpdPt-2sL._SL500_.jpg,,amazon
"MSI Cyborg 15, Intel 12th Gen. i5-12450H, 40CM FHD 144Hz Gaming Laptop (16GB/512GB NVMe SSD/Windows 11 Home/MSO 2021/NVIDIA GeForce RTX 3050, GDDR6 6GB/Translucent Black/1.9Kg) A12UDX-1468IN",MSI,75990.0,Intel Core i5,8.0,DDR4,512.0,SSD,Nvidia Geforce Rtx 3050,Windows 11,15.6,1920,1080,1,https://m.media-amazon.com/images/I/61UQ4m-H+yL._SL500_.jpg,,amazon
"Lenovo IdeaPad 1 Intel Celeron N4500, 8GB RAM, 512GB SSD, HD 15.6""(39.6cm), Windows 11, Grey, 1.55Kg, 82LX00F7IN, 3 Month Game Pass Laptop",Lenovo,44500.0,Intel Celeron N4500,8.0,DDR4,512.0,SSD,Intel Iris Xe,Windows 11,15.6,1366,768,1,https://m.media-amazon.com/images/I/71bDJ9wxxWL._SL500_.jpg,,amazon
"HP Victus 16-r1703TX Gaming Laptop (14th Gen Intel® Core™ i5, 16GB DDR5, 512GB SSD, NVIDIA® GeForce RTX™ 3050 6GB, 16.1"" FHD 144Hz, Windows 11 Home, Silver)",HP,82780.0,Intel Core i5,16.0,DDR5,512.0,SSD,Intel Iris Xe,Windows 11,16.1,1920,1080,1,https://m.media-amazon.com/images/I/41zoiK7ggbL._SL500_.jpg,,amazon
"acer Nitro V 16S AI, AMD Ryzen 7 260 Octa-core Processor, RTX 5060-8 GB GDDR7, 16 GB/1 TB,WUXGA IPS, 16.0""/40.64 cm, 180 Hz, Win 11 Home, Obsidian Black, 2.1 kg, ANV16S-41, RGB KB, Gaming Laptop",Acer,129999.0,Amd Ryzen 7 260,8.0,DDR4,512.0,SSD,Rtx 5060,Windows 11,16.0,1920,1080,1,https://m.media-amazon.com/images/I/51vD2NmZtLL._SL500_.jpg,,amazon
"Lenovo 15 (2026), Intel Core i3 13th Gen 1315U - (16 GB DDR5/512 GB SSD/Intel UHD Graphics/Windows 11 Home) Thin and Light Business Laptop/15.6"" FHD Display/Iron Grey/1.6 kg/MS Office",Lenovo,53850.0,Intel Core I3 13Th,16.0,DDR5,512.0,SSD,Intel Uhd Graphics,Windows 11,15.6,1920,1080,1,https://m.media-amazon.com/images/I/81DqH4HeJxL._SL500_.jpg,,amazon
"HP Professional 240R G10 Ultra-Light Business Laptop with Intel Core 3-100U, 8GB DDR4 RAM, 512GB SSD, 14″ FHD IPS Display, Copilot Key, Windows 11 Pro & MS Office 2024, Turbo Silver",HP,49990.0,Intel Core i5,8.0,DDR4,512.0,SSD,Intel Iris Xe,Windows 11,15.6,1920,1080,1,https://m.media-amazon.com/images/I/61p3X1ne2WL._SL500_.jpg,,amazon
"acer Aspire AMD Ryzen 3-7330U Processor Laptop with 39.62 cm (15.6"") Full HD LED-Backlit IPS Display (8 GB RAM/512 GB SSD/WiFi 6/AMD Radeon Graphics/Win11 Home/55Wh) AS15-42, Pure Silver, 1.79KG",Acer,42990.0,Intel Core i5,8.0,DDR4,512.0,SSD,Amd Radeon Graphics,Windows 11,15.6,1920,1080,1,https://m.media-amazon.com/images/I/51BV4vFUFpL._SL500_.jpg,,amazon
"Lenovo V15 Intel Core i3 13th Gen (8 GB DDR4 RAM/512GB SSD/Windows 11 Home/MS-Office/Iron Grey) 15.6"" FHD (1920x1080) Antiglare 250 Nits Thin & Light Laptop/1Y Onsite",Lenovo,52999.0,Intel Core I3 13Th,8.0,DDR4,512.0,SSD,Intel Iris Xe,Windows 11,15.6,1920,1080,1,https://m.media-amazon.com/images/I/71RZDi-9tVL._SL500_.jpg,,amazon
"HP Business 250R G10 (2025) Thin & Light Laptop with Intel Core 3 14th Gen 100U, 16GB RAM, 512GB SSD, 15.6″ IPS Display, Copilot Key, Windows 11 Pro & MS Office 2024, Turbo Silver (1.5 kg)",HP,51810.0,Intel Core i5,16.0,DDR4,512.0,SSD,Intel Iris Xe,Windows 11,15.6,1920,1080,1,https://m.media-amazon.com/images/I/51kG0ca8MEL._SL500_.jpg,,amazon
"HP Pavilion, Intel Core Ultra 5-125U, (16GB RAM, 512GB SSD) IPS, WUXGA, Anti-Glare, 16""/40.6cm, Win 11, Office 2021, Silver, 1.77Kg, af0015tu, Intel Graphics, 1080p FHD Camera AI Laptop",HP,77494.0,Intel Core Ultra 5,16.0,DDR4,512.0,SSD,Intel Iris Xe,Windows 11,15.6,1920,1080,1,https://m.media-amazon.com/images/I/71I3VaefRiL._SL500_.jpg,,amazon
"acer Nitro V 15 Gaming Laptop Intel Core 5 210H - 16 GB/512 GB SSD/Windows 11 Home/NVIDIA GeForce RTX 4050 6 GB Graphics (15.6 Inch, Obsidian Black, 2.5 Kg)",Acer,88990.0,Intel Core i5,8.0,DDR4,512.0,SSD,Nvidia Geforce Rtx 4050,Windows 11,15.6,1920,1080,1,https://m.media-amazon.com/images/I/71PCh+ZoutL._SL500_.jpg,,amazon
"HP 15, 13th Gen Intel Core i5-1334U Laptop (8GB DDR4,1TB SSD) Anti-Glare, Micro-Edge,15.6''/39.6cm, FHD, Win11, M365 Basic(1yr),Office Home24, Silver,1.59kg, FHD Camera w/Shutter, fd0549TU",HP,66490.0,Intel Core I5-1334U,8.0,DDR4,512.0,SSD,Intel Iris Xe,Windows 11,15.6,1920,1080,1,https://m.media-amazon.com/images/I/71S+ww+2sAL._SL500_.jpg,,amazon
"HP 15 (2026) Business Laptop – Intel Core 7 150U, 16GB RAM, 512GB SSD, 15.6"" FHD Display, Intel Iris Xe Graphics, Windows 11 Pro, Backlit Keyboard + Fingerprint, Silver, 1.5kg",HP,86500.0,Intel Core i5,16.0,DDR4,512.0,SSD,Intel Iris Xe,Windows 11,15.6,1920,1080,1,https://m.media-amazon.com/images/I/71+3EDsHsAL._SL500_.jpg,,amazon
"Lenovo V14 AMD Ryzen 3 7320U 14"" (35.5cm) FHD 250 Nits Antiglare Thin and Light Laptop (Free MS Office) Lifetime (8GB/512GB SSD/Windows 11/Iron Grey/1.65 Kg) 1 Year Brand Warranty, 82YTA0OTlN",Lenovo,44999.0,Amd Ryzen 3 7320U,8.0,DDR4,512.0,SSD,Intel Iris Xe,Windows 11,15.6,1920,1080,1,https://m.media-amazon.com/images/I/41LQ45I-LVL._SL500_.jpg,,amazon
"Dell 16, AMD Ryzen AI 5 340 6-core/12-thread Processor, 16GB LPDDR5X, 512GB SSD, FHD+, 16""/40.64cm, Win11, MSO'24, Ice Blue, 1.83 Kg, [Dell 16], 300 Nits IPS, Backlit+FPS Keyboard, AI Powered Laptop",Dell,71990.0,Intel Core i5,16.0,LPDDR5X,512.0,SSD,Intel Iris Xe,Windows 11,15.6,1920,1080,1,https://m.media-amazon.com/images/I/71e5e82cbJL._SL500_.jpg,,amazon
"HP Smartchoice Victus, 13th Gen Intel Core i5-13420H, 4GB RTX 3050, 16GB DDR4(Upgradeable) 512GB SSD, 144Hz, 300nits, FHD, 15.6’’/39.6cm, Win11, Office24, Blue, 2.29kg, fa2190/fa2191tx Gaming Laptop",HP,70990.0,Intel Core I5-13420H,16.0,DDR4,512.0,SSD,Rtx 3050,Windows 11,15.6,1920,1080,1,https://m.media-amazon.com/images/I/71wT57gW0hL._SL500_.jpg,,amazon
"ASUS TUF A15 (2025), AMD Ryzen 7 7445HS,RTX 3050-4GB,75W TGP,16GB DDR5(Upgradeable Upto 64GB) 512GB SSD,FHD,15.6"",144Hz,RGB Keyboard,Windows 11,Graphite Black,2.3 Kg FA506NCG-HN199W, Gaming Laptop",ASUS,67990.0,Amd Ryzen 7 7445Hs,16.0,DDR5,512.0,SSD,Rtx 3050,Windows 11,15.6,1920,1080,1,https://m.media-amazon.com/images/I/81nPkLHN3vL._SL500_.jpg,,amazon
"ASUS Gaming V16 (2025), Intel Core 5 210H, RTX 3050-6GB, 16GB RAM, 512GB SSD, FHD+, 16"", 40 cm, Windows 11 Home, M365 Basic(1yr)* Office24, Matte Black, 1.95 Kg, V3607VJ-RP134WS, Gaming Laptop",ASUS,83990.0,Intel Core i5,16.0,DDR4,512.0,SSD,Rtx 3050,Windows 11,15.6,1920,1080,1,https://m.media-amazon.com/images/I/71-7wPSmOJL._SL500_.jpg,,amazon
"Lenovo Legion 7 2025 Intel Core Ultra 9 275HX| NVIDIA RTX 5070 8GB (32GB RAM/1TB SSD/WQXGA OLED/240Hz/16(40.64cm)/Windows 11/Office 2024+AI Now/White/2.0Kg), 83KY001GIN AI Powered Gaming Laptop",Lenovo,239391.0,Intel Core Ultra 9,32.0,DDR4,512.0,SSD,Nvidia Rtx 5070,Windows 11,15.6,1920,1080,1,https://m.media-amazon.com/images/I/81NnFZ6vb9L._SL500_.jpg,,amazon
"HP Victus, 13th Gen Intel Core i7-13620H, 8GB RTX 5060, 24GB DDR5(Upgradeable) 1TB SSD, 144Hz, 300nits, IPS, FHD, 15.6""/39.6cm, Win11, M365* Office 24, Mica Silver, 2.29Kg, fa2308TX, RGB Gaming Laptop",HP,125990.0,Intel Core I7-13620H,24.0,DDR5,512.0,SSD,Rtx 5060,Windows 11,15.6,1920,1080,1,https://m.media-amazon.com/images/I/71ZDvI4yXAL._SL500_.jpg,,amazon
"ASUS TUF F16, 14th Gen,Intel Core i7 14650HX,RTX 5060-8GB,16GB,1TB,FHD+,16"",165Hz,90WHrs,Windows 11,M365 Basic (1Year)*,Office 2024,Jaeger Gray,2.2 Kg, FX608JMR-RV049WS, Gaming Laptop",ASUS,154990.0,Intel Core I7 14650Hx,8.0,DDR4,512.0,SSD,Rtx 5060,Windows 11,15.6,1920,1080,1,https://m.media-amazon.com/images/I/71O0M22NGRL._SL500_.jpg,,amazon
"Lenovo LOQ Essential AMD Ryzen 7 7735HS | NVIDIA RTX 4050 6GB (16GB RAM/512GB SSD/144Hz Refresh Rate/15.6"" (39.6cm)/Windows 11/Office Home 2024/3 Mon. Game Pass/Grey/1.8Kg), 83S0009TIN Gaming Laptop",Lenovo,94990.0,Amd Ryzen 7 7735Hs,16.0,DDR4,512.0,SSD,Nvidia Rtx 4050,Windows 11,15.6,1920,1080,1,https://m.media-amazon.com/images/I/81XLQsK9gvL._SL500_.jpg,,amazon
"HP Omen, Intel Core Ultra 7 255H, 8GB RTX 5050, 24GB DDR5(Upgradeable) 1TB SSD, 2K, 165Hz, 3ms Response time, IPS, 16''/40.6cm, Win11, M365*Office24, Shadow Black, 2.43kg, am0240tx, RGB Gaming Laptop",HP,129990.0,Intel Core Ultra 7,24.0,DDR5,512.0,SSD,Rtx 5050,Windows 11,15.6,2560,1600,1,https://m.media-amazon.com/images/I/71hYhVo8BgL._SL500_.jpg,,amazon
"HP Victus, AMD Ryzen 7 7445HS, 4GB RTX 2050, 16GB DDR5(Upgradable) 512GB SSD, FHD, 144Hz, 300 nits, IPS, 15.6''/39.6cm, Win11, M365* Office24, Mica Silver, 2.29kg, fb3123AX, Backlit, Gaming Laptop",HP,64990.0,Amd Ryzen 7 7445Hs,16.0,DDR5,512.0,SSD,Rtx 2050,Windows 11,15.6,1920,1080,1,https://m.media-amazon.com/images/I/71qIJPTTD3L._SL500_.jpg,,amazon
"ASUS Gaming V16 (2025) 14th Gen,Intel Core 5 210H Gaming Laptop (RTX 4050-6GB/16GB RAM/512GB SSD/Windows 11 Home/16/144Hz/M365*/Office Home 2024,Matte Black,1.95 Kg),V3607VU-RP550WS",ASUS,82490.0,Intel Core i5,16.0,DDR4,512.0,SSD,Rtx 4050,Windows 11,15.6,1920,1080,1,https://m.media-amazon.com/images/I/71hrfXUTzML._SL500_.jpg,,amazon
"HP Omen, AMD Ryzen 9 8940HX, 8GB RTX 5070, 24GB DDR5(Upgradeable) 1TB SSD, 240Hz, 2k WUXGA, 3ms, 400 nits, 16''/40.6cm, Win11, M365* Office24, Black, 2.44kg, ap0182AX, RGB, AI Gaming Laptop",HP,180990.0,Amd Ryzen 9 8940Hx,24.0,DDR5,512.0,SSD,Rtx 5070,Windows 11,15.6,3840,2160,1,https://m.media-amazon.com/images/I/71nNdnlAs2L._SL500_.jpg,,amazon
"Lenovo LOQ AMD Ryzen 5 7235HS | NVIDIA RTX 4050 6GB (16GB RAM/512GB SSD/144Hz Refresh Rate/15.6"" (39.6cm)/Windows 11/Office Home 2024/3 Mon. Game Pass/Grey/2.4Kg), 83JC00NYIN AI Gaming Laptop",Lenovo,88990.0,Amd Ryzen 5 7235Hs,16.0,DDR4,512.0,SSD,Nvidia Rtx 4050,Windows 11,15.6,3840,2160,1,https://m.media-amazon.com/images/I/71uWA12LM2L._SL500_.jpg,,amazon
"MSI Raider 18, Intel Series 2 Core Ultra 9 285HX, 46cm UHD+ 120Hz Gaming Laptop (64GB/4TB NVMe SSD/Windows 11 Home/NVIDIA GeForce RTX 5090, GDDR7 24GB/Core Black/3.6Kg) A2XWJG-253IN",MSI,499990.0,Intel Core i5,8.0,DDR4,512.0,SSD,Nvidia Geforce Rtx 5090,Windows 11,15.6,1366,768,1,https://m.media-amazon.com/images/I/71oTMGyCbhL._SL500_.jpg,,amazon
"Samsung Galaxy Book6 (Gray, 16GB RAM, 512GB SSD) | Intel Core Ultra 7 (Series 3) | 16"" WUXGA+ Display with Touchscreen | 24Hrs Battery Life | 120 Hz Refresh Rate | Dolby Atmos Stereo Speakers | AI PC",Samsung,131990.0,Intel Core Ultra 7,16.0,DDR4,512.0,SSD,Intel Iris Xe,Windows 11,15.6,1920,1080,1,https://m.media-amazon.com/images/I/71efDx+EJBL._SL500_.jpg,,amazon
"HP Omen, AMD Ryzen 9 8940HX, 8GB RTX 5060, 24GB DDR5(Upgradeable) 1TB SSD, 165Hz, 2k WUXGA, 3ms, 400 nits, 16''/40.6cm, Win11, M365* Office24, Black, 2.44kg, ap0181AX, Omen AI, RGB, AI Gaming Laptop",HP,150990.0,Amd Ryzen 9 8940Hx,24.0,DDR5,512.0,SSD,Rtx 5060,Windows 11,15.6,3840,2160,1,https://m.media-amazon.com/images/I/71+beb9IXyL._SL500_.jpg,,amazon
"Lenovo (Smartchoice) LOQ 2024, 12th Gen Intel Core i5 12450HX, RTX 3050-6GB, 16GB RAM, 512GB SSD, FHD, 15.6""/39.6cm, 144Hz, Win 11, Office 24, Grey, 2.4Kg, 83GS00LNIN, 3 Mon. Game Pass, Gaming Laptop",Lenovo,77990.0,Intel Core I5 12450Hx,16.0,DDR4,512.0,SSD,Rtx 3050,Windows 11,15.6,3840,2160,1,https://m.media-amazon.com/images/I/81xQ0Y1ZwfL._SL500_.jpg,,amazon
"Lenovo LOQ 13th Gen Intel Core i7-13650HX 15.6"" (39.6cm) 144Hz 300Nits FHD Gaming Laptop (16GB/512GB SSD/Win 11/NVIDIA RTX 4050 6GB/1Yr ADP Free/MSO 24/Grey/2.3Kg), 83DV01A5IN",Lenovo,104990.0,Intel Core I7-13650Hx,8.0,DDR4,512.0,SSD,Nvidia Rtx 4050,Windows 11,15.6,1920,1080,1,https://m.media-amazon.com/images/I/71Chav1l8DL._SL500_.jpg,,amazon
"HP Omen, Intel Core Ultra 7 255H, 8GB RTX 5060 (24GB DDR5, 1TB SSD) 165Hz, 2k WUXGA, 3ms, 400 nits, 16''/40.6cm, Win11, M365* Office24, Black, 2.42kg, an0015TX, RGB, Gaming Laptop",HP,140990.0,Intel Core Ultra 7,24.0,DDR5,512.0,SSD,Rtx 5060,Windows 11,15.6,2560,1600,1,https://m.media-amazon.com/images/I/71tjv6DBEtL._SL500_.jpg,,amazon
"MSI Katana 15, Intel 14th Gen. i7-14650HX, 40CM QHD 165Hz Gaming Laptop (16GB/512GB NVMe SSD/Windows 11 Home/NVIDIA GeForce RTX 5050, GDDR7 8GB/Black/2.4Kg) B14WEK-266IN",MSI,114990.0,Intel Core i5,8.0,DDR4,512.0,SSD,Nvidia Geforce Rtx 5050,Windows 11,15.6,3840,2160,1,https://m.media-amazon.com/images/I/51BzYoJhPkL._SL500_.jpg,,amazon
"Lenovo Legion 5 2025 AMD Ryzen 7 260 | NVIDIA RTX 5050 8GB (16GB RAM/1TB SSD/WUXGA IPS/165Hz/15(39.6cm)/Windows 11/Office 2024+AI Now/Black/2.5Kg), 83M00073IN AI Powered Gaming Laptop",Lenovo,139990.0,Amd Ryzen 7 260,16.0,DDR4,512.0,SSD,Nvidia Rtx 5050,Windows 11,15.6,1920,1080,1,https://m.media-amazon.com/images/I/81O1uCPS8lL._SL500_.jpg,,amazon
"MSI Thin A15, AMD 7th Gen. Ryzen 7 7735HS, 40CM FHD 144Hz Gaming Laptop (16GB/1TB NVMe SSD/Windows 11 Home/NVIDIA GeForce RTX 3050, GDDR6 4GB/Cosmos Gray/1.8Kg) B7UC-103IN",MSI,69990.0,Intel Core i5,8.0,DDR4,512.0,SSD,Nvidia Geforce Rtx 3050,Windows 11,15.6,1920,1080,1,https://m.media-amazon.com/images/I/71kuEUDZ-1L._SL500_.jpg,,amazon
"ASUS TUF Gaming F16,Intel Core 5 Processor 210H,14thGen Gaming Laptop(RTX 3050-6GB/65WTGP/16GB/512GB/FHD+/16""/144Hz/Windows 11/M365 Basic(1Year)*/Office 2024/Mecha Gray/2.20 Kg) FX607VJB-RL179WS",ASUS,74990.0,Intel Core i5,8.0,DDR4,512.0,SSD,Rtx 3050,Windows 11,15.6,1920,1080,1,https://m.media-amazon.com/images/I/612vvgfTg1L._SL500_.jpg,,amazon
"Lenovo LOQ 2025 Intel Core i7-14700HX| NVIDIA RTX 5060 8GB (32GB RAM/1TB SSD/144Hz Refresh Rate/572 AI TOPS/15.6"" (39.6cm)/Windows 11/Office 2024/3 Mon. Game Pass/Grey/2.4Kg), 83JE00T3IN",Lenovo,157990.0,Intel Core I7-14700Hx,32.0,DDR4,512.0,SSD,Nvidia Rtx 5060,Windows 11,15.6,3840,2160,1,https://m.media-amazon.com/images/I/81swXev7cpL._SL500_.jpg,,amazon
"Lenovo LOQ, AMD Ryzen 5 7235HS, RTX 3050-6GB, 12GB RAM, 512GB SSD, FHD, 15.6""/39.6cm, 144Hz, Windows 11, Office Home 2024, Grey, 2.4Kg, 3 Mon. Game Pass, 83JC00EEIN, Gaming Laptop",Lenovo,72990.0,Amd Ryzen 5 7235Hs,12.0,DDR4,512.0,SSD,Rtx 3050,Windows 11,15.6,3840,2160,1,https://m.media-amazon.com/images/I/61Ol4v72-NL._SL500_.jpg,,amazon
"Lenovo LOQ 2024, 12th Gen Intel Core i5 12450HX, RTX 3050-6GB, 16GB RAM, 512GB SSD, FHD, 15.6""/39.6cm, 144Hz, Windows 11, Office 2024, Grey, 2.4Kg, 83GS00PJIN, 3 Mon. Game Pass, Gaming Laptop",Lenovo,79755.0,Intel Core I5 12450Hx,16.0,DDR4,512.0,SSD,Rtx 3050,Windows 11,15.6,3840,2160,1,https://m.media-amazon.com/images/I/81tmCrtiRgL._SL500_.jpg,,amazon
"ASUS ROG Strix G16, AMD Ryzen 9 8940HX, Gaming Laptop(RTX 5060-8GB/115W TGP/16GB/1TB /2.5K QHD+/16""/240Hz/90WHrs/Windows 11/M365 Basic (1Year)*/Office Home 2024/Eclipse Gray/2.5 Kg) G614PM-S5046WS",ASUS,184990.0,Amd Ryzen 9 8940Hx,8.0,DDR4,512.0,SSD,Rtx 5060,Windows 11,15.6,1366,768,1,https://m.media-amazon.com/images/I/71rUy+DAmOL._SL500_.jpg,,amazon
"ASUS Vivobook 16X,Intel Core i7-13620H,RTX 3050-4GB,16GB RAM,512GB SSD,FHD+,16"",144Hz,M365 Basic (1Year)*,Office Home 2024,Cool Silver,1.8 Kg, K3605VC-RP492WS,Creator/Gaming Laptop",ASUS,72990.0,Intel Core I7-13620H,16.0,DDR4,512.0,SSD,Rtx 3050,Windows 11,15.6,1920,1080,1,https://m.media-amazon.com/images/I/71Y0cHsrd1L._SL500_.jpg,,amazon
"MSI Thin 15, Intel 13th Gen. Core i5-13420H, 40CM FHD 144Hz Gaming Laptop(16GB/512GB NVMe SSD/Windows 11 Home/NVIDIA GeForce RTX 3050,GDDR6 4GB/Cosmos Gray/1.86Kg), B13UC-1805IN",MSI,69900.0,Intel Core i5,8.0,DDR4,512.0,SSD,Nvidia Geforce Rtx 3050,Windows 11,15.6,1920,1080,1,https://m.media-amazon.com/images/I/71VG3azYMjL._SL500_.jpg,,amazon
"ASUS Vivobook 15, Smartchoice, AMD Ryzen 7 5825U, 16GB RAM, 512GB SSD, FHD 15.6"", Windows 11, Office Home 2024, Quiet Blue, 1.7Kg, M1502YA-BQ703WS, AMD Radeon iGPU, M365 Basic (1Year)*, 42Whr Laptop",ASUS,49990.0,Amd Ryzen 7 5825U,16.0,DDR4,512.0,SSD,Amd Radeon Igpu,Windows 11,15.6,1920,1080,1,https://m.media-amazon.com/images/I/71zMooVIVAL._SL500_.jpg,,amazon
"MSI Thin 15, Intel 13th Gen. i5-13420H, 40CM FHD 144Hz Gaming Laptop (16GB/512GB NVMe SSD/Windows 11 Home/NVIDIA GeForce RTX 3050, GDDR6 6GB/Cosmos Gray/1.8Kg) B13UDX-129IN",MSI,66990.0,Intel Core i5,8.0,DDR4,512.0,SSD,Nvidia Geforce Rtx 3050,Windows 11,15.6,1920,1080,1,https://m.media-amazon.com/images/I/51w9ar5n+UL._SL500_.jpg,,amazon
"Lenovo LOQ 2024, Intel Core i5-13450HX, 13th Gen, NVIDIA RTX 4050-6GB, 16GB RAM, 512GB SSD, FHD 144Hz, 15.6""/39.6cm, Windows 11, Office Home 2024, Grey, 2.4Kg, 83DV018JIN, 1Yr ADP Free Gaming Laptop",Lenovo,102554.0,Intel Core I5-13450Hx,16.0,DDR4,512.0,SSD,Nvidia Rtx 4050,Windows 11,15.6,3840,2160,1,https://m.media-amazon.com/images/I/815ZvsHky7L._SL500_.jpg,,amazon
"Lenovo LOQ, Intel Core i7 14th Gen 14700HX, NVIDIA RTX 5060 8GB, 16GB RAM, 1TB SSD, 15.6""(39.6cm), 144Hz, Windows 11, Office 2024, Grey, 2.4Kg, 83JE00U5IN, 572 AI Tops, 3 Mon. Game Pass Gaming Laptop",Lenovo,148990.0,Intel Core I7 14Th,16.0,DDR4,512.0,SSD,Nvidia Rtx 5060,Windows 11,15.6,3840,2160,1,https://m.media-amazon.com/images/I/81R1CVv8wtL._SL500_.jpg,,amazon
"HP Victus, AMD Ryzen 7 7445HS, 6GB RTX 4050,16GB DDR5(Upgradeable) 512GB SSD, 144Hz, IPS, 300nits, FHD, 15.6''/39.6cm, Win11, M365* Office24, Blue, 2.29kg, fb3130AX/3118AX, BL,DTS Audio, Gaming Laptop",HP,108990.0,Amd Ryzen 7 7445Hs,16.0,DDR5,512.0,SSD,Rtx 4050,Windows 11,15.6,1920,1080,1,https://m.media-amazon.com/images/I/71r7u+PdBgL._SL500_.jpg,,amazon
"acer Nitro V, AMD Ryzen 5 6600H, NVIDIA GeForce RTX 3050-6GB, 16GB DDR5, 512GB SSD, FHD IPS, 15.6""/39.6cm, 165 Hz, Win 11 Home, Obsidian Black, 2.1KG, ANV15-41, Gaming Laptop",Acer,74990.0,Amd Ryzen 5 6600H,16.0,DDR5,512.0,SSD,Nvidia Geforce Rtx 3050,Windows 11,15.6,1920,1080,1,https://m.media-amazon.com/images/I/51ViDFxb0ZL._SL500_.jpg,,amazon
"ASUS ROG Flow Z13 (Kojima Limited Edition),AMD Ryzen AI MAX+ 395,128GB RAM,1TB SSD,QHD+,13.4""(34 cm),Windows 11,M365 Basic(1Y)* Office 24,Decennium Gold,1.72 Kg,GZ302EAC-RU180WS,Creator/Gaming Laptop",ASUS,379990.0,Intel Core i5,128.0,DDR4,128.0,SSD,Intel Iris Xe,Windows 11,13.4,1366,768,1,https://m.media-amazon.com/images/I/71VNRxcvs6L._SL500_.jpg,,amazon
"Lenovo V15 G4 AMD Ryzen 5 7520U 15.6 inch FHD Laptop, AMD Graphics, 16GB DDR5 5500Mhz Ram, 512GB SSD NVMe, Windows 11, Dolby Audio, Arctic Grey, 1 Year Onsite Brand Warranty",Lenovo,52260.0,Amd Ryzen 5 7520U,16.0,DDR5,512.0,SSD,Intel Iris Xe,Windows 11,15.6,1920,1080,1,https://m.media-amazon.com/images/I/71aup0IO2ZL._SL500_.jpg,,amazon
"Alienware 16 Aurora Gaming Laptop, Intel Core 7 240H, 16GB, 1TB SSD, 16"" (40.64cm) WQXGA 300 Nits, NVIDIA RTX 4050, 6GB GDDR6, Backlit KB, Windows 11+Microsoft Office Home 2024, Indigo, 2.57kg",Mi,114990.0,Intel Core i5,8.0,DDR4,512.0,SSD,Nvidia Rtx 4050,Windows 11,15.6,1920,1080,1,https://m.media-amazon.com/images/I/81pdPogh8CL._SL500_.jpg,,amazon
"GIGABYTE AORUS Master 16 BZHC6INE64SH, Intel® Core™ Ultra 9 275HX, RTX™ 5090, 16"" OLED QHD 240Hz, DDR5 5600 16GB*2, Gen4 1TB, Gaming Laptop (Black/ 2.5 kg), Win 11Home",Mi,409990.0,Intel Core i5,8.0,DDR5,512.0,SSD,Intel Iris Xe,Windows 11,15.6,1366,768,1,https://m.media-amazon.com/images/I/61x+9KK4mML._SL500_.jpg,,amazon
"MSI Thin A15, AMD 7th Gen. Ryzen 5 7535HS, 40CM FHD 144Hz Gaming Laptop (16GB/512GB NVMe SSD/Windows 11 Home/NVIDIA GeForce RTX 2050, GDDR6 4GB/Cosmos Gray/1.8Kg) B7UCX-105IN",MSI,63990.0,Intel Core i5,8.0,DDR4,512.0,SSD,Nvidia Geforce Rtx 2050,Windows 11,15.6,1920,1080,1,https://m.media-amazon.com/images/I/51EKq6oCbrL._SL500_.jpg,,amazon
"ASUS ROG Strix G16, AMD Ryzen 9 8940HX Gaming Laptop (RTX 5070 Ti/140W TGP/16GB RAM/1TB SSD/FHD+/16""/165Hz/90WHrs/Windows 11/M365 Basic (1Year)*/Office Home 2024/Eclipse Gray/2.5 Kg) G614PR-RV032WS",ASUS,239990.0,Amd Ryzen 9 8940Hx,16.0,DDR4,512.0,SSD,Rtx 5070,Windows 11,15.6,1920,1080,1,https://m.media-amazon.com/images/I/71uagSrE+wL._SL500_.jpg,,amazon
"acer Nitro V15, Intel Core i7-13th Gen 13620H Processor, NVIDIA GeForce RTX 5060-8GB GDDR7(16GB DDR4, 512GB) IPS FHD, 15.6""/39.6cm, 165Hz, Win 11 Home, Obsidian Black, 2.1KG, ANV15-52 Gaming Laptop",Acer,125990.0,Intel Core I7-13Th,16.0,DDR4,512.0,SSD,Nvidia Geforce Rtx 5060,Windows 11,15.6,1920,1080,1,https://m.media-amazon.com/images/I/613CwNuNuWL._SL500_.jpg,,amazon
"ASUS ROG Zephyrus G16,Intel Core Ultra 9 285H Gaming Laptop(RTX 5080-16GB/120W TGP/32GB/2TB/2.5K QHD+/16""/240Hz/Windows 11/M365 Basic (1Year)*/Office Home 2024/Eclipse Gray/1.95 Kg) GU605CW-QR133WS",ASUS,359990.0,Intel Core Ultra 9,8.0,DDR4,512.0,SSD,Rtx 5080,Windows 11,15.6,1366,768,1,https://m.media-amazon.com/images/I/71ocHj2Sq6L._SL500_.jpg,,amazon
"acer Nitro V 15 Gaming Laptop 15.6"" FHD IPS 165Hz Intel 8-core i5-13420H 16GB RAM 512GB SSD GeForce RTX 5050 GDDR7 DLSS4 (Up to 440 AI Tops) Backlit Thunderbolt WiFi6 Win11 ICP Hub",Acer,109990.0,Intel Core i5,16.0,DDR4,512.0,SSD,Rtx 5050,Windows 11,15.6,1920,1080,1,https://m.media-amazon.com/images/I/71dlx3fWLsL._SL500_.jpg,,amazon
"Lenovo LOQ 12th Gen Intel Core i5-12450HX 15.6"" (39.6cm) 144Hz 300Nits FHD Gaming Laptop (16GB/512GB SSD/Win 11/NVIDIA RTX 3050A 4GB GDDR6/100% sRGB/Office 24/Luna Grey/1.77Kg), 83LK009VIN",Lenovo,75790.0,Intel Core I5-12450Hx,8.0,DDR4,512.0,SSD,Nvidia Rtx 3050A,Windows 11,15.6,1920,1080,1,https://m.media-amazon.com/images/I/41gWAmJ8q-L._SL500_.jpg,,amazon
"ASUS TUF A15 (2026),AMD Ryzen 7 170, RTX 3050-4GB, 32GB RAM (Upgradeable), 1TB SSD, FHD, 15.6""(39.6 cm), Windows 11, M365 Basic(1 Year),Office 2024,Graphite Black,2.3 Kg,FA506NCQ-HN010WS,Gaming Laptop",ASUS,90990.0,Amd Ryzen 7 170,32.0,DDR4,512.0,SSD,Rtx 3050,Windows 11,15.6,1920,1080,1,https://m.media-amazon.com/images/I/71GbMtlHOUL._SL500_.jpg,,amazon
"ASUS TUF Gaming A15, AMD Ryzen 7 7435HS, NVIDIA GeForce RTX 3050, 16GB RAM, 512GB SSD, FHD 144Hz 250 nits, 15.6"", Windows 11, MS Office, Black, 2.30KG, FA566NCR-HN254WS Gaming Laptop",ASUS,68990.0,Amd Ryzen 7 7435Hs,16.0,DDR4,512.0,SSD,Nvidia Geforce Rtx 3050,Windows 11,15.6,1920,1080,1,https://m.media-amazon.com/images/I/71ycW+AeqxL._SL500_.jpg,,amazon
"Lenovo LOQ Intel Core i7-13645HX | NVIDIA RTX 4050 6GB (16GB RAM/512GB SSD/144Hz Refresh Rate/15.6"" (39.6cm)/Windows 11/Office Home 2024/3 Mon. Game Pass/Grey/1.8Kg), 83DV01FYIN Gaming Laptop",Lenovo,104990.0,Intel Core I7-13645Hx,16.0,DDR4,512.0,SSD,Nvidia Rtx 4050,Windows 11,15.6,1920,1080,1,https://m.media-amazon.com/images/I/8107BhtbdyL._SL500_.jpg,,amazon
"HP Victus, AMD Ryzen 5 8645HS, 6GB RTX 3050 Gaming Laptop (16GB DDR5, 512GB SSD),144Hz,300 nits,IPS, 15.6''/39.6cm, FHD, Win11, Office 24, Blue, 2,29kg, Backlit Kb,HD Camera, fb3012AX",HP,79990.0,Amd Ryzen 5 8645Hs,16.0,DDR5,512.0,SSD,Rtx 3050,Windows 11,15.6,1920,1080,1,https://m.media-amazon.com/images/I/715HmseOWIL._SL500_.jpg,,amazon
"acer Nitro Lite 16,13th Gen, Intel Core i7 13620H Processor,NVIDIA GeForce RTX 3050-6 GB GDDR6,16GB/ 512 GB,16.0""/40.64 cm,165 Hz, Win 11 Home, White, 1.95 kg, NL16-71G, Backlit KB,Gaming Laptop",Acer,82800.0,Intel Core I7 13620H,8.0,DDR4,512.0,SSD,Nvidia Geforce Rtx 3050,Windows 11,16.0,1920,1080,1,https://m.media-amazon.com/images/I/81pV6W6b0ML._SL500_.jpg,,amazon
"ASUS ROG Strix G16, Intel Core Ultra 9 275HX, Gaming Laptop(RTX 5060-8GB/115W TGP/16GB/1TB /2.5K QHD+/16""/240Hz/90WHrs/Windows 11/M365 Basic (1Year)*/Office Home 2024/Eclipse Gray/) G615LM-S5128WS",ASUS,204990.0,Intel Core Ultra 9,8.0,DDR4,512.0,SSD,Rtx 5060,Windows 11,15.6,1366,768,1,https://m.media-amazon.com/images/I/71PYcEAwWgL._SL500_.jpg,,amazon
"Alienware 16 Aurora Gaming Laptop, Intel Core 7 240H Processor, 16GB DDR5, 1TB SSD, RTX 5050 8GB GDDR7, 16.0"" 2.5k, 300 nits Display, Keyboard with 101 Key Backlight, Interstellar Indigo, 2.57kg",Mi,136990.0,Intel Core i5,16.0,DDR5,512.0,SSD,Rtx 5050,Windows 11,16.0,1920,1080,1,https://m.media-amazon.com/images/I/71G0mTe23fL._SL500_.jpg,,amazon
"Lenovo Legion 9 Intel Core i9-13980HX 16"" (40.64cm) 3.2K Mini LED 1200Nits 165Hz Gaming Laptop (32GB/2TB SSD/NVIDIA RTX 4090 16GB/Black/2.5Kg), 83AG0044IN +GB700 Backpack",Lenovo,453835.0,Intel Core I9-13980Hx,8.0,DDR4,512.0,SSD,Nvidia Rtx 4090,Windows 11,15.6,2560,1600,1,https://m.media-amazon.com/images/I/71ZlJkF8CLL._SL500_.jpg,,amazon
"ASUS ROG Strix Scar16 Gaming Laptop,Intel Core Ultra 9 275HX+24GB RTX 5090,32GB,2TB SSD with Logitech G502 LS Wireless Gaming Mouse, 25000DPI Programmable and Logitech GProX Wired Gaming Headset",ASUS,373824.0,Intel Core Ultra 9,8.0,DDR4,512.0,SSD,Rtx 5090,Windows 11,15.6,1920,1080,1,https://m.media-amazon.com/images/I/51Ia9vF9WbL._SL500_.jpg,,amazon
"ASUS TUF A14 (2026),AMD Ryzen AI MAX+ 392, AMD Radeon 8060S iGPU,32GB RAM,1TB SSD, QHD+, 14""(35.5 cm),Windows 11, M365 Basic(1Y)* Office 2024,Jaeger Gray,1.48 Kg,FA401EA-RG020WS, Creator/Gaming Laptop",ASUS,199990.0,Intel Core i5,32.0,DDR4,512.0,SSD,Amd Radeon 8060S,Windows 11,15.6,1366,768,1,https://m.media-amazon.com/images/I/81OqrEm5FSL._SL500_.jpg,,amazon
"ASUS TUF A16 (2026), AMD Ryzen 7 170, RTX 4050-6GB, 16GB RAM (Upgradeable), 1TB SSD, FHD+, 16""(40 cm), Windows 11 Home, M365 Basic(1 Year)* Office 2024,Mecha Gray,2.2 Kg,FA607NUQ-RL063WS,Gaming Laptop",ASUS,108990.0,Amd Ryzen 7 170,16.0,DDR4,512.0,SSD,Rtx 4050,Windows 11,15.6,1920,1080,1,https://m.media-amazon.com/images/I/81IIM0rmiGL._SL500_.jpg,,amazon
"MSI Thin 15, Intel 12th Gen. i5-12450H, 40CM FHD 144Hz Gaming Laptop (16GB/512GB NVMe SSD/Windows 11 Home/MSO 2021/NVIDIA GeForce RTX 2050, GDDR6 4GB/Cosmos Gray/1.86Kg) B12UCX-2471IN",MSI,65115.0,Intel Core i5,8.0,DDR4,512.0,SSD,Nvidia Geforce Rtx 2050,Windows 11,15.6,1920,1080,1,https://m.media-amazon.com/images/I/71VG3azYMjL._SL500_.jpg,,amazon
"ASUS TUF Gaming A15, AMD Ryzen 7 7435HS, NVIDIA GeForce RTX 3050, 16GB RAM, 1TB SSD, FHD 144Hz 250 nits, 15.6"", Windows 11, Black, 2.30KG, FA566NCR-HN117W Gaming Laptop",ASUS,72990.0,Amd Ryzen 7 7435Hs,16.0,DDR4,512.0,SSD,Nvidia Geforce Rtx 3050,Windows 11,15.6,1920,1080,1,https://m.media-amazon.com/images/I/81l-Q1BiWyL._SL500_.jpg,,amazon
"HP Victus, 13th Gen Intel Core i5-13420H, 6GB RTX 3050, 16GB DDR4, 512GB SSD, FHD, 144Hz, 300 nits, IPS, 15.6''/39.6cm, Windows 11 Home, Office24, Blue, 2.29kg, fa2196TX, Gaming Laptop",HP,76900.0,Intel Core I5-13420H,16.0,DDR4,512.0,SSD,Rtx 3050,Windows 11,15.6,1920,1080,1,https://m.media-amazon.com/images/I/61j-1aJgDDL._SL500_.jpg,,amazon
"Lenovo Legion Pro 5 2025 Intel Core i7-14650HX| NVIDIA RTX 5060 8GB (32GB RAM/1TB SSD/WQXGA IPS/240Hz/16(40.64cm)/Windows 11/Office 2024+AI Now/Black/2.4Kg), 83NN0046IN AI Powered Gaming Laptop",Lenovo,192490.0,Intel Core I7-14650Hx,32.0,DDR4,512.0,SSD,Nvidia Rtx 5060,Windows 11,15.6,3840,2160,1,https://m.media-amazon.com/images/I/81qULFZkHvL._SL500_.jpg,,amazon
"ASUS ROG Zephyrus G14,AMD Ryzen AI 9 HX 370 Gaming Laptop(RTX 5070 Ti -12GB/110W TGP/32GB/2TB/3K OLED/14/120Hz/Windows 11/M365 Basic (1Year)*/Office Home 2024/Eclipse Gray/1.57 Kg) GA403WR-QS123WS",ASUS,279990.0,Intel Core i5,8.0,DDR4,512.0,SSD,Rtx 5070,Windows 11,15.6,1920,1080,1,https://m.media-amazon.com/images/I/71uPoxSrtQL._SL500_.jpg,,amazon
"acer Nitro V 16S, Intel Core 5-210H Processor, NVIDIA GeForce RTX 5050-8GB GDDR7, 16GB DDR5, 512GB, FHD IPS, 16""/40.6cm, 180Hz, Win 11, Obsidian Black, 2.1KG, ANV16S-71, RGB KB, Gaming Laptop",Acer,104990.0,Intel Core i5,16.0,DDR5,512.0,SSD,Nvidia Geforce Rtx 5050,Windows 11,15.6,1920,1080,1,https://m.media-amazon.com/images/I/71RLJXgP5zL._SL500_.jpg,,amazon
"Lenovo IdeaPad Slim 3, AMD Ryzen 7 8840HS, 24GB RAM, 1TB SSD, WUXGA IPS, AI PC, 15.3""/38.8cm, Backlit Keyboard, Windows 11, Office Home 2024, Grey, 1.6Kg, 1Yr ADP Free, 83KA004TIN, AI Powered Laptop",Lenovo,77490.0,Amd Ryzen 7 8840Hs,24.0,DDR4,512.0,SSD,Intel Iris Xe,Windows 11,15.3,1920,1080,1,https://m.media-amazon.com/images/I/81qhEwftqEL._SL500_.jpg,,amazon
"Acer ALG, 13th Gen Intel Core i5-13420H, NVIDIA GeForce RTX 3050-6GB DDR6, 16GB RAM, 512GB SSD, FHD 15.6""/39.62 cm, 144Hz, Windows 11 Home, Steel Gray, 1.99 KG, AL15G-53,Gaming Laptop",Acer,78800.0,Intel Core I5-13420H,16.0,DDR4,512.0,SSD,Nvidia Geforce Rtx 3050,Windows 11,15.6,1920,1080,1,https://m.media-amazon.com/images/I/81G1L3nptrL._SL500_.jpg,,amazon
"Lenovo LOQ 2025, AMD Ryzen 7-250, RTX 5050-8GB, 24GB RAM, 1TB SSD, 440 AI Tops, FHD, 15.6""/39.6cm, 144Hz, Windows 11, Office 2024, Grey, 2.4Kg, 3 Mon. Game Pass, 83JG008NIN, AI Gaming Laptop",Lenovo,126500.0,Intel Core i5,24.0,DDR4,512.0,SSD,Rtx 5050,Windows 11,15.6,3840,2160,1,https://m.media-amazon.com/images/I/813jrBDb2DL._SL500_.jpg,,amazon
"HP Victus, 14th Gen Intel Core i5-14450HX, 6GB RTX 3050, 24GB DDR5, 512GB SSD, FHD, 144Hz, IPS, 300 nits, 15.6''/39.6cm, Win11, M365* Office24, Mica Silver, 2.3kg, fa2303tx, RGB Gaming Laptop",HP,86833.0,Intel Core I5-14450Hx,24.0,DDR5,512.0,SSD,Rtx 3050,Windows 11,15.6,1920,1080,1,https://m.media-amazon.com/images/I/71KML--Vz9L._SL500_.jpg,,amazon
"MSI Stealth 14 AI Studio, Intel Core Ultra 7 155H, Built-in AI,36CM 2.8K OLED 120Hz Gaming Laptop(32GB/1TB NVMe SSD/Windows 11 Home/NVIDIA GeForce RTX 4070, GDDR6 8GB /Star Blue/1.7Kg), A1VGG-054IN",MSI,201990.0,Intel Core Ultra 7,8.0,DDR4,512.0,SSD,Nvidia Geforce Rtx 4070,Windows 11,15.6,2880,1800,1,https://m.media-amazon.com/images/I/71dqm5Rec7L._SL500_.jpg,,amazon
"Lenovo LOQ Intel Core i7-13620H 15.6"" (39.6cm) FHD IPS 144Hz 350Nits Gaming Laptop (16GB/512GB SSD/Win 11/NVIDIA RTX 4060 8GB/3 Month Game Pass/Office 2021/Storm Grey/2.4Kg), 82XV00BRIN",Lenovo,124990.0,Intel Core I7-13620H,8.0,DDR4,512.0,SSD,Nvidia Rtx 4060,Windows 11,15.6,3840,2160,1,https://m.media-amazon.com/images/I/81f7dTXcl4L._SL500_.jpg,,amazon
"Lenovo LOQ Essential AMD Ryzen 7 7735HS | NVIDIA RTX 3050 6GB (16GB RAM/512GB SSD/144Hz Refresh Rate/15.6"" (39.6cm)/Windows 11/Office Home 2024/3 Mon. Game Pass/Grey/1.8Kg), 83S0009SIN Gaming Laptop",Lenovo,99061.0,Amd Ryzen 7 7735Hs,16.0,DDR4,512.0,SSD,Nvidia Rtx 3050,Windows 11,15.6,1920,1080,1,https://m.media-amazon.com/images/I/71uIKhayZPL._SL500_.jpg,,amazon
"acer AspireGo14, Intel Core Ultra5 125H AI Processor,Office 2024 + M365 Basic, 16 GB RAM, 512 GB SSD, WUXGA IPS, 14.0""/35.56 cm, Win 11 Home, Steel Gray, 1.5 kg, AG14-71M, Backlit KB, Premium Laptop",Acer,58490.0,Intel Core Ultra5,16.0,DDR4,512.0,SSD,Intel Iris Xe,Windows 11,14.0,1920,1080,1,https://m.media-amazon.com/images/I/71JI131B9SL._SL500_.jpg,,amazon
"MSI Thin 15, Intel 12th Gen. Core i5-12450H, 40CM FHD 144Hz Gaming Laptop(16GB/512GB NVMe SSD/Windows 11 Home/NVIDIA GeForce RTX 2050,GDDR 4GB /Cosmos Gray/1.86Kg), B12UCX-1695IN",MSI,68900.0,Intel Core i5,8.0,DDR4,512.0,SSD,Nvidia Geforce Rtx 2050,Windows 11,15.6,1920,1080,1,https://m.media-amazon.com/images/I/71VG3azYMjL._SL500_.jpg,,amazon
"Lenovo Legion 5 2025 Intel Core i7-13650HX | NVIDIA RTX 5050 8GB (16GB RAM/512GB SSD/WUXGA IPS/165Hz/15.3"" (38.8cm)/Windows 11/Office 2024+AI Now/Black/2.1Kg), 83LY00NDIN AI Powered Gaming Laptop",Lenovo,148990.0,Intel Core I7-13650Hx,16.0,DDR4,512.0,SSD,Nvidia Rtx 5050,Windows 11,15.3,1920,1080,1,https://m.media-amazon.com/images/I/81z2cp243hL._SL500_.jpg,,amazon
"ASUS Vivobook Go 14, AMD Ryzen 5 7520U, 16GB RAM, 512GB SSD, FHD 14"", Windows 11, Office Home 2024, M365 Basic (1Year)*, Black, 1.38kg, E1404FA-EB2542WS, AMD Radeon iGPU, 42WHrs, Thin & Light Laptop",ASUS,55990.0,Amd Ryzen 5 7520U,16.0,DDR4,512.0,SSD,Amd Radeon Igpu,Windows 11,15.6,1920,1080,1,https://m.media-amazon.com/images/I/71AfM5k3J4L._SL500_.jpg,,amazon
"NIAKUN Gaming Laptop,Ryzen 7 5700U 8C/16T Processor,15.6 Inch Laptop Computer,AMD (up to 4.3Ghz),16GB RAM 1TB SSD,AMD Radeon Graphics,15.6” FHD 1920 * 1080 Display,WiFi 5,BT5.0,Backlit Keyboard",Mi,109867.0,Intel Core i5,16.0,DDR4,512.0,SSD,Amd Radeon Graphics,Windows 11,15.6,1920,1080,1,https://m.media-amazon.com/images/I/711r3RNmNoL._SL500_.jpg,,amazon
"ASUS ROG Strix G16,Intel Core Ultra 9 275HX Gaming Laptop(NVIDIA RTX 5080-16GB/175W TGP/32GB/1TB/FHD+/16""/165Hz/Windows 11/M365 Basic (1Year)*/Office Home 2024/Eclipse Gray/2.65 Kg) G615LW-RV148WS",ASUS,329990.0,Intel Core Ultra 9,8.0,DDR4,512.0,SSD,Nvidia Rtx 5080,Windows 11,15.6,1920,1080,1,https://m.media-amazon.com/images/I/81DG4kEeiIL._SL500_.jpg,,amazon
"Lenovo LOQ 2025 AMD Ryzen 7 250| NVIDIA RTX 5050 8GB (16GB RAM/1TB SSD/144Hz Refresh Rate/440 AI TOPS/15.6"" (39.6cm)/Windows 11/Office 2024/3 Mon. Game Pass/Grey/2.4Kg), 83JG008KIN",Lenovo,124990.0,Amd Ryzen 7 250,16.0,DDR4,512.0,SSD,Nvidia Rtx 5050,Windows 11,15.6,3840,2160,1,https://m.media-amazon.com/images/I/81FIxhWGWOL._SL500_.jpg,,amazon
"Lenovo LOQ Intel Core i7-13650HX 15.6"" (39.6cm) 144Hz 300Nits FHD Gaming Laptop (16GB/512GB SSD/Win 11/NVIDIA RTX 3050 6GB Graphics/100% sRGB/Office 24/1Yr ADP Free/Grey/2.4Kg), 83DV018PIN",Lenovo,99761.0,Intel Core I7-13650Hx,8.0,DDR4,512.0,SSD,Nvidia Rtx 3050,Windows 11,15.6,3840,2160,1,https://m.media-amazon.com/images/I/817OmCfodvL._SL500_.jpg,,amazon
"ASUS ROG Flow Z13 (2025), AMD Ryzen AI MAX+ 395,AMD Radeon iGPU, 32GB/1TB, 2.5K QHD+,Touchscreen, 13.4"", 34 cm,Windows 11, M365 Basic(1yr)* Office24, Off Black, 1.59 Kg, GZ302EA-RU520WS, Gaming Laptop",ASUS,249990.0,Intel Core i5,8.0,DDR4,512.0,SSD,Amd Radeon Igpu,Windows 11,13.4,1366,768,1,https://m.media-amazon.com/images/I/615VSi-JX7L._SL500_.jpg,,amazon
"MSI Katana 15, Intel 14th Gen. i7-14650HX, 40cm QHD 165Hz Gaming Laptop (16GB/1TB NVMe SSD/Windows 11 Home/NVIDIA GeForce RTX 5070, GDDR7 8GB/Black/2.4Kg) B14WGK-256IN",MSI,169990.0,Intel Core i5,8.0,DDR4,512.0,SSD,Nvidia Geforce Rtx 5070,Windows 11,15.6,3840,2160,1,https://m.media-amazon.com/images/I/51A5XFhflQL._SL500_.jpg,,amazon
"Lenovo Legion 5 2025 Intel Core i7-13650HX | NVIDIA RTX 5050 8GB (16GB RAM/512GB SSD/WUXGA IPS/165Hz/15.3"" (38.8cm)/Windows 11/Office 2024+AI Now/Black/2.1Kg), 83LY00SUIN AI Powered Gaming Laptop",Lenovo,148990.0,Intel Core I7-13650Hx,16.0,DDR4,512.0,SSD,Nvidia Rtx 5050,Windows 11,15.3,1920,1080,1,https://m.media-amazon.com/images/I/81txuYXyrAL._SL500_.jpg,,amazon
"ASUS TUF F16,14th Gen,Intel Core i7 14650HX,Gaming Laptop(RTX 5070-8GB/115W TGP/32GB/1TB /2.5K QHD+/16""/165Hz/90WHrs/Windows 11/M365 Basic (1Year)*/Office Home 2024/Jaeger Gray/2.2 Kg)FX688JPR-QT043WS",ASUS,199990.0,Intel Core I7 14650Hx,8.0,DDR4,512.0,SSD,Rtx 5070,Windows 11,15.6,1366,768,1,https://m.media-amazon.com/images/I/81atbNHvlaL._SL500_.jpg,,amazon
"ASUS TUF Gaming A15, AMD Ryzen 7 7435HS, NVIDIA GeForce RTX 3050, 16GB RAM, 512GB SSD, FHD 144Hz 250 nits, 15.6"", Windows 11, MS Office, Black, 2.30KG, FA506NCR-HN075WS Gaming Laptop",ASUS,68990.0,Amd Ryzen 7 7435Hs,16.0,DDR4,512.0,SSD,Nvidia Geforce Rtx 3050,Windows 11,15.6,1920,1080,1,https://m.media-amazon.com/images/I/71UEoJcmA7L._SL500_.jpg,,amazon
"Lenovo Legion Pro 5 2025 Intel Core Ultra 9 275HX | NVIDIA RTX 5070 8GB (32GB RAM/1TB SSD/WQXGA OLED/165Hz/16 (40.6cm)/Windows 11/Office 2024+AI Now/Black/2.4Kg), 83F3007BIN AI Powered Gaming Laptop",Lenovo,228490.0,Intel Core Ultra 9,32.0,DDR4,512.0,SSD,Nvidia Rtx 5070,Windows 11,15.6,3840,2160,1,https://m.media-amazon.com/images/I/71KGXzD3sdL._SL500_.jpg,,amazon
"Omen 16 Max, AMD Ryzen AI 9 HX 375, 12GB RTX 5070 Ti, 32GB DDR5, 1TB SSD, 2K(1920 x 1200),165Hz, 400 nits,3ms, IPS, 16''/40.6cm, Win11, M365*Office24, Shadow Black, 2.71kg, ak0070ax, RGB Gaming Laptop",Mi,257990.0,Intel Core i5,32.0,DDR5,512.0,SSD,Rtx 5070,Windows 11,15.6,2560,1600,1,https://m.media-amazon.com/images/I/61yqt551O9L._SL500_.jpg,,amazon
"MSI Cyborg 15 AI, Intel Core Ultra 5 125H, Built-in AI, 40CM Gaming Laptop(16GB/1TB NVMe SSD/Windows 11 Home/NVIDIA GeForce RTX 4050, GDDR6 6GB/Translucent Black/1.9Kg), A1VEK-051IN",MSI,96990.0,Intel Core Ultra 5,8.0,DDR4,512.0,SSD,Nvidia Geforce Rtx 4050,Windows 11,15.6,1920,1080,1,https://m.media-amazon.com/images/I/71K5-xtYmaL._SL500_.jpg,,amazon
"Acer ALG, 13th Gen, Intel Core i7 13620H, NVIDIA GeForce RTX 3050-6GB, 16GB RAM, 512GB SSD, FHD 15.6""/39.62 cm, 144Hz, Windows 11 Home, Steel Gray, 1.99 KG, AL15G-53, Premium Metal Body Gaming Laptop",Acer,71990.0,Intel Core I7 13620H,16.0,DDR4,512.0,SSD,Nvidia Geforce Rtx 3050,Windows 11,15.6,1920,1080,1,https://m.media-amazon.com/images/I/81sAOthl+7L._SL500_.jpg,,amazon
"MSI Thin 15, Intel 13th Gen. i5-13420H, 40CM FHD 144Hz Gaming Laptop (16GB/1TB NVMe SSD/Windows 11 Home/NVIDIA RTX 3050, GDDR6 6GB/Cosmos Gray/1.86Kg) B13UDX-3090IN",MSI,79990.0,Intel Core i5,8.0,DDR4,512.0,SSD,Nvidia Rtx 3050,Windows 11,15.6,1920,1080,1,https://m.media-amazon.com/images/I/71VG3azYMjL._SL500_.jpg,,amazon
"Lenovo Legion Pro 7 2025 Intel Core Ultra 9 275HX | NVIDIA RTX 5080 16GB (32GB RAM/1TB SSD/WQXGA OLED/240Hz/16 (40.6cm)/Windows 11/Office 2024+AI Now/Black/2.5Kg), 83F500D9IN AI Powered Gaming Laptop",Lenovo,365990.0,Intel Core Ultra 9,32.0,DDR4,512.0,SSD,Nvidia Rtx 5080,Windows 11,15.6,1920,1080,1,https://m.media-amazon.com/images/I/81vKJm5dS3L._SL500_.jpg,,amazon
"HP Smartchoice Victus, AMD Ryzen 7 7445HS 4GB NVIDIA GeForce RTX 2050 - (16 GB/512 GB SSD/Windows 11 Home) FHD,144Hz, 300 nits,15.6'', M365* Office24, Blue, 2.29kg,15-fb3122AX/23ax Gaming Laptop",HP,69499.0,Amd Ryzen 7 7445Hs,8.0,DDR4,512.0,SSD,Nvidia Geforce Rtx 2050,Windows 11,15.6,1920,1080,1,https://m.media-amazon.com/images/I/71j5dTzty-L._SL500_.jpg,,amazon
"Lenovo Smartchoice LOQ, Intel Core i5-12450HX, 12th Gen, RTX 3050-6GB, 16GB RAM, 512GB SSD, FHD 144Hz 300Nits, 15.6""/39.6cm, Windows 11, MS Office 21, Grey, 2.4Kg, 83GS003UIN, Gaming Laptop",Lenovo,82990.0,Intel Core I5-12450Hx,16.0,DDR4,512.0,SSD,Rtx 3050,Windows 11,15.6,3840,2160,1,https://m.media-amazon.com/images/I/81tmCrtiRgL._SL500_.jpg,,amazon
"Lenovo Legion Pro 5 2025 AMD Ryzen 9 9955HX | NVIDIA RTX 5060 8GB (32GB RAM/1TB SSD/WQXGA OLED/165Hz/16 (40.6cm)/Windows 11/Office 2024+AI Now/Black/2.3Kg), 83F20037IN AI Powered Gaming Laptop",Lenovo,225490.0,Amd Ryzen 9 9955Hx,32.0,DDR4,512.0,SSD,Nvidia Rtx 5060,Windows 11,15.6,1920,1080,1,https://m.media-amazon.com/images/I/81vHcoVw4EL._SL500_.jpg,,amazon
"HP Victus, AMD Ryzen 5 5600H, NVIDIA RTX 3050 Gaming Laptop (16GB DDR4, 512GB SSD) 144Hz, IPS, 15.6""/39.6cm, FHD, Win 11, Office 21, Blue, 2.37kg, Enhanced Cooling, Backlit KB, fb0106AX/Fb0112AX",HP,79999.0,Amd Ryzen 5 5600H,16.0,DDR4,512.0,SSD,Nvidia Rtx 3050,Windows 11,15.6,1920,1080,1,https://m.media-amazon.com/images/I/71J2F-6lIPL._SL500_.jpg,,amazon
HP Victus 15.6 inch FHD 144Hz Gaming Laptop Intel Core i5-13420H NVIDIA GeForce RTX 4050 6GB - 16GB DDR4 512GB SSD Mica Silver (2024),HP,98900.0,Intel Core I5-13420H,16.0,DDR4,512.0,SSD,Nvidia Geforce Rtx 4050,Windows 11,15.6,1920,1080,1,https://m.media-amazon.com/images/I/81obPsMhewL._SL500_.jpg,,amazon
"Lenovo Ideapad Slim 3 13Th Gen Intel Core I5-13420H 15.3""(38.8Cm) WUXGA IPS Laptop(16GB RAM/512GB SSD/Windows 11/Office Home 2024/Backlit Keyboard/1Yr ADP Free/3 Mon. Game Pass/Grey/1.6Kg) 83K100C6IN",Lenovo,62990.0,Intel Core I5-13420H,16.0,DDR4,512.0,SSD,Intel Iris Xe,Windows 11,15.3,1920,1080,1,https://m.media-amazon.com/images/I/71D9HSayVSL._SL500_.jpg,,amazon
"MSI Katana 15, Intel 13th Gen. i7-13620H, 40CM FHD 144Hz Gaming Laptop (16GB/1TB NVMe SSD/Windows 11 Home/NVIDIA GeForce RTX 4050, GDDR6 6GB/Black/2.5Kg) B13VEK-2432IN",MSI,109990.0,Intel Core i5,8.0,DDR4,512.0,SSD,Nvidia Geforce Rtx 4050,Windows 11,15.6,1920,1080,1,https://m.media-amazon.com/images/I/51dRGelADgL._SL500_.jpg,,amazon
"MSI Stealth 16 Mercedes-AMG Motorsport,Intel Core Ultra 9 185H,41CM QHD+ OLED,240hz Gaming Laptop(32GB/2TB NVMe SSD/Windows 11 Home/GeForce RTX 4070,GDDR6 8GB/Selenite Gray/1.99Kg),A1VGG-295IN",MSI,249990.0,Intel Core Ultra 9,8.0,DDR4,512.0,SSD,Rtx 4070,Windows 11,15.6,1366,768,1,https://m.media-amazon.com/images/I/81DsttpypRL._SL500_.jpg,,amazon
"MSI Thin 15, Intel 13th Gen. i5-13420H, 40CM FHD 144Hz Gaming Laptop (16GB/1TB NVMe SSD/Windows 11 Home/NVIDIA GeForce RTX 3050, GDDR6 6GB/Cosmos Gray/1.86Kg) B13UDX-128IN",MSI,78900.0,Intel Core i5,8.0,DDR4,512.0,SSD,Nvidia Geforce Rtx 3050,Windows 11,15.6,1920,1080,1,https://m.media-amazon.com/images/I/71VG3azYMjL._SL500_.jpg,,amazon
"ASUS TUF F16, 14th Gen, Smartchoice,Intel Core i7 14650HX, Gaming Laptop(RTX 5060-8GB/16GB/1TB /FHD+/16""/165Hz/90WHrs/Windows 11ASUS 2 Year Brand Warranty Extension",ASUS,170269.0,Intel Core I7 14650Hx,8.0,DDR4,512.0,SSD,Rtx 5060,Windows 11,15.6,1920,1080,1,https://m.media-amazon.com/images/I/51pZK-tC4kL._SL500_.jpg,,amazon
"MSI Katana A17 AI, AMD 8th Gen. Ryzen 9 8945HS,Built-in AI, 44CM Laptop(16GB/1TB NVMe SSD/Windows 11 Home/Nvidia GeForce RTX4050, 6GB GDDR6/Black/2.6Kg), B8VE-884IN",MSI,113391.0,Intel Core i5,8.0,DDR4,512.0,SSD,Intel Iris Xe,Windows 11,15.6,1920,1080,1,https://m.media-amazon.com/images/I/71RgcZjmLBL._SL500_.jpg,,amazon
"Lenovo LOQ 2025 Intel Core i7-14700HX| NVIDIA RTX 5050 8GB (16GB RAM/1TB SSD/144Hz Refresh Rate/440 AI TOPS/15.6"" (39.6cm)/Windows 11/Office 2024/3 Mon.Game Pass/Grey/2.4Kg), 83JE00P6IN",Lenovo,137490.0,Intel Core I7-14700Hx,16.0,DDR4,512.0,SSD,Nvidia Rtx 5050,Windows 11,15.6,3840,2160,1,https://m.media-amazon.com/images/I/81gVZXYLDZL._SL500_.jpg,,amazon
"acer Nitro Lite 16, 13th Gen, Intel Core i5-13420H Processor,NVIDIA GeForce RTX 4050-6 GB GDDR6, 16GB/ 512 GB, 16.0""/40.64 cm, 165 Hz, Win 11 Home, White, 1.95 kg, NL16-71G, Backlit KB,Gaming Laptop",Acer,88500.0,Intel Core I5-13420H,8.0,DDR4,512.0,SSD,Nvidia Geforce Rtx 4050,Windows 11,16.0,1920,1080,1,https://m.media-amazon.com/images/I/81ShI4duOGL._SL500_.jpg,,amazon
"MSI Thin 15, Intel 12th Gen. i7-12650H, 40CM FHD 144Hz Gaming Laptop (16GB/1TB NVMe SSD/Windows 11 Home/Office 2021/NVIDIA GeForce RTX 3050, GDDR6 4GB/Cosmos Gray/1.86Kg) B12UC-2239IN",MSI,82990.0,Intel Core i5,8.0,DDR4,512.0,SSD,Nvidia Geforce Rtx 3050,Windows 11,15.6,1920,1080,1,https://m.media-amazon.com/images/I/71Ie8YsWrFL._SL500_.jpg,,amazon
"acer Aspire Lite, AMD Ryzen 7 7730U, Office 2024 + M365 Basic, 16 GB RAM, 512 GB SSD, Full HD IPS,15.6""/39.62 cm, Windows 11 Home, Steel Grey, 1.59 KG, AL15-41, Thin and Light Laptop",Acer,52990.0,Amd Ryzen 7 7730U,16.0,DDR4,512.0,SSD,Intel Iris Xe,Windows 11,15.6,1920,1080,1,https://m.media-amazon.com/images/I/712x87tz2yL._SL500_.jpg,,amazon
"Lenovo LOQ Essential AMD Ryzen 7 170 | NVIDIA RTX 3050 6GB (16GB RAM/512GB SSD/144Hz Refresh Rate/15.6"" (39.6cm)/Windows 11/Office Home 2024/3 Mon. Game Pass/Grey/1.8Kg), 83S000CRIN Gaming Laptop",Lenovo,100060.0,Amd Ryzen 7 170,16.0,DDR4,512.0,SSD,Nvidia Rtx 3050,Windows 11,15.6,1920,1080,1,https://m.media-amazon.com/images/I/81Xbk+qRp2L._SL500_.jpg,,amazon
"Lenovo Legion Pro 5 2025 AMD Ryzen 9 9955HX | NVIDIA RTX 5070 8GB (32GB RAM/1TB SSD/WQXGA OLED/165Hz/16 (40.6cm)/Windows 11/Office 2024+AI Now/Black/2.3Kg), 83F20036IN AI Powered Gaming Laptop",Lenovo,255490.0,Amd Ryzen 9 9955Hx,32.0,DDR4,512.0,SSD,Nvidia Rtx 5070,Windows 11,15.6,1920,1080,1,https://m.media-amazon.com/images/I/81UUrkjhDXL._SL500_.jpg,,amazon
"Lenovo Smartchoice LOQ AMD Ryzen 7 7435HS, NVIDIA RTX 4050-6GB, 24GB RAM, 512GB SSD, 15.6""/39.6cm, Windows 11, MS Office Home 2024, Grey, 2.4Kg, 83JC00EGIN, 100% sRGB, 3 Mon. Game Pass Gaming Laptop",Lenovo,169990.0,Amd Ryzen 7 7435Hs,24.0,DDR4,512.0,SSD,Nvidia Rtx 4050,Windows 11,15.6,3840,2160,1,https://m.media-amazon.com/images/I/712JQRn52rL._SL500_.jpg,,amazon
"Dell Alienware X17 R1 Gaming Laptop, Intel Core i9-11980HK, 32Gb, 1TB SSD, 17.3"" (43.94 Cms) FHD1ms 360Hz, NVIDIA RTX 3080 (16GB GDDR6). Windows 11 + MSO'21, Lunar Light (D569936WIN9, 3.02Kgs)",Dell,299999.0,Intel Core I9-11980Hk,8.0,DDR4,512.0,SSD,Nvidia Rtx 3080,Windows 11,17.3,2560,1600,1,https://m.media-amazon.com/images/I/61ZbmBmQbqL._SL500_.jpg,,amazon
"Lenovo LOQ Gaming Laptop, 15.6"" FHD (1920 x 1080), AMD Ryzen 7 250, NVIDIA GeForce RTX 5060, 64GB DDR5 RAM, 1TB PCIe M.2 SSD, Bundle with Laptop Cooler BDL, Wi-Fi 6, Windows 11 Home, Grey",Lenovo,299990.0,Amd Ryzen 7 250,64.0,DDR5,512.0,SSD,Nvidia Geforce Rtx 5060,Windows 11,15.6,1920,1080,1,https://m.media-amazon.com/images/I/71gQ18iLajL._SL500_.jpg,,amazon
"MSI Katana A15 AI, AMD 8th Gen. Ryzen 7 8840HS,Built-in AI, 40CM FHD 144Hz Gaming Laptop (16GB/512GB NVMe SSD/Windows 11 Home/MSO 2021/NVIDIA GeForce RTX 4050, GDDR6 6GB/Black/2.25Kg) B8VE-481IN",MSI,104990.0,Intel Core i5,8.0,DDR4,512.0,SSD,Nvidia Geforce Rtx 4050,Windows 11,15.6,1920,1080,1,https://m.media-amazon.com/images/I/51V8LNM2uLL._SL500_.jpg,,amazon
"MSI Thin 15, Intel 13th Gen. Core i7-13620H, 40CM FHD 144Hz Gaming Laptop(16GB/512GB NVMe SSD/Windows 11 Home/NVIDIA GeForce RTX 2050,GDDR6 4GB /Cosmos Gray/1.86Kg), B13UCX-1806IN",MSI,81900.0,Intel Core i5,8.0,DDR4,512.0,SSD,Nvidia Geforce Rtx 2050,Windows 11,15.6,1920,1080,1,https://m.media-amazon.com/images/I/71W7yVCqsWL._SL500_.jpg,,amazon
"ASUS Vivobook 16X, 16"" FHD+ (1920 x 1200), Intel Core i5-13420H, (16GB RAM/512GB SSD/RTX 3050/Windows 11/M365 Basic (1Year)*/Office Home 2024/Cool Silver/1.80 kg), K3605VC-RP413WS",ASUS,70900.0,Intel Core I5-13420H,16.0,DDR4,512.0,SSD,Rtx 3050,Windows 11,15.6,1920,1080,1,https://m.media-amazon.com/images/I/7177n83vOwL._SL500_.jpg,,amazon
"Acer Nitro V, 13th Gen, Intel Core i5- 13420H processor, NVIDIA GeForce RTX 4050-6 GB GDDR6(16GB DDR5/512GB)IPS FHD, 15.6""/39.62cm, 165 Hz, Win 11 Home,Obsidian black, 2.113 kg, ANV15-51,Gaming Laptop",Acer,89990.0,Intel Core i5,16.0,DDR5,512.0,SSD,Nvidia Geforce Rtx 4050,Windows 11,15.6,1920,1080,1,https://m.media-amazon.com/images/I/51GGNToj7aL._SL500_.jpg,,amazon
"Acer ALG, Intel Core i5-12th Gen 12450H Processor, NVIDIA GeForce RTX 2050-4GB GDDR6(8GB/512GB) FHD, 15.6""/39.62cm, 60Hz, Win 11 Home, Steel Gray, 1.99kg, AL15G- 52, Metal Gaming Laptop",Acer,66990.0,Intel Core I5-12Th,8.0,DDR4,512.0,SSD,Nvidia Geforce Rtx 2050,Windows 11,15.6,1920,1080,1,https://m.media-amazon.com/images/I/816LgkvauVL._SL500_.jpg,,amazon
"MSI Katana 15, Intel 14th Gen. i7-14650HX, 40CM QHD 165Hz Gaming Laptop (16GB/512GB NVMe SSD/Windows 11 Home/NVIDIA GeForce RTX 5050, GDDR6 6GB/Black/2.4Kg) B14WFK-103IN",MSI,134990.0,Intel Core i5,8.0,DDR4,512.0,SSD,Nvidia Geforce Rtx 5050,Windows 11,15.6,3840,2160,1,https://m.media-amazon.com/images/I/51BzYoJhPkL._SL500_.jpg,,amazon
"Lenovo LOQ AMD Ryzen 5 7235HS| NVIDIA RTX 3050 6GB (24GB RAM/512GB SSD/144Hz Refresh Rate/15.6"" (39.6cm)/Windows 11/Office Home 2024/3 Mon. Game Pass/Grey/2.4Kg), 83JC00K1IN AI Gaming Laptop",Lenovo,81900.0,Amd Ryzen 5 7235Hs,24.0,DDR4,512.0,SSD,Nvidia Rtx 3050,Windows 11,15.6,3840,2160,1,https://m.media-amazon.com/images/I/61Ol4v72-NL._SL500_.jpg,,amazon
"Lenovo LOQ Essential AMD Ryzen 7 170 | NVIDIA RTX 4050 6GB (16GB RAM/512GB SSD/144Hz Refresh Rate/15.6"" (39.6cm)/Windows 11/Office Home 2024/3 Mon. Game Pass/Grey/1.8Kg), 83S000CPIN Gaming Laptop",Lenovo,94990.0,Amd Ryzen 7 170,16.0,DDR4,512.0,SSD,Nvidia Rtx 4050,Windows 11,15.6,1920,1080,1,https://m.media-amazon.com/images/I/81t8-5NQHYL._SL500_.jpg,,amazon
"MSI Katana 15, Intel 13th Gen. i7-13620H, 40CM FHD 144Hz Gaming Laptop (16GB/1TB NVMe SSD/Windows 11 Home/MSO 2021/NVIDIA GeForce RTX 4050, GDDR6 6GB/Black/2.25Kg) B13VEK-2220IN",MSI,102990.0,Intel Core i5,8.0,DDR4,512.0,SSD,Nvidia Geforce Rtx 4050,Windows 11,15.6,1920,1080,1,https://m.media-amazon.com/images/I/71N+bIMPprL._SL500_.jpg,,amazon
"MSI Cyborg 15, Intel Series 2 Core 5 210H, 40cm FHD 144Hz Gaming Laptop (16GB/512GB NVMe SSD/Windows 11 Home/NVIDIA GeForce RTX 5050, GDDR7 8GB/Translucent Black/2.1Kg) B2RWEKG-217IN",MSI,99990.0,Intel Core i5,8.0,DDR4,512.0,SSD,Nvidia Geforce Rtx 5050,Windows 11,15.6,1920,1080,1,https://m.media-amazon.com/images/I/51jHRgXEaPL._SL500_.jpg,,amazon
"MSI Thin 15, Intel 12th Gen. i7-12650H, 40CM FHD 144Hz Gaming Laptop (16GB/512GB NVMe SSD/Windows 11 Home/Office 2021/NVIDIA GeForce RTX 2050, GDDR6 4GB/Cosmos Gray/1.86Kg) B12UC-2242IN",MSI,66972.0,Intel Core i5,8.0,DDR4,512.0,SSD,Nvidia Geforce Rtx 2050,Windows 11,15.6,1920,1080,1,https://m.media-amazon.com/images/I/71-Bev7p1iL._SL500_.jpg,,amazon
"HP Smartchoice Victus, 13th Gen i7-13620H, 6GB RTX 4050, 16GB DDR4(Upgradeable) 512GB SSD, 300nits, 144Hz, FHD, 15.6''/39.6cm, Win11, M365* Office24, Mica Silver, 2.3kg, fa2100/03/04tx, Gaming Laptop",HP,112990.0,Intel Core i5,16.0,DDR4,512.0,SSD,Rtx 4050,Windows 11,15.6,1920,1080,1,https://m.media-amazon.com/images/I/71c9jIviG0L._SL500_.jpg,,amazon
"MSI Thin A15, Ryzen 7 7735HS, 40CM FHD 144Hz Gaming Laptop(16GB/1 TB NVMe SSD/Windows 11 Home/NVIDIA GeForce RTX 4050, GDDR6 6GB/Cosmos Gray/1.86Kg), B7VE-065IN",MSI,104990.0,Intel Core i5,8.0,DDR4,512.0,SSD,Nvidia Geforce Rtx 4050,Windows 11,15.6,1920,1080,1,https://m.media-amazon.com/images/I/71kuEUDZ-1L._SL500_.jpg,,amazon
"HP Omen 11Th Gen Intel Core I7 16.1 Inches Micro-Edge, IPS, Anti-Glare, Fhd Gaming Laptop (16Gb Ram/1Tb Ssd/300 Nits/Geforce RTX 3050 Graphics/Alexa/B&O/Backlit Kb/Windows 11 Home/Mso, 16-B0352Tx",HP,128900.0,Intel Core I7 16,16.0,DDR4,512.0,SSD,Rtx 3050,Windows 11,16.1,1920,1080,1,https://m.media-amazon.com/images/I/61asvlLfwsL._SL500_.jpg,,amazon
"Lenovo LOQ 2024, AMD Ryzen 5 7235HS, NVIDIA RTX 3050-6GB, 12GB RAM, 512GB SSD, FHD IPS 144Hz 300Nits, 15.6""/39.6cm, Windows 11, MS Office 21, Grey, 2.4Kg, 83JC0031IN, 3 Mon. Game Pass Gaming Laptop",Lenovo,80750.0,Amd Ryzen 5 7235Hs,12.0,DDR4,512.0,SSD,Nvidia Rtx 3050,Windows 11,15.6,3840,2160,1,https://m.media-amazon.com/images/I/61Ol4v72-NL._SL500_.jpg,,amazon
"HP 15s, AMD Ryzen 5000 Laptop (16GB RAM, 512GB SSD), 15.6""/39.6cm, FHD, Win 11, Office 21, Silver, 2.21kg, Backlit Keyboard, Eq2305Au/Eq2182Au",HP,58990.0,Amd Ryzen 5000,16.0,DDR4,512.0,SSD,Intel Iris Xe,Windows 11,15.6,1920,1080,1,https://m.media-amazon.com/images/I/71phX67q6zL._SL500_.jpg,,amazon
"HP Victus Gaming Laptop 16.1"" FHD Display | Intel Core i5-14450HX | 16GB RAM | 512GB SSD | NVIDIA RTX 3050 4GB Graphics | Windows 11 Home | 1 Year Warranty (BH0R9PA)",HP,82836.0,Intel Core I5-14450Hx,16.0,DDR4,512.0,SSD,Nvidia Rtx 3050,Windows 11,16.1,1920,1080,1,https://m.media-amazon.com/images/I/71RsYdbhV5L._SL500_.jpg,,amazon
"acer Nitro V 16S AI, AMD Ryzen 7 260 Octa-core Processor, RTX 5050-8 GB GDDR7, 16 GB/1 TB,WUXGA IPS, 16.0""/40.64 cm, 180 Hz, Win 11 Home, Obsidian Black, 2.1 kg, ANV16S-41, RGB KB, Gaming Laptop",Acer,119999.0,Amd Ryzen 7 260,8.0,DDR4,512.0,SSD,Rtx 5050,Windows 11,16.0,1920,1080,1,https://m.media-amazon.com/images/I/51vD2NmZtLL._SL500_.jpg,,amazon
"ASUS Gaming V16 Gaming Laptop,14th Gen Intel Core 7 240H+8GB RTX 5060,16GB RAM,512GB SSD with Logitech G502 LS Wireless Gaming Mouse, 25000DPI Programmable and Logitech GProX Wired Gaming Headset",ASUS,101824.0,Intel Core i5,16.0,DDR4,512.0,SSD,Rtx 5060,Windows 11,15.6,1920,1080,1,https://m.media-amazon.com/images/I/51ePeznCzdL._SL500_.jpg,,amazon
"acer Aspire 5 15, Intel Core i5-13th Gen 13420H Processor, NVIDIA GeForce RTX 2050-4GB GDDR6(8GB/512GB) IPS FHD, 15.6""/39.62cm, 60Hz, Win 11 Home, Steel Gray, 1.78KG, A515-58GM, Metal Gaming Laptop",Acer,65000.0,Intel Core I5-13Th,8.0,DDR4,512.0,SSD,Nvidia Geforce Rtx 2050,Windows 11,15.6,1920,1080,1,https://m.media-amazon.com/images/I/61ZWZtsK+vL._SL500_.jpg,,amazon
"MSI Crosshair A16, AMD 8th Gen. Ryzen 7 8840HX, 41cm QHD+ 240Hz Gaming Laptop (16GB/1TB NVMe SSD/Windows 11 Home/NVIDIA GeForce RTX 5060, GDDR7 8GB/Cosmos Gray/2.5Kg) D8WFKG-036IN",MSI,149990.0,Intel Core i5,8.0,DDR4,512.0,SSD,Nvidia Geforce Rtx 5060,Windows 11,15.6,1366,768,1,https://m.media-amazon.com/images/I/51n6p5kPF7L._SL500_.jpg,,amazon
ASUS TUF F15 FX566LU-HN222TS Intel I7-10870H/ GTX1660Ti-6GB/8GB+8GB/ 1T SSD/ 15.6 inches FHD-144hz/ RGB Backlit/ WIFI6/ 90Wh/ Windows 10/ MSO H&S 2019/ Fortress Gray/,ASUS,99800.0,Intel Core i5,8.0,DDR4,512.0,SSD,Intel Iris Xe,Windows 10,15.6,1920,1080,1,https://m.media-amazon.com/images/I/811BiWqzFfS._SL500_.jpg,,amazon
Acer Predator Helios 300 Gaming Laptop Intel Core i9 12th Gen-(Windows 11 Home/32 GB/2 TB SSD/NVIDIA,Acer,323594.0,Intel Core I9 12Th,8.0,DDR4,512.0,SSD,Intel Iris Xe,Windows 11,15.6,1920,1080,1,https://m.media-amazon.com/images/I/51p9aRGxPXL._SL500_.jpg,,amazon
"MSI Thin 15, Intel 13th Gen. i5-13420H, 40CM FHD 144Hz Gaming Laptop (16GB/512GB NVMe SSD/Windows 11 Home/NVIDIA GeForce RTX 3050, GDDR6 4GB/Cosmos Gray/1.86Kg) B13UC-125IN",MSI,67000.0,Intel Core i5,8.0,DDR4,512.0,SSD,Nvidia Geforce Rtx 3050,Windows 11,15.6,1920,1080,1,https://m.media-amazon.com/images/I/51w9ar5n+UL._SL500_.jpg,,amazon
"ASUS Gaming V16 Gaming Laptop,14th Gen Intel Core 5 210H+6GB RTX 4050,16GB RAM,512GB SSD with Logitech G304 Gaming Mouse, Wireless, 12000DPI Programmable",ASUS,67988.0,Intel Core i5,16.0,DDR4,512.0,SSD,Rtx 4050,Windows 11,15.6,1920,1080,1,https://m.media-amazon.com/images/I/51V9OYOasEL._SL500_.jpg,,amazon
"Lenovo Legion 5 2025 Intel Core i7-13650HX | NVIDIA RTX 5060 8GB (16GB RAM/1TB SSD/WUXGA IPS/165Hz/15.3"" (38.8cm)/Windows 11/Office 2024+AI Now/Black/2.1Kg), 83LY00SVIN AI Powered Gaming Laptop",Lenovo,164490.0,Intel Core I7-13650Hx,16.0,DDR4,512.0,SSD,Nvidia Rtx 5060,Windows 11,15.3,1920,1080,1,https://m.media-amazon.com/images/I/81cp3WjiHUL._SL500_.jpg,,amazon
"MSI GL63 8RE-455IN 2018 15.6-inch Laptop (Core i7-8750H/16GB/128GBSSD+1TB/Windows 10/6GB Graphics), Black",MSI,130990.0,Intel Core i5,8.0,DDR4,128.0,SSD,Intel Iris Xe,Windows 10,15.6,1920,1080,1,https://m.media-amazon.com/images/I/71zKd5ZivHL._SL500_.jpg,,amazon
"MSI Cyborg 15 AI, Intel Core Ultra 7 155H,Built-in AI, 40CM Gaming Laptop(16GB/1TB NVMe SSD/Windows 11 Home/NVIDIA GeForce RTX 4050, GDDR6 6GB/Translucent Black/1.9Kg), A1VEK-050IN",MSI,105990.0,Intel Core Ultra 7,8.0,DDR4,512.0,SSD,Nvidia Geforce Rtx 4050,Windows 11,15.6,1920,1080,1,https://m.media-amazon.com/images/I/71H1XcA87cL._SL500_.jpg,,amazon
"MSI Thin 15, Intel 12th Gen. Core i7-12650H, 40CM FHD 144Hz Gaming Laptop(16GB/512GB NVMe SSD/Windows 11 Home/NVIDIA GeForce RTX 2050,GDDR6 4GB/Cosmos Gray/1.86Kg), B12UCX-1694IN",MSI,67900.0,Intel Core i5,8.0,DDR4,512.0,SSD,Nvidia Geforce Rtx 2050,Windows 11,15.6,1920,1080,1,https://m.media-amazon.com/images/I/71W7yVCqsWL._SL500_.jpg,,amazon
"MSI Katana GF66, Intel 12th Gen. i5-12450H, 40CM FHD 144Hz Gaming Laptop (8GB/512GB NVMe SSD/Windows 11 Home/Nvidia RTX3050 4GB GDDR6/Black/2.25Kg), 12UC-636IN",MSI,95990.0,Intel Core i5,8.0,DDR4,512.0,SSD,Intel Iris Xe,Windows 11,15.6,1920,1080,1,https://m.media-amazon.com/images/I/81c+XOq0b+L._SL500_.jpg,,amazon
"Acer ALG 13th Gen Intel Core i7 Processor,Office 2024 + M365 Basic, NVIDIA GeForce RTX3050-6GB -DDR6, 16GB DDR4/512GB SSD, 39.62cm(15.6"") FHD 144Hz Display,Win11Home/Wifi 6 AL15G-53, Gaming Laptop",Acer,79999.0,Intel Core i5,16.0,DDR4,512.0,SSD,Intel Iris Xe,Windows 11,15.6,1920,1080,1,https://m.media-amazon.com/images/I/81sAOthl+7L._SL500_.jpg,,amazon
"ASUS TUF A15, AMD Ryzen 7 170, RTX 3050-4GB, 16GB RAM (Upgradeable), 512GB SSD, FHD, 15.6""(39.6 cm),Windows 11 Home,Graphite Black, 2.3 Kg, FA506NCQ-HN006W, Gaming Laptop",ASUS,72990.0,Amd Ryzen 7 170,16.0,DDR4,512.0,SSD,Rtx 3050,Windows 11,15.6,1920,1080,1,https://m.media-amazon.com/images/I/71ssAPVxQwL._SL500_.jpg,,amazon
"ASUS Zenbook 14, Smartchoice,AMD Ryzen AI 5 340, AI PC(AMD Radeon Graphics/16GB RAM/512GB SSD/3K OLED/14/120Hz/Windows 11/M365 Basic (1Year)*/Office Home 2024/Jade Black/1.2 Kg) UM3406KA-PP240WS",ASUS,85990.0,Intel Core i5,16.0,DDR4,512.0,SSD,Amd Radeon Graphics,Windows 11,15.6,1920,1080,1,https://m.media-amazon.com/images/I/71jNbFGAf+L._SL500_.jpg,,amazon
"ASUS Vivobook 16X Gaming Laptop,13th Gen Intel i7-13620H+6GB RTX 3050,16GB RAM,512GB SSD with Logitech G102 White Gaming Mouse, Wired, RGB, 8000DPI",ASUS,74185.0,Intel Core i5,16.0,DDR4,512.0,SSD,Rtx 3050,Windows 11,15.6,1920,1080,1,https://m.media-amazon.com/images/I/51fAm1hsybL._SL500_.jpg,,amazon
"ASUS Zenbook A14 (2026),Snapdragon X2 Elite,NPU Upto 80TOPS,Qualcomm Adreno iGPU,16GB RAM,512GB SSD,FHD+ OLED, 14""(35.5 cm),Win 11,M365 Basic(1Y),Office 24,Iceland Gray,0.99 Kg,UX3407NA-QD226WS,AI PC",ASUS,169990.0,Snapdragon X2,16.0,DDR4,512.0,SSD,Intel Iris Xe,Windows 11,15.6,1920,1080,1,https://m.media-amazon.com/images/I/71lU979MjLL._SL500_.jpg,,amazon
"GIGABYTE G6X 9MG-42IN854SH, Windows 11 Home, Intel I7-13650HX, GeForce RTX 4050, 16.0"" 16:10 WUXGA (1920X1200) 165Hz Display (45% NTSC, MUX Switch), DDR5 4800 8GB*2, 1-Zone RGB Backlit Keyboard",Gigabyte,116533.0,Intel Core i5,8.0,DDR5,512.0,SSD,Rtx 4050,Windows 11,16.0,1920,1080,1,https://m.media-amazon.com/images/I/61CR2Rf9v7L._SL500_.jpg,,amazon
"Lenovo Legion 5 AMD Ryzen 7 5800H 15.6"" (39.62cm) FHD IPS Gaming Laptop (16GB/512GB SSD/4GB NVIDIA RTX 3050/165Hz/Windows 11/Office 2021/RGB Backlit/3months Game Pass/Phantom Blue/2.4Kg), 82JW00E2IN",Lenovo,118499.0,Amd Ryzen 7 5800H,8.0,DDR4,512.0,SSD,Nvidia Rtx 3050,Windows 11,15.6,3840,2160,1,https://m.media-amazon.com/images/I/61Er61SxBhL._SL500_.jpg,,amazon
"MSI CreatorPro M16, Intel 13th Gen. i7-13700H, 41CM QHD+ 60Hz Creator Laptop (16GB/1TB NVMe SSD/Windows 11 Pro/NVIDIA RTX A1000, GDDR6 6GB/Core Black/2.29Kg), B13VI-1273IN",MSI,178990.0,Intel Core i5,8.0,DDR4,512.0,SSD,Intel Iris Xe,Windows 11,15.6,1366,768,1,https://m.media-amazon.com/images/I/71p0nLHatoL._SL500_.jpg,,amazon
"Lenovo LOQ 2024 13Th Gen Intel Core I5-13450HX | NVIDIA RTX 3050 6GB (16GB RAM/512GB SSD/15.6"" (39.6Cm)/Windows 11/Office Home 2024/100% Srgb/3 Mon. Game Pass/Grey/2.4Kg), 83DV00XCIN Gaming Laptop",Lenovo,99250.0,Intel Core I5-13450Hx,16.0,DDR4,512.0,SSD,Nvidia Rtx 3050,Windows 11,15.6,3840,2160,1,https://m.media-amazon.com/images/I/81sI6re6MPL._SL500_.jpg,,amazon
"GIGABYTE G6X 9MG-42IN853SH, i7-13650HX, GeForce RTX 4050 GDDR6 6GB, 16.0“ 16:10 WUXGA (1920x1200) 165Hz Display (45% NTSC, MUX Switch, DDR5 4800 8GB*2, Gen4 512GB, 1-Zone RGB Backlit Keyboard",Gigabyte,116864.0,Intel Core i5,8.0,DDR5,512.0,SSD,Rtx 4050,Windows 11,15.6,1920,1080,1,https://m.media-amazon.com/images/I/61CR2Rf9v7L._SL500_.jpg,,amazon
"HP Victus, Ryzen 5 5600H, 4GB NVIDIA RTX 3050 Gaming Laptop (16GB DDR4, 512GB SSD) 144Hz, IPS, 15.6"", FHD, Win 11, Office 21, P. Blue, 2.37kg, Enhanced Cooling, Backlit KB, 15-fb0178AX",HP,83000.0,Intel Core i5,16.0,DDR4,512.0,SSD,Nvidia Rtx 3050,Windows 11,15.6,1920,1080,1,https://m.media-amazon.com/images/I/71dJIgRcGcL._SL500_.jpg,,amazon
"Lenovo LOQ 15IRX9 Intel Core i5-13450HX 15.6"" (39.6cm) 144Hz 300Nits FHD Gaming Laptop (16GB RAM/512GB SSD/Win 11/NVIDIA RTX 3050 6GB Graphics/Office 24/Luna Grey/2.38Kg), 83DV01A9IN",Lenovo,89888.0,Intel Core I5-13450Hx,16.0,DDR4,512.0,SSD,Nvidia Rtx 3050,Windows 11,15.6,1920,1080,1,https://m.media-amazon.com/images/I/61IbXh674uL._SL500_.jpg,,amazon
"HP Victus, AMD Ryzen 7 7445HS, 6GB RTX 3050, 16GB DDR5(Upgradeable) 512GB SSD, 144Hz, IPS, 300nits, FHD, 15.6''/39.6cm, Win11, M365* Office24, Blue, 2.29kg, fb3120AX, Backlit, DTS Audio, Gaming Laptop",HP,78990.0,Amd Ryzen 7 7445Hs,16.0,DDR5,512.0,SSD,Rtx 3050,Windows 11,15.6,1920,1080,1,https://m.media-amazon.com/images/I/61dLj4D5fqL._SL500_.jpg,,amazon
"ASUS Vivobook Go 15 (2026),AMD Ryzen 5 40, AMD Radeon iGPU, 8GB RAM, 512GB SSD, FHD, 15.6""(39.6 cm),Windows 11,M365 Basic(1 Year)* Office 2024,Mixed Black,1.63 Kg,E1504FA-BQ2115WS,Thin & Light Laptop",ASUS,48990.0,Amd Ryzen 5 40,8.0,DDR4,512.0,SSD,Amd Radeon Igpu,Windows 11,15.6,1920,1080,1,https://m.media-amazon.com/images/I/61Bnly7QvyL._SL500_.jpg,,amazon
"Lenovo V15 AMD Ryzen 7 7730U 15.6"" (39.62cm) FHD 250 Nits Antiglare Thin and Light Laptop (Free MS Office) Lifetime (16GB/512GB SSD/Windows 11/Iron Grey/1.65 Kg) 1 Year Brand Warranty, 83CRA01SIN",Lenovo,59999.0,Amd Ryzen 7 7730U,8.0,DDR4,512.0,SSD,Intel Iris Xe,Windows 11,15.6,1920,1080,1,https://m.media-amazon.com/images/I/710hhin8IyL._SL500_.jpg,,amazon
"Lenovo IdeaPad Gaming 3 12th Gen Intel Core i5 12450H 15.6"" (39.62cm) FHD IPS 120Hz Gaming Laptop (16GB/512GB SSD/Win11/Office 21/NVIDIA RTX 3050 4GB/Alexa/3 Mon Game Pass/Onyx Grey/2.3Kg), 82S9017TIN",Lenovo,83991.0,Intel Core I5 12450H,8.0,DDR4,512.0,SSD,Nvidia Rtx 3050,Windows 11,15.6,1920,1080,1,https://m.media-amazon.com/images/I/7173difaarL._SL500_.jpg,,amazon
"HP Victus, 13th Gen i7-13620H, 6GB RTX 4050, 16GB DDR4(Upgradeable) 512GB SSD,IPS, 300nits, 144Hz, FHD, 15.6''/39.6cm, Win11, M365* Office24, Blue, 2.3kg, fa2103TX, Gaming Laptop",HP,100990.0,Intel Core i5,16.0,DDR4,512.0,SSD,Rtx 4050,Windows 11,15.6,1920,1080,1,https://m.media-amazon.com/images/I/61-jwoAkngL._SL500_.jpg,,amazon
"Lenovo V15 G4 (2024), AMD Ryzen 5 7520U Quad Core - (8GB/512GB SSD/AMD Radeon Graphics/Dos/Business Laptop/15.6"" FHD Display/Arctic Grey/1.57 kg",Lenovo,52999.0,Amd Ryzen 5 7520U,8.0,DDR4,512.0,SSD,Amd Radeon Graphics,DOS,15.6,1920,1080,1,https://m.media-amazon.com/images/I/51ex45idxOL._SL500_.jpg,,amazon
"MSI Thin 15, Intel 12th Gen. Core i5-12450H, 40CM FHD 144Hz Gaming Laptop(16GB/512GB NVMe SSD/Windows 11 Home/NVIDIA GeForce RTX 3050,GDDR6 4GB /Cosmos Gray/1.86Kg), B12UC-1692IN",MSI,68900.0,Intel Core i5,8.0,DDR4,512.0,SSD,Nvidia Geforce Rtx 3050,Windows 11,15.6,1920,1080,1,https://m.media-amazon.com/images/I/71VG3azYMjL._SL500_.jpg,,amazon
"acer Nitro 5 Intel Core i5-9th Gen 15.6"" (39.62cms) Display 1920 x 1080 Thin and Light Gaming Laptop (8GB Ram/1TB HDD/Windows 10 Home/GTX 1650 Graphics/Obsidian Black/2.3 Kgs), AN515-54",Acer,69890.0,Intel Core I5-9Th,8.0,DDR4,512.0,HDD,Intel Iris Xe,Windows 10,15.6,1920,1080,1,https://m.media-amazon.com/images/I/81IXuyeJhYL._SL500_.jpg,,amazon
"ASUS TUF Gaming A15 AMD Ryzen 7 Octa Core 7435HS - (8 GB/512 GB SSD/Windows 11 Home/4 GB Graphics/NVIDIA GeForce RTX 2050) FA566NFR-HN260W Gaming Laptop (15.6 inch, Graphite Black, 2.30 Kg)",ASUS,75999.0,Intel Core i5,8.0,DDR4,512.0,SSD,Nvidia Geforce Rtx 2050,Windows 11,15.6,1920,1080,1,https://m.media-amazon.com/images/I/51qgC-3uhcL._SL500_.jpg,,amazon
"GIGABYTE G6X 9KG-43IN853SH, i7-13650HX, GeForce RTX 406016.0“ 16:10 WUXGA (1920x1200) 165Hz Display (45% NTSC, MUX Switch, DDR5 4800 8GB*2, Gen4 512GB, 1-Zone RGB Backlit Keyboard",Gigabyte,123026.0,Intel Core i5,8.0,DDR5,512.0,SSD,Rtx 406016,Windows 11,15.6,1920,1080,1,https://m.media-amazon.com/images/I/61CR2Rf9v7L._SL500_.jpg,,amazon
"acer ALG (2025) Intel Core i5 13th Gen 13420H - (16 GB/512 GB SSD/6 GB NVIDIA GeForce RTX 3050/Windows 11 Home) AL15G-53 Gaming Laptop/15.6"" FHD 144Hz/Steel Grey/1.9 Kg/MSO 2021/3 Years Warranty",Acer,80999.0,Intel Core I5 13Th,8.0,DDR4,512.0,SSD,Nvidia Geforce Rtx 3050,Windows 11,15.6,1920,1080,1,https://m.media-amazon.com/images/I/712mMgGiILL._SL500_.jpg,,amazon
"Lenovo LOQ 15"" - NVIDIA GeForce RTX 5050 Graphics - 15.6"" IPS LCD FHD 144hz Display - Intel Core i7-13650HX - 24GB DDR5-1 TB SSD - Windows 11 Home - Luna Grey",Lenovo,174990.0,Intel Core I7-13650Hx,24.0,DDR5,512.0,SSD,Nvidia Geforce Rtx 5050,Windows 11,15.6,1920,1080,1,https://m.media-amazon.com/images/I/71WTJ8WjS9L._SL500_.jpg,,amazon
"Acer Aspire Lite, AMD Ryzen 3-7330U, Office 2024 + M365 Basic,8GB RAM, 512GB SSD, Full HD IPS, 15.6""/39.62 cm, Windows 11 Home, Steel Gray, 1.59 KG, AL15-41, Metal Body, Premium Thin and Light Laptop",Acer,44999.0,Intel Core i5,8.0,DDR4,512.0,SSD,Intel Iris Xe,Windows 11,15.6,1920,1080,1,https://m.media-amazon.com/images/I/71JEGsayyGL._SL500_.jpg,,amazon
"ASUS Vivobook 15, Intel Core i3 13th Gen 1315U, 12GB RAM, 512GB SSD, FHD 15.6"", Windows 11, Office Home 2024, Cool Silver, 1.7Kg, X1504VA-BQ331WS, Intel UHD iGPU, Thin & Light, 42Whrs Laptop",ASUS,40990.0,Intel Core I3 13Th,12.0,DDR4,512.0,SSD,Intel Iris Xe,Windows 11,15.6,1920,1080,1,https://m.media-amazon.com/images/I/71bIUPAleZL._SL500_.jpg,,amazon
"EBook 11.6"" HD Laptop | Best Student & Office Work Laptop | Celeron N4020 | 4GB DDR4 | 128GB eMMC + M.2 SSD Expandable Slot | Win 11 Home |31Wh Battery | UHD Graphics 600 | Black",Ebook,10990.0,Intel Core i5,4.0,DDR4,128.0,SSD,Intel Iris Xe,Windows 11,11.6,1366,768,1,https://m.media-amazon.com/images/I/71F8TUSryhL._SL500_.jpg,,amazon
"ASUS Vivobook 15, Smartchoice,Intel Corei5 13thGen 13420H, 16GB RAM, 512GB SSD, FHD 15.6"", Win11, Office Home'24, M365 Basic (1Year)*, Cool Silver, 1.70kg, X1502VA-BQ835WS, Intel UHD iGPU, Laptop",ASUS,59990.0,Intel Corei5 13Thgen,16.0,DDR4,512.0,SSD,Intel Iris Xe,Windows 11,15.6,1920,1080,1,https://m.media-amazon.com/images/I/81gNMbbeqvL._SL500_.jpg,,amazon
"ASUS Chromebook CX1405 (2026), Intel N50 Processor, Intel UHD iGPU, 8GB RAM, 128GB SSD, FHD, 14"" (35.5 cm), Chrome OS, Pure Grey, 1.39 Kg, CX1405CTA-S60622, 42WHrs, Thin & Light Laptop",ASUS,30990.0,Intel N50,8.0,DDR4,128.0,SSD,Intel Iris Xe,Windows 11,15.6,1920,1080,1,https://m.media-amazon.com/images/I/61d+uhYgdNL._SL500_.jpg,,amazon
"Primebook 2 Pro (2026) | 8GB RAM, 128GB UFS Storage | 14.1-Inch FHD IPS Display | 14 Hours Battery | MediaTek Helio G99 | Android 15 (PrimeOS 3.0) | Backlit Keyboard | in-Built AI (Gray)",Primebook,24490.0,Intel Core i5,8.0,DDR4,128.0,SSD,Intel Iris Xe,Windows 11,15.6,1920,1080,1,https://m.media-amazon.com/images/I/51CIIx6l+VL._SL500_.jpg,,amazon
"HP 15 (2026), AMD Athlon Dual Core 7120U - (8 GB DDR5/512 GB SSD/AMD Radeon 610M Graphics/DOS) Thin and Light Business Laptop/15.6"" HD Display/Turbo Silver/Copilot Key/1.5kg",HP,39440.0,Amd Athlon Dual,8.0,DDR5,512.0,SSD,Amd Radeon 610M,DOS,15.6,1366,768,1,https://m.media-amazon.com/images/I/718-7YE0WQL._SL500_.jpg,,amazon
"Lenovo Smartchoice Ideapad Slim 3, 13th Gen Intel Core i7 13620H, 16GB RAM, 512GB SSD, WUXGA IPS, 15.3""/38.8cm, Win 11, Office 2024, Top Metal Cover Grey, 1.6Kg, 83K100CJIN/S1IN, Backlit KB, Laptop",Lenovo,72990.0,Intel Core I7 13620H,16.0,DDR4,512.0,SSD,Intel Iris Xe,Windows 11,15.3,1920,1080,1,https://m.media-amazon.com/images/I/71IjxF4prWL._SL500_.jpg,,amazon
"HP OmniBook 5 Metallic(Previously Pavilion) 13th Gen Intel Core i5 1334U (16GB LPDDR5X, 512GB SSD) WUXGA, 2K, IPS, 16''/40.6cm, Win11, M365 Basic(1yr)*Office24, Blue,1.79kg, ba1123TU,FHD camera Laptop",HP,62990.0,Intel Core I5 1334U,16.0,LPDDR5X,512.0,SSD,Intel Iris Xe,Windows 11,15.6,2560,1600,1,https://m.media-amazon.com/images/I/61ZIbW5dCCL._SL500_.jpg,,amazon
"Lenovo Ideapad Slim 3 AMD Ryzen 5 7520U 15.6"" (39.6cm) FHD Thin and Light Laptop (16GB/512GB SSD/Windows 11/Microsoft 365 Basic + Office Home 2024/Backlit Keyboard/Grey/1.6Kg), 82XQ00XDIN",Lenovo,50800.0,Amd Ryzen 5 7520U,8.0,DDR4,512.0,SSD,Intel Iris Xe,Windows 11,15.6,1920,1080,1,https://m.media-amazon.com/images/I/71TpJsdzvCL._SL500_.jpg,,amazon
"Lenovo IdeaPad Slim 3, 12th Gen Intel Core i5-12450H (16GB LPDDR5, 512GB SSD), Anti-glare, FHD 15.6""(39.6cm), Win 11, Office Home 2024, Arctic Grey, 1.62Kg, 83ER00MDIN, Thin & Light, Backlit KB Laptop",Lenovo,60990.0,Intel Core I5-12450H,16.0,LPDDR5,512.0,SSD,Intel Iris Xe,Windows 11,15.6,2560,1600,1,https://m.media-amazon.com/images/I/81leoJuYYaL._SL500_.jpg,,amazon
"Dell 15, Intel Core 3 14th Gen-100U, 16GB DDR4, 512GB SSD, FHD IPS, 15.6""/39.62cm, Windows 11, Microsoft Office Home 2024, Carbon Black, 1.63Kg, Thin & Light, Laptop Model NO - Dell 15 DCU5250",Dell,49990.0,Intel Core i5,16.0,DDR4,512.0,SSD,Intel Iris Xe,Windows 11,15.6,1920,1080,1,https://m.media-amazon.com/images/I/71I4NoKj-oL._SL500_.jpg,,amazon
"Lenovo Yoga Slim 7, Intel Core Ultra 5 125H, 16GB RAM, 512GB SSD, AI PC, WUXGA-OLED, 14""/35.5cm, Windows 11, Microsoft 365 Basic + Office 2024, Grey, 1.39Kg, 83CV00DFIN, AI Powered Laptop",Lenovo,75141.0,Intel Core Ultra 5,16.0,DDR4,512.0,SSD,Intel Iris Xe,Windows 11,15.6,1920,1080,1,https://m.media-amazon.com/images/I/81PaO9Q1WFL._SL500_.jpg,,amazon
"Lenovo V14 Intel Core i3 13th Gen 14"" FHD (1920x1080) Antiglare 250 Nits Thin and Light Laptop (16GB RAM/512GB SSD/Windows 11 Home/Office Home 2024/Iron Grey/1.43 kg), 83A0A0PCIN",Lenovo,49990.0,Intel Core I3 13Th,16.0,DDR4,512.0,SSD,Intel Iris Xe,Windows 11,15.6,1920,1080,1,https://m.media-amazon.com/images/I/71odoZVRgaL._SL500_.jpg,,amazon
"Dell Inspiron 15 DC15250 Laptop (Intel Core 3-100U, 8GB DDR5 RAM, 512GB SSD, 15.6"" Full HD Display, Windows 11 Home, MS Office 2024 + Microsoft 365, Carbon Black, 1 Year NBD Warranty)",Dell,45450.0,Intel Core i5,8.0,DDR5,512.0,SSD,Intel Iris Xe,Windows 11,15.6,1920,1080,1,https://m.media-amazon.com/images/I/71ZBa5+qu4L._SL500_.jpg,,amazon
"HP 14, AMD Ryzen 7 7730U (16GB DDR4, 512GB SSD) FHD, Anti-Glare, Micro-Edge, 14''/35.6cm, Win11, M365 Basic(1yr), Office Home24, Silver,1.4kg, EM0104AU, FHD Camera w/Privacy Shutter, Backlit Laptop",HP,59990.0,Amd Ryzen 7 7730U,16.0,DDR4,512.0,SSD,Intel Iris Xe,Windows 11,15.6,3840,2160,1,https://m.media-amazon.com/images/I/71ebUd+L7LL._SL500_.jpg,,amazon
"HP Professional 14 (2026), Intel (i5 14th Gen) Core 5 120U - (16 GB/512 GB SSD/Intel Iris Xe Graphics/Windows 11 Pro) Business Laptop/14.0"" FHD/Backlit + FingerPrint/Silver/Copilot Key/1.4kg/MS Office",HP,62400.0,Intel Core i5,8.0,DDR4,512.0,SSD,Intel Iris Xe,Windows 11,14.0,3840,2160,1,https://m.media-amazon.com/images/I/71VBfzaHWnL._SL500_.jpg,,amazon
"HP 15, Intel Core i3-1315U-13th Gen Laptop (8GB DDR4 Ram,512GB SSD) Anti-Glare, Micro-Edge,15.6'"" FHD, Win11,M365 Basic(1yr),Office Home24, Silver,1.59kg, FHD Camera Shutter, 15-fd0569TU",HP,46990.0,Intel Core I3-1315U,8.0,DDR4,512.0,SSD,Intel Iris Xe,Windows 11,15.6,1920,1080,1,https://m.media-amazon.com/images/I/61vulbzLZcL._SL500_.jpg,,amazon
"Lenovo V14 Intel Core i3 13th Gen 14"" FHD (1920x1080) Antiglare 250 Nits Thin and Light Laptop (8GB RAM/512GB SSD/Windows 11 Home/Office Home 2024/Iron Grey/1.43 kg), 83A0A0PBIN",Lenovo,63990.0,Intel Core I3 13Th,8.0,DDR4,512.0,SSD,Intel Iris Xe,Windows 11,15.6,1920,1080,1,https://m.media-amazon.com/images/I/71odoZVRgaL._SL500_.jpg,,amazon
"HP Professional 15 (2026), Intel (i5 14th Gen) Core 5 120U - (16 GB/512 GB SSD/Intel Iris Xe Graphics/Windows 11 Pro) Business Laptop/15.6"" FHD/Backlit + FingerPrint/Silver/Copilot Key/1.5kg/MS Office",HP,62610.0,Intel Core i5,8.0,DDR4,512.0,SSD,Intel Iris Xe,Windows 11,15.6,1920,1080,1,https://m.media-amazon.com/images/I/71gGeGiFNKL._SL500_.jpg,,amazon
"ASUS TUF A15 (2025) AMD Ryzen 7 7445HS,Gaming Laptop,RTX 3050-4GB,75W TGP,16GB RAM (Upgradeable Upto 64GB) 1TB SSD,FHD,15.6"",144Hz,48Whrs,M365 Basic (1Year)*,Office 2024,Black,2.3 Kg,FA506NCG-HN251WS",ASUS,75990.0,Amd Ryzen 7 7445Hs,16.0,DDR4,512.0,SSD,Rtx 3050,Windows 11,15.6,1920,1080,1,https://m.media-amazon.com/images/I/815OXLbHBjL._SL500_.jpg,,amazon
"ASUS Vivobook Go 14, AMD Ryzen 5 7520U, 16GB RAM, 512GB SSD, FHD, 14"", 60Hz,42WHrs, Windows 11, M365 Basic (1Year)*,Office Home 2024, Mixed Black, 1.38 kg, E1404FA-EB774WS, Thin & Light Laptop",ASUS,48990.0,Amd Ryzen 5 7520U,16.0,DDR4,512.0,SSD,Intel Iris Xe,Windows 11,15.6,1920,1080,1,https://m.media-amazon.com/images/I/71AfM5k3J4L._SL500_.jpg,,amazon
"ASUS Vivobook S16,14th Gen, Intel Core 5-210H,Metallic Design Laptop(Intel UHD iGPU/16GB RAM/512GB SSD/FHD+/16""""/144Hz/Windows 11/M365 Basic(1Year)*/Office Home 2024/Matte Gray/1.7Kg) S3607VA-RP113WS",ASUS,63990.0,Intel Core i5,16.0,DDR4,512.0,SSD,Intel Iris Xe,Windows 11,15.6,1920,1080,1,https://m.media-amazon.com/images/I/71mmoaQ4EzL._SL500_.jpg,,amazon
"Apple 2026 MacBook Neo 13"" Laptop with A18 Pro chip: Built for AI and Apple Intelligence, Liquid Retina Display, 8GB Unified Memory, 512GB SSD Storage, 1080p FaceTime HD Camera, Touch ID; Indigo",Apple,69990.0,Intel Core i5,8.0,DDR4,512.0,SSD,Intel Iris Xe,Windows 11,15.6,1366,768,1,https://m.media-amazon.com/images/I/61vTx-Qa1QL._SL500_.jpg,,amazon
"ASUS Vivobook 14 (2026),Intel Core Ultra 5 225H, Intel iGPU,16GB RAM,1TB SSD,FHD+, 14""(35.5 cm),Windows 11,M365 Basic(1 Year)* Office 2024, Platinum Gold, 1.46 Kg, X1407CA-LY1581WS,Thin & Light Laptop",ASUS,68990.0,Intel Core Ultra 5,16.0,DDR4,512.0,SSD,Intel Iris Xe,Windows 11,15.6,1920,1080,1,https://m.media-amazon.com/images/I/418dOHs7XKL._SL500_.jpg,,amazon
"HP Omnibook 5 OLED (Previously Pavilion), Snapdragon X Processor (16GB LPDDR5x,1TB SSD) 2K OLED,16''/40.6cm, Win11, M365*Office24, Glacier Silver, 1.59kg, fb0001QU, Backlit, Next-Gen AI Laptop",HP,73490.0,Snapdragon X Processor,16.0,LPDDR5X,512.0,SSD,Intel Iris Xe,Windows 11,15.6,2560,1600,1,https://m.media-amazon.com/images/I/71yaFtjgRzL._SL500_.jpg,,amazon
"Apple 2026 MacBook Neo 13″ Laptop with A18 Pro chip: Built for AI and Apple Intelligence, Liquid Retina Display, 8GB Unified Memory, 256GB SSD Storage, 1080p FaceTime HD Camera; Citrus",Apple,61990.0,Intel Core i5,8.0,DDR4,256.0,SSD,Intel Iris Xe,Windows 11,15.6,1366,768,1,https://m.media-amazon.com/images/I/61N2I4e0PNL._SL500_.jpg,,amazon
"HP 15 Laptop, AMD Ryzen 7-5825U [16GB DDR4 Ram/512GB SSD/Win11/Office Home'2024/M365 Basic(1yr)*/Anti-Glare,Micro-Edge,15.6''/39.6cm FHD/Silver,1.59kg /Backlit KB+FHD Camera+Radeon Graphics] fc0533AU",HP,55990.0,Intel Core i5,16.0,DDR4,512.0,SSD,Intel Iris Xe,Windows 11,15.6,1920,1080,1,https://m.media-amazon.com/images/I/713CLhU8hQL._SL500_.jpg,,amazon
"ASUS Vivobook Go 14, AMD Ryzen 5 7520U Processor, 8GB RAM,512GB SSD,AMD Radeon iGPU, 14"" FHD, Windows 11,M365 Basic (1Year)*,Office Home 2024, Silver, 1.38 kg, E1404FA-EB2521WS, Thin & Light Laptop",ASUS,55990.0,Amd Ryzen 5 7520U,8.0,DDR4,512.0,SSD,Amd Radeon Igpu,Windows 11,15.6,1920,1080,1,https://m.media-amazon.com/images/I/61zCOW4pdlL._SL500_.jpg,,amazon
"Primebook 2 Neo (2026) | 6GB RAM, 128GB Storage (Upgradable Upto 512GB) | MediaTek Helio G99 | Android 15 (PrimeOS3.0) | in-Built AI | 11.6” Thin & Light Laptop | Type-C, USB, MicroSD Ports",Mi,19490.0,Intel Core i5,6.0,DDR4,128.0,SSD,Intel Iris Xe,Windows 11,15.6,1920,1080,1,https://m.media-amazon.com/images/I/713cu-sW3TL._SL500_.jpg,,amazon
"HP Pavilion Plus, Intel Core i5-1335U-13th Gen Laptop, (16GB LPDDR5x,512GB SSD),IPS, 300 nits, 14''(35.6cm) 2K,Win 11, M365 Basic(1yr), Office Home 24, Silver,1.38kg, 5MP Camera w/Shutter, ew0107TU",HP,64990.0,Intel Core I5-1335U,16.0,LPDDR5X,512.0,SSD,Intel Iris Xe,Windows 11,15.6,2560,1600,1,https://m.media-amazon.com/images/I/61s8J1vGi0L._SL500_.jpg,,amazon
"HP 15, 13th Gen Intel Core i3-1315U Laptop (8GB DDR4, 512GB SSD) Anti-Glare, Micro-Edge, 15.6""/39.6cm, FHD, Win 11, MS Office 21, Grey, 1.59kg, Intel UHD Graphics, 1080p FHD Camera, fd0006TU/fd0465TU",HP,46800.0,Intel Core I3-1315U,8.0,DDR4,512.0,SSD,Intel Uhd Graphics,Windows 11,15.6,1920,1080,1,https://m.media-amazon.com/images/I/71TX6oxinrL._SL500_.jpg,,amazon
"𝗗𝗲𝗹𝗹Model 5420 Business Laptop | Core i5 11th Gen | 8GB DDR4 RAM | 256GB SSD | 14"" Full HD Display | Win 10 | A+ (Pre-Owned & Tested)",𝗗𝗲𝗹𝗹model,26995.0,Intel Core i5,8.0,DDR4,256.0,SSD,Intel Iris Xe,Windows 11,15.6,1920,1080,1,https://m.media-amazon.com/images/I/51vIhMJreOL._SL500_.jpg,,amazon
"HP Omnibook 3, Snapdragon X Processor, 45 TOPS (16GB LPDDR5x, 512GB SSD) 2K, WUXGA, IPS, 14''/35.6cm, Win 11, Office 24, Silver, 1.4kg, hz0026QU, FHD IR Camera, 42% Lighter mini GaN Charger, AI Laptop",HP,61990.0,Snapdragon X Processor,16.0,LPDDR5X,512.0,SSD,Intel Iris Xe,Windows 11,15.6,3840,2160,1,https://m.media-amazon.com/images/I/61iVAA34LyL._SL500_.jpg,,amazon
"Lenovo IdeaPad Slim 5 AMD Ryzen AI 7 350 (24GB RAM/1TB SSD/14 (35.5cm)/WUXGA OLED/Lenovo AI Now/Copilot+ PC/Windows 11/MSO 365 Basic+Office 2024/1Yr ADP Free/Grey/1.4Kg), 83HX009DIN AI Laptop",Lenovo,84990.0,Intel Core i5,24.0,DDR4,512.0,SSD,Intel Iris Xe,Windows 11,15.6,3840,2160,1,https://m.media-amazon.com/images/I/7171vpsyluL._SL500_.jpg,,amazon
"acer Aspire Lite,13th Gen, Intel Core i5-13420H Processor, 16 GB RAM, 512 GB SSD, Full HD IPS, 15.6""/39.62 cm, Windows 11 Home, MS Office, Pure Silver, 1.70 kg, AL15-52H, Thin and Light Laptop",Acer,55990.0,Intel Core I5-13420H,16.0,DDR4,512.0,SSD,Intel Iris Xe,Windows 11,15.6,1920,1080,1,https://m.media-amazon.com/images/I/81CAThD9XUL._SL500_.jpg,,amazon
"Lenovo Yoga Slim 7 (Smartchoice) Aura Edition, Intel Core Ultra 5 226V, 16GB RAM, 1TB SSD, WUXGA OLED, Copilot+ AI PC, 40 TOPS, 14""/35.5cm, Windows 11, Office 2024, Grey, 1.19Kg, 83JX005FIN, AI Laptop",Lenovo,99990.0,Intel Core Ultra 5,16.0,DDR4,512.0,SSD,Intel Iris Xe,Windows 11,15.6,1920,1080,1,https://m.media-amazon.com/images/I/815+LXzloGL._SL500_.jpg,,amazon
"Lenovo IdeaPad Slim 3 AMD Ryzen 7 8840HS 15.3 inch (38.8cm) WUXGA IPS Laptop (16GB RAM/512GB SSD/Windows 11/Office Home 2024/Backlit Keyboard/1Yr ADP Free/Grey/1.6Kg), 83KA004SIN",Lenovo,65990.0,Amd Ryzen 7 8840Hs,16.0,DDR4,512.0,SSD,Intel Iris Xe,Windows 11,15.3,1920,1080,1,https://m.media-amazon.com/images/I/715WsxkNIcL._SL500_.jpg,,amazon
"Lenovo Yoga Slim 7 Intel Core Ultra 7 155H 14""(35.5cm) WUXGA-OLED 400Nits Laptop (32GB RAM/1TB SSD/AI PC/2Wx4 Speakers/Windows 11/Office Home 2024/1Yr ADP Free/Grey/1.39Kg), 83CV00D3IN",Lenovo,105890.0,Intel Core Ultra 7,32.0,DDR4,512.0,SSD,Intel Iris Xe,Windows 11,15.6,1920,1080,1,https://m.media-amazon.com/images/I/81xbSMHZ0UL._SL500_.jpg,,amazon
"HP 15, Intel Core 5-120U (16GB DDR4, 512GB SSD) FHD, Anti-Glare, Micro-Edge, 15.6''/39.6cm, Win11, M365 Basic(1yr), Office Home24, Silver,1.59kg, FD0640TU/fd0682tu, FHD Camera w/Shutter, BL Laptop",HP,62990.0,Intel Core i5,16.0,DDR4,512.0,SSD,Intel Iris Xe,Windows 11,15.6,1920,1080,1,https://m.media-amazon.com/images/I/71Go8vTBwXL._SL500_.jpg,,amazon
"HP Laptop 15 Intel Core i3 13th Gen (8GB|512 GB SSD)/Window 11 Home 15-FD0533TU Laptop (15.6 inch,Natural Silver,1.59 kg, with MS Office",HP,44990.0,Intel Core I3 13Th,8.0,DDR4,512.0,SSD,Intel Iris Xe,Windows 11,15.6,1920,1080,1,https://m.media-amazon.com/images/I/51wbekXOKuL._SL500_.jpg,,amazon
"ASUS Zenbook 14 (2026),Intel Core Ultra 9 285H,Intel Arc iGPU,32GB RAM,1TB SSD,OLED,Touchscreen,14""(35.5 cm),Win 11,M365 Basic(1Y)* Office 24,Ponder Blue,1.28 Kg,UX3405CA-QL1016WS,Thin & Light Laptop",ASUS,119990.0,Intel Core Ultra 9,32.0,DDR4,512.0,SSD,Intel Arc Igpu,Windows 11,15.6,1920,1080,1,https://m.media-amazon.com/images/I/71ai5xTElNL._SL500_.jpg,,amazon
"HP 15, Intel Core Ultra 5 125H (16GB DDR5, 1TB SSD) FHD, IPS, 15.6''/39.6cm, Win11, M365 Basic(1yr)*Office24, Silver, 1.65kg, fd1354TU, Intel Arc Graphics, FHD Camera w/Shutter, AI Powered Laptop",HP,74990.0,Intel Core Ultra 5,16.0,DDR5,512.0,SSD,Intel Arc Graphics,Windows 11,15.6,1920,1080,1,https://m.media-amazon.com/images/I/71dyfY6G0aL._SL500_.jpg,,amazon
"ASUS Vivobook S14, Intel Core Ultra 5 225H, Intel iGPU,16GB RAM,512GB SSD,FHD+,14"",60Hz,Windows 11,M365 Basic (1Year)*,Office Home 2024,Matte Gray,1.4 Kg, S3407CA-LY057WS, Metallic Design Laptop",ASUS,72990.0,Intel Core Ultra 5,16.0,DDR4,512.0,SSD,Intel Iris Xe,Windows 11,15.6,1920,1080,1,https://m.media-amazon.com/images/I/712EOz9RYnL._SL500_.jpg,,amazon
"HP 15 (2026), AMD Ryzen 7 Octa Core 7730U - (16 GB/512 GB SSD/AMD Radeon Graphics/Windows 11 Pro) Thin and Light Business Laptop/15.6"" FHD Display/Backlit + Fingerprint/Silver/1.5kg/MS Office",HP,57610.0,Intel Core i5,8.0,DDR4,512.0,SSD,Amd Radeon Graphics,Windows 11,15.6,1920,1080,1,https://m.media-amazon.com/images/I/71gGeGiFNKL._SL500_.jpg,,amazon
"Lenovo IdeaPad Slim 3 13th Gen Intel Core i3-1315U 15.6 inch (39.6cm) FHD Laptop (8GB RAM/512GB SSD/Windows 11/Office 2024/1Yr ADP Free/3 Month Game Pass/Grey/1.6Kg), 82X700HMIN",Lenovo,45990.0,Intel Core I3-1315U,8.0,DDR4,512.0,SSD,Intel Iris Xe,Windows 11,15.6,1920,1080,1,https://m.media-amazon.com/images/I/81Be1f26lVL._SL500_.jpg,,amazon
"ASUS Vivobook Go 14, AMD Ryzen 3 7320U, 8GB RAM, 512GB SSD, FHD 14"", Windows 11, Office Home 2024, Mixed Black, 1.38 kg, E1404FA-NK3325WS, AMD Radeon iGPU, M365 Basic (1Year)*, Thin & Light Laptop",ASUS,46990.0,Amd Ryzen 3 7320U,8.0,DDR4,512.0,SSD,Amd Radeon Igpu,Windows 11,15.6,1920,1080,1,https://m.media-amazon.com/images/I/71Mh-ltniDL._SL500_.jpg,,amazon
"Model H.P x360 1030 G4 Foldable Laptop (Core i7 8th 8565Gen/8GB RAM /256GB SSD/Win 10 Pro/UHD 620 Graphics), 13.3-inch Silver (Pre-Owned & Tested)",Model,27999.0,Intel Core i5,8.0,DDR4,256.0,SSD,Intel Iris Xe,Windows 11,15.6,1366,768,1,https://m.media-amazon.com/images/I/615HchoZhpL._SL500_.jpg,,amazon
"ASUS Vivobook 15, Intel Core i7 13th Gen 13620H, 16GB RAM, 512GB SSD, FHD 15.6"", Windows 11, Office Home 2024, Cool Silver, 1.70kg, X1502VA-BQ837WS, Intel UHD iGPU, M365 Basic (1Year)* Laptop",ASUS,62990.0,Intel Core I7 13Th,16.0,DDR4,512.0,SSD,Intel Iris Xe,Windows 11,15.6,1920,1080,1,https://m.media-amazon.com/images/I/71vmuzVDRFL._SL500_.jpg,,amazon
"Dell 15, Intel Core i3 13th Gen -1305U, 16GB DDR4, 512GB SSD, FHD, 15.6""/39.6cm, Windows 11, Microsoft Office Home 2024, Carbon Grey, 1.66Kg, [Vostro 3530], Intel UHD Graphics, Thin & Light Laptop",Dell,50990.0,Intel Core I3 13Th,16.0,DDR4,512.0,SSD,Intel Uhd Graphics,Windows 11,15.6,1920,1080,1,https://m.media-amazon.com/images/I/7156bBh8W2L._SL500_.jpg,,amazon
"Lenovo 14 (2025), Intel Core i5 13th Gen 13420H - (16 GB/512 GB SSD/Intel UHD Graphics/Windows 11) Thin and Light Business Laptop/14.0"" FHD Display/Iron Grey/1.4 kg/Microsoft Office 2021",Lenovo,60810.0,Intel Core I5 13Th,8.0,DDR4,512.0,SSD,Intel Uhd Graphics,Windows 11,14.0,1920,1080,1,https://m.media-amazon.com/images/I/51EoL+jnhLL._SL500_.jpg,,amazon
"acer Aspire 3, Intel Core Celeron N4500, 12GB LPDDR4X RAM, 512GB SSD, HD, 15.6""/39.62cm, Windows 11 Home, Pure Silver, 1.5KG, A325-45, Thin and Light Laptop",Acer,38910.0,Intel Core i5,12.0,LPDDR4X,512.0,SSD,Intel Iris Xe,Windows 11,15.6,1366,768,1,https://m.media-amazon.com/images/I/61+6C077NmL._SL500_.jpg,,amazon
"Lenovo IdeaPad Slim 3 13th Gen Core i7-13620H 15.3"" (38.8cm) WUXGA IPS Laptop (16GB RAM/1TB SSD/Win 11/Office 2024/Backlit/1Yr ADP Free/Top Metal Cover & IR Camera/Grey/1.6Kg), 83K100TDIN",Lenovo,84400.0,Intel Core i5,16.0,DDR4,512.0,SSD,Intel Iris Xe,Windows 11,15.3,1920,1080,1,https://m.media-amazon.com/images/I/71K-77wHn2L._SL500_.jpg,,amazon
"Aspire Lite 13th Gen Intel Core i5-1334U, Office 2024 + M365 Basic, 16 GB RAM/512GB SSD,Full HD, 15.6""/39.62 cm, Win 11 Home, Steel Gray, 1.59 KG, AL15-53, Metal Body, Thin and Light Premium Laptop",Mi,54760.0,Intel Core I5-1334U,16.0,DDR4,512.0,SSD,Intel Iris Xe,Windows 11,15.6,1920,1080,1,https://m.media-amazon.com/images/I/61yC4DN4asL._SL500_.jpg,,amazon
"Certified ThinkPad T430s (Slim) Core i5 3320m – 8GB RAM, 128GB SSD 14"", Win 10 Pro, Professional Business Laptop",Certified,13990.0,Intel Core i5,8.0,DDR4,128.0,SSD,Intel Iris Xe,Windows 11,15.6,1920,1080,1,https://m.media-amazon.com/images/I/61XGSJcXOOL._SL500_.jpg,,amazon
"acer TravelLite Thin Laptop AMD Ryzen 5 7430U |16GB RAM, 512GB SSD | 14"" Full HD Anti-Glare Display |Privacy Shutter| Windows 11 | Metal Body | 1.34Kg | Black | 3 Year Warranty",Acer,49600.0,Amd Ryzen 5 7430U,16.0,DDR4,512.0,SSD,Intel Iris Xe,Windows 11,15.6,3840,2160,1,https://m.media-amazon.com/images/I/81fYz-KdI6L._SL500_.jpg,,amazon
"Lenovo ThinkBook 16 AMD Ryzen 5 7535HS (8GB RAM/512GB SSD/Win 11 Home/Office 2024/Backlit Keyboard/Fingerprint) 16"" WUXGA IPS 300 Nits Thin & Light Laptop/1Y Warranty/Aluminium Top/1.7kg, 21MWA0BRIN",Lenovo,62999.0,Amd Ryzen 5 7535Hs,8.0,DDR4,512.0,SSD,Intel Iris Xe,Windows 11,15.6,1920,1080,1,https://m.media-amazon.com/images/I/51XpiWaeMQL._SL500_.jpg,,amazon
"Lenovo V15 G4 (2024), AMD Ryzen 3 7320U Quad Core - (8GB/512GB SSD/AMD Radeon Graphics/Windows 11 Home) Thin and Light Business Laptop/15.6"" FHD Display/Arctic Grey/1.57 kg/MS Office 2021",Lenovo,44890.0,Amd Ryzen 3 7320U,8.0,DDR4,512.0,SSD,Amd Radeon Graphics,Windows 11,15.6,1920,1080,1,https://m.media-amazon.com/images/I/61AccNkmFFL._SL500_.jpg,,amazon
"HP Smartchoice Victus, AMD Ryzen 7 7445HS, 6GB RTX 3050, 16GB DDR5(Upgradeable) 512GB SSD, FHD, 144Hz, 300 nits, 15.6''/39.6cm, Win 11, M365* Office24, Blue, 2.29kg, fb3134AX/3120ax, Gaming Laptop",HP,78990.0,Amd Ryzen 7 7445Hs,16.0,DDR5,512.0,SSD,Rtx 3050,Windows 11,15.6,1920,1080,1,https://m.media-amazon.com/images/I/71o5eHSQiKL._SL500_.jpg,,amazon
"Lenovo IdeaPad Slim 5 Ryzen 7 7735HS (16GB RAM/512GB SSD/Integrated AMD Radeon 680M Graphics/WUXGA IPS Display/13.3"" (33.7cm)/Windows 11/Office Home 2024/Backlit KB/Grey/1.15Kg), 83J2000HIN Laptop",Lenovo,70990.0,Intel Core i5,16.0,DDR4,512.0,SSD,Amd Radeon 680M,Windows 11,13.3,1920,1080,1,https://m.media-amazon.com/images/I/616BhYEGRHL._SL500_.jpg,,amazon
"HP 15 (2026), AMD Ryzen 5 Hexa Core 7535U - (8 GB DDR5/512 GB SSD/AMD Radeon 660M Graphics/Windows 11 Home) Thin and Light Business Laptop/15.6"" FHD Display/Turbo Silver/Copilot Key/1.5kg/MS Office",HP,47810.0,Intel Core i5,8.0,DDR5,512.0,SSD,Amd Radeon 660M,Windows 11,15.6,1920,1080,1,https://m.media-amazon.com/images/I/71vF+WK+vrL._SL500_.jpg,,amazon
"Lenovo LOQ, 13th Gen Intel Core i7 13700HX, RTX 5050-8GB, 16GB RAM, 1TB SSD, FHD, 15.6""/39.6cm, 144Hz, Windows 11, Office 2024, Grey, 2.4Kg, 440 AI Tops, 3 Mon. Game Pass, 83JE00U7IN, AI Gaming Laptop",Lenovo,124559.0,Intel Core I7 13700Hx,16.0,DDR4,512.0,SSD,Rtx 5050,Windows 11,15.6,3840,2160,1,https://m.media-amazon.com/images/I/81Iu6HQRSYL._SL500_.jpg,,amazon
"Lenovo IdeaPad Slim 3, Intel Core i3 13th Gen 1315U, 8GB RAM, 512GB SSD, FHD 15.6""(39.6cm), Windows 11, Office 2024, Grey, 1.6Kg, 82X700G5IN, Alexa Built-in, 1Yr ADP Free, 3 Month Game Pass Laptop",Lenovo,47990.0,Intel Core I3 13Th,8.0,DDR4,512.0,SSD,Intel Iris Xe,Windows 11,15.6,1920,1080,1,https://m.media-amazon.com/images/I/81Be1f26lVL._SL500_.jpg,,amazon
"HP 15 (2026), AMD Ryzen 5 Hexa Core 7535U - (8 GB DDR5/512 GB SSD/AMD Radeon 660M Graphics/Windows 11 Pro) Thin and Light Business Laptop/15.6"" FHD Display/Turbo Silver/Copilot Key/1.5kg/MS Office",HP,48810.0,Intel Core i5,8.0,DDR5,512.0,SSD,Amd Radeon 660M,Windows 11,15.6,1920,1080,1,https://m.media-amazon.com/images/I/71FL4Z5JtiL._SL500_.jpg,,amazon
"Lenovo IdeaPad Slim 3, 13th Gen Intel Core i5 13420H, 24GB RAM, 1TB SSD, WUXGA IPS, 15.3""/38.8cm, Windows 11, Office Home 2024, Grey, 1.6Kg, Backlit Keyboard, 1Yr ADP Free, 83K100PLIN, Laptop",Lenovo,72990.0,Intel Core I5 13420H,24.0,DDR4,512.0,SSD,Intel Iris Xe,Windows 11,15.3,1920,1080,1,https://m.media-amazon.com/images/I/71D9HSayVSL._SL500_.jpg,,amazon
"Lenovo Thinkpad E16 G2 16-inch (40.64 CM) Laptop, AMD Ryzen 7 7735HS (8-Core), 16GB DDR5 RAM, 512GB NVMe SSD, FHD+ IPS Display, Radeon 680M, Wi-Fi 6, Fingerprint Reader, Windows 11, MS-Office 2024",Lenovo,79999.0,Amd Ryzen 7 7735Hs,16.0,DDR5,512.0,SSD,Intel Iris Xe,Windows 11,15.6,1920,1080,1,https://m.media-amazon.com/images/I/41uEbB6OfGL._SL500_.jpg,,amazon
"Lenovo 14 (2025), Intel Core i5 13th Gen 1335U - (16 GB/512 GB SSD/Intel UHD Graphics/Windows 11 Pro) Thin and Light Business Laptop/14.0"" FHD Display/Iron Grey/1.4 kg/MS Office 2021",Lenovo,60310.0,Intel Core I5 13Th,8.0,DDR4,512.0,SSD,Intel Uhd Graphics,Windows 11,14.0,1920,1080,1,https://m.media-amazon.com/images/I/61aMJDDv+aL._SL500_.jpg,,amazon
"HP 15 (2026), AMD Ryzen 7 Octa Core 7735U - (16 GB DDR5/512 GB SSD/AMD Radeon 680M Graphics/Windows 11 Home) Thin & Light Business Laptop/15.6"" FHD Display/Backlit + Fingerprint/Silver/1.5kg/MS Office",HP,59410.0,Intel Core i5,16.0,DDR5,512.0,SSD,Amd Radeon 680M,Windows 11,15.6,1920,1080,1,https://m.media-amazon.com/images/I/71T8jpcdOxL._SL500_.jpg,,amazon
"Dell Inspiron 3530, Intel Core i5 13th Gen-1334U,16GB RAM, 1TB SSD, FHD 15.6""/39.62 cm, Win11+MSO'24 (Office 365*) Silver, 1.62kg, Backlit Keyboard,120Hz 250 nits Display /15 Month McAfee,Thin & Light",Dell,63990.0,Intel Core I5 13Th,16.0,DDR4,512.0,SSD,Intel Iris Xe,Windows 11,15.6,2560,1600,1,https://m.media-amazon.com/images/I/61RbF1RaoeL._SL500_.jpg,,amazon
"acer Aspire 3, Intel Pentium N6000, 12GB LPDDR4X RAM, 512GB SSD, HD, 15.6""/39.62cm, Windows 11 Home, Pure Silver, 1.5KG, A325-45, Thin and Light Laptop",Acer,38990.0,Intel Pentium N6000,12.0,LPDDR4X,512.0,SSD,Intel Iris Xe,Windows 11,15.6,1366,768,1,https://m.media-amazon.com/images/I/61CISrp2PzL._SL500_.jpg,,amazon
"Samsung Galaxy Book4 15.6"" Full HD Screen | Intel Core i5 1335U Processor | 16GB RAM | 512GB SSD | Windows 11 Home | ms-Office | Fingerprint Reader | Intel Iris XE Graphics | NP750XGJ-LG7IN | Grey.",Samsung,60750.0,Intel Core I5 1335U,16.0,DDR4,512.0,SSD,Intel Iris Xe,Windows 11,15.6,1920,1080,1,https://m.media-amazon.com/images/I/61I43SYGRQL._SL500_.jpg,,amazon
"HP Professional 15 (2026), Intel (i3 14th Gen) Core 3 100U - (16 GB/512 GB SSD/Intel UHD Graphics/Windows 11 Home) Thin & Light Business Laptop/15.6"" Display/Turbo Silver/Copilot Key/1.5kg/MS Office",HP,52710.0,Intel Core i5,8.0,DDR4,512.0,SSD,Intel Uhd Graphics,Windows 11,15.6,1366,768,1,https://m.media-amazon.com/images/I/619floeDsCL._SL500_.jpg,,amazon
"ASUS Vivobook 15,13th Gen,Intel Core i7-13620H(Intel UHD iGPU/16GB RAM/1TB SSD/FHD/15.6""/60Hz/Backlit Keyboard/42Whr/Windows 11/M365 Basic (1Year)*/Office Home 2024/Quiet Blue/1.7 Kg)X1502VA-BQ1298WS",ASUS,71990.0,Intel Core I7-13620H,16.0,DDR4,512.0,SSD,Intel Iris Xe,Windows 11,15.6,1920,1080,1,https://m.media-amazon.com/images/I/71CfNycRwnL._SL500_.jpg,,amazon
"Certified | Thinkpad T430 Professional Business Laptop | Core i5-3320M | 16GB RAM | 1TB SSD | 14” HD Display | WiFi | Webcam | Win 10 Pro (Core i5-3320m, 1, TB)",Certified,19990.0,Intel Core i5,16.0,DDR4,512.0,SSD,Intel Iris Xe,Windows 11,15.6,1366,768,1,https://m.media-amazon.com/images/I/61rLg7iMuXL._SL500_.jpg,,amazon
"ASUS Zenbook 14, Intel Core Ultra 5 Series 2, 16GB RAM, 1TB SSD, 3K OLED 14"", Touchscreen, Win 11, Office Home 2024, Ponder Blue, 1.28kg, UX3405CA-PZ162WS, Intel Arc iGPU, M365 Basic (1Year)* Laptop",ASUS,106990.0,Intel Core Ultra 5,16.0,DDR4,512.0,SSD,Intel Arc Igpu,Windows 11,15.6,1920,1080,1,https://m.media-amazon.com/images/I/71n6Fs5KQPL._SL500_.jpg,,amazon
Model𝗟𝗲𝗻𝗼𝘃𝗼 L490 Laptop | Core i5 8th Gen | 16GB RAM | 512GB SSD | 14-inch Full HD Display Win 10 pro | (PRE-Owned & Tested),Model𝗟𝗲𝗻𝗼𝘃𝗼,25299.0,Intel Core i5,16.0,DDR4,512.0,SSD,Intel Iris Xe,Windows 11,15.6,1920,1080,1,https://m.media-amazon.com/images/I/51G8BlhaMAL._SL500_.jpg,,amazon
"ASUS Vivobook 16, Snapdragon X, 16GB RAM, 512GB SSD, FHD+ 16"", Windows 11, Office Home 2024, Quiet Blue, 1.88kg, X1607QA-MB049WS, Qualcomm Adreno iGPU, 45TOPS, M365 Basic (1Year)* Laptop",ASUS,58490.0,Snapdragon X,16.0,DDR4,512.0,SSD,Intel Iris Xe,Windows 11,15.6,1920,1080,1,https://m.media-amazon.com/images/I/71oGM-26fZL._SL500_.jpg,,amazon
"Lenovo IdeaPad Slim 1, AMD Ryzen 5 5500U, 16GB RAM, 512GB SSD, HD, 15.6"", Windows 11 Home, MS Office 21, Cloud Grey, 1.61Kg, 82R400ERIN, Integrated AMD Graphics, 1Yr ADP Free, Thin and Light Laptop",Lenovo,48650.0,Amd Ryzen 5 5500U,16.0,DDR4,512.0,SSD,Intel Iris Xe,Windows 11,15.6,1366,768,1,https://m.media-amazon.com/images/I/71xHNSCyRsL._SL500_.jpg,,amazon
"ASUS Zenbook 14 (2026),Intel Core Ultra 7 255H,Intel Arc iGPU,32GB RAM,1TB SSD,OLED,Touchscreen,14""(35.5 cm),Win 11,M365 Basic(1Y)* Office 24,Ponder Blue,1.28 Kg,UX3405CA-QL1015WS,Thin & Light Laptop",ASUS,115990.0,Intel Core Ultra 7,32.0,DDR4,512.0,SSD,Intel Arc Igpu,Windows 11,15.6,1920,1080,1,https://m.media-amazon.com/images/I/71+Z7DtsGdL._SL500_.jpg,,amazon
"HP 15 (2025), Intel Core i3 13th Gen 1315U - (32 GB/512 GB SSD/Intel UHD Graphics/Windows 11 Pro) Thin and Light Business Laptop/15.6"" HD Display/Ash Grey/1.5 kg/MS Office 2021",HP,61999.0,Intel Core I3 13Th,8.0,DDR4,512.0,SSD,Intel Uhd Graphics,Windows 11,15.6,1366,768,1,https://m.media-amazon.com/images/I/71zPPqzxUsL._SL500_.jpg,,amazon
"Lenovo ThinkPad E14 AMD Ryzen 7 7735HS (16GB RAM/512GB SSD/Win11 Home/Office 2024/Backlit Keyboard/Fingerprint) 14"" WUXGA IPS 300 Nits Thin & Light Laptop/1Y Warranty/Aluminium Top/1.42 kg,21M3S0KV00",Lenovo,97990.0,Amd Ryzen 7 7735Hs,16.0,DDR4,512.0,SSD,Intel Iris Xe,Windows 11,15.6,1920,1080,1,https://m.media-amazon.com/images/I/312AAM6ktlL._SL500_.jpg,,amazon
"HP 15 (2025), Intel Celeron Dual Core N4500 - (8 GB/256 GB SSD/Intel UHD Graphics/Windows 11 Home) Thin and Light Business Laptop/15.6"" HD Display/Ash Grey/1.5 kg/MS Office 2021",HP,37990.0,Intel Celeron Dual,8.0,DDR4,256.0,SSD,Intel Uhd Graphics,Windows 11,15.6,1366,768,1,https://m.media-amazon.com/images/I/61vYp38K6mL._SL500_.jpg,,amazon
"HP Professional 14 (2025), Intel Core i3 13th Gen 1315U - (16 GB/512 GB SSD/Intel UHD Graphics/Windows 11 Pro) Thin and Light Business Laptop/14.0"" HD Display/Turbo Silver/1.4 Kg/MSO 2021",HP,52990.0,Intel Core I3 13Th,8.0,DDR4,512.0,SSD,Intel Uhd Graphics,Windows 11,14.0,1366,768,1,https://m.media-amazon.com/images/I/71mlCwkDsIL._SL500_.jpg,,amazon
"HP 15, 13th Gen Intel Core i5-1334U Laptop (16GB DDR4, 512GB SSD) Anti-Glare, 15.6""/39.6cm, FHD, Win 11, Office 24, Silver, 1.59kg, Iris Xe Graphics, FHD Camera, Backlit KB, FD0577TU",HP,69990.0,Intel Core I5-1334U,16.0,DDR4,512.0,SSD,Intel Iris Xe,Windows 11,15.6,1920,1080,1,https://m.media-amazon.com/images/I/71J+OBadJCL._SL500_.jpg,,amazon
"Acer Aspire Lite, AMD Ryzen 3-7330U, Office 2024 + M365 Basic,8GB RAM, 256GB SSD, Full HD IPS, 15.6""/39.62 cm, Windows 11 Home, Steel Gray, 1.59 KG, AL15-41, Metal Body, Premium Thin and Light Laptop",Acer,46990.0,Intel Core i5,8.0,DDR4,256.0,SSD,Intel Iris Xe,Windows 11,15.6,1920,1080,1,https://m.media-amazon.com/images/I/51frVaqzoWL._SL500_.jpg,,amazon
"ASUS Vivobook Go 14, AMD Ryzen 5 7520U, 16GB RAM, 512GB SSD, FHD 14"", Windows 11, Office Home 2024, Black, 1.38kg, E1404FA-NK5542WS, AMD Radeon iGPU, 42WHrs, M365 Basic (1Year)* Laptop",ASUS,55900.0,Amd Ryzen 5 7520U,16.0,DDR4,512.0,SSD,Amd Radeon Igpu,Windows 11,15.6,1920,1080,1,https://m.media-amazon.com/images/I/71BZ8gtU6sL._SL500_.jpg,,amazon
"ASUS Zenbook Duo (2026),Intel Core Ultra 7 (Series 3),Intel iGPU,32GB RAM,1TB SSD,3K OLED,Touchscreen,14""(35.5 cm),Windows 11,M365 Basic(1Y),Office 24,Moher Gray,1.65 Kg, UX8407AA-SN183WS,Copilot+ PC",ASUS,299990.0,Intel Core Ultra 7,32.0,DDR4,512.0,SSD,Intel Iris Xe,Windows 11,15.6,1920,1080,1,https://m.media-amazon.com/images/I/7126hEkIukL._SL500_.jpg,,amazon
"Lenovo IdeaPad 5 2-in-1 AMD Ryzen AI 5 340 (16GB RAM/512GB SSD/14 (35.5cm)/WUXGA IPS/Windows 11/Copilot+PC/Microsoft 365 Basic + Office 2024/Digital Pen 2/Grey/1.6Kg), 83KT0052IN Convertible Laptop",Lenovo,77990.0,Intel Core i5,16.0,DDR4,512.0,SSD,Intel Iris Xe,Windows 11,15.6,1920,1080,1,https://m.media-amazon.com/images/I/81SHKxdSbyL._SL500_.jpg,,amazon
"Aspire Lite 13th Gen Intel Core i5-1334U, Office 2024 + M365 Basic, 16 GB RAM/512GB SSD, Full HD, 15.6""/39.62 cm, Win 11 Home, Backlit KB, Steel Gray, 1.59 KG, AL15-53, Metal Body, Thin & Light Laptop",Aspire,55890.0,Intel Core I5-1334U,16.0,DDR4,512.0,SSD,Intel Iris Xe,Windows 11,15.6,1920,1080,1,https://m.media-amazon.com/images/I/61yC4DN4asL._SL500_.jpg,,amazon
"Lenovo IdeaPad Slim 3 13th Gen Core i5-13420H 15.3 inch (38.8cm) WUXGA IPS Laptop (16GB RAM/1TB SSD/Windows 11/Office Home 2024/Backlit Keyboard/1Yr ADP Free/3 Mon. Game Pass/Grey/1.6Kg), 83K100HSIN",Lenovo,70990.0,Intel Core i5,16.0,DDR4,512.0,SSD,Intel Iris Xe,Windows 11,15.3,1920,1080,1,https://m.media-amazon.com/images/I/71D9HSayVSL._SL500_.jpg,,amazon
"ASUS Vivobook Go 15 (2025), AMD Ryzen 5 7520U Thin & Light Laptop(16GB RAM/512GB SSD/FHD/15.6""/60Hz/Windows 11/M365 Basic (1Year)*/Office Home 2024/Backlit KB/Mixed Black/1.63Kg) E1504FA-BQ2414WS",ASUS,54550.0,Amd Ryzen 5 7520U,16.0,DDR4,512.0,SSD,Intel Iris Xe,Windows 11,15.6,1920,1080,1,https://m.media-amazon.com/images/I/61EDWCjLk8L._SL500_.jpg,,amazon
"𝗗𝗲𝗹𝗹Laptop Model 5400 Corporate Laptop | i5 8th Gen | 8GB RAM | 256GB SSD | 14"" FHD | Win 10 | A+ Grade (Refab) 𝐍𝐨𝐂𝐨𝐬𝐭𝐄𝐌𝐈",𝗗𝗲𝗹𝗹laptop,27499.0,Intel Core i5,8.0,DDR4,256.0,SSD,Intel Iris Xe,Windows 11,15.6,1920,1080,1,https://m.media-amazon.com/images/I/31q2-8TNSZL._SL500_.jpg,,amazon
"Lenovo 14 (2025), Intel Core i5 13th Gen 13420H - (8 GB/512 GB SSD/Intel UHD Graphics/Windows 11 Home) Thin and Light Business Laptop/14.0"" FHD Display/Iron Grey/1.4 kg/Microsoft Office 2021",Lenovo,54990.0,Intel Core I5 13Th,8.0,DDR4,512.0,SSD,Intel Uhd Graphics,Windows 11,14.0,1920,1080,1,https://m.media-amazon.com/images/I/61sORc7KqSL._SL500_.jpg,,amazon
"Lenovo 15 (2026), Intel Core i3 13th Gen 1315U - (8 GB DDR5/512 GB SSD/Intel UHD Graphics/Windows 11 Pro) Thin and Light Business Laptop/15.6"" FHD Display/Iron Grey/1.6 kg/MS Office",Lenovo,47410.0,Intel Core I3 13Th,8.0,DDR5,512.0,SSD,Intel Uhd Graphics,Windows 11,15.6,1920,1080,1,https://m.media-amazon.com/images/I/91IQob-TTzL._SL500_.jpg,,amazon
"HP Professional 15 (2026), Intel (i5 14th Gen) Core 5 120U - (8 GB/512 GB SSD/Intel Iris Xe Graphics/Windows 11 Home) Business Laptop/15.6"" FHD/Backlit + FingerPrint/Silver/Copilot Key/1.5kg/MS Office",HP,58990.0,Intel Core i5,8.0,DDR4,512.0,SSD,Intel Iris Xe,Windows 11,15.6,1920,1080,1,https://m.media-amazon.com/images/I/71min2uj4ZL._SL500_.jpg,,amazon
"ASUS Vivobook Go 15 (2023) AMD Ryzen 5 Quad Core 7520U - (8 GB/512 GB SSD/Windows 11 Home) E1504FA-NJ521WS Thin and Light Laptop (15.6 Inch, Cool Silver, 1.63 Kg, with MS Office)",ASUS,55990.0,Intel Core i5,8.0,DDR4,512.0,SSD,Intel Iris Xe,Windows 11,15.6,1920,1080,1,https://m.media-amazon.com/images/I/31x9tXSPdpL._SL500_.jpg,,amazon
"HP Professional 14 (2025), Intel Core i5 13th Gen 1334U - 32 GB/512 GB SSD/Intel Iris Xe Graphic/Windows 11 Home Thin and Light Business Laptop/14.0"" FHD/Backlit + Fingerprint/Silver/1.4 Kg/MSO 2021",HP,75999.0,Intel Core I5 13Th,8.0,DDR4,512.0,SSD,Intel Iris Xe,Windows 11,14.0,1920,1080,1,https://m.media-amazon.com/images/I/712g6EKmQDL._SL500_.jpg,,amazon
"Dell Inspiron 3530, Intel Core i5-1334U, 13th Gen, 16GB RAM, 512 SSD, FHD, 15.6""/39.62cm, Windows 11, MS Office 24, Black, 1.62KG, McAfee 15 Month, Thin & Light Laptop",Dell,63000.0,Intel Core I5-1334U,16.0,DDR4,512.0,SSD,Intel Iris Xe,Windows 11,15.6,2560,1600,1,https://m.media-amazon.com/images/I/71WuRLJnL4L._SL500_.jpg,,amazon
"HP Professional 15 (2026), Intel (i3 14th Gen) Core 3 100U - (16 GB/512 GB SSD/Intel UHD Graphics/Windows 11 Pro) Thin & Light Business Laptop/15.6"" Display/Turbo Silver/Copilot Key/1.5kg/MS Office",HP,52620.0,Intel Core i5,8.0,DDR4,512.0,SSD,Intel Uhd Graphics,Windows 11,15.6,1366,768,1,https://m.media-amazon.com/images/I/718-7YE0WQL._SL500_.jpg,,amazon
"HP 14, 13th Gen Intel Core i5-1334U Laptop (16GB DDR4,512GB SSD) Anti-Glare, Micro-Edge, 14/35.6cm, FHD, Win11, M365 Basic(1yr),Office Home24, Silver,1.4kg, FHD Camera w/Privacy Shutter,ep0340TU",HP,63490.0,Intel Core I5-1334U,16.0,DDR4,512.0,SSD,Intel Iris Xe,Windows 11,15.6,3840,2160,1,https://m.media-amazon.com/images/I/71QmnM0kEfL._SL500_.jpg,,amazon
"ASUS Vivobook S16,Intel Core Ultra 7 255H,AI PC(Intel Arc iGPU/16GB RAM/512GB SSD/FHD/16/60Hz/Backlit Keyboard/70Whr/Windows 11/M365 Basic(1Year)*/Office Home 2024/Cool Silver/1.7 Kg) S3607CA-SH077WS",ASUS,90990.0,Intel Core Ultra 7,16.0,DDR4,512.0,SSD,Intel Arc Igpu,Windows 11,15.6,1920,1080,1,https://m.media-amazon.com/images/I/71hCtRyi+LL._SL500_.jpg,,amazon
"DELL Latitude 3540 (2024) Intel Core i3 12th Gen 1215U - (8 GB/512 GB SSD/Intel UHD Graphics/Windows 11 Pro) Thin and Light Business Laptop/15.6"" HD Display/Smoky Black/1.8 kg/MS Office 2021",Dell,44990.0,Intel Core I3 12Th,8.0,DDR4,512.0,SSD,Intel Uhd Graphics,Windows 11,15.6,1366,768,1,https://m.media-amazon.com/images/I/61yY4ZxfCrL._SL500_.jpg,,amazon
Certified | T430 Business Laptop | Core i5-3320m | 16GB RAM | 256GB SSD | 14” HD Display | WiFi | Webcam | Win 10 Pro,Certified,16990.0,Intel Core i5,16.0,DDR4,256.0,SSD,Intel Iris Xe,Windows 11,15.6,1366,768,1,https://m.media-amazon.com/images/I/61rLg7iMuXL._SL500_.jpg,,amazon
"HP Professional 15 (2026), Intel (i3 14th Gen) Core 3 100U - (8 GB/512 GB SSD/Intel UHD Graphics/Windows 11 Pro) Thin & Light Business Laptop/15.6"" Display/Turbo Silver/Copilot Key/1.5kg/MS Office",HP,47810.0,Intel Core i5,8.0,DDR4,512.0,SSD,Intel Uhd Graphics,Windows 11,15.6,1366,768,1,https://m.media-amazon.com/images/I/71LFZxS09oL._SL500_.jpg,,amazon
"HP Professional 14 (2026), Intel (i5 14th Gen) Core 5 120U - (8 GB/512 GB SSD/Intel Iris Xe Graphics/Windows 11 Home) Business Laptop/14.0"" FHD/Backlit + FingerPrint/Silver/Copilot Key/1.4kg/MS Office",HP,58410.0,Intel Core i5,8.0,DDR4,512.0,SSD,Intel Iris Xe,Windows 11,14.0,3840,2160,1,https://m.media-amazon.com/images/I/71loSWi1sZL._SL500_.jpg,,amazon
"Lenovo Yoga 7 2-in-1, Intel Core Ultra 7 258V, 32GB RAM, 1TB SSD, WQXGA+ OLED, Copilot+ AI PC, 14""/35.5cm, Win 11, Office 2024, Seashell, 1.38Kg, 47 Tops, Yoga Pen, 83JQ000NIN, Convertible Laptop",Lenovo,147624.0,Intel Core Ultra 7,32.0,DDR4,512.0,SSD,Intel Iris Xe,Windows 11,15.6,1920,1080,1,https://m.media-amazon.com/images/I/61AaEbXp3LL._SL500_.jpg,,amazon
"Lenovo IdeaPad Slim 3 Intel Core i3 12th Gen 15.6 inch (39.62cm) FHD Thin & Light Laptop (8GB/512GB SSD/Windows 11/Office 2021/3months Game Pass/Arctic Grey/1.63Kg), 82RK00VWIN",Lenovo,47800.0,Intel Core I3 12Th,8.0,DDR4,512.0,SSD,Intel Iris Xe,Windows 11,15.6,1920,1080,1,https://m.media-amazon.com/images/I/81+SKGgJ9yL._SL500_.jpg,,amazon
"HP Professional 240R G10 Ultra-Light Business Laptop with Intel Core 3-100U, 16GB DDR4 RAM, 512GB SSD, 14″ FHD IPS Display, Copilot Key, Windows 11 Pro & MS Office 2024",HP,52990.0,Intel Core i5,16.0,DDR4,512.0,SSD,Intel Iris Xe,Windows 11,15.6,1920,1080,1,https://m.media-amazon.com/images/I/516VbaB5tZL._SL500_.jpg,,amazon
"Lenovo V14 G4 (2024), AMD Ryzen 3 7320U Quad Core - (8GB/512GB SSD/AMD Radeon Graphics 610M/Windows 11) Thin and Light Business Laptop/14 FHD Display/Silver/1.47 kg/MS Office 2021",Lenovo,44800.0,Amd Ryzen 3 7320U,8.0,DDR4,512.0,SSD,Amd Radeon Graphics,Windows 11,15.6,1920,1080,1,https://m.media-amazon.com/images/I/51aoXk4rzXL._SL500_.jpg,,amazon
"ASUS Vivobook S16,Intel Core Ultra 5 225H,AI PC(Intel Arc iGPU/16GB RAM/512GB SSD/FHD/16/60Hz/Backlit Keyboard/70Whr/Windows 11/M365 Basic(1Year)*/Office Home 2024/Cool Silver/1.7 Kg) S3607CA-SH071WS",ASUS,79990.0,Intel Core Ultra 5,16.0,DDR4,512.0,SSD,Intel Arc Igpu,Windows 11,15.6,1920,1080,1,https://m.media-amazon.com/images/I/71MAe4Du8uL._SL500_.jpg,,amazon
"HP Professional 15 (2026), Intel (i5 14th Gen) Core 5 120U - (8 GB/512 GB SSD/Intel Iris Xe Graphics/Windows 11 Pro) Business Laptop/15.6"" FHD/Backlit + Fingerprint/Silver/Copilot Key/1.5kg/MS Office",HP,58520.0,Intel Core i5,8.0,DDR4,512.0,SSD,Intel Iris Xe,Windows 11,15.6,1920,1080,1,https://m.media-amazon.com/images/I/71O31Atk3RL._SL500_.jpg,,amazon
"HP Laptop 255 G9 (2024), AMD Athlon Silver 3050U - (4GB/256GB SSD/AMD Radeon Graphics/Windows 11) Thin and Light Business Laptop/15.6"" (39.62cm)/Black/1.47 kg/MS Office 2021",HP,39999.0,Amd Athlon Silver,8.0,DDR4,256.0,SSD,Amd Radeon Graphics,Windows 11,15.6,1920,1080,1,https://m.media-amazon.com/images/I/71RTGKgUGeL._SL500_.jpg,,amazon
"Lenovo V14 G4 AMD Ryzen 5 7520U 14"" (35.56 cm) FHD Laptop (16GB LPDDR5 RAM/512GB SSD/Windows 11 Home/Ms-Office /2GB AMD Radeon 610M Graphics/Dolby Audio/Arctic Grey/1.43 Kg), 1 Year Warranty",Lenovo,54999.0,Amd Ryzen 5 7520U,16.0,LPDDR5,512.0,SSD,Amd Radeon 610M,Windows 11,15.6,1920,1080,1,https://m.media-amazon.com/images/I/71SPCKh5E+L._SL500_.jpg,,amazon
"MSI Venture 15 AI,Intel Series 1 Core Ultra 5 125H,40CM FHD 144Hz Thin & Light Laptop(16GB/512GB NVMe SSD/Windows 11 Home/Office 2021/Arc Graphics/Solid Gray/1.9Kg) A1MG-005IN",MSI,75700.0,Intel Core i5,8.0,DDR4,512.0,SSD,Intel Iris Xe,Windows 11,15.6,1920,1080,1,https://m.media-amazon.com/images/I/71xWCDzuPwL._SL500_.jpg,,amazon
"DELL Inspiron 5440 (2025) Intel Core i3 13th Gen 1305U - (16 GB/512 GB SSD/Windows 11 Home) Inspiron 5440 Thin and Light Laptop (14 inch, Ice Blue, 1.5 kg, with MS Office)",Dell,52100.0,Intel Core I3 13Th,8.0,DDR4,512.0,SSD,Intel Iris Xe,Windows 11,15.6,1920,1080,1,https://m.media-amazon.com/images/I/815EBJT+CoL._SL500_.jpg,,amazon
"Apple 2025 MacBook Air (13-inch, Apple M4 chip with 10-core CPU and 8-core GPU, 16GB Unified Memory, 256GB) - Silver",Apple,93990.0,Intel Core i5,8.0,DDR4,256.0,SSD,Intel Iris Xe,Windows 11,15.6,1920,1080,1,https://m.media-amazon.com/images/I/711NKCLZfaL._SL500_.jpg,,amazon
"Lenovo IdeaPad Slim 3 15IAH8 Intel Core i5 12th Gen Laptop (16GB, 512GB SSD, Windows 11 Home, 15.6 inch Full HD IPS Display, MS Office 2024, Arctic Grey, 1.62 KG) 83ER00KSIN",Lenovo,61800.0,Intel Core I5 12Th,8.0,DDR4,512.0,SSD,Intel Iris Xe,Windows 11,15.6,1920,1080,1,https://m.media-amazon.com/images/I/51gROiA8AFL._SL500_.jpg,,amazon
"acer Aspire 5 13th Gen Intel Core i5 (16 GB RAM/512 GB SSD/Windows 11 Home/MS Office), A515-58M 15.6"" Full HD IPS 45% NTSC Display, Steel Gray, 1.75 KG",Acer,59990.0,Intel Core i5,16.0,DDR4,512.0,SSD,Intel Iris Xe,Windows 11,15.6,1920,1080,1,https://m.media-amazon.com/images/I/81x3tKnUBaL._SL500_.jpg,,amazon
"Model 5410 Laptop | i5 10th Gen | 8GB DDR4 RAM | 256GB SSD | HD Graphics 620 | 14"" HD Display | Win 10 Pro | A+ Condition (Pre-Owned & Tested)",Model,25995.0,Intel Core i5,8.0,DDR4,256.0,SSD,Intel Iris Xe,Windows 11,15.6,1366,768,1,https://m.media-amazon.com/images/I/51osxwK91fL._SL500_.jpg,,amazon
"Lenovo LOQ Intel Core i5 12th Gen 12450HX - (16 GB/512 GB SSD/Windows 11 Home/6 GB Graphics/NVIDIA GeForce RTX 3050) LOQ 83GS000PIN Gaming Laptop (15.6 inch, Luna Grey, 2.38 Kg, with MS Office)",Lenovo,84990.0,Intel Core I5 12Th,8.0,DDR4,512.0,SSD,Nvidia Geforce Rtx 3050,Windows 11,15.6,1920,1080,1,https://m.media-amazon.com/images/I/51g1O5oCHIL._SL500_.jpg,,amazon
"Lenovo IdeaPad Slim 3 Intel Core i3-1305U 14"" (35.5cm) FHD IPS 300 Nits Thin & Light Laptop (8GB/512GB SSD/Win 11/Office 2021/Alexa Built-in/1 Year ADP Free/Arctic Grey/1.37Kg), 82X60013IN",Lenovo,49888.0,Intel Core I3-1305U,8.0,DDR4,512.0,SSD,Intel Iris Xe,Windows 11,15.6,1920,1080,1,https://m.media-amazon.com/images/I/81K0c1HB7UL._SL500_.jpg,,amazon
"Lenovo IdeaPad 1 Intel Core i3-1315U 15.6 inch (38.5cm) FHD Laptop (8GB RAM/512GB SSD/Windows 11/Office Home 2024/1Year ADP Free/3 Month Game Pass/Grey/1.6Kg), 83B40004IN",Lenovo,47250.0,Intel Core I3-1315U,8.0,DDR4,512.0,SSD,Intel Iris Xe,Windows 11,15.6,1920,1080,1,https://m.media-amazon.com/images/I/715wXIR4U2L._SL500_.jpg,,amazon
"Lenovo IdeaPad Slim 3 12th Gen Intel Core i5-12450H 15.6 inch (39.6cm) FHD Laptop (16GB RAM/512GB SSD/Windows 11/Office Home 2024/1Yr ADP Free/Grey/1.62Kg), 83ER00KPIN",Lenovo,60900.0,Intel Core I5-12450H,16.0,DDR4,512.0,SSD,Intel Iris Xe,Windows 11,15.6,2560,1600,1,https://m.media-amazon.com/images/I/61TRKPzWmBL._SL500_.jpg,,amazon
"HP 15 Business Edition (2025), Intel Core i3 13th Gen 1315U | 16GB RAM | 512GB NVMe SSD | Windows 11 Pro | 15.6"" FHD IPS Anti-Glare Micro-Edge Display | Ultra-Light 1.59kg | Silver | MS Office 2024",HP,52100.0,Intel Core I3 13Th,16.0,DDR4,512.0,SSD,Intel Iris Xe,Windows 11,15.6,1920,1080,1,https://m.media-amazon.com/images/I/41FtNY9zniL._SL500_.jpg,,amazon
"HP Professional 14 (2025), Intel Core i5 13th Gen 1334U - (8 GB/512 GB SSD/Intel Iris Xe Graphics/Windows 11 Pro) Thin and Light Business Laptop/14.0"" FHD/Backlit + Fingerprint/Silver/1.4 Kg/MSO 2021",HP,58900.0,Intel Core I5 13Th,8.0,DDR4,512.0,SSD,Intel Iris Xe,Windows 11,14.0,1920,1080,1,https://m.media-amazon.com/images/I/71R+qOYLRhL._SL500_.jpg,,amazon
"acer TL 14[New Launch], Intel Core i3 13th Gen, 16GB DDR4, 512GB SSD, 14"" FHD IPS Laptop, Win 11Pro, MSO21, Silver,1.34kg, UHD Graphics, Privacy Shutter, MIL 810 Durable Metal Body, 12 AntiVirus",Acer,55990.0,Intel Core I3 13Th,16.0,DDR4,512.0,SSD,Intel Iris Xe,Windows 11,15.6,3840,2160,1,https://m.media-amazon.com/images/I/51Icq7hIANL._SL500_.jpg,,amazon
"ASUS Vivobook 15, (i5 14th Gen) Intel Core 5 120U,Thin & Light Laptop (16GB RAM/512GB SSD/FHD/15.6""/60Hz/Backlit Keyboard/Windows 11/Office 2021/Cool Silver/1.70 kg) X1504VAP-BQ224WS",ASUS,61990.0,Intel Core i5,16.0,DDR4,512.0,SSD,Intel Iris Xe,Windows 11,15.6,1920,1080,1,https://m.media-amazon.com/images/I/716Eix+3A0L._SL500_.jpg,,amazon
"Dell 15 Laptop, 14th Gen Intel Core 3 100U Processor, 8GB, 512GB, Intel UHD Graphics Graphics, 15.6"" FHD 120Hz IPS 250 nit Display, 12 Months Mcafee, Win 11 + Office H&S 2024, Platinum Silver, 1.63kg",Dell,48990.0,Intel Core i5,8.0,DDR4,512.0,SSD,Intel Uhd Graphics,Windows 11,15.6,1920,1080,1,https://m.media-amazon.com/images/I/81MzrlHnLHL._SL500_.jpg,,amazon
"ASUS Vivobook 16, Intel Core i5-12500H, 12th Gen, 16GB RAM, 512GB SSD, FHD+, 16""/40.64cm, Win 11, MS Office 2021, Silver, 1.8KG, Backlit Keyboard, X1605ZAC-MB540WS, Thin and Light Laptop",ASUS,59590.0,Intel Core I5-12500H,16.0,DDR4,512.0,SSD,Intel Iris Xe,Windows 11,15.6,1920,1080,1,https://m.media-amazon.com/images/I/71FxHLC7QLL._SL500_.jpg,,amazon
"Lenovo V15 12th Gen Intel Core i5-1235U 15.6"" FHD Thin and Light Laptop (16GB RAM/512GB SSD/Windows 11 Home/MS Office Home & Student 2021/Iron Grey/1.70 kg), 82TTA07RIH",Lenovo,58999.0,Intel Core I5-1235U,16.0,DDR4,512.0,SSD,Intel Iris Xe,Windows 11,15.6,1920,1080,1,https://m.media-amazon.com/images/I/719+CaSnPxL._SL500_.jpg,,amazon
"HP (4 GB/128 GB SSD/DOS NO Windows 15.6"" HD Black",HP,39999.0,Intel Core i5,8.0,DDR4,128.0,SSD,Intel Iris Xe,DOS,15.6,1366,768,1,https://m.media-amazon.com/images/I/71ZpvVtRcAL._SL500_.jpg,,amazon
"Lenovo V14 G3, 12th Gen Intel Core i7-1255U Upto 4.70Ghz (16GB RAM/512GB SSD/Windows 11) 14.0"" FHD Display Thin and Light Laptop/Iron Grey /1.70 kg 1 Year Onsite Brand Warranty",Lenovo,67990.0,Intel Core I7-1255U,16.0,DDR4,512.0,SSD,Intel Iris Xe,Windows 11,14.0,1920,1080,1,https://m.media-amazon.com/images/I/519RoeX1P4L._SL500_.jpg,,amazon
"ASUS Vivobook 16, Intel Core i5-13420H Processor,(16GB RAM/512GB SSD/16 FHD+ (1920 x 1200)/Win 11/M365 Basic (1Year)*/Backlit Keyboard/Office Home 2024/Silver/1.88 kg),X1605VA-MB1627WS",ASUS,60990.0,Intel Core I5-13420H,16.0,DDR4,512.0,SSD,Intel Iris Xe,Windows 11,15.6,1920,1080,1,https://m.media-amazon.com/images/I/71qHP8SjPUL._SL500_.jpg,,amazon
"Da Milano Leather Laptop Bag for Men & Women | Laptop Messenger Bag | Fits Up To 15"" Laptop | Ideal for Office Purpose (1995E-M)",Mi,24999.0,Intel Core i5,8.0,DDR4,512.0,SSD,Intel Iris Xe,Windows 11,15.6,1920,1080,1,https://m.media-amazon.com/images/I/81O-n6Cb9dL._SL500_.jpg,,amazon
Solid Sheesham Wooden Study Table & Desk with Drawer for Office and Home | Computer Laptop Table | Reading & Writing Desk | Laptop Desk (Mahogany),Solid,19949.0,Intel Core i5,8.0,DDR4,512.0,SSD,Intel Iris Xe,Windows 11,15.6,1920,1080,1,https://m.media-amazon.com/images/I/71LZhsM621L._SL500_.jpg,,amazon
"Samsonite Laptop Bag For Office | Softsided Briefcase Bag For Men Women | Openroad Nylon Laptop Bag with Space For Laptop Upto 16.4 Inch, Jet Black",Samsonite,19899.0,Intel Core i5,8.0,DDR4,512.0,SSD,Intel Iris Xe,Windows 11,16.4,1920,1080,1,https://m.media-amazon.com/images/I/713QFJJmAHL._SL500_.jpg,,amazon
"Da Milano LeatherLaptop Bag for Men & Women | Laptop Messenger Bag | Fits Up To 15"" Laptop | Ideal for Office Purpose (10122)",Mi,21999.0,Intel Core i5,8.0,DDR4,512.0,SSD,Intel Iris Xe,Windows 11,15.6,1920,1080,1,https://m.media-amazon.com/images/I/71fZSHOBjJL._SL500_.jpg,,amazon
Da Milano Leather Black Laptop Bag for Men & Women | Laptop Messenger Bag | Ideal for Office Purpose (6196M),Mi,16999.0,Intel Core i5,8.0,DDR4,512.0,SSD,Intel Iris Xe,Windows 11,15.6,1920,1080,1,https://m.media-amazon.com/images/I/71dUpqotA8L._SL500_.jpg,,amazon
Un-Desk Orion L-Shape Computer Table for Home Office and Study Table with 3 Shelf Workstation Corner Desk for Desktop Pc Laptop and Gaming Reversible Shelf Left and Right 150 CM Charcoal Black,Mi,13999.0,Intel Core i5,8.0,DDR4,512.0,SSD,Intel Iris Xe,Windows 11,15.6,1920,1080,1,https://m.media-amazon.com/images/I/71tVW+81HtL._SL500_.jpg,,amazon
"Samsonite Evosight Slim Bailhandle 15.6"" Laptop Bag | Slim Business Briefcase with Padded Laptop Compartment | Smart Sleeve | Lightweight Durable Office Bag for Men & Women | 2-Year Warranty | Navy",Samsonite,8600.0,Intel Core i5,8.0,DDR4,512.0,SSD,Intel Iris Xe,Windows 11,15.6,1920,1080,1,https://m.media-amazon.com/images/I/41vs8P8DEnL._SL500_.jpg,,amazon
"Drogo 2 in 1 SitNWork Multipurpose Foldable Laptop Table Tray Stand for Office Chair with Cup Holder, Angle & Height Adjustable | Portable Laptop Bed Tray Desk Stand with Mousepad & Bookstand (Grey)",Drogo,6599.0,Intel Core i5,8.0,DDR4,512.0,SSD,Intel Iris Xe,Windows 11,15.6,1920,1080,1,https://m.media-amazon.com/images/I/71bkoDefNPL._SL500_.jpg,,amazon
"𝗗𝗲𝗹𝗹Model 5410 Laptop | i5 10th Gen | 8GB DDR4 RAM | 256GB SSD | HD Graphics 620 | 14"" FHD Display | Win 10 Pro | A+ Condition (Pre-Owned & Tested)",𝗗𝗲𝗹𝗹model,23450.0,Intel Core i5,8.0,DDR4,256.0,SSD,Intel Iris Xe,Windows 11,15.6,1920,1080,1,https://m.media-amazon.com/images/I/51vIhMJreOL._SL500_.jpg,,amazon
"𝗗𝗲𝗹𝗹Laptop Model 5420 | i5 11th Gen Processor |8GB DDR4 RAM |256GB Fast SSD |14"" FHD Display | Win10 |(Pre-Owned & Tested)",𝗗𝗲𝗹𝗹laptop,27599.0,Intel Core i5,8.0,DDR4,256.0,SSD,Intel Iris Xe,Windows 10,15.6,1920,1080,1,https://m.media-amazon.com/images/I/51vIhMJreOL._SL500_.jpg,,amazon
"Certified ThinkPad T430s (Slim) Core i5 3320m – 8GB RAM, 256GB SSD 14"", Win 10 Pro, Professional Business Laptop",Certified,15490.0,Intel Core i5,8.0,DDR4,256.0,SSD,Intel Iris Xe,Windows 11,15.6,1920,1080,1,https://m.media-amazon.com/images/I/71ZFhHIL0wL._SL500_.jpg,,amazon
"Certified Latitude 7410 Business Laptop – Core i5-10310U, 16GB RAM, 512GB SSD, 14” Full HD Touchscreen, Win 11 Pro",Certified,33990.0,Intel Core i5,16.0,DDR4,512.0,SSD,Intel Iris Xe,Windows 11,15.6,1920,1080,1,https://m.media-amazon.com/images/I/61yEGOQAgML._SL500_.jpg,,amazon
"Certified Latitude 7410 Business Laptop – Core i5-10310U, 16GB RAM, 512GB SSD, 14” Full HD, Win 11 Pro",Certified,31990.0,Intel Core i5,16.0,DDR4,512.0,SSD,Intel Iris Xe,Windows 11,15.6,1920,1080,1,https://m.media-amazon.com/images/I/61EoB1wc9NL._SL500_.jpg,,amazon
Certified | T430 Business Laptop | Core i5-3320m | 16GB RAM | 128GB SSD | 14” HD Display | WiFi | Webcam | Win 10 Pro,Certified,14990.0,Intel Core i5,16.0,DDR4,128.0,SSD,Intel Iris Xe,Windows 11,15.6,1366,768,1,https://m.media-amazon.com/images/I/61rLg7iMuXL._SL500_.jpg,,amazon
"Refurbished 3530 Thin & Light Laptop, 13th Gen Intel Core i5-1334U Processor, 4GB, 256GBSSD, 15.6"" (39.62cm) FHD Display, Windows 11 + MSO'24 & 15 Month McAfee, Silver,1.62kg",Refurbished,59000.0,Intel Core I5-1334U,8.0,DDR4,256.0,SSD,Intel Iris Xe,Windows 11,15.6,2560,1600,1,https://m.media-amazon.com/images/I/71-51H6W1YL._SL500_.jpg,,amazon
"𝗗𝗲𝗹𝗹Laptop ModeI 7410 Laptop | InteI Core i5 10th Gen | 16GB DDR4 RAM | 256GB SSD | 14"" Full HD Display | Win 10 Pro | InteI UHD Graphics 620 | Seller Warranty | A+ Condition (Refab)",𝗗𝗲𝗹𝗹laptop,27999.0,Intel Core i5,16.0,DDR4,256.0,SSD,Intel Iris Xe,Windows 11,15.6,1920,1080,1,https://m.media-amazon.com/images/I/31q2-8TNSZL._SL500_.jpg,,amazon
"𝗗𝗲𝗹𝗹Model E5570 Laptop | Core i7 6th Gen | 8GB RAM | 256GB SSD | 15.6"" HD Display | HD Graphics | Win 10 | WiFi| (Pre-Owned & Tested)",𝗗𝗲𝗹𝗹model,20999.0,Intel Core i5,8.0,DDR4,256.0,SSD,Intel Iris Xe,Windows 11,15.6,1366,768,1,https://m.media-amazon.com/images/I/51osxwK91fL._SL500_.jpg,,amazon
𝗟𝗲𝗻𝗼𝘃𝗼Model L490 | InteI Core i5 8th Gen | 8GB RAM | 256GB SSD | 14-inch Full HD Display Win 10 pro | A+ Condition Laptop (Tested & Pre-Owned),𝗟𝗲𝗻𝗼𝘃𝗼model,21899.0,Intel Core i5,8.0,DDR4,256.0,SSD,Intel Iris Xe,Windows 11,15.6,1920,1080,1,https://m.media-amazon.com/images/I/51G8BlhaMAL._SL500_.jpg,,amazon
𝗟𝗲𝗻𝗼𝘃𝗼Model L14 | InteI Core i5 10th Gen Processor | 8GB RAM/512GB SSD | 14″ FHD Display Win 10 | A+ Condition Laptop (Refab),𝗟𝗲𝗻𝗼𝘃𝗼model,23995.0,Intel Core i5,8.0,DDR4,512.0,SSD,Intel Iris Xe,Windows 11,15.6,1920,1080,1,https://m.media-amazon.com/images/I/41agdqYcNHL._SL500_.jpg,,amazon
𝗟𝗲𝗻𝗼𝘃𝗼Model T14 Core i5 10th Gen Laptop | 8GB RAM | 256GB SSD | 14″ FHD Non-Touch | Win 10 | (Pre-Owned & Tested),𝗟𝗲𝗻𝗼𝘃𝗼model,23499.0,Intel Core i5,8.0,DDR4,256.0,SSD,Intel Iris Xe,Windows 11,15.6,1920,1080,1,https://m.media-amazon.com/images/I/51G8BlhaMAL._SL500_.jpg,,amazon
"Certified Latitude 7410 Business Laptop – Core i5-10310U, 8GB RAM, 256GB SSD, 14” Full HD Touchscreen, Win 11 Pro",Certified,31990.0,Intel Core i5,8.0,DDR4,256.0,SSD,Intel Iris Xe,Windows 11,15.6,1920,1080,1,https://m.media-amazon.com/images/I/61yEGOQAgML._SL500_.jpg,,amazon
"Certified ThinkPad L470 Business Laptop | Core i5-7200U 7th Gen Processor | Upto 32GB RAM | Upto 2TB SSD | 14"" HD Display | Int UHD 620 Graphics | WiFi | Bluetooth | Win 11 Pro (16.0, GB, 512.0, GB)",Certified,25990.0,Intel Core i5,32.0,DDR4,512.0,SSD,Intel Iris Xe,Windows 11,15.6,1366,768,1,https://m.media-amazon.com/images/I/61UBmSxZAdL._SL500_.jpg,,amazon
𝗟𝗲𝗻𝗼𝘃𝗼Model L14 | 𝗜𝗡𝗧𝗘𝗟i5 11th Gen Processor | 8GB RAM/256GB SSD | 14″ FHD Display Win 10 | A+ Condition Laptop (Refab),𝗟𝗲𝗻𝗼𝘃𝗼model,26995.0,Intel Core i5,8.0,DDR4,256.0,SSD,Intel Iris Xe,Windows 11,15.6,1920,1080,1,https://m.media-amazon.com/images/I/41agdqYcNHL._SL500_.jpg,,amazon
𝗟𝗲𝗻𝗼𝘃𝗼Model L14 | 𝗜𝗡𝗧𝗘𝗟i5 10th Gen Processor | 8GB RAM/256GB SSD | 14″ FHD Display Win 10 | A+ Condition Laptop (Refab),𝗟𝗲𝗻𝗼𝘃𝗼model,23995.0,Intel Core i5,8.0,DDR4,256.0,SSD,Intel Iris Xe,Windows 11,15.6,1920,1080,1,https://m.media-amazon.com/images/I/41agdqYcNHL._SL500_.jpg,,amazon
"𝗗𝗲𝗹𝗹Laptop Model 5400 | InteI i5-8th Gen Processor | 8GB DDR4 RAM - 256GB SSD | 14"" (35.6cm) FHD Display | Win 10 | Seller Warranty | A+ Condition Laptop (Refab)",𝗗𝗲𝗹𝗹laptop,23395.0,Intel Core i5,8.0,DDR4,256.0,SSD,Intel Iris Xe,Windows 11,15.6,1920,1080,1,https://m.media-amazon.com/images/I/31-wf067yxL._SL500_.jpg,,amazon
"Certified Latitude 7420 Business Laptop – Core i5-1145G7, 16GB RAM, 512GB SSD, 14” Full HD, Win 11 Pro",Certified,37990.0,Intel Core i5,16.0,DDR4,512.0,SSD,Intel Iris Xe,Windows 11,15.6,1920,1080,1,https://m.media-amazon.com/images/I/71xYPGNHUkL._SL500_.jpg,,amazon
"𝗗𝗲𝗹𝗹Laptop ModeI Latitude 5410 Laptop | InteI Core i5 10th Gen | 8GB DDR4 RAM | 256GB SSD | 14"" Full HD Display | Win 10 Pro | InteI UHD Graphics 620 | Seller Warranty | A+ Condition (Refab)",𝗗𝗲𝗹𝗹laptop,25499.0,Intel Core i5,8.0,DDR4,256.0,SSD,Intel Iris Xe,Windows 11,15.6,1920,1080,1,https://m.media-amazon.com/images/I/51LHNjAjH9L._SL500_.jpg,,amazon
𝗗𝗲𝗹𝗹Laptop Model 5400 Laptop | InteI Core i5 8th Gen | 8GB RAM | 256GB SSD | 14” FHD Display | Win10 | Business Laptop | Seller Warranty | A+ Condition (Refab),𝗗𝗲𝗹𝗹laptop,23400.0,Intel Core i5,8.0,DDR4,256.0,SSD,Intel Iris Xe,Windows 10,15.6,1920,1080,1,https://m.media-amazon.com/images/I/31q2-8TNSZL._SL500_.jpg,,amazon
𝗟𝗲𝗻𝗼𝘃𝗼Model E14 | InteI Core i5 10th Gen | 8GB RAM/512GB SSD | 14″ FHD Display Win 10 | A+ Condition Laptop (Refab),𝗟𝗲𝗻𝗼𝘃𝗼model,25995.0,Intel Core i5,8.0,DDR4,512.0,SSD,Intel Iris Xe,Windows 11,15.6,1920,1080,1,https://m.media-amazon.com/images/I/41agdqYcNHL._SL500_.jpg,,amazon
"𝗗𝗲𝗹𝗹Laptop Model 5420 | 𝗜𝗡𝗧𝗘𝗟i5 11th Gen Processor |8GB DDR4 RAM |256GB SSD |14"" FHD Display | Win 10 | A+ Condition Laptop (Refab)",𝗗𝗲𝗹𝗹laptop,25400.0,Intel Core i5,8.0,DDR4,256.0,SSD,Intel Iris Xe,Windows 11,15.6,1920,1080,1,https://m.media-amazon.com/images/I/51LHNjAjH9L._SL500_.jpg,,amazon
𝗟𝗲𝗻𝗼𝘃𝗼Model T14 Laptop| Core i5 10th Gen Laptop | 8GB RAM | 256GB SSD | 14″ FHD Non-Touch | Win 10 | (Pre-Owned & Tested),𝗟𝗲𝗻𝗼𝘃𝗼model,27999.0,Intel Core i5,8.0,DDR4,256.0,SSD,Intel Iris Xe,Windows 11,15.6,1920,1080,1,https://m.media-amazon.com/images/I/513BmVMUbUL._SL500_.jpg,,amazon
𝗟𝗲𝗻𝗼𝘃𝗼Model L14 Laptop | InteI Core i5 10th Gen Processor | 16GB Fast RAM - 512GB SSD | 14″ HD Display | A+ Condition (Pre-Owned & Tested),𝗟𝗲𝗻𝗼𝘃𝗼model,27999.0,Intel Core i5,8.0,DDR4,512.0,SSD,Intel Iris Xe,Windows 11,15.6,1366,768,1,https://m.media-amazon.com/images/I/513BmVMUbUL._SL500_.jpg,,amazon
"𝗗𝗲𝗹𝗹Laptop ModeI Latitude 7410 Laptop | InteI Core i5 10th Gen | 16GB DDR4 RAM | 256GB SSD | 14"" Full HD Display | Win 10 Pro | InteI UHD Graphics 620 | Seller Warranty | A+ Condition (Refab)",𝗗𝗲𝗹𝗹laptop,27999.0,Intel Core i5,16.0,DDR4,256.0,SSD,Intel Iris Xe,Windows 11,15.6,1920,1080,1,https://m.media-amazon.com/images/I/31q2-8TNSZL._SL500_.jpg,,amazon
"𝗗𝗲𝗹𝗹Model 7400 Laptop | i7-8665U Gen Processor | 8GB Ram | 256GB SSD | Win 10 14"" FHDBusiness Notebook (Pre-Owned & Tested)",𝗗𝗲𝗹𝗹model,26999.0,Intel Core i5,8.0,DDR4,256.0,SSD,Intel Iris Xe,Windows 11,15.6,1920,1080,1,https://m.media-amazon.com/images/I/51s5+KTJhqL._SL500_.jpg,,amazon
"Certified 1040G7 x360, Core i7-10510U 10th Gen Laptop (16GB RAM, 512GB NVMe SSD), Touchscreen, IPS, 14"" (35.6 cm) FHD, Win 11, Silver, Ultra-Slim Convertible, Fingerprint Reader, HD Camera",Certified,49990.0,Intel Core i5,16.0,DDR4,512.0,SSD,Intel Iris Xe,Windows 11,15.6,1920,1080,1,https://m.media-amazon.com/images/I/51Foi-g5m9L._SL500_.jpg,,amazon
𝗗𝗲𝗹𝗹Laptop Model 5400 Laptop | InteI Core i7 8th Gen | 8GB RAM | 256GB SSD | 14” FHD Display | Win 10 | Business Laptop | Seller Warranty | A+ Condition (Refab),𝗗𝗲𝗹𝗹laptop,25999.0,Intel Core i5,8.0,DDR4,256.0,SSD,Intel Iris Xe,Windows 11,15.6,1920,1080,1,https://m.media-amazon.com/images/I/31q2-8TNSZL._SL500_.jpg,,amazon
"Certified | Thinkpad T430 Professional Business Laptop | Core i7-3632QM | 16GB RAM | 1TB SSD | 14” HD Display | WiFi | Webcam | Win 10 Pro (Core i7-3632Qm, 128, GB)",Certified,14990.0,Intel Core i5,16.0,DDR4,512.0,SSD,Intel Iris Xe,Windows 11,15.6,1366,768,1,https://m.media-amazon.com/images/I/61rLg7iMuXL._SL500_.jpg,,amazon
"Modern 15, Intel 12th Gen i7-1255U, 40CM FHD Thin & Light Laptop (16GB/1TB NVMe SSD/Windows 11 Home/Iris Xe Graphics/Classic Black/1.7Kg), B12MO-815IN",Modern,69990.0,Intel Core i5,8.0,DDR4,512.0,SSD,Intel Iris Xe,Windows 11,15.6,1920,1080,1,https://m.media-amazon.com/images/I/71NTyYb-JhL._SL500_.jpg,,amazon
"𝗗𝗲𝗹𝗹Model 5400 Laptop | i7 | 8th Gen Processor | 8GB DDR4 RAM | 256GB SSD | 14"" FHD Display | Win 10 | A+ Condition (PRE-Owned & Tested)",𝗗𝗲𝗹𝗹model,26299.0,Intel Core i5,8.0,DDR4,256.0,SSD,Intel Iris Xe,Windows 11,15.6,1920,1080,1,https://m.media-amazon.com/images/I/512kOYK0kDL._SL500_.jpg,,amazon
𝗗𝗲𝗹𝗹Laptop Model 5400 Laptop | InteI Core i5 8th Gen | 8GB RAM | 256GB SSD | 14” FHD Display | Win 10 | Business Laptop | Seller Warranty | A+ Condition (Refab),𝗗𝗲𝗹𝗹laptop,26950.0,Intel Core i5,8.0,DDR4,256.0,SSD,Intel Iris Xe,Windows 11,15.6,1920,1080,1,https://m.media-amazon.com/images/I/31q2-8TNSZL._SL500_.jpg,,amazon
Certified | T430 Business Laptop | Core i7-3632QM | 16GB RAM | 1TB SSD | 14” HD Display | WiFi | Webcam | Win 10 Pro,Certified,23990.0,Intel Core i5,16.0,DDR4,512.0,SSD,Intel Iris Xe,Windows 11,15.6,1366,768,1,https://m.media-amazon.com/images/I/61rLg7iMuXL._SL500_.jpg,,amazon
𝗟𝗲𝗻𝗼𝘃𝗼Model T480s | InteI Core i7 8th Gen | 8GB RAM - 256GB SSD |14-inch Full HD Display | Win 10 pro | A+ Condition Laptop (Refab),𝗟𝗲𝗻𝗼𝘃𝗼model,24495.0,Intel Core i5,8.0,DDR4,256.0,SSD,Intel Iris Xe,Windows 11,15.6,1920,1080,1,https://m.media-amazon.com/images/I/41agdqYcNHL._SL500_.jpg,,amazon
"Certified 1040G7 x360, Core i7-10510U 10th Gen Laptop (16GB RAM, 1TB NVMe High Speed SSD), Touchscreen, IPS, 14"" (35.6 cm) FHD, Win 11, Silver, Ultra-Slim Convertible, Fingerprint Reader, HD Camera",Certified,61990.0,Intel Core i5,16.0,DDR4,512.0,SSD,Intel Iris Xe,Windows 11,15.6,1920,1080,1,https://m.media-amazon.com/images/I/51Foi-g5m9L._SL500_.jpg,,amazon
"Certified | Thinkpad T430 Professional Business Laptop | Core i7-3632QM | 16GB RAM | 256GB SSD | 14” HD Display | WiFi | Webcam | Win 10 Pro (Core i7-3632Qm, 256, GB)",Certified,15990.0,Intel Core i5,16.0,DDR4,256.0,SSD,Intel Iris Xe,Windows 11,15.6,1366,768,1,https://m.media-amazon.com/images/I/61rLg7iMuXL._SL500_.jpg,,amazon
"Certified ThinkPad L470 Business Laptop | Core i7-7500U 7th Gen Processor | 8GB RAM | 128GB SSD | 14"" HD Display | Int UHD 620 Graphics | WiFi | Bluetooth | Win 11 Pro",Certified,20990.0,Intel Core i5,8.0,DDR4,128.0,SSD,Intel Iris Xe,Windows 11,15.6,1366,768,1,https://m.media-amazon.com/images/I/61UBmSxZAdL._SL500_.jpg,,amazon
"Certified ThinkPad L470 Business Laptop | Core i7-7500U 7th Gen Processor | 8GB RAM | 256GB SSD | 14"" HD Display | Int UHD 620 Graphics | WiFi | Bluetooth | Win 11 Pro (8.0, GB, 256.0, GB)",Certified,22990.0,Intel Core i5,8.0,DDR4,256.0,SSD,Intel Iris Xe,Windows 11,15.6,1366,768,1,https://m.media-amazon.com/images/I/61UBmSxZAdL._SL500_.jpg,,amazon
"Certified ThinkPad L470 Business Laptop | Core i7-7500U 7th Gen Processor | 8GB RAM | 512GB SSD | 14"" HD Display | Int UHD 620 Graphics | WiFi | Bluetooth | Win 11 Pro (8.0, GB, 512.0, GB)",Certified,24990.0,Intel Core i5,8.0,DDR4,512.0,SSD,Intel Iris Xe,Windows 11,15.6,1366,768,1,https://m.media-amazon.com/images/I/61UBmSxZAdL._SL500_.jpg,,amazon
"Certified ThinkPad L470 Business Laptop | Core i7-7500U 7th Gen Processor | 16GB RAM | 128GB SSD | 14"" HD Display | Int UHD 620 Graphics | WiFi | Bluetooth | Win 11 Pro",Certified,24990.0,Intel Core i5,16.0,DDR4,128.0,SSD,Intel Iris Xe,Windows 11,15.6,1366,768,1,https://m.media-amazon.com/images/I/61UBmSxZAdL._SL500_.jpg,,amazon
𝗗𝗲𝗹𝗹Laptop Latitude 5411 Laptop | InteI Core i7 10th Gen | 8GB RAM | 256GB SSD | 14” FHD Display | Win 10 Pro | UHD Graphics | Business Laptop | Seller Warranty (Refab),𝗗𝗲𝗹𝗹laptop,29990.0,Intel Core i5,8.0,DDR4,256.0,SSD,Intel Iris Xe,Windows 11,15.6,1920,1080,1,https://m.media-amazon.com/images/I/51LHNjAjH9L._SL500_.jpg,,amazon
𝗗𝗲𝗹𝗹Laptop Model 5411 Laptop | InteI Core i7 10th Gen | 8GB RAM | 256GB SSD | 14” FHD Display | Win10 | Business Laptop | Seller Warranty | A+ Condition (Refab),𝗗𝗲𝗹𝗹laptop,28499.0,Intel Core i5,8.0,DDR4,256.0,SSD,Intel Iris Xe,Windows 10,15.6,1920,1080,1,https://m.media-amazon.com/images/I/51LHNjAjH9L._SL500_.jpg,,amazon
"Certified ThinkPad L470 Business Laptop | Core i7-7500U 7th Gen Processor | 16 GB RAM | 256GB SSD | 14"" HD Display | Int UHD 620 Graphics | WiFi | Bluetooth | Win 11 Pro (16.0, GB, 256.0, GB)",Certified,26990.0,Intel Core i5,16.0,DDR4,256.0,SSD,Intel Iris Xe,Windows 11,15.6,1366,768,1,https://m.media-amazon.com/images/I/61UBmSxZAdL._SL500_.jpg,,amazon
"Certified ThinkPad L470 Business Laptop | Core i7-7500U 7th Gen Processor | 8GB RAM | 1TB SSD | 14"" HD Display | Int UHD 620 Graphics | WiFi | Bluetooth | Win 11 Pro (8.0, GB, 1.0, TB)",Certified,27990.0,Intel Core i5,8.0,DDR4,512.0,SSD,Intel Iris Xe,Windows 11,15.6,1366,768,1,https://m.media-amazon.com/images/I/61UBmSxZAdL._SL500_.jpg,,amazon
"Certified ThinkPad L470 Business Laptop | Core i7-7500U 7th Gen Processor | 16GB RAM | 512GB SSD | 14"" HD Display | Int UHD 620 Graphics | WiFi | Bluetooth | Win 11 Pro (16.0, GB, 512.0, GB)",Certified,28990.0,Intel Core i5,16.0,DDR4,512.0,SSD,Intel Iris Xe,Windows 11,15.6,1366,768,1,https://m.media-amazon.com/images/I/61UBmSxZAdL._SL500_.jpg,,amazon
"Certified ThinkPad L470 Business Laptop | Core i7-7500U 7th Gen Processor | 32GB RAM | 2TB SSD | 14"" HD Display | Int UHD 620 Graphics | WiFi | Bluetooth | Win 11 Pro (32.0, GB, 2.0, TB)",Certified,45990.0,Intel Core i5,32.0,DDR4,512.0,SSD,Intel Iris Xe,Windows 11,15.6,1366,768,1,https://m.media-amazon.com/images/I/61UBmSxZAdL._SL500_.jpg,,amazon
"Certified ThinkPad L470 Business Laptop | Core i7-7500U 7th Gen Processor | 16GB RAM | 1TB SSD | 14"" HD Display | Int UHD 620 Graphics | WiFi | Bluetooth | Win 11 Pro (16.0, GB, 1.0, TB)",Certified,31990.0,Intel Core i5,16.0,DDR4,512.0,SSD,Intel Iris Xe,Windows 11,15.6,1366,768,1,https://m.media-amazon.com/images/I/61UBmSxZAdL._SL500_.jpg,,amazon
"Certified ThinkPad L470 Business Laptop | Core i7-7500U 7th Gen Processor | 32GB RAM | 1TB SSD | 14"" HD Display | Int UHD 620 Graphics | WiFi | Bluetooth | Win 11 Pro (32.0, GB, 1.0, TB)",Certified,40990.0,Intel Core i5,32.0,DDR4,512.0,SSD,Intel Iris Xe,Windows 11,15.6,1366,768,1,https://m.media-amazon.com/images/I/61UBmSxZAdL._SL500_.jpg,,amazon
"Certified ThinkPad L470 Business Laptop | Core i7-7500U 7th Gen Processor | 8GB RAM | 2TB SSD | 14"" HD Display | Int UHD 620 Graphics | WiFi | Bluetooth | Win 11 Pro (8.0, GB, 2.0, TB)",Certified,32990.0,Intel Core i5,8.0,DDR4,512.0,SSD,Intel Iris Xe,Windows 11,15.6,1366,768,1,https://m.media-amazon.com/images/I/61UBmSxZAdL._SL500_.jpg,,amazon
"Certified ThinkPad L470 Business Laptop | Core i7-7500U 7th Gen Processor | 16GB RAM | 2TB SSD | 14"" HD Display | Int UHD 620 Graphics | WiFi | Bluetooth | Win 11 Pro (16.0, GB, 2.0, TB)",Certified,36990.0,Intel Core i5,16.0,DDR4,512.0,SSD,Intel Iris Xe,Windows 11,15.6,1366,768,1,https://m.media-amazon.com/images/I/61UBmSxZAdL._SL500_.jpg,,amazon
"Certified ThinkPad L470 Business Laptop | Core i7-7500U 7th Gen Processor | 32GB RAM | 512GB SSD | 14"" HD Display | Int UHD 620 Graphics | WiFi | Bluetooth | Win 11 Pro (32.0, GB, 512.0, GB)",Certified,36990.0,Intel Core i5,32.0,DDR4,512.0,SSD,Intel Iris Xe,Windows 11,15.6,1366,768,1,https://m.media-amazon.com/images/I/61UBmSxZAdL._SL500_.jpg,,amazon
"𝗗𝗲𝗹𝗹Laptop Model 5411 | InteI Core i7 10th Gen Processor | 8GB DDR4 | 256GB SSD | 14"" Full HD | UHD 620 | Win 10 Pro | A+ Condition Laptop (Refab)",𝗗𝗲𝗹𝗹laptop,30990.0,Intel Core i5,8.0,DDR4,256.0,SSD,Intel Iris Xe,Windows 11,15.6,1920,1080,1,https://m.media-amazon.com/images/I/51LHNjAjH9L._SL500_.jpg,,amazon
"Certified ThinkPad L470 Business Laptop | Core i7-7500U 7th Gen Processor |32GB RAM | 128GB SSD | 14"" HD Display | Int UHD 620 Graphics | WiFi | Bluetooth | Win 11 Pro (32.0, GB, 128.0, GB)",Certified,32990.0,Intel Core i5,32.0,DDR4,128.0,SSD,Intel Iris Xe,Windows 11,15.6,1366,768,1,https://m.media-amazon.com/images/I/61UBmSxZAdL._SL500_.jpg,,amazon
"Certified ThinkPad L470 Business Laptop | Core i7-7500U 7th Gen Processor | 32GB RAM | 256GB SSD | 14"" HD Display | Int UHD 620 Graphics | WiFi | Bluetooth | Win 11 Pro",Certified,34990.0,Intel Core i5,32.0,DDR4,256.0,SSD,Intel Iris Xe,Windows 11,15.6,1366,768,1,https://m.media-amazon.com/images/I/61UBmSxZAdL._SL500_.jpg,,amazon
𝗟𝗲𝗻𝗼𝘃𝗼Model T14s InteI Core i7 10th Gen | 16GB RAM | 512GB SSD | 14″ FHD Non-Touch | Win 10 | A+ Condition Laptop (Refab),𝗟𝗲𝗻𝗼𝘃𝗼model,29995.0,Intel Core i5,16.0,DDR4,512.0,SSD,Intel Iris Xe,Windows 11,15.6,1920,1080,1,https://m.media-amazon.com/images/I/41agdqYcNHL._SL500_.jpg,,amazon
𝗗𝗲𝗹𝗹Laptop Model 5410 Laptop | InteI Core i7 10th Gen | 8GB DDR4 RAM | 256GB SSD | 14” FHD Display | Win 10 Pro | UHD Graphics | Business Laptop | Seller Warranty (Refab),𝗗𝗲𝗹𝗹laptop,27499.0,Intel Core i5,8.0,DDR4,256.0,SSD,Intel Iris Xe,Windows 11,15.6,1920,1080,1,https://m.media-amazon.com/images/I/51LHNjAjH9L._SL500_.jpg,,amazon
𝗟𝗲𝗻𝗼𝘃𝗼Model T14s | 𝗜𝗻𝘁𝗲𝗹i7 10th Gen | 16GB RAM | 256GB SSD | 14″ FHD Non-Touch | Win 10 | A+ Condition Laptop (Refab),𝗟𝗲𝗻𝗼𝘃𝗼model,25995.0,Intel Core i5,16.0,DDR4,256.0,SSD,Intel Iris Xe,Windows 11,15.6,1920,1080,1,https://m.media-amazon.com/images/I/41agdqYcNHL._SL500_.jpg,,amazon
𝗟𝗲𝗻𝗼𝘃𝗼Model T480s | 𝗜𝗻𝘁𝗲𝗹i7 8th Gen | 8GB RAM - 256GB SSD |14-inch Full HD Display | Win 10 pro | A+ Condition Laptop (Refab),𝗟𝗲𝗻𝗼𝘃𝗼model,24899.0,Intel Core i5,8.0,DDR4,256.0,SSD,Intel Iris Xe,Windows 11,15.6,1920,1080,1,https://m.media-amazon.com/images/I/41agdqYcNHL._SL500_.jpg,,amazon
𝗟𝗲𝗻𝗼𝘃𝗼Model T480s | 𝗜𝗻𝘁𝗲𝗹i7 8th Gen Processor | 8GB RAM - 256GB SSD |14-inch Full HD Display | Win 10 pro | A+ Condition Laptop (Refab),𝗟𝗲𝗻𝗼𝘃𝗼model,24995.0,Intel Core i5,8.0,DDR4,256.0,SSD,Intel Iris Xe,Windows 11,15.6,1920,1080,1,https://m.media-amazon.com/images/I/41agdqYcNHL._SL500_.jpg,,amazon
"Dell/15 Ryzen/5-7520U/8gb,5/512ssd/Ubuntu/FHD/BKL/Carbon Black/1yrs NBD/(PV15255)",Dell,45500.0,Intel Core i5,8.0,DDR4,512.0,SSD,Intel Iris Xe,Windows 11,15.6,1920,1080,1,https://m.media-amazon.com/images/I/61MMMPKSzML._SL500_.jpg,,amazon
"BrowseBook 14.1"" FHD IPS Laptop | Best Student & Office Work Laptop | Celeron N4020 | 4GB RAM | 128GB SSD | Windows 11 | 38Wh | 1.3kg | Grey",Browsebook,16990.0,Intel Core i5,4.0,DDR4,128.0,SSD,Intel Iris Xe,Windows 11,14.1,1920,1080,1,https://m.media-amazon.com/images/I/71h+7L8gcrL._SL500_.jpg,,amazon
"ASUS Vivobook 16, 13th Gen, Intel Core i5-13420H,16GB RAM,512GB SSD,FHD (1920 x 1200) OLED,Win 11,M365 Basic (1Year)*,Backlit Keyboard,Office 2024,Silver,1.88 kg,X1605VA-SH1952WS, Thin & Light Laptop",ASUS,61990.0,Intel Core I5-13420H,16.0,DDR4,512.0,SSD,Intel Iris Xe,Windows 11,15.6,1920,1080,1,https://m.media-amazon.com/images/I/71aaW7HXKnL._SL500_.jpg,,amazon
"HP 15 255R G10, AMD Ryzen 5 7535U Hexa Core (6 Core, 12 Threads, 2.9 to Max 4.3 Ghz) (8 GB/512 GB SSD/AMD Radeon Graphics/dos) Thin and Light Laptop(15.6 inch HD Display, Matt Silver, 1.45",HP,46693.0,Amd Ryzen 5 7535U,8.0,DDR4,512.0,SSD,Amd Radeon Graphics,DOS,15.6,1366,768,1,https://m.media-amazon.com/images/I/71rDlgf2Q6L._SL500_.jpg,,amazon
"Lenovo IdeaPad Slim 3 12th Gen Intel Core i5-12450H 15.6 Inch (39.6cm) FHD Thin & Light Laptop (16GB/512GB SSD/Windows 11/Office Home 2024/3months Game Pass/Arctic Grey/1.62Kg), 83ER00MCIN",Lenovo,58250.0,Intel Core I5-12450H,8.0,DDR4,512.0,SSD,Intel Iris Xe,Windows 11,15.6,2560,1600,1,https://m.media-amazon.com/images/I/61kNhhiAxSL._SL500_.jpg,,amazon
"ASUS Zenbook 14,Intel Core Ultra 5 (Series 2), 16GB, 1TB, 3K OLED Touch Screen,14"",120Hz,Win 11,M365 Basic (1Y)*,Office 2024,Foggy Silver,1.28 kg UX3405CA-PZ345WS, Intel Arc iGPU, Thin & Light Laptop",ASUS,106990.0,Intel Core Ultra 5,8.0,DDR4,512.0,SSD,Intel Arc Igpu,Windows 11,15.6,1920,1080,1,https://m.media-amazon.com/images/I/71ULHGG5nBL._SL500_.jpg,,amazon
"acer Swift Lite 14, Intel Core Ultra 5 115U Processor, 16 GB, 512 GB, WUXGA OLED, 14.0""/35.56 cm, Windows 11 Home, MSO,Light Silver, 1.1 kg, SFL14-54M, Thin and Light Laptop",Acer,59990.0,Intel Core Ultra 5,8.0,DDR4,512.0,SSD,Intel Iris Xe,Windows 11,14.0,1920,1080,1,https://m.media-amazon.com/images/I/81Ks6doLmYL._SL500_.jpg,,amazon
"Dell DC 15250 Thin & Light Laptop, 13th Gen Intel Core i5-1334U Processor, 8GB, 512GB SSD, 15.6"" (39.62cm) FHD Display, Standard Keyboard, Win 11+MSO'24 & 15 Month McAfee, Carbon Black, 1.62kg",Dell,52377.0,Intel Core I5-1334U,8.0,DDR4,512.0,SSD,Intel Iris Xe,Windows 11,15.6,2560,1600,1,https://m.media-amazon.com/images/I/71VIrTrQLZL._SL500_.jpg,,amazon
"Lenovo ThinkPad E14, AMD Ryzen 5 7535HS, 16GB RAM, 512GB SSD, WUXGA IPS 14""(35.56cm), Win11 Home, MS Office'24, Graphite Black, 1.42kg, 21M3S0AJ00, 300 Nits, Backlit, Fingerprint, Thin&Light Laptop",Lenovo,86000.0,Amd Ryzen 5 7535Hs,16.0,DDR4,512.0,SSD,Intel Iris Xe,Windows 11,15.6,2560,1600,1,https://m.media-amazon.com/images/I/314AIJE3c+L._SL500_.jpg,,amazon
"HP OmniBook 5 OLED (Previously Pavilion), Snapdragon X Processor (16GB LPDDR5x, 512GB SSD) 2K, 14''/35.6cm, Win11, M365 Basic(1yr)* Office24, Silver, 1.35kg, he0014QU, Light-Weight, Next-Gen AI Laptop",HP,66990.0,Snapdragon X Processor,16.0,LPDDR5X,512.0,SSD,Intel Iris Xe,Windows 11,15.6,2560,1600,1,https://m.media-amazon.com/images/I/71fHNU8KnQL._SL500_.jpg,,amazon
"acer Aspire Lite 12th Gen Intel Core i5-12450H, Office 2024 + M365 Basic, 16GB RAM/512GB SSD, 39.62cm(15.6"") FHD IPS Display Win11H, Pure Silver, 1.7KG,AL15-52H, Backlit KB, Thin & Light Laptop",Acer,56990.0,Intel Core I5-12450H,16.0,DDR4,512.0,SSD,Intel Iris Xe,Windows 11,15.6,1920,1080,1,https://m.media-amazon.com/images/I/81qzE9lsXkL._SL500_.jpg,,amazon
"Dell 15, AMD Ryzen 7-7730U, 16GB DDR4, 512GB SSD, FHD, 15.6""/39.6cm, Windows 11, Microsoft Office Home 2024, Platinum Silver, 1.63Kg, [Dell 15], 120Hz 250nits, AMD Radeon Graphics,Thin & Light, Laptop",Dell,58990.0,Intel Core i5,16.0,DDR4,512.0,SSD,Amd Radeon Graphics,Windows 11,15.6,1920,1080,1,https://m.media-amazon.com/images/I/71-tA1jB0rL._SL500_.jpg,,amazon
"ASUS Vivobook 16,Intel Core Ultra 5 (Series 2),Thin & Light(Intel iGPU/16GB RAM/512GB SSD/FHD+/16""/60Hz/Backlit Keyboard/Windows 11/M365 Basic (1Year)*/Office Home 2024/Blue/1.88 kg) X1607CA-MB139WS",ASUS,68990.0,Intel Core Ultra 5,16.0,DDR4,512.0,SSD,Intel Iris Xe,Windows 11,15.6,1920,1080,1,https://m.media-amazon.com/images/I/716CyHXzWgL._SL500_.jpg,,amazon
"Dell 15, AMD Ryzen 5-7530U, 16GB RAM, 512GB SSD, FHD IPS, 15.6""/39.62cm, Windows 11, MSO 2024, Platinum Silver, 1.67kg, [Dell 15], 120Hz, Standard Keyboard, 15 Month McAfee, Thin & Light, Laptop",Dell,59990.0,Intel Core i5,16.0,DDR4,512.0,SSD,Intel Iris Xe,Windows 11,15.6,1920,1080,1,https://m.media-amazon.com/images/I/61diqHMquqL._SL500_.jpg,,amazon
"Lenovo IdeaPad Slim 5 Intel Core Ultra 5 125H 16"" (40.6cm) WUXGA-IPS 300Nits Thin & Light Laptop (16GB RAM/1TB SSD/AI PC/Windows 11/Office Home 2024/FHD+IR Camera/1Yr ADP Free/Grey/1.8Kg), 83DC0096IN",Lenovo,78590.0,Intel Core Ultra 5,16.0,DDR4,512.0,SSD,Intel Iris Xe,Windows 11,15.6,1920,1080,1,https://m.media-amazon.com/images/I/612vgg8jv5L._SL500_.jpg,,amazon
"HP 15, 13th Gen Intel Core i5-1334U (16GB DDR4,512GB SSD) FHD, Anti-Glare,Micro-Edge, 15.6''/39.6cm, Win11, M365(1yr)* Office24, Silver,1.59kg, fd0467tu, Iris Xe, FHD Camera w/Shutter, Backlit Laptop",HP,57990.0,Intel Core I5-1334U,16.0,DDR4,512.0,SSD,Intel Iris Xe,Windows 11,15.6,1920,1080,1,https://m.media-amazon.com/images/I/71r0BBNmBOL._SL500_.jpg,,amazon
"ASUS Zenbook 14 (2026),Intel Core Ultra 9 285H,Intel Arc iGPU,32GB RAM,1TB SSD,OLED,Touchscreen,14""(35.5 cm),Win 11,M365 Basic(1Y)* Office 24,Foggy Silver,1.28 Kg,UX3405CA-QL1113WS,Thin & Light Laptop",ASUS,119990.0,Intel Core Ultra 9,32.0,DDR4,512.0,SSD,Intel Arc Igpu,Windows 11,15.6,1920,1080,1,https://m.media-amazon.com/images/I/71rl4GCLY2L._SL500_.jpg,,amazon
"ASUS Vivobook 15 (2026),AMD Ryzen 7 170,Fingerprint Sensor,16GB RAM,512GB SSD,FHD, 15.6"",(39.6 cm), Windows 11, M365 Basic(1 Year)* Office 2024,Quiet Blue,1.70 kg, M1502NAQ-BQ120WS,Thin & Light Laptop",ASUS,64990.0,Amd Ryzen 7 170,16.0,DDR4,512.0,SSD,Intel Iris Xe,Windows 11,15.6,1920,1080,1,https://m.media-amazon.com/images/I/71AJqEYU+LL._SL500_.jpg,,amazon
"ASUS Vivobook 15 (2025), AMD Ryzen 7 7730U Thin & Light Laptop(AMD Radeon iGPU/16GB RAM/512GB SSD/FHD/15.6""/60Hz/Windows 11/M365 Basic (1Year)*/Office Home 2024/Quiet Blue/1.7Kg) M1502YA-BQ989WS",ASUS,66800.0,Amd Ryzen 7 7730U,16.0,DDR4,512.0,SSD,Amd Radeon Igpu,Windows 11,15.6,1920,1080,1,https://m.media-amazon.com/images/I/61N-3LSyoBL._SL500_.jpg,,amazon
"Lenovo V15 AMD Ryzen 7 7730U 15.6"" (39.62cm) FHD 250 Nits Antiglare Thin and Light Laptop (16GB/512GB SSD/Windows 11/Iron Grey/1.65 Kg) Grey",Lenovo,58999.0,Amd Ryzen 7 7730U,8.0,DDR4,512.0,SSD,Intel Iris Xe,Windows 11,15.6,1920,1080,1,https://m.media-amazon.com/images/I/41U0mEisocL._SL500_.jpg,,amazon
"Lenovo IdeaPad Slim 3 Ryzen 3 7320U 15.6"" (39.6cm) FHD Thin and Light Laptop (8GB RAM/512GB SSD/Integrated AMD Radeon 610M Graphics/Windows 11/Office Home 2024/Grey/1.6Kg), 82XQ00MDIN",Lenovo,51500.0,Intel Core i5,8.0,DDR4,512.0,SSD,Amd Radeon 610M,Windows 11,15.6,1920,1080,1,https://m.media-amazon.com/images/I/71WXtdqjdLL._SL500_.jpg,,amazon
"Dell Inspiron 3530, Intel Core i7 13th Gen-1355U, 16GB RAM, 512GB SSD, FHD, 15.6""/39.62cm, Windows 11, MSO 2021, Silver, 1.62kg, Inspiron 3530, Backlit KB, 15 Month McAfee, Thin & Light, Laptop",Dell,88990.0,Intel Core I7 13Th,16.0,DDR4,512.0,SSD,Intel Iris Xe,Windows 11,15.6,2560,1600,1,https://m.media-amazon.com/images/I/81QCRdxIRLL._SL500_.jpg,,amazon
"Lenovo ThinkBook 16, AMD Ryzen 5 7535HS, 16GB RAM, 512GB SSD, WUXGA IPS 16"", Windows 11 Home, Office 2024, 1.7kg, 21MWA0BSIN, Backlit Keyboard, Fingerprint, 300 Nits, 1Y Warranty, Aluminium Top Laptop",Lenovo,86990.0,Amd Ryzen 5 7535Hs,16.0,DDR4,512.0,SSD,Intel Iris Xe,Windows 11,15.6,1920,1080,1,https://m.media-amazon.com/images/I/51+50luRJkL._SL500_.jpg,,amazon
"Acer Aspire Lite (2026) AMD Ryzen 3 Quad Core 5300U - (8 GB/512 GB SSD/AMD Radeon Graphics/Windows 11 Home) AL15-41 Thin and Light Laptop (15.6 Inch FHD IPS, Steel Grey, 1.5 Kg/MS Office 2024",Acer,41990.0,Intel Core i5,8.0,DDR4,512.0,SSD,Amd Radeon Graphics,Windows 11,15.6,1920,1080,1,https://m.media-amazon.com/images/I/71iUXY2S9jL._SL500_.jpg,,amazon
"acer Aspire Lite,12th Gen, Intel Core i7 12650H, Office 2024+M365 Basic, 16GB RAM, 512GB SSD, Full HD IPS, 15.6""/39.62 cm, Win 11 Home, Pure Silver, 1.7 KG, AL15-52H, Backlit KB, Thin & Light Laptop",Acer,64800.0,Intel Core I7 12650H,16.0,DDR4,512.0,SSD,Intel Iris Xe,Windows 11,15.6,1920,1080,1,https://m.media-amazon.com/images/I/61Kb-52sgSL._SL500_.jpg,,amazon
"Apple 2025 MacBook Air (13-inch, Apple M4 chip with 10-core CPU and 8-core GPU, 16GB Unified Memory, 256GB) - Midnight",Apple,96990.0,Intel Core i5,8.0,DDR4,256.0,SSD,Intel Iris Xe,Windows 11,15.6,1920,1080,1,https://m.media-amazon.com/images/I/71CjP9jmqZL._SL500_.jpg,,amazon
"acer Aspire 3, Intel Core i3-1305U Processor, 16 GB, 512 GB, Full HD IPS, 14.0""/35.56 cm, Windows 11 Home, Steel Gray, 1.45 kg, A324-53, Thin and Light Laptop",Acer,44990.0,Intel Core I3-1305U,8.0,DDR4,512.0,SSD,Intel Iris Xe,Windows 11,14.0,1920,1080,1,https://m.media-amazon.com/images/I/71gQ2KgPEcL._SL500_.jpg,,amazon
"acer Aspire 3 A325-45 HD Thin & Light Laptop | Intel Celeron N4500 | 8GB LPDDR4X RAM | 512GB SSD | Windows 11 Home | HD Webcam | Anti-Glare Display | Pure Silver, 1.5 kg",Acer,37999.0,Intel Celeron N4500,8.0,LPDDR4X,512.0,SSD,Intel Iris Xe,Windows 11,15.6,1366,768,1,https://m.media-amazon.com/images/I/61RUN5wXDdL._SL500_.jpg,,amazon
"ASUS Vivobook Go 15, AMD Ryzen 3 7320U Thin & Light Laptop(AMD Radeon iGPU/8GB RAM/512GB SSD/FHD/15.6""/60Hz/Windows 11/M365 Basic (1Year)*/Office Home 2024/Mixed Black/1.63 Kg) E1504FA-NJ130WS",ASUS,47500.0,Amd Ryzen 3 7320U,8.0,DDR4,512.0,SSD,Amd Radeon Igpu,Windows 11,15.6,1920,1080,1,https://m.media-amazon.com/images/I/61ceJMf3giL._SL500_.jpg,,amazon
"Lenovo ThinkPad E14 AMD Ryzen 5 7530U 14"" (35.56 cm) WUXGA IPS 300 Nits Thin and Light Laptop (16GB RAM/512GB SSD/Win 11/Office 2021/AMD Radeon Graphics/Backlit Keyboard/FPR/Black/1.41 kg), 21JRS00U00",Lenovo,86750.0,Amd Ryzen 5 7530U,16.0,DDR4,512.0,SSD,Amd Radeon Graphics,Windows 11,15.6,1920,1080,1,https://m.media-amazon.com/images/I/61vqw4bMKTL._SL500_.jpg,,amazon
"acer Aspire 14, 13th Gen, Intel Core i5-13420H Processors, 16 GB RAM, 512 GB SSD, WUXGA IPS, 14""/35.56 cm, Windows 11 Home, MSO, Pure Silver, 1.44 kg, AS14H-53, Backlit KB, Thin and Light Laptop",Acer,60990.0,Intel Core I5-13420H,16.0,DDR4,512.0,SSD,Intel Iris Xe,Windows 11,15.6,1920,1080,1,https://m.media-amazon.com/images/I/61F8E0mn-PL._SL500_.jpg,,amazon
"ASUS Vivobook 15 (2026),Intel Core i3-1315U, Intel iGPU, 16GB RAM, 512GB SSD, FHD, 15.6""(39.6 cm),Windows 11 Home,M365 Basic(1 Year)* Office 2024,Cool Silver,1.7 Kg,X1504VA-D5341WS,Thin & Light Laptop",ASUS,47900.0,Intel Core I3-1315U,16.0,DDR4,512.0,SSD,Intel Iris Xe,Windows 11,15.6,1920,1080,1,https://m.media-amazon.com/images/I/61co8yvF4oL._SL500_.jpg,,amazon
"HP Professional Intel Core i5 13th Gen 1334U with Turbo Boost, Metal Body, Backlit Keyboard - (8 GB/512 GB SSD/Windows 11 Pro) 240 G10 FHD Thin and Light Laptop(14 inch, Silver) FR Reader",HP,58860.0,Intel Core I5 13Th,8.0,DDR4,512.0,SSD,Intel Iris Xe,Windows 11,15.6,1920,1080,1,https://m.media-amazon.com/images/I/51xx0Zg7D8L._SL500_.jpg,,amazon
"Lenovo 14 (2025), Intel Core i5 13th Gen 13420H - (24 GB/512 GB SSD/Intel UHD Graphics/Windows 11 Pro) Thin and Light Business Laptop/14.0"" FHD Display/Iron Grey/1.4 kg/Microsoft Office 2021",Lenovo,64990.0,Intel Core I5 13Th,8.0,DDR4,512.0,SSD,Intel Uhd Graphics,Windows 11,14.0,1920,1080,1,https://m.media-amazon.com/images/I/61+t+JlteGL._SL500_.jpg,,amazon
"Lenovo ThinkPad Silver E14 Intel Core i7 13th Gen 14"" WUXGA IPS 300 Nits Thin and Light Laptop (16GB RAM/512GB SSD/Windows 11 Home/Backlit Keyboard/Fingerprint/1Y Onsite/1.41 kg), 21JKS1FT00",Lenovo,87990.0,Intel Core I7 13Th,16.0,DDR4,512.0,SSD,Intel Iris Xe,Windows 11,15.6,1920,1080,1,https://m.media-amazon.com/images/I/51TnjJ0FoLL._SL500_.jpg,,amazon
"Lenovo ThinkPad E14 Intel Core i5 13th Gen 14"" WUXGA IPS 300 Nits Thin and Light Laptop (16GB RAM/512GB SSD/Windows 11 Pro/Backlit Keyboard/FPR/Graphite Black/3Y Premier Support/1.41 kg), 21JKS0LK00",Lenovo,89100.0,Intel Core I5 13Th,16.0,DDR4,512.0,SSD,Intel Iris Xe,Windows 11,15.6,1920,1080,1,https://m.media-amazon.com/images/I/61pi44I5PcL._SL500_.jpg,,amazon
"Lenovo 14 (2025), Intel Core i7 12th Gen 1255U - (16 GB/512 GB SSD/Intel Iris Xe Graphics/Windows 11 Pro) Thin and Light Business Laptop/14.0"" FHD Display/Iron Grey/1.4 kg/MS Office 2021",Lenovo,67990.0,Intel Core I7 12Th,8.0,DDR4,512.0,SSD,Intel Iris Xe,Windows 11,14.0,1920,1080,1,https://m.media-amazon.com/images/I/51nkH83V5hL._SL500_.jpg,,amazon
"HP 14 (2025), Intel Core 5 14th Gen 120U - (16 GB/512 GB SSD/Intel Iris Xe Graphics/Windows 11 Pro) Thin and Light Business Laptop/14.0"" FHD Display/Ash Grey/1.4 kg/MS Office 2021",HP,59900.0,Intel Core i5,8.0,DDR4,512.0,SSD,Intel Iris Xe,Windows 11,14.0,1920,1080,1,https://m.media-amazon.com/images/I/71aPE1PXSHL._SL500_.jpg,,amazon
"ASUS Zenbook S 14,3K OLED,Touch,120Hz, 500nits, Core Ultra 7 Processor (Series 2), Thin & Light Laptop(32GB RAM/1TB SSD/Windows 11/Office Home/72Whr Battery/White/1.2 Kg),UX5406SA-PZ358WS",ASUS,138990.0,Intel Core i5,32.0,DDR4,512.0,SSD,Intel Iris Xe,Windows 11,15.6,1920,1080,1,https://m.media-amazon.com/images/I/61+sWA8Q1dL._SL500_.jpg,,amazon
"ASUS Zenbook 14 (2026),Intel Core Ultra 5 225H,Intel Arc iGPU,16GB RAM,1TB SSD,OLED,Touchscreen,14""(35.5 cm),Win 11,M365 Basic(1Y)* Office 24,Ponder Blue,1.28 Kg,UX3405CA-QL1014WS,Thin & Light Laptop",ASUS,106990.0,Intel Core Ultra 5,16.0,DDR4,512.0,SSD,Intel Arc Igpu,Windows 11,15.6,1920,1080,1,https://m.media-amazon.com/images/I/71btNNt9D-L._SL500_.jpg,,amazon
"Lenovo ThinkBook 14 Intel Core 5 210H 14th Gen(16GB/1TB SSD/Win11 Home/Fingerprint Reader) 14"" WUXGA IPS 300 Nits Antiglare Thin & Light Laptop/Aluminium Top/Arctic Grey/1Y Warranty/1.36Kg,21SGA02XIG",Lenovo,103990.0,Intel Core i5,8.0,DDR4,512.0,SSD,Intel Iris Xe,Windows 11,15.6,1920,1080,1,https://m.media-amazon.com/images/I/61JXT1qggjL._SL500_.jpg,,amazon
"Lenovo IdeaPad Slim 3 Ryzen 5 40 15.6"" (39.6cm) FHD Thin and Light Laptop (16GB RAM/512GB SSD/Integrated AMD Radeon 610M Graphics/Windows 11/Microsoft 365 Basic + Office 2024/Grey/1.6Kg), 82XQ01HQIN",Lenovo,56990.0,Intel Core i5,16.0,DDR4,512.0,SSD,Amd Radeon 610M,Windows 11,15.6,1920,1080,1,https://m.media-amazon.com/images/I/71ytxAumRiL._SL500_.jpg,,amazon
"ASUS Vivobook 14, (i5 14th Gen) Intel Core 5 120U, Thin & Light Laptop(16GB RAM/512GB SSD/FHD/14/60Hz/Fingerprint Reader/M365 Basic (1Year)*/Office Home 2024/Blue/1.4 Kg) X1404VAP-EB542WS",ASUS,62690.0,Intel Core i5,16.0,DDR4,512.0,SSD,Intel Iris Xe,Windows 11,15.6,1920,1080,1,https://m.media-amazon.com/images/I/71tg-AY7AiL._SL500_.jpg,,amazon
"Lenovo IdeaPad Slim 3 12th Gen Intel Core i3-1215U 14 Inch (35.5cm) FHD Thin & Light Laptop (8GB/512GB SSD/Windows 11/Office 2021/1 Year Warranty/3months Game Pass/Arctic Grey/1.43Kg), 82RJ00FGIN",Lenovo,49500.0,Intel Core I3-1215U,8.0,DDR4,512.0,SSD,Intel Iris Xe,Windows 11,15.6,1920,1080,1,https://m.media-amazon.com/images/I/81+SKGgJ9yL._SL500_.jpg,,amazon
"Lenovo V15 Intel Core i5 13th Gen 15.6"" (39.62 cm) FHD (1920x1080) Antiglare 250 Nits Thin and Light Laptop (8GB DDR5 RAM/512GB SSD/Windows 11 Home/Iron Grey/1Y Onsite +1Y ADP/1.65 kg)",Lenovo,58999.0,Intel Core I5 13Th,8.0,DDR5,512.0,SSD,Intel Iris Xe,Windows 11,15.6,1920,1080,1,https://m.media-amazon.com/images/I/413MzCs7uDL._SL500_.jpg,,amazon
"DELL 14 (2025) Intel Core i3 13th Gen 1305U - (8 GB/512 GB SSD/Intel UHD Graphics/Windows 11 Pro) Thin and Light Business Laptop/14.0"" FHD+ IPS Display/Ice Blue/1.4 kg/MSO 2021/1 Year ADP Warranty",Dell,46390.0,Intel Core I3 13Th,8.0,DDR4,512.0,SSD,Intel Uhd Graphics,Windows 11,14.0,1920,1080,1,https://m.media-amazon.com/images/I/81wyj7X9c-L._SL500_.jpg,,amazon
"Lenovo Thinkpad P16v Intel Core Ultra 7 155H 16""(40.64 cm) WUXGA IPS 300Nits, AI Ready Thin and Light Workstation (32GB/1TB/Win11 Pro/Backlit/NVIDIA RTX 2000 8GB/Black/3Y Premier/2.22Kg), 21KXS05200",Lenovo,267990.0,Intel Core Ultra 7,8.0,DDR4,512.0,SSD,Nvidia Rtx 2000,Windows 11,15.6,2560,1600,1,https://m.media-amazon.com/images/I/31eBjDI7iOL._SL500_.jpg,,amazon
"Samsung Galaxy Book2 Pro Intel 12th Gen i7 EvoTM 33.78cm (13.3"") AMOLED Thin & Light Laptop (16 GB/512 GB SSD/Windows 11/MS Office/Backlit KB/Fingerprint Sensor/Silver/0.87Kg), NP930XED-KB2IN",Samsung,99000.0,Intel Core i5,8.0,DDR4,512.0,SSD,Intel Iris Xe,Windows 11,13.3,1920,1080,1,https://m.media-amazon.com/images/I/81OQByV6ovL._SL500_.jpg,,amazon
"ASUS Zenbook 14 (2026),Intel Core Ultra 7 255H,Intel Arc iGPU,32GB RAM,1TB SSD,OLED,Touchscreen,14""(35.5 cm),Win 11,M365 Basic(1Y)* Office 24,Foggy Silver,1.28 Kg,UX3405CA-QL1112WS,Thin & Light Laptop",ASUS,115990.0,Intel Core Ultra 7,32.0,DDR4,512.0,SSD,Intel Arc Igpu,Windows 11,15.6,1920,1080,1,https://m.media-amazon.com/images/I/71zFcKss-GL._SL500_.jpg,,amazon
"Lenovo IdeaPad Slim 5 Intel Core Ultra 7 155H Built-in AI 16"" (40.64cm) WUXGA-IPS 300Nits Thin & Light Laptop (16GB/1TB SSD/Win 11/100% sRGB/MSO/1Yr ADP Free/3 Month Game Pass/Grey/1.8Kg), 83DC008VIN",Lenovo,102000.0,Intel Core Ultra 7,8.0,DDR4,512.0,SSD,Intel Iris Xe,Windows 11,15.6,1920,1080,1,https://m.media-amazon.com/images/I/71K-+2CT4uL._SL500_.jpg,,amazon
"Lenovo ThinkPad Silver E14 Intel Core i5 13th Gen (16GB RAM/512GB SSD/Win 11 Home/Office 2021/Backlit Keyboard/Fingerprint) 14"" WUXGA IPS 300 Nits Thin & Light Laptop/1Y Warranty/1.41 kg,21JKS1FQ00",Lenovo,87990.0,Intel Core I5 13Th,16.0,DDR4,512.0,SSD,Intel Iris Xe,Windows 11,15.6,1920,1080,1,https://m.media-amazon.com/images/I/519Mag2LG7L._SL500_.jpg,,amazon
"acer Aspire 3 A325-53 13th Gen Intel Core i5-1334U Thin and Light Laptop (8 GB RAM/512GB SSD/Intel UHD Graphics/Windows 11 Home, Office Home & Student 2024), 15.6"" FHD IPS Display/Silver",Acer,53825.0,Intel Core I5-1334U,8.0,DDR4,512.0,SSD,Intel Uhd Graphics,Windows 11,15.6,1920,1080,1,https://m.media-amazon.com/images/I/61Lh5BJUIxL._SL500_.jpg,,amazon
"HP 15 (2026), AMD Ryzen 3 Quad Core 7335U - (8 GB DDR5/512 GB SSD/AMD Radeon 660M Graphics/Windows 11 Home) Thin and Light Business Laptop/15.6"" Display/Turbo Silver/Copilot Key/1.5kg/MS Office",HP,44900.0,Intel Core i5,8.0,DDR5,512.0,SSD,Amd Radeon 660M,Windows 11,15.6,1920,1080,1,https://m.media-amazon.com/images/I/71vF+WK+vrL._SL500_.jpg,,amazon
"Lenovo IdeaPad 1, AMD Ryzen 5 7520U, 8GB RAM, 512GB SSD, HD 15.6"", Windows 11 Home, Cloud Grey, 1.58Kg, 82VG00ESIN, Thin and Light, 1Yr Warranty Laptop",Lenovo,49980.0,Amd Ryzen 5 7520U,8.0,DDR4,512.0,SSD,Intel Iris Xe,Windows 11,15.6,1366,768,1,https://m.media-amazon.com/images/I/71lp7jyyjbL._SL500_.jpg,,amazon
"Lenovo ThinkPad E16 Intel Core i5 13th Gen (16GB RAM/512GB SSD/Windows 11 Home/Office 2021/Fingerprint Reader/ 16"" WUXGA IPS 300 Nits Thin & Light Laptop/Aluminium Top/1Y Warranty/1.77 kg), 21JNS0QE00",Lenovo,97500.0,Intel Core I5 13Th,16.0,DDR4,512.0,SSD,Intel Iris Xe,Windows 11,15.6,1920,1080,1,https://m.media-amazon.com/images/I/41omwbQ1b4L._SL500_.jpg,,amazon
HP 240R G10 (2026) Professional Intel Core 3 14th Gen 100U - (16 GB/512 GB SSD/Windows 11 Pro) 240R G10 Thin and Light Laptop,HP,52990.0,Intel Core i5,8.0,DDR4,512.0,SSD,Intel Iris Xe,Windows 11,15.6,1920,1080,1,https://m.media-amazon.com/images/I/51oZp2EkLjL._SL500_.jpg,,amazon
"HP 14 (2025), Intel Core 5 14th Gen 120U - (32 GB/512 GB SSD/Intel Iris Xe Graphics/Windows 11 Pro) Thin and Light Business Laptop/14.0"" FHD Display/Ash Grey/1.4 kg/MS Office 2021",HP,70990.0,Intel Core i5,8.0,DDR4,512.0,SSD,Intel Iris Xe,Windows 11,14.0,1920,1080,1,https://m.media-amazon.com/images/I/71yGbA-pRTL._SL500_.jpg,,amazon
"ASUS Vivobook Go 14 (2026),AMD Ryzen 5 40, AMD Radeon iGPU,16GB RAM,512GB SSD,FHD, 14""(35.5 cm),Windows 11 Home,M365 Basic(1 Year)* Office 2024,Cool Silver,1.38 Kg,E1404FA-EB1226WS,Thin & Light Laptop",ASUS,79990.0,Amd Ryzen 5 40,16.0,DDR4,512.0,SSD,Amd Radeon Igpu,Windows 11,15.6,1920,1080,1,https://m.media-amazon.com/images/I/713RoW0SJcL._SL500_.jpg,,amazon
"Acer Aspire Lite (2025) Intel Core i5 13th Gen 1334U - (16 GB/512 GB SSD/Intel UHD Graphics/Windows 11 Home) AL15-53 Thin and Light Laptop/15.6"" FHD Display/Steel Grey/1.5 Kg/MSO 2021/3 Years Warranty",Acer,54960.0,Intel Core I5 13Th,8.0,DDR4,512.0,SSD,Intel Uhd Graphics,Windows 11,15.6,1920,1080,1,https://m.media-amazon.com/images/I/71iUXY2S9jL._SL500_.jpg,,amazon
"ASUS Vivobook S14 OLED (2022) Intel EVO Core i7 12th Gen - (16 GB/512 GB SSD/Windows 11 Home) S3402ZA-KM702WS Thin and Light Laptop (14 inch, Indie Black, 1.50 kg, with MS Office)",ASUS,80999.0,Intel Core i5,8.0,DDR4,512.0,SSD,Intel Iris Xe,Windows 11,15.6,1920,1080,1,https://m.media-amazon.com/images/I/51hzVhdAAlL._SL500_.jpg,,amazon
"ASUS Vivobook 16 (2026),AMD Ryzen 5 150,AMD Radeon iGPU,16GB RAM,512GB SSD,FHD+, 16""(40 cm),Windows 11 Home,M365 Basic(1 Year)* Office 2024,Cool Silver, 1.88 kg, M1605NAQ-MB095WS, Thin & Light Laptop",ASUS,59990.0,Amd Ryzen 5 150,16.0,DDR4,512.0,SSD,Amd Radeon Igpu,Windows 11,15.6,1920,1080,1,https://m.media-amazon.com/images/I/716Eix+3A0L._SL500_.jpg,,amazon
"HP 15 (2026), AMD Ryzen 7 Octa Core 7730U - (16 GB/512 GB SSD/AMD Radeon Graphics/Windows 11 Pro) Thin and Light Business Laptop/15.6"" FHD Display/Backlit + Fingerprint/Silver/1.5kg",HP,57600.0,Intel Core i5,8.0,DDR4,512.0,SSD,Amd Radeon Graphics,Windows 11,15.6,1920,1080,1,https://m.media-amazon.com/images/I/71+3EDsHsAL._SL500_.jpg,,amazon
"HP 15 (2026), AMD Ryzen 7 Octa Core 7735U - (8 GB DDR5/512 GB SSD/AMD Radeon 680M Graphics/Windows 11 Pro) Thin & Light Business Laptop/15.6"" FHD Display/Backlit + Fingerprint/Silver/1.5kg/MS Office",HP,56900.0,Intel Core i5,8.0,DDR5,512.0,SSD,Amd Radeon 680M,Windows 11,15.6,1920,1080,1,https://m.media-amazon.com/images/I/71O31Atk3RL._SL500_.jpg,,amazon
"Lenovo 14 (2025), Intel Core i3 13th Gen 1315U - (8 GB/512 GB SSD/Intel UHD Graphics/Windows 11 Pro) Thin and Light Business Laptop/14.0"" FHD Display/Iron Grey/1.4 kg/MSO 2021",Lenovo,46990.0,Intel Core I3 13Th,8.0,DDR4,512.0,SSD,Intel Uhd Graphics,Windows 11,14.0,1920,1080,1,https://m.media-amazon.com/images/I/61-Jzr+piWL._SL500_.jpg,,amazon
"Lenovo V15 AMD Ryzen 3 7320U 15.6"" (39.62cm) FHD 250 Nits Antiglare Thin and Light Laptop (8GB/512GB SSD/Windows 11 Home/Arctic Grey/1.65 Kg), 82YU00W7IN",Lenovo,44800.0,Amd Ryzen 3 7320U,8.0,DDR4,512.0,SSD,Intel Iris Xe,Windows 11,15.6,1920,1080,1,https://m.media-amazon.com/images/I/41yHIEqovQL._SL500_.jpg,,amazon
"Lenovo V15 G6 AMD Ryzen 7 170 15.6"" (39.62cm) FHD Thin and Light Business Laptop (16GB RAM DDR5/ 512GB SSD/Windows 11/ MS Office 2024/ AMD Radeon Graphics/ 3-Cell Battery/Luna Grey/ 1.6 kg)",Lenovo,64999.0,Amd Ryzen 7 170,16.0,DDR5,512.0,SSD,Amd Radeon Graphics,Windows 11,15.6,1920,1080,1,https://m.media-amazon.com/images/I/712HIme8bnL._SL500_.jpg,,amazon
"HP 14 (2025), Intel Core i5 13th Gen 1334U - (8 GB/512 GB SSD/Intel Iris Xe Graphics/Windows 11 Pro) Thin and Light Business Laptop/14.0"" FHD Display/Ash Grey/1.4 kg/MS Office 2021",HP,54610.0,Intel Core I5 13Th,8.0,DDR4,512.0,SSD,Intel Iris Xe,Windows 11,14.0,1920,1080,1,https://m.media-amazon.com/images/I/71nuFCWQRxL._SL500_.jpg,,amazon
"HP Intel Core i5 10th Gen - (8 GB/256 GB SSD/DOS) Thin and Light Business Laptop/14.0"" HD/Black 1.4 Kg/",HP,58900.0,Intel Core I5 10Th,8.0,DDR4,256.0,SSD,Intel Iris Xe,DOS,14.0,1366,768,1,https://m.media-amazon.com/images/I/71zjvvKWrgL._SL500_.jpg,,amazon
"Lenovo V15 Intel Core i3 13th Gen (8 GB DDR5 RAM/512GB SSD/Windows 11 Home/MS-Office/Iron Grey) 15.6"" FHD (1920x1080) Antiglare 250 Nits Thin & Light Laptop/1Y Onsite",Lenovo,59990.0,Intel Core I3 13Th,8.0,DDR5,512.0,SSD,Intel Iris Xe,Windows 11,15.6,1920,1080,1,https://m.media-amazon.com/images/I/71RZDi-9tVL._SL500_.jpg,,amazon
"DELL i3 10th Gen - (4 GB/256 GB SSD/Intel UHD Graphics) Thin and Light Business Laptop/14.0"" Display/Ice Blue/1.4 kg",Dell,46000.0,Intel Core i5,8.0,DDR4,256.0,SSD,Intel Uhd Graphics,Windows 11,14.0,1366,768,1,https://m.media-amazon.com/images/I/91IHnG21p4L._SL500_.jpg,,amazon
"Lenovo 14 (2025), Intel Core i3 13th Gen 1315U - (16 GB/512 GB SSD/Intel UHD Graphics/Windows 11 Home) Thin and Light Business Laptop/14.0"" FHD Display/Iron Grey/1.4 kg/MSO 2021",Lenovo,59999.0,Intel Core I3 13Th,8.0,DDR4,512.0,SSD,Intel Uhd Graphics,Windows 11,14.0,1920,1080,1,https://m.media-amazon.com/images/I/61NC-CtwpbL._SL500_.jpg,,amazon
"HP Professional 15 (2026), Intel Core i5 13th Gen 1334U - (16 GB/512 GB SSD/Intel Iris Xe Graphics/Windows 11 Home) Thin and Light Business Laptop/15.6"" FHD Display/Backlit/Turbo Silver/1.5kg/MSO 2021",HP,58900.0,Intel Core I5 13Th,8.0,DDR4,512.0,SSD,Intel Iris Xe,Windows 11,15.6,1920,1080,1,https://m.media-amazon.com/images/I/71zO9msJL7L._SL500_.jpg,,amazon
"Lenovo V15 AMD Ryzen 7 7730U 15.6"" (39.62cm) FHD 250 Nits Antiglare Thin and Light Laptop (Free MS Office) Lifetime (16GB/512GB SSD/Windows 11/Iron Grey/1.65 Kg) 1 Year Brand Warranty",Lenovo,59999.0,Amd Ryzen 7 7730U,8.0,DDR4,512.0,SSD,Intel Iris Xe,Windows 11,15.6,1920,1080,1,https://m.media-amazon.com/images/I/51N1Bqiw7wL._SL500_.jpg,,amazon
"ASUS Vivobook Go 15, AMD Ryzen 5 7520U Thin & Light Laptop(AMD Radeon iGPU/8GB RAM/512GB SSD/FHD/15.6""/60Hz/Windows 11/M365 Basic (1Year)*/Office Home 2024/Mixed Black/1.63 Kg) E1504FA-NJ133WS",ASUS,47249.0,Amd Ryzen 5 7520U,8.0,DDR4,512.0,SSD,Amd Radeon Igpu,Windows 11,15.6,1920,1080,1,https://m.media-amazon.com/images/I/61ceJMf3giL._SL500_.jpg,,amazon
"Acer Travel Lite (2026) Intel Core i5 13th Gen 1334U - (16 GB/512 GB SSD/Intel UHD Graphics/Windows 11 Home) TL04-51M Thin and Light Laptop/14.0"" FHD Display/Black/1.4 Kg/MSO 2021/3 Years Warranty",Acer,54990.0,Intel Core I5 13Th,8.0,DDR4,512.0,SSD,Intel Uhd Graphics,Windows 11,14.0,1920,1080,1,https://m.media-amazon.com/images/I/71a8aUld7nL._SL500_.jpg,,amazon
"Acer Travel Lite (2026) Intel Core i5 13th Gen 1334U - (8 GB/512 GB SSD/Intel UHD Graphics/Windows 11 Home) TL04-51M Thin and Light Laptop/14.0"" FHD Display/Black/1.4 Kg/MSO 2021/3 Years Warranty",Acer,50990.0,Intel Core I5 13Th,8.0,DDR4,512.0,SSD,Intel Uhd Graphics,Windows 11,14.0,1920,1080,1,https://m.media-amazon.com/images/I/71a8aUld7nL._SL500_.jpg,,amazon
"HP 15 (2026), AMD Ryzen 7 Octa Core 7735U - (16 GB DDR5/512 GB SSD/AMD Radeon 680M Graphics/Windows 11 Pro) Thin & Light Business Laptop/15.6"" FHD Display/Backlit + Fingerprint/Silver/1.5kg/MS Office",HP,57610.0,Intel Core i5,16.0,DDR5,512.0,SSD,Amd Radeon 680M,Windows 11,15.6,1920,1080,1,https://m.media-amazon.com/images/I/71gGeGiFNKL._SL500_.jpg,,amazon
"Lenovo 14 (2025), AMD Ryzen 3 7320U Quad Core - (8 GB/512 GB SSD/AMD Radeon Graphics/Windows 11 Home) Thin and Light Business Laptop/14.0"" FHD Display/Silver/1.4 kg/MS Office 2021",Lenovo,44800.0,Amd Ryzen 3 7320U,8.0,DDR4,512.0,SSD,Amd Radeon Graphics,Windows 11,14.0,1920,1080,1,https://m.media-amazon.com/images/I/61DIi-Z-B7L._SL500_.jpg,,amazon
"ASUS Vivobook Go 14 (2026),AMD Ryzen 3 30 Processor,AMD Radeon iGPU,8GB RAM,512GB SSD,FHD,14"" (35.5 cm),Windows 11,M365 Basic(1Y)* Office 2024,Green Gray,1.38 Kg,E1404FA-EB1236WS,Thin & Light Laptop",ASUS,46990.0,Amd Ryzen 3 30,8.0,DDR4,512.0,SSD,Amd Radeon Igpu,Windows 11,15.6,1920,1080,1,https://m.media-amazon.com/images/I/719QlaWCUxL._SL500_.jpg,,amazon
"ASUS Vivobook 15 (2026),AMD Ryzen 5 150,Fingerprint Sensor,16GB RAM, 512GB SSD,FHD, 15.6"", (39.6 cm),Windows 11,M365 Basic(1 Year)* Office 2024,Quiet Blue,1.70 kg,M1502NAQ-BQ118WS,Thin & Light Laptop",ASUS,56990.0,Amd Ryzen 5 150,16.0,DDR4,512.0,SSD,Intel Iris Xe,Windows 11,15.6,1920,1080,1,https://m.media-amazon.com/images/I/7163qvOBzlL._SL500_.jpg,,amazon
"Acer Aspire Lite, AMD Ryzen3-5400U, Office 2024 + M365 Basic,8GB RAM, 512GB SSD, Full HD IPS, 15.6""/39.62 cm, Windows 11 Home, Steel Gray, 1.59 KG, AL15-41, Metal Body, Premium Thin and Light Laptop",Acer,44499.0,Intel Core i5,8.0,DDR4,512.0,SSD,Intel Iris Xe,Windows 11,15.6,1920,1080,1,https://m.media-amazon.com/images/I/51NDZweONYL._SL500_.jpg,,amazon
"HP Professional 15 (2026), Intel (i3 14th Gen) Core 3 100U - (8 GB/512 GB SSD/Intel UHD Graphics/Windows 11 Home) Thin & Light Business Laptop/15.6"" Display/Turbo Silver/Copilot Key/1.5kg/MS Office",HP,47710.0,Intel Core i5,8.0,DDR4,512.0,SSD,Intel Uhd Graphics,Windows 11,15.6,1366,768,1,https://m.media-amazon.com/images/I/71WkOmHe4gL._SL500_.jpg,,amazon
"Lenovo Yoga Slim 7, Intel Core Ultra 7 155H, 16GB RAM, 512GB SSD, WUXGA-OLED, AI PC 14""/35.5cm, Windows 11, Office Home 2024, Grey, 1.39Kg, 2Wx4 Speakers, 1Yr ADP Free, 83CV009XIN, AI Powered Laptop",Lenovo,91990.0,Intel Core Ultra 7,16.0,DDR4,512.0,SSD,Intel Iris Xe,Windows 11,15.6,1920,1080,1,https://m.media-amazon.com/images/I/71T7ZQKmmBL._SL500_.jpg,,amazon
"Lenovo V14 G4 (2024), Intel Core i3 13th Gen 1315U - (8 GB DDR5/512GB SSD/Intel UHD Graphics/Windows 11) Thin and Light Smart Laptop/14.0"" FHD Display/Iron Grey/1.57 kg/MS Office",Lenovo,52999.0,Intel Core I3 13Th,8.0,DDR5,512.0,SSD,Intel Uhd Graphics,Windows 11,14.0,1920,1080,1,https://m.media-amazon.com/images/I/71lPTdSb-4L._SL500_.jpg,,amazon
"HP 15 (2026), AMD Ryzen 5 Hexa Core 7535U - (16 GB DDR5/512 GB SSD/AMD Radeon 660M Graphics/Windows 11 Home) Thin and Light Business Laptop/15.6"" FHD Display/Turbo Silver/Copilot Key/1.5kg/MS Office",HP,57610.0,Intel Core i5,16.0,DDR5,512.0,SSD,Amd Radeon 660M,Windows 11,15.6,1920,1080,1,https://m.media-amazon.com/images/I/71M5woOqR1L._SL500_.jpg,,amazon
"Lenovo ThinkBook 15 AMD Ryzen 3 5300U 15.6"" (39.62cm) FHD 220 Nits Antiglare Thin and Light Laptop (8GB/256GB SSD/Windows 11/MS Office/Mineral Grey/1.7 Kg), 21A4A09SIH",Lenovo,57500.0,Amd Ryzen 3 5300U,8.0,DDR4,256.0,SSD,Intel Iris Xe,Windows 11,15.6,1920,1080,1,https://m.media-amazon.com/images/I/61Dh8r-jRHL._SL500_.jpg,,amazon
"HP Laptop 250R G9 (2024), Intel Core i3 13th Gen 1315U - (8GB/512GB SSD/Intel UHD Graphics/DOS) Thin and Light Business Laptop/15.6"" (39.62cm)/Ash Grey/1.57 kg",HP,47710.0,Intel Core I3 13Th,8.0,DDR4,512.0,SSD,Intel Uhd Graphics,DOS,15.6,1366,768,1,https://m.media-amazon.com/images/I/71Z8mjuvGmL._SL500_.jpg,,amazon
"Acer Aspire One, Intel Core Celeron N4500, Office 2024 + M365 Basic, 12GB LPDDR4X RAM/ 500GB SSD, 14.0""/35.56cm TN HD Display, Win 11 Home, Pure Silver, 1.3KG, A114-45, Thin and Light Laptop",Acer,40499.0,Intel Core i5,12.0,LPDDR4X,500.0,SSD,Intel Iris Xe,Windows 11,14.0,1366,768,1,https://m.media-amazon.com/images/I/41XJEVuzpPL._SL500_.jpg,,amazon
"HP Pavilion Plus, 13th Gen Intel Core i5-1335U Laptop (16GB DDR5, 512GB SSD) IPS WUXGA Anti-Glare, 14""/35.6cm, Win 11, MS Office, Silver, 1.44kg, Intel Iris Xe Graphics, 5MP IR Camera, ew0116TU/0107tu",HP,82799.0,Intel Core I5-1335U,16.0,DDR5,512.0,SSD,Intel Iris Xe,Windows 11,15.6,3840,2160,1,https://m.media-amazon.com/images/I/71KR4mF8JLL._SL500_.jpg,,amazon
"Lenovo IdeaPad Slim 1 AMD Ryzen 5 5500U 15.6"" HD Thin and Light Laptop (8GB/512GB SSD/Windows 11 Home/Office Home 2024/1 Year ADP Free/Grey/1.6Kg) 82R400XSIN",Lenovo,45999.0,Amd Ryzen 5 5500U,8.0,DDR4,512.0,SSD,Intel Iris Xe,Windows 11,15.6,1366,768,1,https://m.media-amazon.com/images/I/61TWIptF7zL._SL500_.jpg,,amazon
"Lenovo V15 AMD Ryzen 3 7320U 15.6"" (39.62cm) FHD 250 Nits Antiglare Thin and Light Laptop (8GB/512GB SSD/Windows 11/Arctic Grey/1.65 Kg), 82YU00W7IN",Lenovo,44999.0,Amd Ryzen 3 7320U,8.0,DDR4,512.0,SSD,Intel Iris Xe,Windows 11,15.6,1920,1080,1,https://m.media-amazon.com/images/I/41bEIS2vQ-L._SL500_.jpg,,amazon
"ASUS Vivobook 15 (2026),Intel Core 3 100U,Intel iGPU, 16GB RAM, 512GB SSD, FHD, 15.6""(39.6 cm),Windows 11 Home,M365 Basic(1 Year)* Office 2024,Cool Silver, 1.7 Kg,X1504VAP-BQ1341WS,Thin & Light Laptop",ASUS,63990.0,Intel Core i5,16.0,DDR4,512.0,SSD,Intel Iris Xe,Windows 11,15.6,1920,1080,1,https://m.media-amazon.com/images/I/716Eix+3A0L._SL500_.jpg,,amazon
"HP 15 (2026), AMD Ryzen 5 Hexa Core 7535U - (16 GB DDR5/512 GB SSD/AMD Radeon 660M Graphics/Windows 11 Pro) Thin and Light Business Laptop/15.6"" FHD Display/Turbo Silver/Copilot Key/1.5kg/MS Office",HP,58410.0,Intel Core i5,16.0,DDR5,512.0,SSD,Amd Radeon 660M,Windows 11,15.6,1920,1080,1,https://m.media-amazon.com/images/I/71ZMszffuBL._SL500_.jpg,,amazon
"ASUS Vivobook S16,14th Gen, Intel Core 5-210H,Metallic Design Laptop(Intel UHD iGPU/16GB RAM/512GB SSD/FHD+/16""/144Hz/Windows 11/M365 Basic(1Year)*/Office Home 2024/Silver/1.7Kg) S3607VA-RP114WS",ASUS,63190.0,Intel Core i5,16.0,DDR4,512.0,SSD,Intel Iris Xe,Windows 11,15.6,1920,1080,1,https://m.media-amazon.com/images/I/71337i0ZsVL._SL500_.jpg,,amazon
"acer Aspire 3 Intel Core i3 12th Gen 1215U - (8 GB/512 GB SSD/Windows 11 Home) A324-51 Thin and Light Laptop, Backlit Keyboard, (14 Inch, Steel Gray, 1.45 Kg)",Acer,43990.0,Intel Core I3 12Th,8.0,DDR4,512.0,SSD,Intel Iris Xe,Windows 11,15.6,1920,1080,1,https://m.media-amazon.com/images/I/51-1CpzQjKL._SL500_.jpg,,amazon
"HP Professional 15 (2025) Intel Core 3-100U 8GB RAM 512GB SSD 15.6"" FHD Windows 11 Pro MS Office Silver 1.65 kg Thin & Light Laptop with FHD Camera and Privacy Shutter G10",HP,45800.0,Intel Core i5,8.0,DDR4,512.0,SSD,Intel Iris Xe,Windows 11,15.6,1920,1080,1,https://m.media-amazon.com/images/I/617HOHqb74L._SL500_.jpg,,amazon
"HP Laptop 250R G9 (2024), Intel Core i3 13th Gen 1315U - (16GB/512GB SSD/Intel UHD Graphics/Windows 11 Home) Thin and Light Business Laptop/15.6"" (39.62cm)/Ash Grey/1.57 kg/MS Office 2021",HP,49810.0,Intel Core I3 13Th,8.0,DDR4,512.0,SSD,Intel Uhd Graphics,Windows 11,15.6,1366,768,1,https://m.media-amazon.com/images/I/71Z8mjuvGmL._SL500_.jpg,,amazon
"Lenovo 14 (2025), Intel Core i3 13th Gen 1315U - (16 GB/512 GB SSD/Intel UHD Graphics/Windows 11 Home) Thin and Light Business Laptop/14.0"" FHD Display/Iron Grey/1.4 kg/MS Office 2021",Lenovo,59900.0,Intel Core I3 13Th,8.0,DDR4,512.0,SSD,Intel Uhd Graphics,Windows 11,14.0,1920,1080,1,https://m.media-amazon.com/images/I/51YXd+ACLXL._SL500_.jpg,,amazon
"Lenovo 14 (2025), Intel Core i5 13th Gen 13420H - (16 GB/512 GB SSD/Intel UHD Graphics/Windows 11 Home) Thin and Light Business Laptop/14.0"" FHD Display/Iron Grey/1.4 kg/Microsoft Office 2021",Lenovo,61900.0,Intel Core I5 13Th,8.0,DDR4,512.0,SSD,Intel Uhd Graphics,Windows 11,14.0,1920,1080,1,https://m.media-amazon.com/images/I/51ONzUTpdEL._SL500_.jpg,,amazon
"MSI Prestige 13 AI Evo, Intel 1st Gen. Core Ultra 5 125H, Built-in AI, 34CM 2.8k OLED Thin and Light Laptop(16GB/1TB NVMe SSD/Windows 11 Home/Intel Arc Graphics, /Stellar Grey/0.99Kg), A1MG-052IN",MSI,91990.0,Intel Core i5,8.0,DDR4,512.0,SSD,Intel Arc Graphics,Windows 11,15.6,2880,1800,1,https://m.media-amazon.com/images/I/71gzlsmf6+L._SL500_.jpg,,amazon
"HP 15 (2026) Business Laptop with Copilot Key – AMD Ryzen 3 7335U Quad Core, 8GB RAM, 512GB SSD, 15.6"" FHD Display, Windows 11 Pro, Thin & Light, Turbo Silver 1.5 Kg",HP,44250.0,Amd Ryzen 3 7335U,8.0,DDR4,512.0,SSD,Intel Iris Xe,Windows 11,15.6,1920,1080,1,https://m.media-amazon.com/images/I/61uKJWnakCL._SL500_.jpg,,amazon
"acer Aspire Lite, 13th Gen, Intel Core i3-1305U, 16GB RAM, 512GB SSD, Full HD 15.6""/39.62 cm, Windows 11 Home, Steel Gray, 1.59 KG, AL15-53, Metal Body, 36 WHR, Thin and Light Premium Laptop",Acer,48990.0,Intel Core I3-1305U,16.0,DDR4,512.0,SSD,Intel Iris Xe,Windows 11,15.6,1920,1080,1,https://m.media-amazon.com/images/I/81A-ZqCxtlL._SL500_.jpg,,amazon
"Lenovo IdeaPad Slim 3 13th Gen Core i7-13620H 15.3 inch (38.8cm) WUXGA IPS Laptop (16GB RAM/512GB SSD/Windows 11/MSO 365 Basic+Office 2024/1Yr ADP Free/Grey/1.6Kg), 83K100S1IN",Lenovo,83000.0,Intel Core i5,16.0,DDR4,512.0,SSD,Intel Iris Xe,Windows 11,15.3,1920,1080,1,https://m.media-amazon.com/images/I/71K-77wHn2L._SL500_.jpg,,amazon
"Lenovo ThinkBook 16, AMD Ryzen 5 220, 16GB RAM, 512GB SSD, WUXGA IPS 16” (40.64cm), Windows 11 Home, Arctic Grey, 1.7Kg, 21UTA01JIG, Fingerprint, Backlit, 400 Nits, 1Y Warranty, Laptop",Lenovo,99990.0,Amd Ryzen 5 220,16.0,DDR4,512.0,SSD,Intel Iris Xe,Windows 11,15.6,1920,1080,1,https://m.media-amazon.com/images/I/511EukRBJzL._SL500_.jpg,,amazon
"Lenovo V14 G4 (2024), Intel Core i3 13th Gen 1315U - (16GB DDR5 /512GB SSD/Intel UHD Graphics/Windows 11) Thin and Light Smart Laptop/14.0"" FHD Display/Iron Grey/1.57 kg/MS Office",Lenovo,59999.0,Intel Core I3 13Th,16.0,DDR5,512.0,SSD,Intel Uhd Graphics,Windows 11,14.0,1920,1080,1,https://m.media-amazon.com/images/I/51bHvUvWrnL._SL500_.jpg,,amazon
"Lenovo ThinkBook 16, Intel Core Ultra 5 225U, 16GB RAM, 1TB SSD, WUXGA IPS 16”(40.64cm), Windows 11 Home, Arctic Grey, 1.7Kg, 21SKA0FTIG, Fingerprint, Backlit, 300 Nits, 1Y Warranty, AI Powered Laptop",Lenovo,88990.0,Intel Core Ultra 5,16.0,DDR4,512.0,SSD,Intel Iris Xe,Windows 11,15.6,1920,1080,1,https://m.media-amazon.com/images/I/511EukRBJzL._SL500_.jpg,,amazon
"MSI Modern 14, Intel 13th Gen. Core i3 1315U,14” Inch (36CM) FHD 60Hz Thin & Light Business Laptop (8GB/512GB NVMe SSD/Windows 11 Home/Intel UHD/Classic Black/1.4Kg), C13M-1465IN",MSI,44990.0,Intel Core i5,8.0,DDR4,512.0,SSD,Intel Iris Xe,Windows 11,15.6,3840,2160,1,https://m.media-amazon.com/images/I/61O737i7QeL._SL500_.jpg,,amazon
"Lenovo IdeaPad Slim 5 12th Gen Intel Core i5 12450H 14"" (36cm) WUXGA IPS 300Nits Thin and Light Laptop (16GB/1TB SSD/Win 11/Office 21/BacklitKB/FHD Camera/Alexa/3 Mon Game Pass/Grey/1.46Kg),83BF0043IN",Lenovo,69999.0,Intel Core I5 12450H,8.0,DDR4,512.0,SSD,Intel Iris Xe,Windows 11,15.6,1920,1080,1,https://m.media-amazon.com/images/I/612ealjuNbL._SL500_.jpg,,amazon
"Lenovo ThinkBook 16, AMD Ryzen 5 220, 16GB RAM, 1TB SSD, WUXGA IPS 16” (40.64cm), Windows 11 Home, Arctic Grey, 1.7Kg, 21UTA01HIG, Fingerprint, Backlit, 400 Nits, 1Y Warranty, Laptop",Lenovo,109990.0,Amd Ryzen 5 220,16.0,DDR4,512.0,SSD,Intel Iris Xe,Windows 11,15.6,1920,1080,1,https://m.media-amazon.com/images/I/511EukRBJzL._SL500_.jpg,,amazon
"Lenovo IdeaPad 1 15ALC7 AMD Ryzen 5 5500U 15.6"" FHD Thin and Light Laptop (8GB/512GB SSD/Integrated AMD Radeon Graphics/Windows 11 Home/Office Home 2024/1Yr ADP Free/Cloud Grey/1.61Kg), 82R4011PIN",Lenovo,45899.0,Amd Ryzen 5 5500U,8.0,DDR4,512.0,SSD,Amd Radeon Graphics,Windows 11,15.6,1920,1080,1,https://m.media-amazon.com/images/I/61D4SyYwyGL._SL500_.jpg,,amazon
"Lenovo V14 G3 (2024), Intel Core i3 12th Gen 1215U - (16GB/512GB SSD/Intel UHD Graphics/Windows 11 Home) Thin and Light Business Laptop/14.0"" FHD Display/Iron Grey/1.57 kg/MS Office 2021",Lenovo,44999.0,Intel Core I3 12Th,8.0,DDR4,512.0,SSD,Intel Uhd Graphics,Windows 11,14.0,1920,1080,1,https://m.media-amazon.com/images/I/51aoXk4rzXL._SL500_.jpg,,amazon
"Lenovo IdeaPad Slim 3 Intel Celeron N4020 14'' (35.56cm) HD Thin & Light Laptop (4GB/256GB SSD/Windows 11/MS Office 2021/2Yr Warranty/3months Game Pass/Platinum Grey/1.5Kg), 81WH007KIN",Lenovo,29999.0,Intel Celeron N4020,8.0,DDR4,256.0,SSD,Intel Iris Xe,Windows 11,15.6,1366,768,1,https://m.media-amazon.com/images/I/61s7sJEpsVL._SL500_.jpg,,amazon
"Lenovo Yoga Slim 7 Aura Edition Intel Evo Core Ultra 7 258V (32GB RAM/1TB SSD/14 (35.5cm)/WUXGA OLED/Copilot+ PC/Windows 11/MSO 365 Basic+Office 2024+Lenovo AI Now/Seashell/1.19Kg), 83JX00EUIN",Lenovo,155990.0,Intel Core i5,32.0,DDR4,512.0,SSD,Intel Iris Xe,Windows 11,15.6,1920,1080,1,https://m.media-amazon.com/images/I/71Scci8HRYL._SL500_.jpg,,amazon
"HP 255 G10, AMD Ryzen 3 7320U Quad Core -(DOS 16 GB RAM /512 GB SSD/AMD Radeon Graphics) Thin and Light Business Laptop/15.6"" HD Display/Turbo Silver/1.5 Kg",HP,49999.0,Amd Ryzen 3 7320U,16.0,DDR4,512.0,SSD,Amd Radeon Graphics,DOS,15.6,1366,768,1,https://m.media-amazon.com/images/I/51M4AUd-1OL._SL500_.jpg,,amazon
"Lenovo V15 AMD Ryzen 7 7730U, 15.6"" FHD Laptop (250 nits, Anti-Glare), 16GB RAM, 512GB SSD, Windows 11, MS Office Lifetime, Iron Grey, 1-Year Warranty.",Lenovo,59999.0,Amd Ryzen 7 7730U,16.0,DDR4,512.0,SSD,Intel Iris Xe,Windows 11,15.6,1920,1080,1,https://m.media-amazon.com/images/I/611OujQHO-L._SL500_.jpg,,amazon
"Lenovo ThinkBook 16 Ryzen 3 16"" WUXGA IPS Antiglare 300 Nits Thin and Lit Laptop (16GB RAM/512GB SSD/Window 11/Ms-Office Lifetime Validity,1 Year Onsite Brand Warranty/Fingerprint/Arctic Grey/1.7 kg)",Lenovo,54999.0,Intel Core i5,16.0,DDR4,512.0,SSD,Intel Iris Xe,Windows 11,15.6,1920,1080,1,https://m.media-amazon.com/images/I/51+50luRJkL._SL500_.jpg,,amazon
"Lenovo IdeaPad Slim 3 Intel Core i3 11th Gen 15.6"" (39.62cm) FHD Thin & Light Laptop (8GB/512GB SDD/Windows 11/Office 2021/2Yr Warranty/Arctic Grey/1.65Kg), 82H801LHIN",Lenovo,37399.0,Intel Core I3 11Th,8.0,DDR4,512.0,SSD,Intel Iris Xe,Windows 11,15.6,1920,1080,1,https://m.media-amazon.com/images/I/616vuVia5PL._SL500_.jpg,,amazon
"D E L L Inspiron 3530 Thin & Light Laptop, 13th Gen Core i5-1334U Processor, 8GB, 512GB SSD, 15.6"" (39.62cm) FHD Display, Standard Keyboard, Win 11+MSO'24 & 15 Month McAfee, Carbon Black, 1.62kg",D,63499.0,Intel Core i5,8.0,DDR4,512.0,SSD,Intel Iris Xe,Windows 11,15.6,2560,1600,1,https://m.media-amazon.com/images/I/61WrZ+jsgQL._SL500_.jpg,,amazon
"Lenovo V15 G3 (2024), Intel Core i3 12th Gen 1215U - (16GB/512GB SSD/Intel UHD Graphics/Windows 11 Pro) Thin and Light Business Laptop/15.6"" FHD Display/Iron Grey/1.7 kg/MS Office 2021",Lenovo,52990.0,Intel Core I3 12Th,8.0,DDR4,512.0,SSD,Intel Uhd Graphics,Windows 11,15.6,1920,1080,1,https://m.media-amazon.com/images/I/51QcoBERxVL._SL500_.jpg,,amazon
"Lenovo Yoga Slim 7 Aura Edition Intel Evo Core Ultra 5 226V (16GB RAM/512GB SSD/14 (35.5cm)/WUXGA OLED/Copilot+ PC/Windows 11/MSO 365 Basic+Office 2024/1Yr ADP/Luna Grey/1.19Kg), 83JX00CSIN AI Laptop",Lenovo,122990.0,Intel Core i5,16.0,DDR4,512.0,SSD,Intel Iris Xe,Windows 11,15.6,1920,1080,1,https://m.media-amazon.com/images/I/81-s1am-uQL._SL500_.jpg,,amazon
HP 245 AMD R5 8GB 512GB DOS 14-inch 1.36kg,HP,43690.0,Intel Core i5,8.0,DDR4,512.0,SSD,Intel Iris Xe,DOS,15.6,1920,1080,1,https://m.media-amazon.com/images/I/81X61ewuNUL._SL500_.jpg,,amazon
"Primebook 2 Max (2026) | 8GB RAM, 256GB UFS Storage | 15.6-Inch Full HD IPS Display | 12hrs Battery | MediaTek Helio G99 | Android 15 (PrimeOS 3.0) | Backlit Keyboard | in-Built AI (Gray)",Primebook,27990.0,Intel Core i5,8.0,DDR4,256.0,SSD,Intel Iris Xe,Windows 11,15.6,1920,1080,1,https://m.media-amazon.com/images/I/51JTBldTCXL._SL500_.jpg,,amazon
"Lenovo {SmartChoice Chromebook, Intel Celeron N4500, 4GB RAM, 64GB eMMC, HD, 11.6""/29.46cm, Chrome OS, Blue, 1.21Kg, 2Wx2 Stereo Speakers, HD Camera, 82UY0014HA, Laptop",Lenovo,17990.0,Intel Celeron N4500,4.0,DDR4,512.0,SSD,Intel Iris Xe,Windows 11,11.6,1366,768,1,https://m.media-amazon.com/images/I/61aQ9BYq89L._SL500_.jpg,,amazon
"BrowseBook 14.1"" FHD IPS Laptop | Best Student & Office Work Laptop | Celeron N4020 | 8GB RAM | 256GB SSD | Windows 11 | 38Wh | 1.3kg | Grey",Browsebook,18990.0,Intel Core i5,8.0,DDR4,256.0,SSD,Intel Iris Xe,Windows 11,14.1,1920,1080,1,https://m.media-amazon.com/images/I/71h+7L8gcrL._SL500_.jpg,,amazon
Ultimus Pentium Quad Core Laptop|Dual Storage eMMC+SSD Expandable~1TB|1.2Kg|180° Hinge|Win 11 Home|4GB RAM 128GB|Ultra-Thin Bezel|2.0x1 3.0x1 USB HDMI SD Card Slot | ‎Dual Speaker|Gray|NU14U8INB43SN,Mi,13990.0,Intel Core i5,4.0,DDR4,1024.0,SSD,Intel Iris Xe,Windows 11,15.6,2560,1600,1,https://m.media-amazon.com/images/I/71A9yCXgOnL._SL500_.jpg,,amazon
"HP 255 Notebook, AMD Athlon Silver 7120U,8GB DDR4, 256GB SSD, 15.6-inch(39.6cm), Anti-Glare, HD Laptop, Radeon Graphics, (Win 11, Silver,1.52kg) G10",HP,37200.0,Amd Athlon Silver,8.0,DDR4,256.0,SSD,Intel Iris Xe,Windows 11,15.6,2560,1600,1,https://m.media-amazon.com/images/I/71rw7cd14mL._SL500_.jpg,,amazon
"ULTIMUS Pro Intel Celeron Dual Core Laptop 4GB RAM, 128GB M.2 Emmc Expandable~512GB Intel HD Graphics 2.0x1 3.0x1 USB HDMI Sd Card Slot ‎LPDDR4 Dual Speaker Dual Microphone Win 11 Home Gray, 1.2 kg",Mi,13189.0,Intel Celeron Dual,4.0,LPDDR4,128.0,SSD,Intel Iris Xe,Windows 11,15.6,1366,768,1,https://m.media-amazon.com/images/I/61ZYf3SK4NL._SL500_.jpg,,amazon
"HP 15s, 12th Gen Intel Core i3-1215U (8GB DDR4, 512GB SSD) Anti-Glare, 15.6""/39.6cm,FHD, Win 11, MS Office 21, Silver, 1.69kg, fy5006tu/fd0751tu/fd0752tu, UHD Graphics, HD Camera, Dual Speakers Laptop",HP,48400.0,Intel Core I3-1215U,8.0,DDR4,512.0,SSD,Intel Iris Xe,Windows 11,15.6,1920,1080,1,https://m.media-amazon.com/images/I/71+gQ9gOTuL._SL500_.jpg,,amazon
AXL Laptop (Vayu Book) Newly Launched Thin & Light | 15.6 Inch HD Display (4GB/256GB SSD),Axl,14990.0,Intel Core i5,8.0,DDR4,256.0,SSD,Intel Iris Xe,Windows 11,15.6,1366,768,1,https://m.media-amazon.com/images/I/51IQKUhwNeL._SL500_.jpg,,amazon
"acer Aspire 3, Intel Core Celeron N4500, 12GB LPDDR4X RAM, 256GB SSD, HD, 15.6""/39.62cm, Windows 11 Home, Pure Silver, 1.5KG, A325-45, Thin and Light Laptop",Acer,39800.0,Intel Core i5,12.0,LPDDR4X,256.0,SSD,Intel Iris Xe,Windows 11,15.6,1366,768,1,https://m.media-amazon.com/images/I/61Y8j1QN5YL._SL500_.jpg,,amazon
"acer Aspire 3, 13th Gen, Intel Core i3-1305U, 8GB RAM, 512GB SSD, Full HD 14""/35.56cm, Windows 11 Home, Steel Gray, 1.45KG, A324-53, Thin and Light Laptop",Acer,43500.0,Intel Core I3-1305U,8.0,DDR4,512.0,SSD,Intel Iris Xe,Windows 11,15.6,1920,1080,1,https://m.media-amazon.com/images/I/71gQ2KgPEcL._SL500_.jpg,,amazon
"OnePlus Pad Go 2, 30.73 cm (12.1 inch) 2.8K Display, Dolby Vision™, 120Hz Refresh Rate, Quad Speakers, AI, 10050 mAh Battery, Wi-Fi Tablet, 8GB RAM 128 GB Storage, Shadow Black",Oneplus,26999.0,Intel Core i5,8.0,DDR4,128.0,SSD,Intel Iris Xe,Windows 11,12.1,2880,1800,1,https://m.media-amazon.com/images/I/61HTBi5HNQL._SL500_.jpg,,amazon
"HP 15, AMD Ryzen 5 7520U,(16GB LPDDR5, 512GB SSD), Anti-Glare, Micro-Edge, FHD, 15.6''/39.6cm, Win 11, Office 24,M365 Basic(1yr)*,Silver, 1.59kg, fc0690au, FHD Camera, Backlit KB Laptop",HP,52990.0,Amd Ryzen 5 7520U,16.0,LPDDR5,512.0,SSD,Intel Iris Xe,Windows 11,15.6,1920,1080,1,https://m.media-amazon.com/images/I/71qeL9SvpeL._SL500_.jpg,,amazon
"ASUS Chromebook CM14, Octa-Core MediaTek Kompanio 520, 14"" (32.46 Cms) FHD, Thin and Light Chromebook (8GB RAM/128GB eMMC Storage/Chrome OS/Gray/1.45 Kg), CM1402CM2A-NK0129",ASUS,26990.0,Intel Core i5,8.0,DDR4,128.0,SSD,Intel Iris Xe,Windows 11,15.6,1920,1080,1,https://m.media-amazon.com/images/I/610KG8NaMOL._SL500_.jpg,,amazon
"HP OmniBook 3 AMD Ryzen AI 5 340 Next Gen AI Laptop, (16GB DDR5, 512GB SSD), Anti-Glare,15.6''/39.6cm FHD, Win11,Office24, Silver,1.7kg, FHD Camera w/Privacy Shutter, fn0007AU",HP,61990.0,Intel Core i5,16.0,DDR5,512.0,SSD,Intel Iris Xe,Windows 11,15.6,1920,1080,1,https://m.media-amazon.com/images/I/71A3Elyz2XL._SL500_.jpg,,amazon
Liquidation Deal Celsius H770 Workstation (No Battery) |Core i7 7th Gen Quad Core Xeon E3-1505M v6 @ | 8GB RAM | 256GB NVME SSD | 4GB Quadro M2200 Graphic | 15.6” FHD | BT | Win 10 | Numeric Keypad,Liquidation,14990.0,Intel Core i5,8.0,DDR4,256.0,SSD,Intel Iris Xe,Windows 11,15.6,1920,1080,1,https://m.media-amazon.com/images/I/51MaNzZ2lSL._SL500_.jpg,,amazon
Certified | T430 Business Laptop | Core i5-3320m | 8GB RAM | 128GB SSD | 14” HD Display | WiFi | Webcam | Win 10 Pro,Certified,12990.0,Intel Core i5,8.0,DDR4,128.0,SSD,Intel Iris Xe,Windows 11,15.6,1366,768,1,https://m.media-amazon.com/images/I/61rLg7iMuXL._SL500_.jpg,,amazon
Liquidation Deal Celsius H770 Workstation (No Battery) |Core i7 7th Gen Quad Core Xeon E3-1505M v6 @ | 4GB RAM | 128GB NVME SSD | 4GB Quadro M2200 Graphic | 15.6” FHD | BT | Win 10 | Numeric Keypad,Liquidation,11990.0,Intel Core i5,4.0,DDR4,128.0,SSD,Intel Iris Xe,Windows 11,15.6,1920,1080,1,https://m.media-amazon.com/images/I/51MaNzZ2lSL._SL500_.jpg,,amazon
"Lenovo IdeaPad Slim 3 13th Gen Core i5-13420H 15.3 inch (38.8cm) WUXGA IPS Laptop (16GB RAM/512GB SSD/Windows 11/Office Home 2024/Top Metal Cover/Backlit Keyboard/1Yr ADP/Grey/1.6Kg), 83K100S3IN",Lenovo,64990.0,Intel Core i5,16.0,DDR4,512.0,SSD,Intel Iris Xe,Windows 11,15.3,1920,1080,1,https://m.media-amazon.com/images/I/71D9HSayVSL._SL500_.jpg,,amazon
"acer TravelLite Thin Laptop AMD Ryzen 5 7430U (6-Core) |16GB RAM, 512GB SSD | 14"" Full HD Anti-Glare Display |Privacy Shutter| Windows 11 | MS Office | Metal Body | 1.34Kg | Black | 1 Year Warranty",Acer,47450.0,Amd Ryzen 5 7430U,16.0,DDR4,512.0,SSD,Intel Iris Xe,Windows 11,15.6,3840,2160,1,https://m.media-amazon.com/images/I/51xuTIRBMCL._SL500_.jpg,,amazon
"HP 15, AMD Ryzen 7 7730U (16GB DDR4, 512GB SSD) FHD, Anti-Glare, Micro-Edge, 15.6''/39.6cm, Win11, M365 Basic(1yr), Office Home24, Silver,1.59kg, FC0761AU, FHD Camera w/privacy shutter, Backlit Laptop",HP,61990.0,Amd Ryzen 7 7730U,16.0,DDR4,512.0,SSD,Intel Iris Xe,Windows 11,15.6,1920,1080,1,https://m.media-amazon.com/images/I/71tOA+fvkDL._SL500_.jpg,,amazon
"acer Aspire 3 Intel Pentium N100 Processor Laptop with 35.56 cm (14"") Full HD IPS Display (16 GB RAM/512 GB SSD/Intel Graphics/Win11 Home/WiFi 6/38Wh) A324-31, Steel Gray, 1.45KG",Acer,39990.0,Intel Pentium N100,16.0,DDR4,512.0,SSD,Intel Iris Xe,Windows 11,15.6,1920,1080,1,https://m.media-amazon.com/images/I/71D5f6HJk2L._SL500_.jpg,,amazon
"Lenovo V15 Intel Celeron N4500 15.6"" (39.62 cm) FHD (1920x1080) Antiglare 250 Nits Thin and Light Laptop (8GB RAM/256GB SSD/Windows 11 Home/Black/1Y Onsite/1.7 kg), 82QYA00MIN",Lenovo,56890.0,Intel Celeron N4500,8.0,DDR4,256.0,SSD,Intel Iris Xe,Windows 11,15.6,1920,1080,1,https://m.media-amazon.com/images/I/516btukUorL._SL500_.jpg,,amazon
"ASUS Vivobook 16, Intel Core i5-12500H, 16GB RAM, 512GB SSD, FHD+ 60Hz 300Nits, 16"", Windows 11, MS Office Home, Transparent Silver, 1.88KG, X1605ZAC-MB541WS, Fingerprint, 42Whr Battery Laptop",ASUS,59590.0,Intel Core I5-12500H,16.0,DDR4,512.0,SSD,Intel Iris Xe,Windows 11,15.6,1920,1080,1,https://m.media-amazon.com/images/I/61fsBFww9DL._SL500_.jpg,,amazon
"Lenovo IdeaPad Slim 1 AMD Ryzen 5 5500U 15.6"" HD Thin and Light Laptop (8GB/512GB SSD/Windows 11 Home/Office Home 2024/1 Year ADP Free/Grey/1.6Kg), 82R4011MIN",Lenovo,45600.0,Amd Ryzen 5 5500U,8.0,DDR4,512.0,SSD,Intel Iris Xe,Windows 11,15.6,1366,768,1,https://m.media-amazon.com/images/I/71xHNSCyRsL._SL500_.jpg,,amazon
"acer Aspire 3 Laptop (Made in India) (Intel Celeron Dual-Core Processor N4500 | Windows 11 Home | 4 GB | 256GB SSD | Weight : 1.45 Kg| Silver) A314-35, 35.56 Cm (14-Inch) HD Display",Acer,37999.0,Intel Celeron Dual,8.0,DDR4,256.0,SSD,Intel Iris Xe,Windows 11,15.6,1366,768,1,https://m.media-amazon.com/images/I/61QBOVclb4L._SL500_.jpg,,amazon
"HP 15 Laptop, AMD Ryzen 7 7730U (16GB DDR4,512GB SSD) Anti-Glare, Micro-Edge,15.6''/39.6cm, FHD, Win11, M365 Basic(1yr),Office Home24,Silver,1.59kg,FHD Camera w/Privacy Shutter, Backlit KB, fc0390AU",HP,59490.0,Amd Ryzen 7 7730U,16.0,DDR4,512.0,SSD,Intel Iris Xe,Windows 11,15.6,1920,1080,1,https://m.media-amazon.com/images/I/717beEiCf6L._SL500_.jpg,,amazon
"HP OmniBook 7 OLED (Previously Pavilion Plus) Intel Core Ultra 5 255H (16GB LPDDR5,1TB SSD) 3K, 0.2 ms, 14''/35.6cm, Win11, M365, Office24, Meteor Silver,1.5kg, fr0789TU, 5MP Camera, Backlit AI Laptop",HP,97990.0,Intel Core Ultra 5,16.0,LPDDR5,512.0,SSD,Intel Iris Xe,Windows 11,15.6,1920,1080,1,https://m.media-amazon.com/images/I/71mS3HuUn1L._SL500_.jpg,,amazon
"HP OmniBook 5 Flip (Previously Pavilion), Intel Core 7 150U (16GB LPDDR5,1TB SSD) 2K, 300 nits, 14''/35.6cm, Convertible, Win11, M365, Office24, Glacier Silver,1.65kg, fp0690TU, Pen, 5MP Camera Laptop",HP,101343.0,Intel Core i5,16.0,LPDDR5,512.0,SSD,Intel Iris Xe,Windows 11,15.6,2560,1600,1,https://m.media-amazon.com/images/I/61Q39j6D-LL._SL500_.jpg,,amazon
"HP Pavilion Plus AI Laptop, Intel Core Ultra 5 125H, 10-12 Tops, 16GB LPDDR5x, 512GB SSD, 14-inch(35.6cm) 300 nits, WQXGA, Intel Arc Graphics, 5MP IR Camera (Win 11, Office 21, Blue, 1.44kg) ew1082TU",HP,102990.0,Intel Core Ultra 5,16.0,LPDDR5X,512.0,SSD,Intel Arc Graphics,Windows 11,15.6,3840,2160,1,https://m.media-amazon.com/images/I/711afGdgBhL._SL500_.jpg,,amazon
"HP 15, 13th Gen Intel Core i3-1315U (8GB DDR4, 512GB SSD), Anti-Glare, Micro-Edge, 15.6''/39.6cm, FHD, Win 11, M365 Basic(1yr)* Office2024, Silver, 1.59kg, fd0465TU, UHD Graphics, FHD Camera Laptop",HP,48500.0,Intel Core I3-1315U,8.0,DDR4,512.0,SSD,Intel Iris Xe,Windows 11,15.6,1920,1080,1,https://m.media-amazon.com/images/I/71MW35Gu9QL._SL500_.jpg,,amazon
"acer Aspire 3, Intel Celeron N4500, 12GB LPDDR4 RAM, 512GB SSD, Intel UHD Graphics, 15.6""/39.62cm HD, Windows 11 Home,Office Home & Student 2024, Pure Silver, 1.5KG, A325-45, Thin and Light Laptop",Acer,43990.0,Intel Celeron N4500,12.0,LPDDR4,512.0,SSD,Intel Uhd Graphics,Windows 11,15.6,1366,768,1,https://m.media-amazon.com/images/I/61+VIsP5bGL._SL500_.jpg,,amazon
Thomson NEO 14.1 Inch IN-N14C Intel Celeron Dual Core N4020 Processor Windows 11 Home Notebook (8 GB RAM DDR4/ 512 GB SSD/Thin & Light Weight/Black/High Battery Backup up to 8 Hrs),Thomson,27990.0,Intel Celeron Dual,8.0,DDR4,512.0,SSD,Intel Iris Xe,Windows 11,14.1,1920,1080,1,https://m.media-amazon.com/images/I/61+yOLkcLiL._SL500_.jpg,,amazon
"Lenovo 14 (2025), Intel Core i3 13th Gen 1315U - (16 GB/512 GB SSD/Intel UHD Graphics/Windows 11 Pro) Thin and Light Business Laptop/14.0"" FHD Display/Iron Grey/1.4 kg/MS Office 2021",Lenovo,50990.0,Intel Core I3 13Th,8.0,DDR4,512.0,SSD,Intel Uhd Graphics,Windows 11,14.0,1920,1080,1,https://m.media-amazon.com/images/I/51nkH83V5hL._SL500_.jpg,,amazon
"acer Aspire, AMD Ryzen 7-7730U, 16GB RAM, 512GB SSD, Full HD 15.6""/39.62cm, Windows 11 Home, Pure Silver, 1.79KG, AS15-42, WiFi 6, AMD Graphics, Backlit Keyboard, 55Wh Battery Laptop",Acer,53960.0,Intel Core i5,16.0,DDR4,512.0,SSD,Intel Iris Xe,Windows 11,15.6,1920,1080,1,https://m.media-amazon.com/images/I/51BV4vFUFpL._SL500_.jpg,,amazon
"Lenovo IdeaPad 3, Intel Core i3-1215U, 12th Gen, 8GB RAM, 512GB SSD, FHD, 14""/35.5cm, Windows 11, MSOffice 2021, Arctic Grey, 1.43Kg, 82RJ00FUIN, 1 Year Warranty, 3months Game Pass, Thin& Light Laptop",Lenovo,49990.0,Intel Core I3-1215U,8.0,DDR4,512.0,SSD,Intel Iris Xe,Windows 11,15.6,1920,1080,1,https://m.media-amazon.com/images/I/71gaqhm080L._SL500_.jpg,,amazon
"Lenovo IdeaPad Slim 3 Intel Core i3 12th Gen 15.6 inch (39.62cm) FHD Thin & Light Laptop (8GB/256GB SSD/Windows 11/Office 2021/1Yr ADP Free/Arctic Grey/1.63Kg), 82RK00XDIN",Lenovo,49990.0,Intel Core I3 12Th,8.0,DDR4,256.0,SSD,Intel Iris Xe,Windows 11,15.6,1920,1080,1,https://m.media-amazon.com/images/I/81+SKGgJ9yL._SL500_.jpg,,amazon
"Lenovo V14 G3 Laptop (Intel Core i5/ 12th Gen/ 8GB RAM/ 512GB SSD/DOS/ 14"" Inch), Arctic Grey, 1 Year Service Center Carry in Warranty",Lenovo,61750.0,Intel Core i5,8.0,DDR4,512.0,SSD,Intel Iris Xe,DOS,15.6,1920,1080,1,https://m.media-amazon.com/images/I/41WLBmMlBiL._SL500_.jpg,,amazon
"Lenovo V15 G3 Business Laptop | 12th Gen Intel Core i5-1235U | 15.6"" FHD | 16GB RAM | 512GB SSD | Windows 11 Pro | MS Office 2021 | Iron Grey | 1.70kg Ultra-Slim Design",Lenovo,62999.0,Intel Core I5-1235U,16.0,DDR4,512.0,SSD,Intel Iris Xe,Windows 11,15.6,1920,1080,1,https://m.media-amazon.com/images/I/41y2Ql1Y1cL._SL500_.jpg,,amazon
"Lenovo IdeaPad Slim 3 Intel Core i5-13420H 15.6"" (39.6cm) FHD IPS 300 Nits Thin & Light Laptop (16GB/512GB SSD/Win 11/Office 2021/Backlit KB/1Yr ADP Free/3 Month Game Pass/Grey/1.62Kg), 83EM0023IN",Lenovo,69750.0,Intel Core I5-13420H,8.0,DDR4,512.0,SSD,Intel Iris Xe,Windows 11,15.6,2560,1600,1,https://m.media-amazon.com/images/I/61RK2zd3-0L._SL500_.jpg,,amazon
"HP 15, 13th Gen Intel Core i3-1315U Laptop (8GB DDR4, 512GB SSD) Anti-Glare, Micro-Edge, 15.6""/39.6cm, FHD, Win 11, MSO 21, Silver, 1.59kg, Intel UHD Graphics, 1080p FHD Camera, 15-fd0465TU",HP,48500.0,Intel Core I3-1315U,8.0,DDR4,512.0,SSD,Intel Uhd Graphics,Windows 11,15.6,1920,1080,1,https://m.media-amazon.com/images/I/718ba2SBJYL._SL500_.jpg,,amazon
"HP 14, 13th Gen Intel Core i5-1334U Laptop (16GB RAM, 512GB SSD), Anti-Glare, IPS, 14""/35.6cm, FHD, Win 11, MS Office 2021, Silver, 1.4Kg, Intel Iris Xe Graphics, FHD Camera,Backlit KB, gr0002TU",HP,63999.0,Intel Core I5-1334U,16.0,DDR4,512.0,SSD,Intel Iris Xe,Windows 11,15.6,3840,2160,1,https://m.media-amazon.com/images/I/41Jw+rSmvJL._SL500_.jpg,,amazon
"Lenovo 14 (2025), Intel Core i5 13th Gen 1335U - (8 GB/512 GB SSD/Intel UHD Graphics/Windows 11 Pro) Thin and Light Business Laptop/14.0"" FHD Display/Iron Grey/1.4 kg/MS Office 2021",Lenovo,55990.0,Intel Core I5 13Th,8.0,DDR4,512.0,SSD,Intel Uhd Graphics,Windows 11,14.0,1920,1080,1,https://m.media-amazon.com/images/I/61-Jzr+piWL._SL500_.jpg,,amazon
"Lenovo V14 G3 (2024), Intel Core i5 12th Gen 1235U - (8GB/512GB SSD/Intel Integrated UHD Graphics/Windows 11 Home) Thin and Light Business Laptop/14.0"" FHD Display/Iron Grey/1.57 kg/MS Office 2021",Lenovo,61999.0,Intel Core I5 12Th,8.0,DDR4,512.0,SSD,Intel Iris Xe,Windows 11,14.0,1920,1080,1,https://m.media-amazon.com/images/I/51gH6E19ogL._SL500_.jpg,,amazon
"Dell Thin & Light Inspiron 7440 2in1 Laptop, Intel Core 7 150U, 16GB + 1TB SSD, 14"" (35.62cm) FHD+ 250nits Touch, Dell Active Pen, Backlit KB + FPR, Win 11 + MSO'21, 15 Months McAfee, Ice Blue.",Dell,124990.0,Intel Core i5,8.0,DDR4,512.0,SSD,Intel Iris Xe,Windows 11,15.6,1920,1080,1,https://m.media-amazon.com/images/I/81lfR4FnRhL._SL500_.jpg,,amazon
"Lenovo 14 (2025), Intel Core i5 13th Gen 13420H - (24 GB/512 GB SSD/Intel UHD Graphics/Windows 11 Home) Thin and Light Business Laptop/14.0"" FHD Display/Iron Grey/1.4 kg/Microsoft Office 2021",Lenovo,64990.0,Intel Core I5 13Th,8.0,DDR4,512.0,SSD,Intel Uhd Graphics,Windows 11,14.0,1920,1080,1,https://m.media-amazon.com/images/I/51Wa-DUPqZL._SL500_.jpg,,amazon
"ASUS Vivobook 14, Intel Core i3 13th Gen 1315U, 8GB RAM, 512GB SSD, FHD 14"", Windows 11, Office Home 2024, Cool Silver, 1.40kg, X1404VA-NK761WS, Intel UHD, M365 Basic (1Year)*, Backlit Keyboard Laptop",ASUS,47890.0,Intel Core I3 13Th,8.0,DDR4,512.0,SSD,Intel Iris Xe,Windows 11,15.6,1920,1080,1,https://m.media-amazon.com/images/I/71EwQWH7UvL._SL500_.jpg,,amazon
"Lenovo IdeaPad Slim 3 Intel Core i3 12th Gen 15.6 inch (39.62cm) FHD Thin & Light Laptop (8GB/256GB SSD/Windows 11/Office 2021/1Yr ADP Free/3months Game Pass/Arctic Grey/1.63Kg), 82RK00WXIN",Lenovo,49990.0,Intel Core I3 12Th,8.0,DDR4,256.0,SSD,Intel Iris Xe,Windows 11,15.6,1920,1080,1,https://m.media-amazon.com/images/I/81+SKGgJ9yL._SL500_.jpg,,amazon
"HP 15s Intel Core i3 12th Gen (8GB DDR4 RAM/ 1 TB NVME M.2 SSD/Windows 11 / MS Office'2021 / FHD 15.6"" (39.6 cm) / Silver / 1.69 kg/Dual Speakers) fq5328TU / Laptop",HP,54999.0,Intel Core I3 12Th,8.0,DDR4,512.0,SSD,Intel Iris Xe,Windows 11,15.6,1920,1080,1,https://m.media-amazon.com/images/I/715P7Vf9ekL._SL500_.jpg,,amazon
"Lenovo V15 G4 AMD Ryzen 5 7520U DOS 15.6 inch FHD Thin & Lite Laptop, AMD Graphics, 16GB DDR5 5500Mhz Ram, 512GB SSD,Dolby Audio,Premium Grey, 1 Year Onsite Brand Warranty",Lenovo,52999.0,Amd Ryzen 5 7520U,16.0,DDR5,512.0,SSD,Intel Iris Xe,DOS,15.6,1920,1080,1,https://m.media-amazon.com/images/I/71aup0IO2ZL._SL500_.jpg,,amazon
"Lenovo IdeaPad Slim 3 Ryzen 3 7320U 15.6"" (39.6cm) FHD Thin and Light Laptop (8GB RAM/512GB SSD/Integrated AMD Radeon 610M Graphics/Windows 11/MS Office 2021/Grey/1.6Kg), 82XQ00H7IN",Lenovo,45990.0,Intel Core i5,8.0,DDR4,512.0,SSD,Amd Radeon 610M,Windows 11,15.6,1920,1080,1,https://m.media-amazon.com/images/I/61khNUOxptL._SL500_.jpg,,amazon
"HP Laptop 14, Intel Core i5-1335U, 14-inch(35.6 cm),FHD,Anti-Glare,16GB DDR4,512GB SSD,Intel Iris X Graphics, Imagepad,Dual Speakers, Windows 11,MSO,Silver,1.4 kg, 14-gr0001TU",HP,62310.0,Intel Core I5-1335U,16.0,DDR4,512.0,SSD,Intel Iris Xe,Windows 11,15.6,1920,1080,1,https://m.media-amazon.com/images/I/71U11tcPYnL._SL500_.jpg,,amazon
DELL PRO 15 Renewed AMD Ryzen 5 7520U Quad Core - (4 GB DDR5/256GB SSD/AMD Radeon 610M Graphics/Windows 11),Dell,49980.0,Amd Ryzen 5 7520U,4.0,DDR5,256.0,SSD,Amd Radeon 610M,Windows 11,15.6,1920,1080,1,https://m.media-amazon.com/images/I/81AODMAQHvL._SL500_.jpg,,amazon
"Avita Liber E with 12th Gen Intel core i5 1235U Upto 4.40 GHz 8GB RAM 512GB SSD Expandable Upto 2TB 12MB Smart Cache Intel® UHD Graphics 14.1"" FHD Display Windows 11 Home Silver 1.53 Kg Thin & Light",Avita,34490.0,Intel Core I5 1235U,8.0,DDR4,512.0,SSD,Intel Iris Xe,Windows 11,14.1,1920,1080,1,https://m.media-amazon.com/images/I/71uCOyK7TXL._SL500_.jpg,,amazon
"Acer Aspire 3 (2025) Intel Core i3 13th Gen 1305U - (16 GB/512 GB SSD/Intel UHD Graphics/Windows 11 Home) Thin and Light Laptop/15.6"" FHD IPS Display/Metal Body/Silver/1.5 Kg/MSO 2021/3 Years Warranty",Acer,45990.0,Intel Core I3 13Th,8.0,DDR4,512.0,SSD,Intel Uhd Graphics,Windows 11,15.6,1920,1080,1,https://m.media-amazon.com/images/I/51fszfLSpLL._SL500_.jpg,,amazon
HP Pavilion x360 Laptop,HP,63990.0,Intel Core i5,8.0,DDR4,512.0,SSD,Intel Iris Xe,Windows 11,15.6,1920,1080,1,https://m.media-amazon.com/images/I/41w6eMsD5ML._SL500_.jpg,,amazon
"Lenovo V14 Intel Core i5 12th Gen 14""(35.56cm) FHD (1920x1080) Antiglare 250 Nits Thin and Light Laptop (8GB RAM/512GB SSD/Windows 11 Home/Iron Grey/1.43 kg),",Lenovo,61999.0,Intel Core I5 12Th,8.0,DDR4,512.0,SSD,Intel Iris Xe,Windows 11,15.6,1920,1080,1,https://m.media-amazon.com/images/I/51DaDQV29EL._SL500_.jpg,,amazon
"acer Aspire AMD Ryzen 5-7430U Processor Laptop with 39.62 cm (15.6"") Full HD LED IPS Display (8GB RAM/512 GB SSD/WiFi 6/AMD Graphics/Win11 Home/55Wh) AS15-42, Backlit Keyboard, Pure Silver, 1.79KG",Acer,44990.0,Intel Core i5,8.0,DDR4,512.0,SSD,Intel Iris Xe,Windows 11,15.6,1920,1080,1,https://m.media-amazon.com/images/I/51BV4vFUFpL._SL500_.jpg,,amazon
"Lenovo IdeaPad Slim 3 2021 11th Gen Intel Core i3 15.6"" (39.62cm) FHD Thin & Light Laptop (8GB/256GB SSD/DOS/2 Year Warranty/Arctic Grey/1.65Kg), 82H801DHIN",Lenovo,49990.0,Intel Core I3 15,8.0,DDR4,256.0,SSD,Intel Iris Xe,DOS,15.6,1920,1080,1,https://m.media-amazon.com/images/I/61qiDY-HIgL._SL500_.jpg,,amazon
"HP OmniBook Ultra AMD Ryzen AI 9 HX 375 Next Gen AI Laptop,(32GB-LPDDR5X Ram,1TB SSD)2.2k Anti Glare 400 Nits, 14''/35.6cm,W11+M365+Office24 with Copilot, FPR, Silver,1.57kg,9MP IR AI Camera, fd0009AU",HP,138990.0,Intel Core i5,8.0,LPDDR5X,512.0,SSD,Intel Iris Xe,Windows 11,15.6,2560,1600,1,https://m.media-amazon.com/images/I/61D8O4GDd-L._SL500_.jpg,,amazon
"Lenovo ThinkPad E14 AMD Ryzen 5 7530U 14"" (35.56 cm) WUXGA IPS 300 Nits Thin and Light Laptop (8GB RAM/512GB SSD/Win 11 Home/AMD Radeon Graphics/Backlit/FPR/Office H&S 2021/Black/1.41 kg), 21JRS00T00",Lenovo,84500.0,Amd Ryzen 5 7530U,8.0,DDR4,512.0,SSD,Amd Radeon Graphics,Windows 11,15.6,1920,1080,1,https://m.media-amazon.com/images/I/518BYF8LHRL._SL500_.jpg,,amazon
"Lenovo IdeaPad Slim 3 13th Gen Intel Core i3 15.6"" (39.6cm) FHD Laptop (8GB/512GB SSD/Win 11/Office 2021/1 Year ADP Free/Alexa Built-in/3 Month Game Pass/Arctic Grey/1.62Kg), 82X70034IN",Lenovo,47590.0,Intel Core I3 15,8.0,DDR4,512.0,SSD,Intel Iris Xe,Windows 11,15.6,2560,1600,1,https://m.media-amazon.com/images/I/81Be1f26lVL._SL500_.jpg,,amazon
"Lenovo 14 (2025), Intel Core i5 13th Gen 1335U - (8 GB/512 GB SSD/Intel UHD Graphics/Windows 11 Home) Thin and Light Business Laptop/14.0"" FHD Display/Iron Grey/1.4 kg/MS Office 2021",Lenovo,55990.0,Intel Core I5 13Th,8.0,DDR4,512.0,SSD,Intel Uhd Graphics,Windows 11,14.0,1920,1080,1,https://m.media-amazon.com/images/I/61ca9vGmXcL._SL500_.jpg,,amazon
acer Aspire 3 Made in India Laptop (Intel Celeron Dual-Core Processor N4500 | 4GB | 256GB SSD | Windows 11 Home | MS Office 2021 Home & Student | Silver| 1.45 kg) A314-35 with 14 inch HD Display,Acer,37999.0,Intel Celeron Dual,8.0,DDR4,256.0,SSD,Intel Iris Xe,Windows 11,15.6,1366,768,1,https://m.media-amazon.com/images/I/81DQ7klpB0L._SL500_.jpg,,amazon
"Lenovo V15 Intel Core i3 10th Gen 15.6"" Laptop (4GBRAM/256GB SSD/Windows 10 Home/1.45 kg) 82C500X4IH",Lenovo,45899.0,Intel Core I3 10Th,4.0,DDR4,256.0,SSD,Intel Iris Xe,Windows 10,15.6,1920,1080,1,https://m.media-amazon.com/images/I/41uZ4VsGHUS._SL500_.jpg,,amazon
"Lenovo V14 G3 (2024), Intel Core i5 12th Gen 1235U /16GB/512GB SSD/Intel UHD Graphics/Windows 11 Home/Thin and Light Business Laptop/14.0"" FHD Display/Iron Grey/1.57 kg/MS Office 2021",Lenovo,61200.0,Intel Core I5 12Th,8.0,DDR4,512.0,SSD,Intel Uhd Graphics,Windows 11,14.0,1920,1080,1,https://m.media-amazon.com/images/I/51aoXk4rzXL._SL500_.jpg,,amazon
"acer Aspire Lite 11th Gen Intel Core i3 Premium Metal Laptop (8GB RAM/512GB SSD/Windows 11 Home) AL15-51, 39.62cm (15.6"") Full HD Display, Metal Body, Steel Gray, 1.59 Kg",Acer,46990.0,Intel Core i5,8.0,DDR4,512.0,SSD,Intel Iris Xe,Windows 11,15.6,1920,1080,1,https://m.media-amazon.com/images/I/617rprfdhRL._SL500_.jpg,,amazon
"Lenovo IdeaPad Slim 3, Intel Core i5-12450H, 12th Gen, 16GB RAM, 512GB SSD, FHD IPS, 15.6""/39.6cm, Windows 11, MSOffice 21, Arctic Grey, 1.6Kg,83ER008GIN,Backlit KB,Alexa Built-in,1 Yr ADP Free Laptop",Lenovo,61110.0,Intel Core I5-12450H,16.0,DDR4,512.0,SSD,Intel Iris Xe,Windows 11,15.6,1920,1080,1,https://m.media-amazon.com/images/I/61pGi-72gaL._SL500_.jpg,,amazon
"HP 255 G10 Laptop for Home or Work, 16GB RAM DDR5, 512GB SSD, 15.6"" Full HD, Ryzen 3 7335U (Beats Intel i5-1135G7), HDMI, USB-C, Windows 11",HP,47600.0,Intel Core i5,16.0,DDR5,512.0,SSD,Intel Iris Xe,Windows 11,15.6,1920,1080,1,https://m.media-amazon.com/images/I/71rDlgf2Q6L._SL500_.jpg,,amazon
"HP 255 G10 Laptop for Home or Work, 16GB RAM DDR5, 512GB SSD, 15.6"" Full HD, Ryzen 3 7335U (Beats Intel i5-1135G7), HDMI, USB-C",HP,49999.0,Intel Core i5,16.0,DDR5,512.0,SSD,Intel Iris Xe,Windows 11,15.6,1920,1080,1,https://m.media-amazon.com/images/I/71tvlUVzTwL._SL500_.jpg,,amazon
"Lenovo IdeaPad Slim 3, Intel Core i7-13620H, 13th Gen, 16GB RAM, 512GB SSD, FHD IPS 300 Nits, 15""/38.1cm, Windows 11, MSOffice 21, Grey, 1.6Kg, 83EM008GIN,1Yr ADP Free,Alexa Built-in Laptop",Lenovo,79100.0,Intel Core I7-13620H,16.0,DDR4,512.0,SSD,Intel Iris Xe,Windows 11,15.6,1920,1080,1,https://m.media-amazon.com/images/I/81epBowa4UL._SL500_.jpg,,amazon
"HP 255R G10 AMD Ryzen 5 7535U - (8 GB/512 GB SSD) Thin and Light Laptop (15.6 inch, Matt Silver, 1.45 kg)",HP,47049.0,Amd Ryzen 5 7535U,8.0,DDR4,512.0,SSD,Intel Iris Xe,Windows 11,15.6,1920,1080,1,https://m.media-amazon.com/images/I/71CQ2SFwyZL._SL500_.jpg,,amazon
"MSI Thin 15, Intel 12th Gen. Core i5-12450H, 40CM FHD 144Hz Gaming Laptop(8GB/512GB NVMe SSD/Windows 11 Home/NVIDIA GeForce RTX 2050,GDDR6 4GB/Cosmos Gray/1.86Kg), B12UCX-1696IN",MSI,67500.0,Intel Core i5,8.0,DDR4,512.0,SSD,Nvidia Geforce Rtx 2050,Windows 11,15.6,1920,1080,1,https://m.media-amazon.com/images/I/71VG3azYMjL._SL500_.jpg,,amazon
"Lenovo IdeaPad Slim 1 AMD Ryzen 3 3250U 15.6"" (39.62cm) FHD Thin & Light Laptop (8GB/512GB SSD/Windows 11/Office 2021/2 Year Warranty/3months Game Pass/Cloud Grey/1.6Kg), 82R10049IN",Lenovo,36996.0,Amd Ryzen 3 3250U,8.0,DDR4,512.0,SSD,Intel Iris Xe,Windows 11,15.6,1920,1080,1,https://m.media-amazon.com/images/I/71VB1UTcYkL._SL500_.jpg,,amazon
"HP 15 Commercial Series Dos, Intel Core i3-1315U FHD Camera with Shutter",HP,48700.0,Intel Core I3-1315U,8.0,DDR4,512.0,SSD,Intel Iris Xe,DOS,15.6,1920,1080,1,https://m.media-amazon.com/images/I/61iyAz--DfL._SL500_.jpg,,amazon
Certified | T430 Business Laptop | Core i5-3320m | 8GB RAM | 1TB SSD | 14” HD Display | WiFi | Webcam | Win 10 Pro,Certified,19990.0,Intel Core i5,8.0,DDR4,512.0,SSD,Intel Iris Xe,Windows 11,15.6,1366,768,1,https://m.media-amazon.com/images/I/61rLg7iMuXL._SL500_.jpg,,amazon
"Lenovo IdeaPad 3 11th Gen Intel Core i3 15.6"" FHD Thin & Light Laptop(8GB/512GB SSD/Windows 11/Office 2021/2Yr Warranty/3months Xbox Game Pass/Platinum Grey/1.7Kg), 81X800N2IN",Lenovo,37380.0,Intel Core I3 15,8.0,DDR4,512.0,SSD,Intel Iris Xe,Windows 11,15.6,1920,1080,1,https://m.media-amazon.com/images/I/513bplmZ3VL._SL500_.jpg,,amazon
Certified | T430 Business Laptop | Core i5-3320m | 16GB RAM | 512GB SSD | 14” HD Display | WiFi | Webcam | Win 10 Pro,Certified,18990.0,Intel Core i5,16.0,DDR4,512.0,SSD,Intel Iris Xe,Windows 11,15.6,1366,768,1,https://m.media-amazon.com/images/I/61rLg7iMuXL._SL500_.jpg,,amazon
Certified | T430 Business Laptop | Core i5-3320m | 8GB RAM | 512GB SSD | 14” HD Display | WiFi | Webcam | Win 10 Pro,Certified,17990.0,Intel Core i5,8.0,DDR4,512.0,SSD,Intel Iris Xe,Windows 11,15.6,1366,768,1,https://m.media-amazon.com/images/I/61rLg7iMuXL._SL500_.jpg,,amazon
Certified | T430 Business Laptop | Core i5-3320m | 16GB RAM | 1TB SSD | 14” HD Display | WiFi | Webcam | Win 10 Pro,Certified,21990.0,Intel Core i5,16.0,DDR4,512.0,SSD,Intel Iris Xe,Windows 11,15.6,1366,768,1,https://m.media-amazon.com/images/I/61rLg7iMuXL._SL500_.jpg,,amazon
"Acer Smartchoice PM161Q B1 15.6 Inch Full HD Portable Monitor | IPS Panel | 2 x USB Type-C & HDMI | 4 ms | Adaptive-Sync | Ultra-Slim 700 g | Built-in Speakers | Ideal for Laptop, Phone & Travel Use",Acer,6929.0,Intel Core i5,8.0,DDR4,512.0,SSD,Intel Iris Xe,Windows 11,15.6,1920,1080,1,https://m.media-amazon.com/images/I/81U3xQrx3LL._SL500_.jpg,,amazon
"Crucial T500 1TB Gen4 NVMe M.2 Internal Gaming SSD, Up to 7300MB/s, Laptop & Desktop Compatible + 1mo Adobe CC All Apps - CT1000T500SSD8",Mi,25999.0,Intel Core i5,8.0,DDR4,1024.0,SSD,Intel Iris Xe,Windows 11,15.6,1920,1080,1,https://m.media-amazon.com/images/I/51oXLC2JFHL._SL500_.jpg,,amazon
