name,brand,price,processor,Ram,Ram_type,ROM,ROM_type,GPU,OS,display_size,resolution_width,resolution_height,warranty,image_url,buy_url,source
"HP 15, AMD Ryzen 7 7735HS (16GB DDR5,512GB SSD) FHD, Anti-Glare, Micro-Edge, 15.6''/39.6cm, Win11, M365 Basic(1yr)* Office24, Silver, 1.59kg, fc1038AU, AMD Radeon FHD Camera w/Shutter, Backlit Laptop",HP,59990.0,Amd Ryzen 7 7735Hs,16.0,DDR5,512.0,SSD,Amd Radeon Fhd,Windows 11,15.6,1920,1080,1,https://m.media-amazon.com/images/I/714-RoZpQML._SL500_.jpg,,amazon
"Dell 15 (Previously Inspiron), 13th Gen Intel Core i5-1334U (16GB RAM, 1TB SSD) FHD, Anti-Glare 15.6""/39.62cm, Windows 11 MSO'24, Silver, 1.62kg, 12 Month McAfee, Thin & Light, Backlit Keyboard Laptop",Dell,65548.0,Intel Core I5-1334U,16.0,DDR4,512.0,SSD,Intel Iris Xe,Windows 11,15.6,2560,1600,1,https://m.media-amazon.com/images/I/611DLBKu8JL._SL500_.jpg,,amazon
"acer SmartChoice Aspire Lite, AMD Ryzen 5-5625U Processor, 16 GB/512 GB, Full HD, 15.6""/39.62 cm, Windows 11 Home, Steel Gray, 1.59 kg, AL15-41, Metal Body, Thin and Light Laptop",Acer,54990.0,Intel Core i5,8.0,DDR4,512.0,SSD,Intel Iris Xe,Windows 11,15.6,1920,1080,1,https://m.media-amazon.com/images/I/718UBZxpxrL._SL500_.jpg,,amazon
"HP 15, 13th Gen Intel Core i3-1315U Laptop (8GB DDR4,512GB SSD) Anti-Glare, Micro-Edge,15.6''/39.6cm, FHD, Win11,M365 Basic(1yr),Office Home24, Silver,1.59kg, FHD Camera w/Privacy Shutter, fd0569TU",HP,49400.0,Intel Core I3-1315U,8.0,DDR4,512.0,SSD,Intel Iris Xe,Windows 11,15.6,1920,1080,1,https://m.media-amazon.com/images/I/61R5Ecv7i-L._SL500_.jpg,,amazon
"HP Victus, 14th Gen Intel Core i5-14450HX, 6GB RTX 3050, 24GB DDR5, 512GB SSD, FHD, 144Hz, 300 nits, IPS,15.6''/39.6cm, Win11, M365* Office24, Mica Silver, 2.3kg, fa2303tx/fa2315tx, RGB Gaming Laptop",HP,111990.0,Intel Core I5-14450Hx,24.0,DDR5,512.0,SSD,Rtx 3050,Windows 11,15.6,1920,1080,1,https://m.media-amazon.com/images/I/71KML--Vz9L._SL500_.jpg,,amazon
"HP Victus, AMD Ryzen 7 7445HS, 6GB RTX 4050, 16GB DDR5(Upgradeable) 512GB SSD, 144Hz, IPS, 300nits, FHD, 15.6''/39.6cm, Win11, M365* Office24, Blue, 2.29kg, fb3130AX, Backlit, DTS Audio, Gaming Laptop",HP,91990.0,Amd Ryzen 7 7445Hs,16.0,DDR5,512.0,SSD,Rtx 4050,Windows 11,15.6,1920,1080,1,https://m.media-amazon.com/images/I/71r2ySSfgBL._SL500_.jpg,,amazon
"ASUS Vivobook 15, Smartchoice,Intel Core i5 13th Gen 13420H,16GB RAM, 512GB SSD, FHD 15.6"",Windows 11, Office Home 2024, Quiet Blue, 1.70 kg, X1502VA-BQ836WS,Intel UHD iGPU, M365 Basic (1Year)* Laptop",ASUS,59990.0,Intel Core I5 13Th,16.0,DDR4,512.0,SSD,Intel Iris Xe,Windows 11,15.6,1920,1080,1,https://m.media-amazon.com/images/I/818iNyzckGL._SL500_.jpg,,amazon
"ASUS Gaming V16 (2025) 14th Gen,Intel Core 7 240H Gaming Laptop (RTX 4050-6GB/16GB RAM/512GB SSD/Windows 11 Home/16/144Hz/M365*/Office Home 2024, Matte Black,1.95 Kg),V3607VU-RP275WS",ASUS,92990.0,Intel Core i5,16.0,DDR4,512.0,SSD,Rtx 4050,Windows 11,15.6,1920,1080,1,https://m.media-amazon.com/images/I/71YeigfZCuL._SL500_.jpg,,amazon
"HP 15, Intel Core Ultra 5 125H (24GB DDR5, 1TB SSD), Micro-Edge, Anti-Glare, FHD, 15''/39.6cm, Win11, M365* Office24, Silver, 1.65kg, FD1458TU, FHD Camera, Backlit Laptop",HP,76990.0,Intel Core Ultra 5,24.0,DDR5,512.0,SSD,Intel Iris Xe,Windows 11,15.6,1920,1080,1,https://m.media-amazon.com/images/I/71GUbAzXvLL._SL500_.jpg,,amazon
"HP Smartchoice Victus, 13th Gen Intel Core i7-13620H, 8GB RTX 5050, 24GB DDR5(Upgradeable) 1TB SSD, 144Hz, FHD, 15.6''/39.6cm, Win11, M365* Office24, Mica Silver, 2.29kg, fa2309TX, RGB Gaming Laptop",HP,119990.0,Intel Core I7-13620H,24.0,DDR5,512.0,SSD,Rtx 5050,Windows 11,15.6,1920,1080,1,https://m.media-amazon.com/images/I/71HKFtogydL._SL500_.jpg,,amazon
"Acer Aspire One, Intel Core Celeron N4500, Office 2024 + M365 Basic, 12GB LPDDR4X RAM/ 256GB SSD, 14.0""/35.56cm TN HD Display, Win 11 Home, Pure Silver, 1.3KG, A114-45, Thin and Light Laptop",Acer,34990.0,Intel Core i5,12.0,LPDDR4X,256.0,SSD,Intel Iris Xe,Windows 11,14.0,1366,768,1,https://m.media-amazon.com/images/I/71I0Oo7W2-L._SL500_.jpg,,amazon
"HP 15, Intel Core Ultra 5 125H, 12 Tops (16GB DDR5, 512GB SSD) FHD, IPS, 15.6''/39.6cm, Win11, M365 Basic* Office24, Silver, 1.65kg, fd1254TU, Intel Graphics, FHD Camera w/Shutter, AI Powered Laptop",HP,65990.0,Intel Core Ultra 5,16.0,DDR5,512.0,SSD,Intel Iris Xe,Windows 11,15.6,1920,1080,1,https://m.media-amazon.com/images/I/71jeGkNKMeL._SL500_.jpg,,amazon
"HP 15, 13th Gen Intel Core i3-1315U (12GB DDR4, 512GB SSD) FHD, Anti-Glare, Micro-Edge, 15.6''/39.6cm, Win11, M365 Basic(1yr)* Office24, Silver, 1.59kg, fd0573TU, FHD Camera w/Shutter Laptop",HP,52690.0,Intel Core I3-1315U,12.0,DDR4,512.0,SSD,Intel Iris Xe,Windows 11,15.6,1920,1080,1,https://m.media-amazon.com/images/I/71FXHAM+jWL._SL500_.jpg,,amazon
"acer Nitro V 15, AMD Ryzen 7-7445HS, NVIDIA GeForce RTX 4050-6 GB, 16GB DDR5, 512GB SSD, FHD IPS, 15.6""/39.62cm, 165Hz, Win 11 Home, Obsidian Black, 2.1KG, ANV15-42, Gaming Laptop",Acer,78990.0,Intel Core i5,16.0,DDR5,512.0,SSD,Nvidia Geforce Rtx 4050,Windows 11,15.6,1920,1080,1,https://m.media-amazon.com/images/I/51WgXPBL4nL._SL500_.jpg,,amazon
"HP OmniBook 5 OLED (Previously Pavilion), Snapdragon X Processor (16GB LPDDR5x, 1TB SSD) 2K, 14''/35.6cm, Win11, M365 Basic(1yr)* Office24, Silver, 1.35kg, he0015QU, Light-Weight, Next-Gen AI Laptop",HP,74990.0,Snapdragon X Processor,16.0,LPDDR5X,512.0,SSD,Intel Iris Xe,Windows 11,15.6,2560,1600,1,https://m.media-amazon.com/images/I/71fHNU8KnQL._SL500_.jpg,,amazon
"HP HyperX OMEN 15, AMD Ryzen 7 260, 8GB-RTX 5050, 24GB DDR5 (Upgradeable), 1TB SSD, 180Hz, 2.5K, 500 nits, 3ms resp time, 15.3''/38.9cm, Win11, Office24, Black, 2.42kg, gb0038AX, RGB, AI Gaming Laptop",HP,139990.0,Amd Ryzen 7 260,24.0,DDR5,512.0,SSD,Rtx 5050,Windows 11,15.3,2560,1600,1,https://m.media-amazon.com/images/I/71uj3RNcdrL._SL500_.jpg,,amazon
"acer Aspire Lite, AMD Ryzen 3 5300U Processor, 16 GB RAM, 512GB SSD, Full HD, 15.6""/39.62cm, Windows 11 Home, Steel Gray, 1.59KG, AL15-41, Metal Body, Premium Thin and Light Laptop",Acer,49790.0,Amd Ryzen 3 5300U,16.0,DDR4,512.0,SSD,Intel Iris Xe,Windows 11,15.6,1920,1080,1,https://m.media-amazon.com/images/I/513p8BwV-RL._SL500_.jpg,,amazon
Thomson NEO 14.1 Inch IN-P14C Intel Celeron Dual Core N4020 Processor & Window 11 Home Notebook (4 GB RAM DDR4/ 128 GB SSD/Numeric Touch Pad/Thin & Light Weight/Silver),Thomson,24990.0,Intel Celeron Dual,4.0,DDR4,128.0,SSD,Intel Iris Xe,Windows 11,14.1,1920,1080,1,https://m.media-amazon.com/images/I/71IWq5rtazL._SL500_.jpg,,amazon
"Apple 2026 MacBook Pro Laptop with M5 Max chip with 18‑core CPU and 40‑core GPU: Built for AI, 41.05 cm (16.2″) Liquid Retina XDR Display, 48GB Unified Memory, 2TB SSD Storage; Space Black",Apple,451490.0,Intel Core i5,8.0,DDR4,512.0,SSD,Intel Iris Xe,Windows 11,15.6,1920,1080,1,https://m.media-amazon.com/images/I/61h78UMEXjL._SL500_.jpg,,amazon
"𝗗𝗲𝗹𝗹Laptop Model 5420 | 𝗜𝗡𝗧𝗘𝗟i5 11th Gen Processor |8GB DDR4 RAM |256GB SSD |14"" FHD Display | Win10 | A+ Condition Laptop (Refab)",𝗗𝗲𝗹𝗹laptop,26999.0,Intel Core i5,8.0,DDR4,256.0,SSD,Intel Iris Xe,Windows 10,15.6,1920,1080,1,https://m.media-amazon.com/images/I/51LHNjAjH9L._SL500_.jpg,,amazon
"Dell 15 Laptop, 14th Gen Intel Core 3 100U Processor, 16GB DDR4, 512 SSD, Intel UHD Graphics, 15.6"" NT FHD 120Hz IPS AG 250 nit Display, Win 11 + Office H&S 2024, Carbon Black, Thin & Light- 1.63Kg",Dell,58990.0,Intel Core i5,16.0,DDR4,512.0,SSD,Intel Uhd Graphics,Windows 11,15.6,1920,1080,1,https://m.media-amazon.com/images/I/71ZBa5+qu4L._SL500_.jpg,,amazon
"Dell 15 (Previously Inspiron) Laptop, 14th Gen Intel Core 3 100U Processor, 8GB DDR4, 512 SSD, 15.6"" NT FHD 120Hz IPS AG 250 nit Display, Win 11 + Office H&S 2024, Carbon Black, Thin & Light- 1.63Kg",Dell,57990.0,Intel Core i5,8.0,DDR4,512.0,SSD,Intel Iris Xe,Windows 11,15.6,1920,1080,1,https://m.media-amazon.com/images/I/717WZ7WriwL._SL500_.jpg,,amazon
"Lenovo V15 G4 AMD Athlon Silver 7120U Laptop 8GB LPDDR5 Ram, 512 GB SSD PCIe, Windows 11 Lifetime Validity,15.6"" FHD Screen, AMD Radeon 610M, Silver, 1 Year Brand Warranty",Lenovo,44999.0,Amd Athlon Silver,8.0,LPDDR5,512.0,SSD,Amd Radeon 610M,Windows 11,15.6,1920,1080,1,https://m.media-amazon.com/images/I/61AccNkmFFL._SL500_.jpg,,amazon
"HP Omen, Intel Core Ultra 9 285H, 8GB RTX 5070, 32GB DDR5, 1TB SSD, 165Hz, 2k WUXGA, 3ms, 400 nits, 16''/40.6cm, Win11, M365* Office24, Black, 2.42kg, an0012TX, Unleashed Mode, RGB, AI Gaming Laptop",HP,187490.0,Intel Core Ultra 9,32.0,DDR5,512.0,SSD,Rtx 5070,Windows 11,15.6,2560,1600,1,https://m.media-amazon.com/images/I/71RpTH4KJmL._SL500_.jpg,,amazon
"Lenovo IdeaPad 1 AMD Ryzen 5 5500U 15.6"" HD Thin and Light Laptop (8GB RAM/512GB SSD/Windows 11 Home/Office Home 2024/1 Year ADP Free/Grey/1.6Kg), 82R4011MIN",Lenovo,49750.0,Amd Ryzen 5 5500U,8.0,DDR4,512.0,SSD,Intel Iris Xe,Windows 11,15.6,1366,768,1,https://m.media-amazon.com/images/I/71xHNSCyRsL._SL500_.jpg,,amazon
"acer Aspire Lite 12th Gen Intel Core i3-1215U Premium Metal Laptop (Windows 11 Home/16 GB RAM/512GB SSD) AL15-52, 39.62cm (15.6"") Full HD Display, Metal Body, Steel Gray, 1.59 Kg",Acer,49990.0,Intel Core I3-1215U,16.0,DDR4,512.0,SSD,Intel Iris Xe,Windows 11,15.6,1920,1080,1,https://m.media-amazon.com/images/I/71JEGsayyGL._SL500_.jpg,,amazon
"HP 255R G10 Notebook (AMD Athlon Silver 7120U /8GB/512GB/DOS) 15.6-inch(39.6cm), Anti-Glare, HD Laptop, Radeon Graphics, Silver,1.52kg",HP,39340.0,Amd Athlon Silver,8.0,DDR4,512.0,SSD,Intel Iris Xe,DOS,15.6,2560,1600,1,https://m.media-amazon.com/images/I/71rDlgf2Q6L._SL500_.jpg,,amazon
"acer Nitro V 15, AMD Ryzen 5 6600H Hexa-core Processor,NVIDIA GeForce RTX 4050-6GB GDDR6,16 GB, 512 GB, Full HD IPS, 15.6""/39.62 cm, 165 Hz, Win 11 Home,Obsidian Black, 2.1 kg, ANV15-41,Gaming Laptop",Acer,89990.0,Amd Ryzen 5 6600H,8.0,DDR4,512.0,SSD,Nvidia Geforce Rtx 4050,Windows 11,15.6,1920,1080,1,https://m.media-amazon.com/images/I/71l3rBy8IPL._SL500_.jpg,,amazon
"Lenovo Smartchoice Ideapad 5 2-in-1 13th Gen Intel Core i5-13420H (16GB RAM/512GB SSD/Windows 11/Office Home 2024/WUXGA IPS/14 (35.5cm)/Touchscreen 2-in-1/3Mon.Game Pass/Grey/1.6kg), 83KX0059IN Laptop",Lenovo,74490.0,Intel Core I5-13420H,16.0,DDR4,512.0,SSD,Intel Iris Xe,Windows 11,15.6,1920,1080,1,https://m.media-amazon.com/images/I/61XOR7fpbVL._SL500_.jpg,,amazon
"Lenovo Yoga Slim 7 Aura Edition, Intel Core Ultra 5 228V, 32GB RAM, 1TB SSD, WUXGA OLED, Copilot+ AI PC, 40 Tops, 14""/35.5cm, Windows 11, Office 2024, Grey, 1.19Kg, 83JX001LIN, AI Now, AI Laptop",Lenovo,109990.0,Intel Core Ultra 5,32.0,DDR4,512.0,SSD,Intel Iris Xe,Windows 11,15.6,1920,1080,1,https://m.media-amazon.com/images/I/81eXBrmUASL._SL500_.jpg,,amazon
"acer [SmartChoice Aspire 3 Laptop Intel Core Celeron N4500 Processor Laptop (8 GB LPDDR4X SDRAM/256 GB SSD/Win11 Home/38 WHR/HD Webcam) A325-45 with 39.63 cm (15.6"") HD Display, Pure Silver, 1.5 KG",Acer,36990.0,Intel Core i5,8.0,LPDDR4X,256.0,SSD,Intel Iris Xe,Windows 11,15.6,1366,768,1,https://m.media-amazon.com/images/I/41bdNUDc8pL._SL500_.jpg,,amazon
"HP Omen, AMD Ryzen AI 7 350, 8GB RTX 5050, 24GB DDR5(Upgradeable) 1TB SSD, 165Hz, 2k WUXGA, 3ms, 400 nits, 16'(40.6cm) Win11, M365* Office24, Black, 2.44kg, ap0165AX, RGB, AI Gaming Laptop",HP,134990.0,Intel Core i5,24.0,DDR5,512.0,SSD,Rtx 5050,Windows 11,15.6,3840,2160,1,https://m.media-amazon.com/images/I/71P33TSPkVL._SL500_.jpg,,amazon
"HP Omen, Intel Core i7-14650HX 14th Gen, 8GB RTX 5050, 24GB DDR5(Upgradeable) 1TB SSD, 165Hz, 2k WUXGA, 3ms, 400 nits, 16''/40.6cm, Win11, M365* Office24, Black, 2.43kg, am0241TX, RGB Gaming Laptop",HP,149990.0,Intel Core I7-14650Hx,24.0,DDR5,512.0,SSD,Rtx 5050,Windows 11,15.6,2560,1600,1,https://m.media-amazon.com/images/I/710as3-Py1L._SL500_.jpg,,amazon
𝗛𝗣𝗣𝗿𝗼𝗯𝗼𝗼𝗸Model 430 G3 Business Laptop | InteI i5 6th Gen | 8GB RAM | 256GB SSD | WiFi | Webcam | Win10 Pro (Refab),𝗛𝗣𝗣𝗿𝗼𝗯𝗼𝗼𝗸model,20299.0,Intel Core i5,8.0,DDR4,256.0,SSD,Intel Iris Xe,Windows 10,15.6,1920,1080,1,https://m.media-amazon.com/images/I/61eW+bmIh+L._SL500_.jpg,,amazon
"Acer Aspire One, Intel Core Celeron N4500, Office 2024 + M365 Basic, 12GB LPDDR4X RAM/ 512GB SSD, 14.0""/35.56cm TN HD Display, Win 11 Home, Pure Silver, 1.3KG, A114-45, Thin and Light Laptop",Acer,38990.0,Intel Core i5,12.0,LPDDR4X,512.0,SSD,Intel Iris Xe,Windows 11,14.0,1366,768,1,https://m.media-amazon.com/images/I/71I0Oo7W2-L._SL500_.jpg,,amazon
"ASUS Chromebook CX1405 (2025), Intel Core 3-N355, 8GB RAM, 128GB SSD, FHD 14""(35.56cm), Chrome OS, Pure Grey, 1.38Kg, CX1405CTA-S60724, Intel UHD Graphics, 42WHrs, Thin & Light Laptop",ASUS,34490.0,Intel Core i5,8.0,DDR4,128.0,SSD,Intel Uhd Graphics,Windows 11,15.6,1920,1080,1,https://m.media-amazon.com/images/I/71LikKalsOL._SL500_.jpg,,amazon
"ASUS Vivobook 16, Intel Core Ultra 5 Series 2, 16GB RAM, 512GB SSD, FHD+ 16"", Windows 11, Office Home 2024, Silver, 1.88kg, X1607CA-MB142WS, Intel iGPU, M365 Basic (1Year)* Laptop",ASUS,66990.0,Intel Core Ultra 5,16.0,DDR4,512.0,SSD,Intel Iris Xe,Windows 11,15.6,1920,1080,1,https://m.media-amazon.com/images/I/714zVJcMt5L._SL500_.jpg,,amazon
"Lenovo V15 G4 AMD Athlon Silver 7120U Laptop 8GB LPDDR5 Ram, 512 GB SSD PCIe, Windows 11/MS Office,15.6"" FHD Screen, AMD Radeon 610M, Silver, 1 Year Brand Warranty",Lenovo,44999.0,Amd Athlon Silver,8.0,LPDDR5,512.0,SSD,Amd Radeon 610M,Windows 11,15.6,1920,1080,1,https://m.media-amazon.com/images/I/51EuJs4AGpL._SL500_.jpg,,amazon
"acer Nitro V 15, Intel core i7-13th Gen 13620H,NVIDIA GeForce RTX - 5050 8GB, 16 GB,512 GB,Full HD IPS,15.6""/39.62 cm,165 Hz, Win 11 Home, Obsidian Black, 2.113 kg, ANV15-52, Amber KB,Gaming Laptop",Acer,93990.0,Intel Core I7-13Th,8.0,DDR4,512.0,SSD,Intel Iris Xe,Windows 11,15.6,1920,1080,1,https://m.media-amazon.com/images/I/51WgXPBL4nL._SL500_.jpg,,amazon
"HP 14 AI PC Intel Core Ultra 7 - (24 GB/1 TB SSD/Windows 11 Home) 14-ep1181TU Thin and Light Laptop (14 Inch, Natural Silver, 1.4 kg, with MS Office)",HP,88390.0,Intel Core Ultra 7,8.0,DDR4,512.0,SSD,Intel Iris Xe,Windows 11,15.6,1920,1080,1,https://m.media-amazon.com/images/I/71+5idlIHgL._SL500_.jpg,,amazon
"Dell Inspiron 3530, Intel Core i7 13th Gen -1355U, 16GB RAM, 512GB SSD, FHD, 15.6""/39.62cm, Windows 11, Microsoft Office Home 2024, Silver, 1.62kg, Backlit KB, M365, 15 Month McAfee Laptop",Dell,70604.0,Intel Core I7 13Th,16.0,DDR4,512.0,SSD,Intel Iris Xe,Windows 11,15.6,2560,1600,1,https://m.media-amazon.com/images/I/615Lg0FU5bL._SL500_.jpg,,amazon
"HP Victus, Intel Core 7 240H, 8GB RTX 5050, 24GB DDR5(Upgradeable) 1TB SSD, FHD, 144Hz, 300 nits, IPS, 15.6''/39.6cm, Win11, M365* Office24, Mica Silver, 2.29kg, fa2409TX, RGB Backlit, Gaming Laptop",HP,124319.0,Intel Core i5,24.0,DDR5,512.0,SSD,Rtx 5050,Windows 11,15.6,1920,1080,1,https://m.media-amazon.com/images/I/71cW4VF6BkL._SL500_.jpg,,amazon
"HP 15 Laptop, AMD Ryzen 5 7520U (16GB DDR5,512GB SSD) Win11,M365 Basic(1yr)*Office Home24, Anti-Glare,15.6''/39.6cm,FHD,Backlit KB,FHD Camera w/Privacy Shutter,Radeon Graphics, Silver,1.59kg FC0690AU",HP,55490.0,Amd Ryzen 5 7520U,16.0,DDR5,512.0,SSD,Intel Iris Xe,Windows 11,15.6,1920,1080,1,https://m.media-amazon.com/images/I/71-8y5gh4bL._SL500_.jpg,,amazon
𝗟𝗲𝗻𝗼𝘃𝗼Model L14 Laptop| Core i5 10th Gen Processor | 8GB RAM/256GB SSD | 14″ HD Display | A+ Condition (Pre-Owned & Tested),𝗟𝗲𝗻𝗼𝘃𝗼model,23995.0,Intel Core i5,8.0,DDR4,256.0,SSD,Intel Iris Xe,Windows 11,15.6,1366,768,1,https://m.media-amazon.com/images/I/51G8BlhaMAL._SL500_.jpg,,amazon
"ASUS Gaming V16, Intel Core 7 240H Gaming Laptop(RTX 5060-8GB/16GB RAM/512GB SSD/FHD+/16""/144Hz/Backlit Keyboard/Windows 11/M365 Basic (1Year)*/Office Home 2024/Matte Black/1.95 Kg) V3607VM-RP057WS",ASUS,109990.0,Intel Core i5,16.0,DDR4,512.0,SSD,Rtx 5060,Windows 11,15.6,1920,1080,1,https://m.media-amazon.com/images/I/71Du1Y52b9L._SL500_.jpg,,amazon
"ASUS ROG Strix G16,Intel Core Ultra 9 275HX Gaming Laptop(RTX 5070 Ti -12GB/140W TGP/32GB/1TB/2.5K QHD+/16""/240Hz/Windows 11/M365 Basic (1Year)*/Office Home 2024/Eclipse Gray/2.65 Kg) G615LR-S5190WS",ASUS,269990.0,Intel Core Ultra 9,8.0,DDR4,512.0,SSD,Rtx 5070,Windows 11,15.6,1366,768,1,https://m.media-amazon.com/images/I/81yUKF8dkiL._SL500_.jpg,,amazon
"HP 15, Intel Core 5-120U (8GB DDR4, 512GB SSD) FHD, Anti-Glare, Micro-Edge, 15.6''/39.6cm, Win11, M365 Basic(1yr), Office Home24, Silver,1.59kg, fd0651TU, FHD Camera w/Privacy Shutter, Backlit Laptop",HP,56780.0,Intel Core i5,8.0,DDR4,512.0,SSD,Intel Iris Xe,Windows 11,15.6,1920,1080,1,https://m.media-amazon.com/images/I/71Pvu4wjdtL._SL500_.jpg,,amazon
"HP 15, AMD Ryzen 3 7320U (8GB LPDDR5, 512GB SSD) FHD, Anti-Glare, Micro-Edge, 15.6""/39.6cm, Win 11, Office 21, Silver, 1.59kg, fc0154AU, AMD Radeon Graphics, 1080p FHD Camera Laptop",HP,45000.0,Amd Ryzen 3 7320U,8.0,LPDDR5,512.0,SSD,Amd Radeon Graphics,Windows 11,15.6,1920,1080,1,https://m.media-amazon.com/images/I/61SHFVKs+AL._SL500_.jpg,,amazon
"Lenovo Yoga AMD Pro 7 Ryzen AI 9 365 (32GB RAM/1TB SSD/Copilot+PC/14.5""(36.8cm)/2.8K WQXGA+OLED/120Hz/Windows11/Office Home 2024/Grey/1.54Kg), 83HN0027IN AI Laptop",Lenovo,129790.0,Intel Core i5,32.0,DDR4,512.0,SSD,Intel Iris Xe,Windows 11,14.5,3840,2160,1,https://m.media-amazon.com/images/I/71gcREwFhxL._SL500_.jpg,,amazon
"Dell 15 AI Powered Laptop, Intel Core Ultra 5 225H, 16GB DDR5 RAM, 512GB SSD, 15.6"" FHD Anti-Glare Display, Intel Arc Graphics, Dedicated Copilot Key, Backlit Keyboard, Silver, Win11 Home + MSO H&S'24",Dell,79990.0,Intel Core Ultra 5,16.0,DDR5,512.0,SSD,Intel Arc Graphics,Windows 11,15.6,1920,1080,1,https://m.media-amazon.com/images/I/61Hnx-dNRjL._SL500_.jpg,,amazon
"ASUS TUF A16 (2026), AMD Ryzen 7 170 Processor,RTX 4050-6GB, 16GB RAM, 512GB SSD, FHD+, 16""(40 cm), Windows 11 Home, M365 Basic(1 Year)* Office 2024, Mecha Gray, 2.2 Kg, FA607NUQ-RL047WS,Gaming Laptop",ASUS,99990.0,Amd Ryzen 7 170,16.0,DDR4,512.0,SSD,Rtx 4050,Windows 11,15.6,1920,1080,1,https://m.media-amazon.com/images/I/710T7opADkL._SL500_.jpg,,amazon
ALKETRON - 15.6 Inch Professional Laptop - 256GB SSD + 12GB RAM with Windows 11 & MS Office - 1Yr Warranty + 3 Yr Extended Warranty(Standard Edition),Alketron,28745.0,Intel Core i5,12.0,DDR4,256.0,SSD,Intel Iris Xe,Windows 11,15.6,1920,1080,1,https://m.media-amazon.com/images/I/61VPPYUhoIL._SL500_.jpg,,amazon
"acer Aspire 3 Intel Core i5-1334U Processor Laptop with 35.56 cm (14"") FHD LED-Backlit IPS Display (16GB RAM/512GB SSD/WiFi 6/Intel Graphics/Win11Home) A324-51, Backlit Keyboard, Steel Gray, 1.45KG",Acer,57990.0,Intel Core I5-1334U,16.0,DDR4,512.0,SSD,Intel Iris Xe,Windows 11,15.6,1920,1080,1,https://m.media-amazon.com/images/I/71sZZwsXCmL._SL500_.jpg,,amazon
"Dell G15, 13th Gen Intel Core i5-13450HX Processor, NVIDIA RTX 3050-6GB, (16GB RAM 1TB SSD) FHD 15.6""/39.62 cm, Orange Backlit Keyboard, Win 11, MS Office'24, Dark Shadow Grey, 2.65Kg Gaming Laptop",Dell,79490.0,Intel Core I5-13450Hx,16.0,DDR4,512.0,SSD,Nvidia Rtx 3050,Windows 11,15.6,1920,1080,1,https://m.media-amazon.com/images/I/61ko2a0owDL._SL500_.jpg,,amazon
"HP Victus, Intel Core i5-14450HX 14th Gen, 6GB RTX 4050, 24GB DDR5(Upgradeable) 512GB SSD, FHD, 144Hz, 300 nits, 15.6''/39.6cm, Win11, M365* Office24, Mica Silver, 2.29kg, fa2382tx, RGB Gaming Laptop",HP,102990.0,Intel Core I5-14450Hx,24.0,DDR5,512.0,SSD,Rtx 4050,Windows 11,15.6,1920,1080,1,https://m.media-amazon.com/images/I/71ISEW+yZeL._SL500_.jpg,,amazon
"Acer Professional 14, AMD Ryzen 3-7330U, 8 GB RAM, 512 GB SSD, Full HD 14"", Windows 11 Pro, MSO21, Pro Silver, 1.39 KG, Professional Premium Laptop, Travel Lite",Acer,45590.0,Intel Core i5,8.0,DDR4,512.0,SSD,Intel Iris Xe,Windows 11,15.6,1920,1080,1,https://m.media-amazon.com/images/I/51xKQHXurwL._SL500_.jpg,,amazon
"ASUS Vivobook 15 (2025), 13th Gen,Intel Core i3-1315U, 8GB RAM, 512GB SSD, FHD, 15.6"", 39.6 cm, Windows 11 Home,M365 Basic(1 Year)* Office 2024,Cool Silver,1.7 Kg, X1504VA-D5321WS, Thin & Light Laptop",ASUS,49990.0,Intel Core I3-1315U,8.0,DDR4,512.0,SSD,Intel Iris Xe,Windows 11,15.6,1920,1080,1,https://m.media-amazon.com/images/I/71bIUPAleZL._SL500_.jpg,,amazon
"HP Omen, AMD Ryzen AI 7 350, 8GB RTX 5060, 24GB DDR5(Upgradeable) 1TB SSD, 165Hz, 2k WUXGA, 3ms, 400 nits, 16''/40.6cm, Win11, M365* Office24, Black, 2.44kg, ap0183AX, RGB, AI Gaming Laptop",HP,152990.0,Intel Core i5,24.0,DDR5,512.0,SSD,Rtx 5060,Windows 11,15.6,3840,2160,1,https://m.media-amazon.com/images/I/71L-15NzerL._SL500_.jpg,,amazon
"ASUS ROG Strix G16 (2025), AMD Ryzen 9 8940HX, RTX 5050-8GB, 16GB RAM, 1TB SSD, FHD+, 16"", 40 cm, Windows 11 Home, M365 Basic(1yr)* Office24, Eclipse Gray, 2.5 Kg, G614PH-RV073WS, Gaming Laptop",ASUS,160560.0,Amd Ryzen 9 8940Hx,16.0,DDR4,512.0,SSD,Rtx 5050,Windows 11,15.6,1920,1080,1,https://m.media-amazon.com/images/I/71KmP-oCBBL._SL500_.jpg,,amazon
"ASUS Vivobook S14,Smartchoice,AMD Ryzen AI 7 350,16GB RAM,1TB SSD,OLED,14"",Windows 11, Office24,M365 Basic (1Yr)*, Matte Gray,1.4Kg, M3407KA-SF049WS,50 Tops,Metallic Design,Next-Gen AI Laptop,Copilot+",ASUS,81990.0,Intel Core i5,16.0,DDR4,512.0,SSD,Intel Iris Xe,Windows 11,15.6,3840,2160,1,https://m.media-amazon.com/images/I/71G3hXXBEWL._SL500_.jpg,,amazon
"ASUS Vivobook 14, (i5 14th Gen) Intel Core 5 120U, Thin & Light Laptop(16GB RAM/512GB SSD/FHD/14/60Hz/Fingerprint Reader/M365 Basic (1Year)*/Office Home 2024/Quiet Blue/1.4 Kg) X1404VAP-EB1542WS",ASUS,64450.0,Intel Core i5,16.0,DDR4,512.0,SSD,Intel Iris Xe,Windows 11,15.6,1920,1080,1,https://m.media-amazon.com/images/I/61O2P+m2gIL._SL500_.jpg,,amazon
"HP 15, 13th Gen Intel Core i5-13420H, (16GB DDR4, 512GB SSD), FHD, Anti-Glare, Micro-Edge, 15.6''/39.6cm, Win11, M365 Basic(1yr)* Office24, Silver, 1.65kg, fr0028TU, Camera w/Shutter, Backlit Laptop",HP,64990.0,Intel Core I5-13420H,16.0,DDR4,512.0,SSD,Intel Iris Xe,Windows 11,15.6,1920,1080,1,https://m.media-amazon.com/images/I/71n-EYolAoL._SL500_.jpg,,amazon
"HP 15, AMD Ryzen 5 7520U (8GB LPDDR5, 512GB SSD) FHD, Anti-Glare, Micro-Edge, 15.6''/39.6cm, Win11, M365 Basic(1yr), Offic24, Silver,1.59kg, fc0805AU, FHD Camera w/Privacy Shutter, Backlit Laptop",HP,52700.0,Amd Ryzen 5 7520U,8.0,LPDDR5,512.0,SSD,Intel Iris Xe,Windows 11,15.6,1920,1080,1,https://m.media-amazon.com/images/I/71GVVSSUsML._SL500_.jpg,,amazon
"ASUS TUF A16,AMD Ryzen 9 8940HX, Gaming Laptop(RTX 5070-8GB/115W TGP/16GB/1TB /2.5K QHD+/16""/165Hz/90WHrs/Windows 11/M365 Basic (1Year)*/Office Home 2024/Jaeger Gray/2.2 Kg) FA608PP-QT014WS",ASUS,189990.0,Amd Ryzen 9 8940Hx,8.0,DDR4,512.0,SSD,Rtx 5070,Windows 11,15.6,1366,768,1,https://m.media-amazon.com/images/I/71vog9Fy81L._SL500_.jpg,,amazon
"HP Professional 14 (2025), Intel Core i3 13th Gen 1315U - (8 GB/512 GB SSD/Intel UHD Graphics/Windows 11 Pro) Thin and Light Business Laptop/14.0"" HD Display/Turbo Silver/1.4 Kg/MSO 2021",HP,50710.0,Intel Core I3 13Th,8.0,DDR4,512.0,SSD,Intel Uhd Graphics,Windows 11,14.0,1366,768,1,https://m.media-amazon.com/images/I/71XURoDxZ2L._SL500_.jpg,,amazon
"Lenovo LOQ, AMD Ryzen 5 7235HS, RTX 3050A-4GB, 12GB RAM, 512GB SSD, [FHD], 15.6""/39.6cm, 144Hz, Windows 11, Office Home 2024, Grey, 2.4Kg, 83JC00HNIN, 3 Mon. Game Pass, Gaming Laptop",Lenovo,70990.0,Amd Ryzen 5 7235Hs,12.0,DDR4,512.0,SSD,Rtx 3050A,Windows 11,15.6,3840,2160,1,https://m.media-amazon.com/images/I/61aXoUYHNcL._SL500_.jpg,,amazon
"Lenovo Legion Pro 5 2025, Intel Core Ultra 7 255HX, RTX 5060-8GB, 32GB RAM, 1TB SSD, WQXGA OLED, 16""/40.6cm, 165Hz, Windows 11, Office 2024+AI Now, Black, 2.4Kg, 83F3007CIN, AI Powered Gaming Laptop",Lenovo,208490.0,Intel Core Ultra 7,32.0,DDR4,512.0,SSD,Rtx 5060,Windows 11,15.6,3840,2160,1,https://m.media-amazon.com/images/I/71bhP2ueWmL._SL500_.jpg,,amazon
"Acer Aspire Lite, AMD Ryzen 5-5625U, Office 2024 + M365 Basic, 16GB, 512GB, FHD 15.6""/39.62 cm, Windows 11 Home, Steel Gray, 1.59 KG, AL15-41, Premium Thin and Light Laptop",Acer,54990.0,Intel Core i5,8.0,DDR4,512.0,SSD,Intel Iris Xe,Windows 11,15.6,1920,1080,1,https://m.media-amazon.com/images/I/613PAggC8dL._SL500_.jpg,,amazon
"Lenovo Legion Pro 5 2025 Intel Core i9-14900HX | NVIDIA RTX 5070 8GB (32GB RAM/1TB SSD/WQXGA IPS/240Hz/16 (40.6cm)/Windows 11/Office 2024+AI Now/Black/2.4Kg), 83NN003CIN AI Powered Gaming Laptop",Lenovo,244490.0,Intel Core I9-14900Hx,32.0,DDR4,512.0,SSD,Nvidia Rtx 5070,Windows 11,15.6,3840,2160,1,https://m.media-amazon.com/images/I/81l6vr7T1ZL._SL500_.jpg,,amazon
"ASUS ROG Strix SCAR 18,Intel Core Ultra 9 275HX Gaming Laptop(NVIDIA RTX 5090-24GB/175W TGP/64GB/2TB/2.5K QHD+/18""/240Hz/Windows 11/M365 Basic(1Year)*/Office Home 2024/Off Black/3.30 Kg)G835LX-SA187WS",ASUS,499990.0,Intel Core Ultra 9,8.0,DDR4,512.0,SSD,Nvidia Rtx 5090,Windows 11,15.6,1366,768,1,https://m.media-amazon.com/images/I/61Rq2G4xnwL._SL500_.jpg,,amazon
"acer Aspire Lite, AMD Ryzen 5 7430U Processor,Office 2024 + M365 Basic, 16 GB RAM, 512 GB SSD, Full HD, 15.6""/39.62 cm, Windows 11 Home, Steel Grey, 1.59 kg, AL15-41, Thin and Light Laptop",Acer,47990.0,Amd Ryzen 5 7430U,16.0,DDR4,512.0,SSD,Intel Iris Xe,Windows 11,15.6,1920,1080,1,https://m.media-amazon.com/images/I/71CgSaE-qeL._SL500_.jpg,,amazon
"Acer Aspire Lite Intel Core 3-100U Processor, Office 2024 + M365 Basic, 8GB RAM/256GB SSD, 15.6""/39.62 cm, FHD IPS Display,Win 11 Home, Steel Grey, 1.59Kg, AL15-53, Thin and Light Laptop",Acer,57990.0,Intel Core i5,8.0,DDR4,256.0,SSD,Intel Iris Xe,Windows 11,15.6,1920,1080,1,https://m.media-amazon.com/images/I/517m2WrmJxL._SL500_.jpg,,amazon
"ASUS Zenbook 14,Intel Core Ultra 7 (Series 2),Thin & Light(Intel Arc iGPU/32GB/1TB/3K OLED Touch screen/14/120Hz/Windows 11/M365 Basic (1Year)*/Office Home 2024/Foggy Silver/1.28 kg) UX3405CA-PZ348WS",ASUS,115990.0,Intel Core Ultra 7,8.0,DDR4,512.0,SSD,Intel Arc Igpu,Windows 11,15.6,1920,1080,1,https://m.media-amazon.com/images/I/71ZLWczn8ZL._SL500_.jpg,,amazon
"Dell Inspiron 5440 Notebook Computer, Intel Core 3 100U 14th Gen Processor, 8GB DDR5 RAM, 512GB SSD, 14"" FHD+ Screen, Ubuntu, 1Yr Warranty, Ice Blue",Dell,43300.0,Intel Core i5,8.0,DDR5,512.0,SSD,Intel Iris Xe,Windows 11,15.6,1920,1080,1,https://m.media-amazon.com/images/I/61TpeOfqRjL._SL500_.jpg,,amazon
"ASUS ROG Zephyrus G14,AMD Ryzen 9 270, Gaming Laptop(RTX 5060-8GB/90W TGP/16GB/1TB/3K OLED/14/120Hz/73WHrs/Windows 11/M365 Basic (1Year)*/Office Home 2024/Eclipse Gray/1.5 Kg) GA403UM-QS007WS",ASUS,199990.0,Amd Ryzen 9 270,8.0,DDR4,512.0,SSD,Rtx 5060,Windows 11,15.6,1920,1080,1,https://m.media-amazon.com/images/I/71OkP3ps6HL._SL500_.jpg,,amazon
"HP OmniBook 7 OLED (Previously Pavilion Plus), Intel Core Ultra 7 255H (32GB LPDDR5,1TB SSD) 3K,0.2 ms, 14''/35.6cm, Win11, M365, Office24, Meteor Silver,1.5kg, fr0116TU, 5MP Camera, Backlit AI Laptop",HP,134490.0,Intel Core Ultra 7,32.0,LPDDR5,512.0,SSD,Intel Iris Xe,Windows 11,15.6,1920,1080,1,https://m.media-amazon.com/images/I/71WEr0qQZCL._SL500_.jpg,,amazon
"Alienware 16X Aurora Gaming Laptop, AI Enabled Intel Core Ultra9 HX Processor, 32GB DDR5, 1TB SSD, NVIDIA GeForce RTX 5070, 8GB GDDR7, 16"" QHD+ 240Hz Display, Backlit KB, Interstellar Indigo, 2.66kg",Mi,243990.0,Intel Core Ultra9,32.0,DDR5,512.0,SSD,Nvidia Geforce Rtx 5070,Windows 11,15.6,1366,768,1,https://m.media-amazon.com/images/I/71dwZTo0yUL._SL500_.jpg,,amazon
"Dell 15 Laptop DC15250-15.6-inch FHD 120Hz Display, 13th Gen Intel Core i7-1355U, 16GB DDR4 RAM, 512GB SSD, Intel UHD Graphics, Windows 11 Home, Onsite Service - Platinum Silver",Dell,88790.0,Intel Core I7-1355U,16.0,DDR4,512.0,SSD,Intel Uhd Graphics,Windows 11,15.6,1920,1080,1,https://m.media-amazon.com/images/I/71or-rIdySL._SL500_.jpg,,amazon
"Apple 2026 MacBook Air 15″ Laptop with M5 chip: AI and Apple Intelligence, 38.91 cm (15.3″) Liquid Retina Display, 16GB Unified Memory, 1TB SSD Storage, 12MP Center Stage Camera, Touch ID; Midnight",Apple,157990.0,Intel Core i5,8.0,DDR4,512.0,SSD,Intel Iris Xe,Windows 11,15.6,1920,1080,1,https://m.media-amazon.com/images/I/718d4Eu7cFL._SL500_.jpg,,amazon
"Lenovo Legion 9 Intel Core i9-13980HX 16"" (40.64cm) 3.2K Mini LED 1200Nits 165Hz Gaming Laptop (32GB/2TB SSD/NVIDIA RTX 4090 16GB/Black/2.5Kg), 83AG0044IN +M300s Mouse",Lenovo,449689.0,Intel Core I9-13980Hx,8.0,DDR4,512.0,SSD,Nvidia Rtx 4090,Windows 11,15.6,2560,1600,1,https://m.media-amazon.com/images/I/71504Quh3sL._SL500_.jpg,,amazon
"MSI Raider Gaming Laptop,Intel Core Ultra 9 285HX+24GB RTX 5090,64GB,4TB SSD with Logitech G502 LS Wireless Gaming Mouse, 25000DPI Programmable and Logitech GProX Wired Gaming Headset",MSI,413824.0,Intel Core Ultra 9,8.0,DDR4,512.0,SSD,Rtx 5090,Windows 11,15.6,1920,1080,1,https://m.media-amazon.com/images/I/51oVfg0-3TL._SL500_.jpg,,amazon
"Lenovo IdeaPad Slim 3 13th Gen Core i7-13620H 15.3"" (38.8cm) WUXGA IPS Laptop (16GB RAM/512GB SSD/Win 11/Office 2024/Backlit/1Yr ADP Free/Top Metal Cover & IR Camera/Grey/1.6Kg),83K1011BIN",Lenovo,81390.0,Intel Core i5,16.0,DDR4,512.0,SSD,Intel Iris Xe,Windows 11,15.3,1920,1080,1,https://m.media-amazon.com/images/I/71K-77wHn2L._SL500_.jpg,,amazon
"ASUS ROG Strix G16, AMD Ryzen 9 8940HX, RTX 5050-8GB,16GB RAM,1TB SSD,FHD+,16"",165Hz,90Whr,Windows 11,M365 Basic (1Year)*,Office Home 2024,Eclipse Gray,2.5 Kg, G614PH-RV033WS, Gaming Laptop",ASUS,159990.0,Amd Ryzen 9 8940Hx,16.0,DDR4,512.0,SSD,Rtx 5050,Windows 11,15.6,1920,1080,1,https://m.media-amazon.com/images/I/71zDvlIrn+L._SL500_.jpg,,amazon
"MSI Katana 15, Intel 14th Gen. i7-14650HX, 40CM QHD 165Hz Gaming Laptop (16GB/1TB NVMe SSD/Windows 11 Home/NVIDIA GeForce RTX 5060, GDDR7 8GB/Black/2.4Kg) B14WFK-262IN",MSI,149990.0,Intel Core i5,8.0,DDR4,512.0,SSD,Nvidia Geforce Rtx 5060,Windows 11,15.6,3840,2160,1,https://m.media-amazon.com/images/I/51BzYoJhPkL._SL500_.jpg,,amazon
"Acer TravelLite Thin Laptop AMD Ryzen 5 7430U (6-Core) |8GB RAM, 512GB SSD | 14"" Full HD Anti-Glare Display |Privacy Shutter| Windows 11| MS Office | Metal Body | 1.34Kg | Black | 1 Year Warranty",Acer,45250.0,Amd Ryzen 5 7430U,8.0,DDR4,512.0,SSD,Intel Iris Xe,Windows 11,15.6,3840,2160,1,https://m.media-amazon.com/images/I/71VCiUpalBL._SL500_.jpg,,amazon
"acer Aspire 14, 13th Gen, Intel Core i7-13620H Processors, 16 GB RAM, 512 GB SSD, Full HD IPS, 14""/35.56 cm, Windows 11 Home, MSO, Pure Silver, 1.44 kg, AS14H-53, Backlit KB, Thin and Light Laptop",Acer,65990.0,Intel Core I7-13620H,16.0,DDR4,512.0,SSD,Intel Iris Xe,Windows 11,15.6,1920,1080,1,https://m.media-amazon.com/images/I/71SC8V59NjL._SL500_.jpg,,amazon
"Lenovo LOQ 2025 AMD Ryzen 7 250| NVIDIA RTX 5060 8GB (24GB RAM/1TB SSD/144Hz Refresh Rate/572 AI TOPS/15.6"" (39.6cm)/Windows 11/Office 2024/3 Mon. Game Pass/Grey/2.4Kg), 83JG008MIN",Lenovo,141990.0,Amd Ryzen 7 250,24.0,DDR4,512.0,SSD,Nvidia Rtx 5060,Windows 11,15.6,3840,2160,1,https://m.media-amazon.com/images/I/816vnY-8LuL._SL500_.jpg,,amazon
"Lenovo Thinkpad P16v Intel Core Ultra 7 155H 16""(40.64 cm) WUXGA IPS 300Nits, AI Ready Thin and Light Workstation (32GB/1TB SSD/Win11 Pro/Backlit/NVIDIA RTX 4GB/Black/3Y Premier/2.22Kg), 21KXS05500",Lenovo,211990.0,Intel Core Ultra 7,8.0,DDR4,512.0,SSD,Nvidia Rtx 4Gb,Windows 11,15.6,2560,1600,1,https://m.media-amazon.com/images/I/31eBjDI7iOL._SL500_.jpg,,amazon
"Lenovo Legion 7 2025 Intel Core Ultra 9 275HX | NVIDIA RTX 5060 8GB (32GB RAM/1TB SSD/WQXGA OLED/240Hz/16 (40.6cm)/Windows 11/Office 2024+AI Now/White/2 Kg), 83KY001FIN AI Powered Gaming Laptop",Lenovo,252490.0,Intel Core Ultra 9,32.0,DDR4,512.0,SSD,Nvidia Rtx 5060,Windows 11,15.6,1920,1080,1,https://m.media-amazon.com/images/I/811H9L8KlHL._SL500_.jpg,,amazon
"Alienware Area-15 Gaming Laptop,Intel Core Ultra 9 275HX+24GB RTX 5090,64GB,2TB SSD with Logitech G502 LS Wireless Gaming Mouse, 25000DPI Programmable and Logitech GProX Wired Gaming Headset",Mi,417024.0,Intel Core Ultra 9,8.0,DDR4,512.0,SSD,Rtx 5090,Windows 11,15.6,1920,1080,1,https://m.media-amazon.com/images/I/51MMQy-ZrXL._SL500_.jpg,,amazon
"HP Business Laptop (2026) AMD Ryzen 5 7535U 8GB DDR5 RAM, 512GB SSD, AMD Radeon Graphics, Windows 11 Pro, 15.6"" HD Display, Thin & Light, Turbo Silver, 1.45 kg",HP,47120.0,Amd Ryzen 5 7535U,8.0,DDR5,512.0,SSD,Amd Radeon Graphics,Windows 11,15.6,1366,768,1,https://m.media-amazon.com/images/I/51JfDmvAvkL._SL500_.jpg,,amazon
"ASUS Zenbook 14 (2026),Intel Core Ultra 5 225H,Intel Arc iGPU,16GB/1TB,FHD+ OLED,Touchscreen,14""(35.5 cm),Windows 11,M365 Basic(1Y)* Office24,Foggy Silver,1.28 Kg,UX3405CA-QL1111WS,Thin & Light Laptop",ASUS,114990.0,Intel Core Ultra 5,8.0,DDR4,512.0,SSD,Intel Arc Igpu,Windows 11,15.6,1920,1080,1,https://m.media-amazon.com/images/I/71rzGwCAp-L._SL500_.jpg,,amazon
"HP 15, AMD Ryzen 7 5825U, 16GB DDR4, 512GB SSD, 15.6-inch(39.6cm) Anti-Glare, FHD, Radeon Graphics, Backlit KB, 1080p HD cam (Win11, M365 Basic(1yr)*,Office Home24, Silver, 1.69kg) fc0533AU",HP,58990.0,Amd Ryzen 7 5825U,16.0,DDR4,512.0,SSD,Intel Iris Xe,Windows 11,15.6,1920,1080,1,https://m.media-amazon.com/images/I/713PRh1j6jL._SL500_.jpg,,amazon
"HP Smartchoice OmniBook 5 (Previously Pavilion) 50 Tops, AMD Ryzen AI 5 340 (16GB LPDDR5X, 512GB SSD) WUXGA 2K, 16''/40.6cm, Win11, Office24, Silver, 1.79kg, ag1037au, Next Gen AI Copilot+ Laptop",HP,69990.0,Intel Core i5,16.0,LPDDR5X,512.0,SSD,Intel Iris Xe,Windows 11,15.6,2560,1600,1,https://m.media-amazon.com/images/I/812Gk34kkML._SL500_.jpg,,amazon
"ASUS Vivobook S16, Intel Core Ultra 7 255H, 16GB RAM, 512GB SSD, FHD+ 16"",Windows 11, Office Home 2024, Cool Silver, 1.7Kg, S3607CA-RP090WS, Intel Arc iGPU, M365 Basic (1Year)*, Metallic Design Laptop",ASUS,84990.0,Intel Core Ultra 7,16.0,DDR4,512.0,SSD,Intel Arc Igpu,Windows 11,15.6,1920,1080,1,https://m.media-amazon.com/images/I/71toN+td5bL._SL500_.jpg,,amazon
"Lenovo IdeaPad Slim 5 AMD Ryzen AI 5 330 (16GB RAM/512GB SSD/14 (35.5cm)/WUXGA IPS/Copilot+ PC/Windows 11/Office Home 2024/Backlit Keyboard/1Yr ADP Free/Grey/1.4Kg), 83HX008XIN AI Laptop",Lenovo,67990.0,Intel Core i5,16.0,DDR4,512.0,SSD,Intel Iris Xe,Windows 11,15.6,3840,2160,1,https://m.media-amazon.com/images/I/71yUz8eFWbL._SL500_.jpg,,amazon
"Lenovo IdeaPad 5 2-in-1 AMD Ryzen AI 7 350 (24GB RAM/1TB SSD/14 (35.5cm)/WUXGA OLED/Windows 11/Lenovo AI Now/Copilot+PC/Office Home 2024/Digital Pen 2/Grey/1.5Kg), 83KT000LIN Convertible Laptop",Lenovo,99990.0,Intel Core i5,24.0,DDR4,512.0,SSD,Intel Iris Xe,Windows 11,15.6,1920,1080,1,https://m.media-amazon.com/images/I/81NabopIRjL._SL500_.jpg,,amazon
"Alienware 16 Area-51 Gaming Laptop, AI Enabled Core Ultra 9 275HX Proc, 32GB DDR5, 1TB SSD, RTX 5070Ti 12GB GDDR7 Graphics, 16.0"" WQXGA 240Hz 500 nits Display, Liquid Teal Color, Win 11 + MSO'24,3.4kg",Mi,343990.0,Intel Core i5,32.0,DDR5,512.0,SSD,Rtx 5070Ti,Windows 11,16.0,3840,2160,1,https://m.media-amazon.com/images/I/71Re1GWdMCL._SL500_.jpg,,amazon
"Alienware 18 Area-51 Gaming Laptop, AI Enabled Core Ultra 9 275HX Proc, 32GB DDR5, 2TB SSD, RTX 5080 16GB GDDR7 Graphics, 18.0"" WQXGA 300Hz 500 nits Display, Liquid Teal Color, Win 11 + MSO'24,4.34kg",Mi,416990.0,Intel Core i5,32.0,DDR5,512.0,SSD,Rtx 5080,Windows 11,18.0,3840,2160,1,https://m.media-amazon.com/images/I/71VfI6VCi2L._SL500_.jpg,,amazon
"Apple 2026 MacBook Pro Laptop with M5 Pro chip with 15‑core CPU and 16‑core GPU: Built for AI, 35.97 cm (14.2″) Liquid Retina XDR Display, 24GB Unified Memory, 2TB SSD Storage; Silver",Apple,261990.0,Intel Core i5,8.0,DDR4,512.0,SSD,Intel Iris Xe,Windows 11,15.6,1920,1080,1,https://m.media-amazon.com/images/I/61UzKi7ALhL._SL500_.jpg,,amazon
"Samsung Galaxy Book2 NP550 Laptop, 39.6cm (15.6"") FHD Display, 12th Gen Intel Core i5 / 16GB DDR4 RAM / 512GB SSD/Win-11 Pro/ms-Office / 1.8kg / Graphite, (NP550XED-KA4IN)",Samsung,55990.0,Intel Core i5,16.0,DDR4,512.0,SSD,Intel Iris Xe,Windows 11,15.6,1920,1080,1,https://m.media-amazon.com/images/I/51+EWrpsGAL._SL500_.jpg,,amazon
"Lenovo Yoga Slim 9 Intel Evo Core Ultra 7 258V Touchscreen Laptop (32GB RAM/1TB SSD/14 (35.5cm)/4K WQUXGA OLED/AI PC/Lenovo AI Now/Copilot+ PC/Windows 11/Office 2024/1Yr ADP/Teal/1.2Kg), 83CX002LIN",Lenovo,199990.0,Intel Core i5,32.0,DDR4,512.0,SSD,Intel Iris Xe,Windows 11,15.6,3840,2160,1,https://m.media-amazon.com/images/I/81wPDgihP5L._SL500_.jpg,,amazon
"acer Aspire Lite Intel Core 5-210H Processor, Office 2024 + M365 Basic, 16GB RAM/512GB SSD, 15.6""/39.62 cm, FHD IPS Display,Win 11 Home, Backlit KB, Steel Grey, 1.7Kg, AL15-52H, Thin and Light Laptop",Acer,55990.0,Intel Core i5,16.0,DDR4,512.0,SSD,Intel Iris Xe,Windows 11,15.6,1920,1080,1,https://m.media-amazon.com/images/I/81f0N+NOjSL._SL500_.jpg,,amazon
"Apple 2026 MacBook Pro Laptop with M5 Pro chip with 18‑core CPU and 20‑core GPU: Built for AI, 35.97 cm (14.2″) Liquid Retina XDR Display, 24GB Unified Memory, 2TB SSD Storage; Space Black",Apple,279990.0,Intel Core i5,8.0,DDR4,512.0,SSD,Intel Iris Xe,Windows 11,15.6,1920,1080,1,https://m.media-amazon.com/images/I/61+jOMbYhYL._SL500_.jpg,,amazon
"ASUS ROG Zephyrus G15(2022), 15.6"" (39.62 cms) 2K WQHD 240Hz/3ms, AMD Ryzen 9 6900HS, 8GB RTX 3070 Ti, Gaming Laptop (16GB/1TB SSD/90WHrs Battery/Windows 11/Office 2021/White/1.9 Kg), GA503RW-LN066WS",ASUS,198999.0,Amd Ryzen 9 6900Hs,8.0,DDR4,512.0,SSD,Rtx 3070,Windows 11,15.6,2560,1600,1,https://m.media-amazon.com/images/I/81jr2dOaWaL._SL500_.jpg,,amazon
"MSI Katana 15 HX Gaming Laptop, Intel Core i5-14450HX, 16GB DDR5 RAM, 512GB PCIe Gen4 SSD, NVIDIA GeForce RTX 5050 8GB,FHD 144Hz Display,Windows 11 Home, Backlit Keyboard,Gaming & Productivity Laptop",MSI,102990.0,Intel Core I5-14450Hx,16.0,DDR5,512.0,SSD,Nvidia Geforce Rtx 5050,Windows 11,15.6,1920,1080,1,https://m.media-amazon.com/images/I/51eUDfg7rwL._SL500_.jpg,,amazon
"acer Predator Helios 16 AI, Intel Core Ultra 9 Processor,RTX 5090-24 GB GDDR7,32 GB/1 TB, WQXGA OLED, 16.0""/40.64 cm, 240Hz, Win 11 Home, Abyssal Black, 2.65 kg, PH16-73, RGB KB, Gaming Laptop",Acer,440999.0,Intel Core Ultra 9,8.0,DDR4,512.0,SSD,Rtx 5090,Windows 11,16.0,1920,1080,1,https://m.media-amazon.com/images/I/51q3f4NuyIL._SL500_.jpg,,amazon
"MSI Crosshair A16, AMD 8th Gen. Ryzen 9 8940HX, 41cm QHD+ 240Hz Gaming Laptop (16GB/1TB NVMe SSD/Windows 11 Home/NVIDIA GeForce RTX 5060, GDDR7 8GB/Cosmos Gray/2.5Kg) D8WFKG-035IN",MSI,162900.0,Intel Core i5,8.0,DDR4,512.0,SSD,Nvidia Geforce Rtx 5060,Windows 11,15.6,1366,768,1,https://m.media-amazon.com/images/I/51EWytLLqAL._SL500_.jpg,,amazon
"HP 15, Intel Core 5-120U (16GB DDR4, 512GB SSD) FHD, Anti-Glare, Micro-Edge, 15.6''/39.6cm, Win11, M365 Basic(1yr), Office Home24, Silver,1.59kg, fd0682tu, FHD Camera w/Shutter, BL Laptop",HP,64890.0,Intel Core i5,16.0,DDR4,512.0,SSD,Intel Iris Xe,Windows 11,15.6,1920,1080,1,https://m.media-amazon.com/images/I/71V4hl-Y9IL._SL500_.jpg,,amazon
"HP OmniBook X Flip OLED (Previously Envy) Intel Core Ultra 5 226V, 40 Tops(16GB LPDDR5X,512GB SSD) 3K, Touch, 120hz,14''/35.6cm, Win11, Office24, Meteor Silver,1.38kg, fm0058TU,Pen, Next Gen AI Laptop",HP,105990.0,Intel Core Ultra 5,16.0,LPDDR5X,512.0,SSD,Intel Iris Xe,Windows 11,15.6,1920,1080,1,https://m.media-amazon.com/images/I/71N04uIPZDL._SL500_.jpg,,amazon
"HP Professional 14 (2025), Intel Core i3 13th Gen 1315U - (16 GB/512 GB SSD/Intel UHD Graphics/Windows 11 pro) Thin and Light Business Laptop/14.0"" HD Display/Turbo Silver/1.4 Kg/MSO 2024",HP,52990.0,Intel Core I3 13Th,8.0,DDR4,512.0,SSD,Intel Uhd Graphics,Windows 11,14.0,1366,768,1,https://m.media-amazon.com/images/I/71QhLr042zL._SL500_.jpg,,amazon
"ASUS ROG Flow Z13 (2025), AMD Ryzen AI MAX+ 395,AMD Radeon iGPU, 64GB/1TB, 2.5K QHD,Touchscreen, 13.4"", 34 cm,Windows 11, M365 Basic(1yr)* Office24, Off Black, 1.59 Kg, GZ302EA-RU193WS, Gaming Laptop",ASUS,299990.0,Intel Core i5,8.0,DDR4,512.0,SSD,Amd Radeon Igpu,Windows 11,13.4,1366,768,1,https://m.media-amazon.com/images/I/615VSi-JX7L._SL500_.jpg,,amazon
"HP Omnibook 5 (Previously Pavilion), AMD Ryzen AI 7 350 (24GB LPDDR5x, 1TB SSD), 2k (1920 x 1200),Touch, Anti-Glare,16''/40.6cm, Win11, M365* Office24, Silver, 1.79kg, ag1087au, BL, Next Gen AI Laptop",HP,94990.0,Intel Core i5,24.0,LPDDR5X,512.0,SSD,Intel Iris Xe,Windows 11,15.6,2560,1600,1,https://m.media-amazon.com/images/I/812Gk34kkML._SL500_.jpg,,amazon
"HP 15, 13th Gen Intel Core i3-1315U (8GB DDR4, 512GB SSD), FHD, Micro -Edge, Anti-Glare, 15.6''/39.6cm, Win11, M365* Office24, Silver, 1.59kg, fd0624tu, FHD Camera, UHD Graphics Laptop",HP,50990.0,Intel Core I3-1315U,8.0,DDR4,512.0,SSD,Intel Iris Xe,Windows 11,15.6,1920,1080,1,https://m.media-amazon.com/images/I/71d8M36b60L._SL500_.jpg,,amazon
"Apple 2026 MacBook Pro Laptop with M5 Pro chip with 15‑core CPU and 16‑core GPU: Built for AI, 35.97 cm (14.2″) Liquid Retina XDR Display, 24GB Unified Memory, 2TB SSD Storage; Space Black",Apple,261990.0,Intel Core i5,8.0,DDR4,512.0,SSD,Intel Iris Xe,Windows 11,15.6,1920,1080,1,https://m.media-amazon.com/images/I/61+jOMbYhYL._SL500_.jpg,,amazon
"Apple 2026 MacBook Pro Laptop with M5 Max chip with 18‑core CPU and 32‑core GPU: Built for AI, 35.97 cm (14.2″) Liquid Retina XDR Display, 36GB Unified Memory, 2TB SSD Storage; Space Black",Apple,375900.0,Intel Core i5,8.0,DDR4,512.0,SSD,Intel Iris Xe,Windows 11,15.6,1920,1080,1,https://m.media-amazon.com/images/I/61+jOMbYhYL._SL500_.jpg,,amazon
"Lenovo V14 Intel Core i5 13th Gen 14"" FHD (1920x1080) Antiglare 250 Nits Thin and Light Laptop (16GB RAM/512GB SSD/Windows 11 Home/Office 2024/Iron Grey/1.43 kg), 83A0A0PTIN",Lenovo,62200.0,Intel Core I5 13Th,16.0,DDR4,512.0,SSD,Intel Iris Xe,Windows 11,15.6,1920,1080,1,https://m.media-amazon.com/images/I/71odoZVRgaL._SL500_.jpg,,amazon
"Lenovo Yoga Slim 7 Intel Core Ultra 5 125H (16GB RAM/1TB SSD/14 (35.5cm)/WUXGA OLED/Copilot+ PC/Windows 11/MSO 365 Basic+Office 2024/1Yr ADP Free/Teal/1.39Kg), 83CV00G2IN",Lenovo,81990.0,Intel Core Ultra 5,16.0,DDR4,512.0,SSD,Intel Iris Xe,Windows 11,15.6,1920,1080,1,https://m.media-amazon.com/images/I/81PaO9Q1WFL._SL500_.jpg,,amazon
"Lenovo LOQ, Intel Core i7 13th Gen 13700HX, NVIDIA RTX 5060 8GB, 16GB RAM, 1TB SSD, 15.6""(39.6cm), 144Hz, Windows 11, Office 2024, Grey, 2.4Kg, 83JE00U4IN, 572 AI Tops, 3 Mon. Game Pass Gaming Laptop",Lenovo,132721.0,Intel Core I7 13Th,16.0,DDR4,512.0,SSD,Nvidia Rtx 5060,Windows 11,15.6,3840,2160,1,https://m.media-amazon.com/images/I/81+Ucv6QFmL._SL500_.jpg,,amazon
"Apple 2026 MacBook Air 13″ Laptop with M5 chip: AI and Apple Intelligence, 34.46 cm (13.6″) Liquid Retina Display, 16GB Unified Memory, 1TB SSD Storage, 12MP Center Stage Camera, Touch ID; Starlight",Apple,124990.0,Intel Core i5,8.0,DDR4,512.0,SSD,Intel Iris Xe,Windows 11,15.6,1920,1080,1,https://m.media-amazon.com/images/I/71OjWwgFuEL._SL500_.jpg,,amazon
"Dell 15 Ai Powered Laptop, Intel Core Ultra 7 255H, 16GB DDR5 RAM, 512GB SSD, 15.6"" FHD Anti-Glare Display, Intel Arc Graphics, Backlit Keyboard, Dedicated Copilot Key, Silver, Win11 Home + MSO H&S'24",Dell,102990.0,Intel Core Ultra 7,16.0,DDR5,512.0,SSD,Intel Arc Graphics,Windows 11,15.6,1920,1080,1,https://m.media-amazon.com/images/I/71GWUD5Yr6L._SL500_.jpg,,amazon
"Lenovo LOQ 2025 Intel Core i7-13645HX| NVIDIA RTX 5050 8GB (16GB RAM/1TB SSD/144Hz Refresh Rate/440 AI TOPS/15.6"" (39.6cm)/Windows 11/Office 2024/3 Mon.Game Pass/Grey/2.4Kg), 83JE019XIN",Lenovo,127990.0,Intel Core I7-13645Hx,16.0,DDR4,512.0,SSD,Nvidia Rtx 5050,Windows 11,15.6,3840,2160,1,https://m.media-amazon.com/images/I/81qeef66f2L._SL500_.jpg,,amazon
"ASUS Zenbook S 16 (2026), AMD Ryzen AI 9 465, AMD Radeon iGPU, 32GB RAM, 1TB SSD, OLED, 16"", (40 cm), Windows 11, M365 Basic(1 Year)* Office 2024, Antrim Gray, 1.50 kg, UM5606GA-SR248WS,Co-Pilot+ PC",ASUS,171990.0,Intel Core i5,32.0,DDR4,512.0,SSD,Amd Radeon Igpu,Windows 11,15.6,1920,1080,1,https://m.media-amazon.com/images/I/71xp5idSFaL._SL500_.jpg,,amazon
"ASUS ROG Strix G16,Intel Core Ultra 9 275HX,Gaming Laptop(RTX 5070-8GB/115W TGP/32GB/1TB /2.5K QHD+/16""/240Hz/90WHrs/Windows 11/M365 Basic(1Year)*/Office Home 2024/Eclipse Gray/2.65 Kg)G615LP-S5022WS",ASUS,229990.0,Intel Core Ultra 9,8.0,DDR4,512.0,SSD,Rtx 5070,Windows 11,15.6,1366,768,1,https://m.media-amazon.com/images/I/71V8fkQY4fL._SL500_.jpg,,amazon
"Lenovo ThinkPad X1 Carbon Intel Core Ultra 7 155U 14"" WUXGA IPS 400 Nits 100% sRGB Thin and Light Laptop (32GB RAM/1TB SSD/Win 11 Pro/Fingerprint/Backlit/3Y Premier Support/Black/1.08 kg), 21KCS0CW00",Lenovo,250000.0,Intel Core Ultra 7,32.0,DDR4,512.0,SSD,Intel Iris Xe,Windows 11,15.6,1920,1080,1,https://m.media-amazon.com/images/I/51TjZ1nza0L._SL500_.jpg,,amazon
"acer Professional 15, Intel Core i7-1355U, 16 GB RAM, 512 GB SSD, Full HD 15.6"", Win11 Pro, MSO21,Silver, 1.52 KG, Back Lite, Finger Print, Premium Laptop with 3 Year Warranty and 1 Year Antivirus",Acer,74990.0,Intel Core I7-1355U,16.0,DDR4,512.0,SSD,Intel Iris Xe,Windows 11,15.6,1920,1080,1,https://m.media-amazon.com/images/I/51h0uNCDJBL._SL500_.jpg,,amazon
"Dell 14"" Latitude 7450 Laptop - Intel Core Ultra 7-16GB LPDDR5x RAM - 512GB M.2 NVMe SSD -Windows 11 Pro",Dell,217999.0,Intel Core Ultra 7,16.0,LPDDR5X,512.0,SSD,Intel Iris Xe,Windows 11,15.6,1920,1080,1,https://m.media-amazon.com/images/I/51vnVomE3AL._SL500_.jpg,,amazon
"HP Victus, 13th Gen Intel Core i5-13420H, 4GB RTX 3050A, 16GB DDR4(Upgradeable) 1TB SSD, FHD, 144Hz, 300 nits, IPS, 15.6''/39.6cm, Win11, M365* Office24, Mica Silver, 2.3kg, fa2047TX, Gaming Laptop",HP,78990.0,Intel Core I5-13420H,16.0,DDR4,512.0,SSD,Rtx 3050A,Windows 11,15.6,1920,1080,1,https://m.media-amazon.com/images/I/71j5dTzty-L._SL500_.jpg,,amazon
"Lenovo Yoga Slim 7 AMD Ryzen AINow 7 350, 83JY005YIN AI Laptop, Copilot+ 32GB RAM/1TB SSD/14""(35.5cm)WUXGA OLED/50 TOPS/Windows 11, Office Home 2024, Backlit Keyboard, 1Yr ADP Free, Teal, 1.19Kg",Lenovo,113890.0,Intel Core i5,32.0,DDR4,512.0,SSD,Intel Iris Xe,Windows 11,15.6,1920,1080,1,https://m.media-amazon.com/images/I/71idQZv1+dL._SL500_.jpg,,amazon
"MSI Pulse 17 AI, Intel Core Ultra 7 155H, Built-in AI, 43CM 16:10 QHD+ 240Hz Gaming Laptop(16GB/1TB NVMe SSD/Windows 11 Home/NVIDIA GeForce RTX 4070, /Core Black/2.8Kg), C1VGKG-031IN",MSI,173025.0,Intel Core Ultra 7,8.0,DDR4,512.0,SSD,Nvidia Geforce Rtx 4070,Windows 11,15.6,2880,1800,1,https://m.media-amazon.com/images/I/71pUt5K1bnL._SL500_.jpg,,amazon
"Dell 15, R5-7520U Processor, 8GB LPDDR5 RAM, 512GB SSD, FHD 15.6""/39.62 cm Display, Windows 11 Home, Carbon Black, 1.63kg, Standard Keyboard, 15 Month McAfee, Thin & Light Laptop",Dell,51990.0,Intel Core i5,8.0,LPDDR5,512.0,SSD,Intel Iris Xe,Windows 11,15.6,1920,1080,1,https://m.media-amazon.com/images/I/71TyZ4JfBrL._SL500_.jpg,,amazon
"HP 14 AI, Intel Core Ultra 7 155H (16GB DDR5, 512GB SSD) FHD, Anti-Glare, 14""/35.6cm, Win11, Office21, Silver, 1.4kg, gr1023TU, Intel Arc Graphics, FHD Camera w/Shutter, Backlit Kb AI Powered Laptop",HP,86900.0,Intel Core Ultra 7,16.0,DDR5,512.0,SSD,Intel Arc Graphics,Windows 11,15.6,3840,2160,1,https://m.media-amazon.com/images/I/712Y+xrw9SL._SL500_.jpg,,amazon
"Lenovo Legion 7 Intel Core i9-12900HX 16"" (40.64cm) QHD IPS 165Hz 500Nits Gaming Laptop (32GB/1TB SSD/Win 11/Office 2021/NVIDIA RTX 3080Ti 16GB/Alexa/3 Month Game Pass/Storm Grey/2.53Kg), 82TD009KIN",Lenovo,376990.0,Intel Core I9-12900Hx,8.0,DDR4,512.0,SSD,Nvidia Rtx 3080Ti,Windows 11,15.6,1366,768,1,https://m.media-amazon.com/images/I/81i0-7HgSmL._SL500_.jpg,,amazon
"acer Predator Helios Neo 16S AI,Intel Core Ultra 7 Processor 255HX,RTX 5070-8 GB GDDR7,16 GB/1 TB,WQXGA OLED,16.0""/40.64 cm,240Hz,Win 11 Home,Abyssal Black,2.3 kg,PHN16S-71, RGB KB,Gaming Laptop",Acer,194999.0,Intel Core Ultra 7,8.0,DDR4,512.0,SSD,Rtx 5070,Windows 11,16.0,1920,1080,1,https://m.media-amazon.com/images/I/51S7YnmsUnL._SL500_.jpg,,amazon
"MSI Stealth 16 AI Studio, Intel 1st Gen. Ultra 9 185H, Built-in AI, 41CM QHD+ 240Hz Gaming Laptop (32GB/2TB NVMe SSD/Windows 11 Pro/NVIDIA GeForce RTX 4070, GDDR6 8GB/Star Blue/1.9Kg), A1VGG-057IN",MSI,243990.0,Intel Core i5,8.0,DDR4,512.0,SSD,Nvidia Geforce Rtx 4070,Windows 11,15.6,1366,768,1,https://m.media-amazon.com/images/I/71cI7-kW2yL._SL500_.jpg,,amazon
"Dell 15, 13th Gen Intel Core i5-1334U (16GB DDR4, 512GB SSD) Anti-Glare FHD 15.6""/39.62cm, Windows 11, Microsoft Office Home 2024, Grey, 1.66kg, [Vostro 3530], 12 Month McAfee, Thin & Light Laptop",Dell,59990.0,Intel Core I5-1334U,16.0,DDR4,512.0,SSD,Intel Iris Xe,Windows 11,15.6,1920,1080,1,https://m.media-amazon.com/images/I/712WiT-wexL._SL500_.jpg,,amazon
"MSI Crosshair 16, Intel Series 2 Core Ultra 9 275HX, 41cm QHD+ 240Hz Gaming Laptop (16GB/1TB NVMe SSD/Windows 11 Home/NVIDIA GeForce RTX 5070, GDDR7 8GB/Cosmos Gray/2.5Kg) D2XWGKG-065IN",MSI,210980.0,Intel Core i5,8.0,DDR4,512.0,SSD,Nvidia Geforce Rtx 5070,Windows 11,15.6,1366,768,1,https://m.media-amazon.com/images/I/51JU4tvjuWL._SL500_.jpg,,amazon
"HP Victus, 13th Gen Intel core i7-13650HX, 6GB RTX 4050, 24GB DDR5, 512GB SSD, FHD, 144Hz, 300 nits, IPS, 15.6''/39.6cm, Win11, M365* Office24, Mica Silver, 2.29kg, fa2531TX, Backlit KB, Gaming Laptop",HP,119990.0,Intel Core I7-13650Hx,24.0,DDR5,512.0,SSD,Rtx 4050,Windows 11,15.6,1920,1080,1,https://m.media-amazon.com/images/I/71X3qj7oRXL._SL500_.jpg,,amazon
"acer Predator Helios 16 Gaming Laptop 14th Gen Intel Core i9 Processor (Windows 11 Home/16 GB/1 TB SSD/NVIDIA GeForce RTX 4070) PH16-72 with 40.64 cm (16"") WQXGA Display",Acer,199990.0,Intel Core i5,8.0,DDR4,512.0,SSD,Nvidia Geforce Rtx 4070,Windows 11,15.6,1920,1080,1,https://m.media-amazon.com/images/I/61ziSzsGEbL._SL500_.jpg,,amazon
"HP 14, Intel Core 13th Generation Intel Core i7-1355U (16GB DDR4, 512GB SSD), Micro-Edge, Anti-Glare, FHD, 14''/35.6cm, Win11, M365* Office24, Silver, 1.4kg, EP0159TU, FHD Camera, Backlit Laptop",HP,79990.0,Intel Core I7-1355U,16.0,DDR4,512.0,SSD,Intel Iris Xe,Windows 11,15.6,3840,2160,1,https://m.media-amazon.com/images/I/614QC+tnRVL._SL500_.jpg,,amazon
"HP Professional 14 (2026), Intel Core i3 13th Gen 1315U - (8 GB/512 GB SSD/Intel Graphics/Windows 11 Pro) Thin and Light Business Laptop/14.0"" HD Display/Turbo Silver/1.4 Kg/MSO 2024",HP,49990.0,Intel Core I3 13Th,8.0,DDR4,512.0,SSD,Intel Iris Xe,Windows 11,14.0,1366,768,1,https://m.media-amazon.com/images/I/516VbaB5tZL._SL500_.jpg,,amazon
"HP Elite x360 1040 G11 14"" Touchscreen Convertible 2 in 1 Notebook - WUXGA - Intel Core Ultra 7 155H - vPro Technology - 32 GB - 512 GB SSD - English Keyboard - Intel Chip - 1920 x 1200 - Windows 11 P",HP,155990.0,Intel Core Ultra 7,8.0,DDR4,512.0,SSD,Intel Iris Xe,Windows 11,15.6,1920,1080,1,https://m.media-amazon.com/images/I/41AHmBqjzML._SL500_.jpg,,amazon
"HP OmniBook Ultra Flip (Previously Spectre) Intel Core Ultra 7 256V 47 Tops (16GB LPDDR5X, 1TB SSD) OLED, 500 nits,14''/35.6cm, Touch 2-in-1, Win11, Office21, Gray,1.34kg, fh0026TU Next Gen AI Laptop",HP,167887.0,Intel Core Ultra 7,16.0,LPDDR5X,512.0,SSD,Intel Iris Xe,Windows 11,15.6,3840,2160,1,https://m.media-amazon.com/images/I/71Bm87j4HuL._SL500_.jpg,,amazon
"Lenovo V15 Intel Core i3 13th Gen (16GB RAM/512GB SSD/Windows 11 Home/MS-Office/Iron Grey) 15.6"" FHD (1920x1080) Antiglare 250 Nits Thin & Light Laptop/1Y Onsite/1.65 kg (I3-1315U / 16GB)",Lenovo,52990.0,Intel Core I3 13Th,16.0,DDR4,512.0,SSD,Intel Iris Xe,Windows 11,15.6,1920,1080,1,https://m.media-amazon.com/images/I/71QZeI0GKPL._SL500_.jpg,,amazon
"HP Omnibook 5 (Previously Pavilion),13th Gen Intel Core i5-1334U (16GB LPDDR5, 1TB SSD),2k (1920 x 1200),IPS,300nits, 14''/35.6cm, Win11, M365* Office24, Silver, 1.65kg, FP0790TU, IR Camera, BL Laptop",HP,89990.0,Intel Core I5-1334U,16.0,LPDDR5,512.0,SSD,Intel Iris Xe,Windows 11,15.6,2560,1600,1,https://m.media-amazon.com/images/I/71trIQNLSwL._SL500_.jpg,,amazon
"ASUS Zenbook S16, AMD Ryzen AI 7 Octa Core 350, 24GB,1TB,16"" Touch Screen, 3K OLED, Windows 11,M365 Basic(1Yr)*,Office24,Scandinavian White,1.5 Kg,UM5606KA-RJ108WS,Next-Gen AI Laptop,Copilot+",ASUS,134990.0,Intel Core i5,8.0,DDR4,512.0,SSD,Intel Iris Xe,Windows 11,15.6,1920,1080,1,https://m.media-amazon.com/images/I/71aHAVI7psL._SL500_.jpg,,amazon
"HP Envy x360 AI Laptop, Intel Core Ultra 5 125U, 12 TOPS, 16GB LPDDR5, 512GB SSD, (Win11, Office21, Blue, 1.44 kg) Touchscreen, 3K, OLED, 14-inch (35.6cm), Integrated graphics, 5MP IR camera, fc0078TU",HP,90490.0,Intel Core Ultra 5,16.0,LPDDR5,512.0,SSD,Intel Iris Xe,Windows 11,15.6,1920,1080,1,https://m.media-amazon.com/images/I/61+mD9ePuNL._SL500_.jpg,,amazon
"HP 15, 13th Gen Intel Core i5-1334U with Turbo Boost, 16GB DDR4, 512GB SSD, (Win 11 Pro, MSO21 Pro, Black, 1.6 kg), 15.6-inch FHD Laptop, Ultra Durable, Finger Print, Type-C, Quick Heal Anti Virus",HP,59990.0,Intel Core I5-1334U,16.0,DDR4,512.0,SSD,Intel Iris Xe,Windows 11,15.6,1920,1080,1,https://m.media-amazon.com/images/I/71KvNjo-ZUL._SL500_.jpg,,amazon
"Lenovo LOQ Intel Core i7-14700HX 15.6"" (39.6cm) 144Hz 300Nits FHD Gaming Laptop (16GB/1TB SSD/Win 11/NVIDIA GeForce RTX 4060 8GB Graphics/100% sRGB/Office 21/1Yr ADP Free/Grey/2.4Kg), 83DV00BEIN",Lenovo,153450.0,Intel Core I7-14700Hx,8.0,DDR4,512.0,SSD,Nvidia Geforce Rtx 4060,Windows 11,15.6,3840,2160,1,https://m.media-amazon.com/images/I/81Nk28r7wGL._SL500_.jpg,,amazon
"Acer Aspire Lite 12th Gen, Intel Core i5-12450H, Office 2024 + M365 Basic, 12GB RAM/512GB SSD, 39.62cm 15.6"" FHD IPS Display, Win 11 Home, Pure Silver, 1.7KG,AL15-52H, Backlit KB, Thin & Light Laptop",Acer,49990.0,Intel Core I5-12450H,12.0,DDR4,512.0,SSD,Intel Iris Xe,Windows 11,15.6,1920,1080,1,https://m.media-amazon.com/images/I/81qzE9lsXkL._SL500_.jpg,,amazon
"HP Laptop Ultra 7-155H, 16GB RAM, 1TB SSD, RTX 1000 Ada 6GB, Win 11 Pro, 16"" WUXGA, 5MP+IR Cam, Fingerprint Sensor, Backlit Keyboard, Wi-Fi 6E, BT 5.3, 3-Year Warranty (A8WN1PT)",HP,186999.0,Intel Core i5,16.0,DDR4,512.0,SSD,Rtx 1000,Windows 11,15.6,1920,1080,1,https://m.media-amazon.com/images/I/71+y2W0wpqL._SL500_.jpg,,amazon
"Dell 15, AMD Ryzen 3 7320U Processor (8GB RAM / 512GB SSD/Windows 11 + Office H&S 2024 + M365 / 15.6""(39.62 Cm) FHD Display / 12 Month Mcafee/Black Color/ 1.63 Kg/Thin & Light Laptop",Dell,44490.0,Amd Ryzen 3 7320U,8.0,DDR4,512.0,SSD,Intel Iris Xe,Windows 11,15.6,1920,1080,1,https://m.media-amazon.com/images/I/61431iniPwL._SL500_.jpg,,amazon
"ASUS Zenbook S16, AMD Ryzen AI 7 Octa Core 350, 24GB RAM, 1TB SSD,3K OLED, Touchscreen, 16"", Windows 11,M365 Basic (1Yr)*,Office24,Zumaia Gray,1.5 Kg, UM5606KA-RJ109WS,Next-Gen AI Laptop,Copilot+",ASUS,134990.0,Intel Core i5,24.0,DDR4,512.0,SSD,Intel Iris Xe,Windows 11,15.6,1920,1080,1,https://m.media-amazon.com/images/I/71xHX2U+H0L._SL500_.jpg,,amazon
"MSI Crosshair 16, Intel Series 2 Core Ultra 7 255HX, 41cm QHD+ 240Hz Gaming Laptop (16GB/1TB NVMe SSD/Windows 11 Home/NVIDIA GeForce RTX 5060, GDDR7 8GB/Cosmos Gray/2.5Kg) D2XWFKG-068IN",MSI,159990.0,Intel Core i5,8.0,DDR4,512.0,SSD,Nvidia Geforce Rtx 5060,Windows 11,15.6,1366,768,1,https://m.media-amazon.com/images/I/51sxO649F-L._SL500_.jpg,,amazon
"acer Predator Helios Neo 16 Gaming Laptop 13th Gen Intel Core i9 Processor (16 GB/1 TB SSD/Windows 11 Home/NVIDIA GeForce RTX 4060) PHN16-71, (16"") WUXGA Display",Acer,158999.0,Intel Core i5,8.0,DDR4,512.0,SSD,Nvidia Geforce Rtx 4060,Windows 11,15.6,1920,1080,1,https://m.media-amazon.com/images/I/51MfOw+lbEL._SL500_.jpg,,amazon
"Lenovo IdeaPad Flex 5 Ryzen 7 5700U 14"" (35.5cm) WUXGA+ IPS 2-in-1 Laptop (16GB/512GB SSD/Win 11/Office Home 2024/Backlit KB/Fingerprint/FHD Camera/Alexa/3 Month Game Pass/Grey/1.55Kg), 82R900HJIN",Lenovo,70699.0,Intel Core i5,8.0,DDR4,512.0,SSD,Intel Iris Xe,Windows 11,15.6,1920,1080,1,https://m.media-amazon.com/images/I/71qqqN2FtiL._SL500_.jpg,,amazon
"Dell G-series-15-5530-laptop - 15.6"" FHD, Intel Core i5-13450HX, 16GB DDR5 RAM, 512GB SSD, NVIDIA GeForce RTX 3050, 4-Zone RGB Backlit Keyboard + G-Key, Dark Shadow Gray, Win 11 + H&S 2021, 2.65 Kg",Dell,97990.0,Intel Core I5-13450Hx,16.0,DDR5,512.0,SSD,Nvidia Geforce Rtx 3050,Windows 11,15.6,1920,1080,1,https://m.media-amazon.com/images/I/51glKdrTmJL._SL500_.jpg,,amazon
"Lenovo Smartchoice Yoga Pro 7 Intel Evo Core Ultra 7 155H Built-in AI 14""(35.5cm) 2.8K-OLED 400Nits 120Hz Laptop (16GB/1TB SSD/NVIDIA RTX 4050 6GB/FHD+IR Camera/Win11/MSO 21/Grey/1.5Kg), 83E2005EIN",Lenovo,138890.0,Intel Core i5,8.0,DDR4,512.0,SSD,Nvidia Rtx 4050,Windows 11,15.6,2880,1800,1,https://m.media-amazon.com/images/I/71OPe4Vfb4L._SL500_.jpg,,amazon
"Dell Alienware x15 R1 Gaming Laptop, Intel Core i7-11800H Processor/ 16GB/ 1TB SSD/Win 11 + MSO'21/ NVIDIA RTX 3060 6GB/ 15.6"" (39.62cm) FHD 300 nits 360Hz + Alien FX/Lunar Light/ 2.27kg",Dell,252990.0,Intel Core I7-11800H,8.0,DDR4,512.0,SSD,Nvidia Rtx 3060,Windows 11,15.6,1920,1080,1,https://m.media-amazon.com/images/I/61J++6x4ezL._SL500_.jpg,,amazon
"Lenovo ThinkPad P14s Gen 5 21G2001VUS 14.5"" Mobile Workstation - WUXGA - Intel Core Ultra 7 155H - 32 GB - 1 TB SSD - English Keyboard - Black",Lenovo,299999.0,Intel Core Ultra 7,8.0,DDR4,512.0,SSD,Intel Iris Xe,Windows 11,14.5,1920,1080,1,https://m.media-amazon.com/images/I/61ZlkrpEg9L._SL500_.jpg,,amazon
"HP 15 (2025), Intel Core i3 13th Gen 1315U - (16 GB/512 GB SSD/Intel UHD Graphics/Windows 11 Pro) Thin and Light Business Laptop/15.6"" HD Display/Ash Grey/1.5 kg/MS Office 2021",HP,48350.0,Intel Core I3 13Th,8.0,DDR4,512.0,SSD,Intel Uhd Graphics,Windows 11,15.6,1366,768,1,https://m.media-amazon.com/images/I/71sxKjBSHKL._SL500_.jpg,,amazon
"HP OMEN Intel Core 7 240H - (24 GB/1 TB SSD/Windows 11 Home/8 GB Graphics/NVIDIA GeForce RTX 5050) 16-am0277TX Gaming Laptop (16 Inch, Shadow Black, Black Chrome Logo, 2.43 Kg, with MS Office)",HP,130600.0,Intel Core i5,8.0,DDR4,512.0,SSD,Nvidia Geforce Rtx 5050,Windows 11,15.6,1920,1080,1,https://m.media-amazon.com/images/I/419AgfOSo9L._SL500_.jpg,,amazon
"Dell Inspiron 5330 Laptop, Intel Evo Platform Powered by Intel Core i7-1360P Processor/16GB LP DDR5/1TB SSD/13.3"" (33.78cm) QHD+ 300 nits/Win 11 + MSO'21/15 Month McAfee/Platinum Silver/1.24kg",Dell,125115.0,Intel Core I7-1360P,8.0,DDR5,512.0,SSD,Intel Iris Xe,Windows 11,13.3,3840,2160,1,https://m.media-amazon.com/images/I/61pmuHUgSVL._SL500_.jpg,,amazon
"HP Spectre x360, Intel Evo Core Ultra 7 155H, Built-in AI, 14-inch (35.6 cm), 2.8K OLED, 32GB LPDDR5x, 1TB SSD, 120 Hz IMAX, 9MP IR Camera w/Camera Shutter (Win 11, MSO, Blue, 1.34 kg), eu0556TU",HP,160800.0,Intel Core i5,32.0,LPDDR5X,512.0,SSD,Intel Iris Xe,Windows 11,15.6,2880,1800,1,https://m.media-amazon.com/images/I/71Kwi8zU+DL._SL500_.jpg,,amazon
"HP Professional 14 (2026), Intel (i5 14th Gen) Core 5 120U - (16 GB/512 GB SSD/Intel Iris Xe Graphic/Windows 11 Home) Business Laptop/14.0"" FHD/Backlit + FingerPrint/Silver/Copilot Key/1.4kg/MS Office",HP,62210.0,Intel Core i5,8.0,DDR4,512.0,SSD,Intel Iris Xe,Windows 11,14.0,3840,2160,1,https://m.media-amazon.com/images/I/71Zvgr61FxL._SL500_.jpg,,amazon
HP 15 (2025) AMD Ryzen 3 7335U Quad Core Laptop 16GB DDR5 512GB SSD AMD Radeon Graphics Windows 11 Pro MS Office 2024 Copilot Key AI PC 15.6-inch FHD Thin & Light 1.5kg Turbo Silver,HP,51400.0,Amd Ryzen 3 7335U,16.0,DDR5,512.0,SSD,Amd Radeon Graphics,Windows 11,15.6,1920,1080,1,https://m.media-amazon.com/images/I/51JhuGKbySL._SL500_.jpg,,amazon
"acer TravelLite Thin Laptop AMD Ryzen 3 5400U | 8GB RAM, 512GB SSD | 14"" Full HD Anti-Glare Display | Windows 11 | MS Office | 1.34Kg | Black | 1 Year Warranty",Acer,42990.0,Amd Ryzen 3 5400U,8.0,DDR4,512.0,SSD,Intel Iris Xe,Windows 11,15.6,3840,2160,1,https://m.media-amazon.com/images/I/71VR5f3I7pL._SL500_.jpg,,amazon
"HP ZBook Studio 12th Gen Intel Core i7-12700H 16inch(40.6 cm) WUXGA Display Creator Laptop /400 nits/16GB RAM/1TB SSD/NVIDIA GeForce RTX 3060/Win 11 Home/MSO/B&O/Backlit KB/FPR, G9 Workstation PC",HP,211990.0,Intel Core I7-12700H,16.0,DDR4,512.0,SSD,Nvidia Geforce Rtx 3060,Windows 11,15.6,1920,1080,1,https://m.media-amazon.com/images/I/61oe21tFMNL._SL500_.jpg,,amazon
"acer Aspire 3D 15 SpatialLabs Edition Gaming Laptop Intel Core i7-13620H Processor (16GB/1TB/NVIDIA RTX4050/Win11Home) A3D15-71GM, 39.6 cm(15.6"") UHD 3840 x 2160 IPS Display, Obsidian Black, 2.32KG",Acer,119000.0,Intel Core I7-13620H,8.0,DDR4,512.0,SSD,Intel Iris Xe,Windows 11,15.6,3840,2160,1,https://m.media-amazon.com/images/I/61mIyVYG5tL._SL500_.jpg,,amazon
"Lenovo Thinkpad P16s Intel Core Ultra 7 155H 16""(40.64 cm) WUXGA IPS 300Nits, AI Ready Thin and Light Workstation (32GB/1TB SSD/Win11 Pro/Backlit/NVIDIA RTX 4GB/Black/3Y Premier/1.82Kg), 21KSS0AK00",Lenovo,186583.0,Intel Core Ultra 7,8.0,DDR4,512.0,SSD,Nvidia Rtx 4Gb,Windows 11,15.6,2560,1600,1,https://m.media-amazon.com/images/I/31zJttaGneL._SL500_.jpg,,amazon
"Lenovo LOQ, Intel Core i5 13th Gen 13450HX, NVIDIA RTX 4050 6GB, 16GB RAM, 512GB SSD, 15.6""(39.6cm), Windows 11, Office Home 2024, Grey, 2.4Kg, 83DV00X4IN, 100% sRGB, 3 Mon. Game Pass Gaming Laptop",Lenovo,106990.0,Intel Core I5 13Th,16.0,DDR4,512.0,SSD,Nvidia Rtx 4050,Windows 11,15.6,3840,2160,1,https://m.media-amazon.com/images/I/815ZvsHky7L._SL500_.jpg,,amazon
"Acer Aspire 3 A325-53 13th Gen Intel Core i5-1334U Thin and Light Laptop (8 GB/512GB SSD/Intel UHD Graphics/Windows 11 Home),15.6"" FHD IPS Display/MS Office 2024/Silver",Acer,53800.0,Intel Core I5-1334U,8.0,DDR4,512.0,SSD,Intel Uhd Graphics,Windows 11,15.6,1920,1080,1,https://m.media-amazon.com/images/I/61uDcjLLlVL._SL500_.jpg,,amazon
"Dell Pro14, Intel Core-5 120U, 8 GB DDR5 RAM, 512 GB New Gen SSD, Full HD+ 14"", Windows 11 Pro, MSO21, Pro Silver Pro, 1.41 KG, Professional Premium Laptop with 3 Year Warranty, 1 Year Antivirus",Dell,67115.0,Intel Core i5,8.0,DDR5,512.0,SSD,Intel Iris Xe,Windows 11,15.6,1920,1080,1,https://m.media-amazon.com/images/I/61R3FIaLDOL._SL500_.jpg,,amazon
"ASUS TUF F16 (2025),14th Gen, Intel Core i7 14650HX, RTX 5050-8GB, 16GB RAM, 1TB SSD, FHD+, 16"", 40 cm, Windows 11, M365 Basic(1yr)* Office24, Jaeger Gray, 2.2 Kg, FX608JHR-RV135WS, Gaming Laptop",ASUS,139990.0,Intel Core I7 14650Hx,16.0,DDR4,512.0,SSD,Rtx 5050,Windows 11,15.6,1920,1080,1,https://m.media-amazon.com/images/I/71sj54JbtHL._SL500_.jpg,,amazon
"Lenovo 15 (2026), Intel Core i3 13th Gen 1315U - (16 GB DDR5/512 GB SSD/Intel UHD Graphics/Windows 11 Pro) Thin and Light Business Laptop/15.6"" FHD Display/Iron Grey/1.6 kg/MS Office",Lenovo,55990.0,Intel Core I3 13Th,16.0,DDR5,512.0,SSD,Intel Uhd Graphics,Windows 11,15.6,1920,1080,1,https://m.media-amazon.com/images/I/81g8ey1e7DL._SL500_.jpg,,amazon
"ASUS TUF A16 (2026), AMD Ryzen 7 260, RTX 5050-8GB, 16GB RAM, 1TB SSD, FHD+, 16"", (40 cm), Windows 11 Home, M365 Basic(1 Year)* Office 2024, Jaeger Gray, 2.2 Kg, FA608UH-RV112WS, Gaming Laptop",ASUS,139990.0,Amd Ryzen 7 260,16.0,DDR4,512.0,SSD,Rtx 5050,Windows 11,15.6,1920,1080,1,https://m.media-amazon.com/images/I/71FCreN4HTL._SL500_.jpg,,amazon
"Apple 2024 MacBook Air 15″ Laptop with M3 chip: 38.91 cm (15.3″) Liquid Retina Display, 16GB Unified Memory, 512GB SSD Storage, Backlit Keyboard, 1080p FaceTime HD Camera, Touch ID- Silver",Apple,147990.0,Intel Core i5,8.0,DDR4,512.0,SSD,Intel Iris Xe,Windows 11,15.6,1366,768,1,https://m.media-amazon.com/images/I/71h-tsPzk5L._SL500_.jpg,,amazon
"HP Victus, Gaming Laptop",HP,92990.0,Intel Core i5,8.0,DDR4,512.0,SSD,Intel Iris Xe,Windows 11,15.6,1920,1080,1,https://m.media-amazon.com/images/I/71s00YuMQcL._SL500_.jpg,,amazon
"Lenovo Legion 5 Intel Core i7-14650HX 16"" (40.64cm) WQXGA IPS 350Nits 165Hz Gaming Laptop (16GB/1TB SSD/Win 11/Office 2021/NVIDIA RTX 4070 8GB/100%sRGB/Alexa/3 Month Game Pass/Grey/2.3Kg), 83DG009DIN",Lenovo,219990.0,Intel Core I7-14650Hx,8.0,DDR4,512.0,SSD,Nvidia Rtx 4070,Windows 11,15.6,1920,1080,1,https://m.media-amazon.com/images/I/81gN0vHbWGL._SL500_.jpg,,amazon
"ASUS ProArt P16 OLED (2025), AMD Ryzen AI 9 HX 370, RTX 5080-16GB,64GB RAM, 2TB SSD, 16""/40.64cm Touchscreen, 4K, 120Hz,Windows 11,M365 Basic (1Year)*/Office 2024, Nano Black, 1.95Kg,H7606WW-SE023WS",ASUS,419990.0,Intel Core i5,64.0,DDR4,512.0,SSD,Rtx 5080,Windows 11,15.6,3840,2160,1,https://m.media-amazon.com/images/I/71uLxy9vW6L._SL500_.jpg,,amazon
"ASUS TUF A15,AMD Ryzen 7 170,RTX 3050-4GB,16GB RAM (Upgradeable),1TB SSD,FHD, 15.6""(39.6 cm),Windows 11 Home, M365 Basic(1 Year)* Office 2024, Graphite Black, 2.3 Kg, FA506NCQ-HN009WS, Gaming Laptop",ASUS,91990.0,Amd Ryzen 7 170,16.0,DDR4,512.0,SSD,Rtx 3050,Windows 11,15.6,1920,1080,1,https://m.media-amazon.com/images/I/81DtVNemFnL._SL500_.jpg,,amazon
"Lenovo LOQ, Intel Core i5-13450HX, 13th Gen, NVIDIA RTX 3050-6GB, 16GB RAM, 512GB SSD, FHD 144Hz 300Nits, 15.6""/39.62cm, Windows 11, MS Office 21, Grey, 2.4Kg, 83DV00BHIN, 100% sRGB Gaming Laptop",Lenovo,110990.0,Intel Core I5-13450Hx,16.0,DDR4,512.0,SSD,Nvidia Rtx 3050,Windows 11,15.6,3840,2160,1,https://m.media-amazon.com/images/I/81sI6re6MPL._SL500_.jpg,,amazon
"Lenovo V15 G4 IRU Laptop | 15.6"" FHD Anti-Glare | Intel Core i7-13620H 13th Gen (10 Cores) | 16GB LPDDR5 RAM, 512GB SSD | Windows 11 + Office 2021 | Wi-Fi 6, HD Cam | Iron Grey | 1-Year Warranty",Lenovo,72890.0,Intel Core I7-13620H,16.0,LPDDR5,512.0,SSD,Intel Iris Xe,Windows 11,15.6,1920,1080,1,https://m.media-amazon.com/images/I/71aup0IO2ZL._SL500_.jpg,,amazon
"Lenovo Legion Pro 5 2025 Intel Core Ultra 7 255HX | NVIDIA RTX 5070 8GB (32GB RAM/1TB SSD/WQXGA OLED/165Hz/16 (40.6cm)/Windows 11/Office 2024+AI Now/Black/2.4Kg), 83F3009BIN AI Powered Gaming Laptop",Lenovo,227490.0,Intel Core Ultra 7,32.0,DDR4,512.0,SSD,Nvidia Rtx 5070,Windows 11,15.6,3840,2160,1,https://m.media-amazon.com/images/I/71bdQJH1zbL._SL500_.jpg,,amazon
"Lenovo ThinkBook 14, Intel Core 5 210H, 16GB RAM, 512GB SSD, WUXGA IPS 14” (35.56cm), Windows 11 Pro, Arctic Grey, 1.36Kg, 21SGS00400, Fingerprint, Backlit, 300 Nits, 3Y Premier Warranty, Laptop",Lenovo,105490.0,Intel Core i5,16.0,DDR4,512.0,SSD,Intel Iris Xe,Windows 11,15.6,1920,1080,1,https://m.media-amazon.com/images/I/51KhhD5u5UL._SL500_.jpg,,amazon
"HP 255 Notebook, AMD Athlon Silver 7120U,8GB DDR4, 256GB SSD, 15.6-inch(39.6cm),Anti-Glare, HD Laptop, Radeon Graphics, (Win 11, Silver,1.52kg) G10",HP,38999.0,Amd Athlon Silver,8.0,DDR4,256.0,SSD,Intel Iris Xe,Windows 11,15.6,2560,1600,1,https://m.media-amazon.com/images/I/71hEe+kRUXL._SL500_.jpg,,amazon
"ASUS ROG Strix G17 (2022), 17.3""(43.94 cm) FHD 360Hz/3ms, AMD Ryzen 9 6900HX, 8GB RTX 3070 Ti Graphics, Gaming Laptop (16GB/1TB SSD/90WHrs Battery/Windows 11/Office 2021/Gray/2.9 Kg), G713RW-KH110WS",ASUS,207990.0,Amd Ryzen 9 6900Hx,8.0,DDR4,512.0,SSD,Rtx 3070,Windows 11,17.3,1920,1080,1,https://m.media-amazon.com/images/I/61jSHaXCNEL._SL500_.jpg,,amazon
"ASUS Vivobook 15, 13th Gen, Intel Core i3-1315U, 8GB RAM,512GB SSD,15.6"" (39.62 cms), FHD, Windows 11,MS Office,Backlit Keyboard,Silver,1.7 kg, X1504VA-NJ320WS, Thin & Light Laptop",ASUS,49990.0,Intel Core I3-1315U,8.0,DDR4,512.0,SSD,Intel Iris Xe,Windows 11,15.6,1920,1080,1,https://m.media-amazon.com/images/I/715P4YWFq7L._SL500_.jpg,,amazon
"Lenovo V15 12th Gen Intel Core i5-1235U 15.6"" FHD Thin and Light Laptop (8GB RAM/512GB SSD/Windows 11 Home/MS Office Home & Student 2021/Iron Grey/1.70 kg), 82TTA07QIH",Lenovo,54999.0,Intel Core I5-1235U,8.0,DDR4,512.0,SSD,Intel Iris Xe,Windows 11,15.6,1920,1080,1,https://m.media-amazon.com/images/I/719+CaSnPxL._SL500_.jpg,,amazon
"ASUS Gaming V16 (2025), 14th Gen, Intel Core 5 210H Gaming Laptop(RTX 5050-8GB/16GB RAM/512GB SSD/FHD+/16""/144Hz/Windows 11/M365 Basic*/Office Home 2024/Matte Black/1.95 Kg) V3607VH-RP037WS",ASUS,89990.0,Intel Core i5,16.0,DDR4,512.0,SSD,Rtx 5050,Windows 11,15.6,1920,1080,1,https://m.media-amazon.com/images/I/7177NR5Og9L._SL500_.jpg,,amazon
"ASUS Vivobook Go 14 (2026),AMD Ryzen 3 30 Processor,AMD Radeon iGPU,8GB RAM,512GB SSD,FHD,14"" (35.5 cm),Windows 11,M365 Basic(1Y)* Office 2024,Mixed Black,1.38 Kg,E1404FA-EB1414WS,Thin & Light Laptop",ASUS,48990.0,Amd Ryzen 3 30,8.0,DDR4,512.0,SSD,Amd Radeon Igpu,Windows 11,15.6,1920,1080,1,https://m.media-amazon.com/images/I/71CudLAwF1L._SL500_.jpg,,amazon
"Lenovo IdeaPad Pro 5 AMD Ryzen 7 8845HS 16"" (40.64cm) 2K-OLED 400Nits 120Hz Laptop (16GB/1TB SSD/NVDIA RTX 4050 6GB/Win11/100% DCI-P3/Office 2021/Alexa/3 Month Game Pass/Grey/1.91Kg), 83D5000SIN",Lenovo,131890.0,Amd Ryzen 7 8845Hs,8.0,DDR4,512.0,SSD,Rtx 4050,Windows 11,15.6,2560,1600,1,https://m.media-amazon.com/images/I/81J-isVnBTL._SL500_.jpg,,amazon
"HP 15 (2025), Intel Core i5 13th Gen 1334U - (32 GB/512 GB SSD/Intel Iris Xe Graphics/Windows 11 Pro) Thin and Light Business Laptop/15.6"" FHD Display/Fingerprint Reader/Ash Grey/1.5 kg/MS Office 2021",HP,71990.0,Intel Core I5 13Th,8.0,DDR4,512.0,SSD,Intel Iris Xe,Windows 11,15.6,1920,1080,1,https://m.media-amazon.com/images/I/71K3Oh9j6WL._SL500_.jpg,,amazon
"Dell Inspiron 7640 Thin & Light Laptop, Intel Core i5-13420H Processor, 16GB DDR5 + 512GB SSD, 16"" (40.64cm) FHD+ 250nits Display, Backlit KB + FPR, Win 11 + MSO'21, 15 Months McAfee, Ice Blue, 1.90kg",Dell,100990.0,Intel Core I5-13420H,16.0,DDR5,512.0,SSD,Intel Iris Xe,Windows 11,15.6,1920,1080,1,https://m.media-amazon.com/images/I/61SX7Uabk5L._SL500_.jpg,,amazon
"Lenovo IdeaPad 1 15ALC7 AMD Ryzen 5 5500U 15.6"" FHD Thin and Light Laptop (8GB/512GB SSD/Integrated AMD Radeon Graphics/Windows 11 Home/Office Home 2024/1Yr ADP Free/Cloud Grey/1.61Kg), 82R4011NIN",Lenovo,47990.0,Amd Ryzen 5 5500U,8.0,DDR4,512.0,SSD,Amd Radeon Graphics,Windows 11,15.6,1920,1080,1,https://m.media-amazon.com/images/I/61kKzgGGFtL._SL500_.jpg,,amazon
"Dell Latitude 5000 5450 14"" Notebook - Full HD - Intel Core Ultra 5 125U - 16 GB - 256 GB SSD - Titan Gray",Dell,139000.0,Intel Core Ultra 5,8.0,DDR4,256.0,SSD,Intel Iris Xe,Windows 11,15.6,1920,1080,1,https://m.media-amazon.com/images/I/51kAOLVS21L._SL500_.jpg,,amazon
"HP 15, Intel Celeron (8GB DDR5, 512GB SSD), Micro-Edge, Anti-Glare, 15.6''/39.6cm, Win11, M365* Office24, Silver, 1.59kg, fd0885TU, FHD Camera, Backlit, Dual Speakers Laptop",HP,59990.0,Intel Celeron,8.0,DDR5,512.0,SSD,Intel Iris Xe,Windows 11,15.6,1920,1080,1,https://m.media-amazon.com/images/I/71TyRVohe6L._SL500_.jpg,,amazon
"Lenovo LOQ 2024 Intel Core i5-12450HX 15.6"" (39.6cm) 144Hz 300Nits FHD IPS Gaming Laptop (24GB/512GB SSD/Win 11/NVIDIA RTX 3050 6GB Graphics/1Yr ADP Free/MSO 21/3 Mon Game Pass/Grey/2.4Kg), 83GS0098IN",Lenovo,99500.0,Intel Core I5-12450Hx,8.0,DDR4,512.0,SSD,Nvidia Rtx 3050,Windows 11,15.6,3840,2160,1,https://m.media-amazon.com/images/I/81tmCrtiRgL._SL500_.jpg,,amazon
"Lenovo LOQ Intel Core i5-13450HX| NVIDIA RTX 3050 6GB (16GB RAM/512GB SSD/144Hz Refresh Rate/15.6"" (39.6cm)/Windows 11/Office Home 2024/3 Mon. Game Pass/Grey/2.4Kg), 83DV018MIN AI Gaming Laptop",Lenovo,92990.0,Intel Core I5-13450Hx,16.0,DDR4,512.0,SSD,Nvidia Rtx 3050,Windows 11,15.6,3840,2160,1,https://m.media-amazon.com/images/I/81sI6re6MPL._SL500_.jpg,,amazon
"Lenovo 15 (2025), Intel Core i3 12th Gen 1215U - (16 GB/512 GB SSD/Intel UHD Graphics/Windows 11 Home) Thin and Light Business Laptop/15.6"" FHD Display/Iron Grey/1.6 kg/MS Office 2021",Lenovo,48990.0,Intel Core I3 12Th,8.0,DDR4,512.0,SSD,Intel Uhd Graphics,Windows 11,15.6,1920,1080,1,https://m.media-amazon.com/images/I/8102kakxi6L._SL500_.jpg,,amazon
"ASUS Vivobook 14 (2025), Intel Core 5 120U, 8GB RAM, 512GB SSD, FHD, 14"", (35.5 cm), Windows 11 Home, M365 Basic(1 Year)* Office 2024, Cool Silver, 1.4 Kg, X1404VAP-EB1521WS, Thin & Light Laptop",ASUS,57790.0,Intel Core i5,8.0,DDR4,512.0,SSD,Intel Iris Xe,Windows 11,15.6,1920,1080,1,https://m.media-amazon.com/images/I/71ik+SPFwYL._SL500_.jpg,,amazon
"MSI Modern 14,Intel 13th Gen. Core i3 1315U,36CM FHD 60Hz Thin & Light Laptop(16GB/512GB NVMe SSD/Windows 11 Home/Microsoft Office Home & Student 2021/Intel UHD/Urban Silver/1.4Kg), C13M-1424IN",MSI,44990.0,Intel Core i5,8.0,DDR4,512.0,SSD,Intel Iris Xe,Windows 11,15.6,3840,2160,1,https://m.media-amazon.com/images/I/71AGCkQsQ3L._SL500_.jpg,,amazon
"Samsung Galaxy Book6 (Gray, 16GB RAM, 1TB SSD) | Intel Core Ultra 5 (Series 3) | 16"" WUXGA+ Display with Touchscreen | 24Hrs Battery Life | 120 Hz Refresh Rate | Dolby Atmos Stereo Speakers | AI PC",Samsung,146990.0,Intel Core Ultra 5,16.0,DDR4,512.0,SSD,Intel Iris Xe,Windows 11,15.6,1920,1080,1,https://m.media-amazon.com/images/I/71u-zAQGavL._SL500_.jpg,,amazon
"New Microsoft Surface Laptop5 15"" Intel evo 12 Gen i7 / 8GB / 256GB Platinum with Windows 11 Home, Microsoft 365 Family 30-Day Trial & Xbox Game Pass Ultimate 30-Day Trial",Mi,98990.0,Intel Core i5,8.0,DDR4,256.0,SSD,Intel Iris Xe,Windows 11,15.6,1920,1080,1,https://m.media-amazon.com/images/I/61n0igkrg3L._SL500_.jpg,,amazon
HP 15 Backlit KB,HP,73400.0,Intel Core i5,8.0,DDR4,512.0,SSD,Intel Iris Xe,Windows 11,15.6,1920,1080,1,https://m.media-amazon.com/images/I/71ADoSstoIL._SL500_.jpg,,amazon
"Lenovo Yoga Slim 7 AMD Ryzen AI 7 350 (32GB RAM/1TB SSD/14 (35.5cm)/WUXGA OLED/Copilot+ PC/Windows 11/Microsoft 365 Basic + Office Home 2024 + Lenovo AI Now/1Yr ADP Free/Teal/1.19Kg), 83JY0069IN",Lenovo,113990.0,Intel Core i5,32.0,DDR4,512.0,SSD,Intel Iris Xe,Windows 11,15.6,1920,1080,1,https://m.media-amazon.com/images/I/71TqHX7QtbL._SL500_.jpg,,amazon
"acer Travelmate Business Laptop Intel Core i3 1115G4 Processor (16GB DDR4/ 512GB SSD/Intel Iris Xe Graphics/Windows 11 Home/MS Office Home and Student) TMP214-53 with 35.56 cm (14.0"") Full HD Display",Acer,46999.0,Intel Core I3 1115G4,16.0,DDR4,512.0,SSD,Intel Iris Xe,Windows 11,14.0,1920,1080,1,https://m.media-amazon.com/images/I/61+E7zon44L._SL500_.jpg,,amazon
"HP 14,Core Ultra 5 125H (16GB DDR5, 512GB SSD), Micro-Edge, Anti-Glare, FHD, 14''/35.6cm, Win11, M365* Office24, Silver, 1.4kg, ep1150TU, FHD Camera, Backlit Laptop",HP,72990.0,Intel Core i5,16.0,DDR5,512.0,SSD,Intel Iris Xe,Windows 11,15.6,3840,2160,1,https://m.media-amazon.com/images/I/71Z+oWbjruL._SL500_.jpg,,amazon
"MSI Stealth 16 Studio, Intel 13th Gen. i7-13700H, 41CM QHD+ 240Hz Gaming Laptop (32GB/1TB NVMe SSD/Windows 11 Home/Nvidia GeForce RTX4070, 8GB GDDR6/Pure White/1.99Kg), A13VG-030IN",MSI,335251.0,Intel Core i5,8.0,DDR4,512.0,SSD,Intel Iris Xe,Windows 11,15.6,1366,768,1,https://m.media-amazon.com/images/I/71vIbM3K3YL._SL500_.jpg,,amazon
"Dell Vostro 3530 Laptop 15.6"" FHD Display, 13th Generation Intel Core i5-1334U Processor, 16GB DDR4 RAM, 512GB SSD, Intel Iris Xe Graphics, Win 11 + Office H&S 2024- Titan Grey, 1.66 Kg",Dell,62490.0,Intel Core I5-1334U,16.0,DDR4,512.0,SSD,Intel Iris Xe,Windows 11,15.6,1920,1080,1,https://m.media-amazon.com/images/I/71OOkauvMwL._SL500_.jpg,,amazon
"HP Professional 15 (2025), Intel Core i5 13th Gen 1334U - 32 GB/512 GB SSD/Intel Iris Xe Graphics/Windows 11 Pro Thin and Light Business Laptop/15.6"" FHD Display/Backlit/Turbo Silver/1.5 kg/MSO 2024",HP,76500.0,Intel Core I5 13Th,8.0,DDR4,512.0,SSD,Intel Iris Xe,Windows 11,15.6,1920,1080,1,https://m.media-amazon.com/images/I/51kG0ca8MEL._SL500_.jpg,,amazon
"Acer Nitro V 15, Intel Core 5 210H Processor, RTX 4050-8 GB GDDR7, 16 GB, 512 GB, FHD IPS, 15.6""/39.62cm,165Hz, Win 11 Home, Obsidian Black, 2.1 KG, ANV15-52, Gaming Laptop",Acer,88990.0,Intel Core i5,8.0,DDR4,512.0,SSD,Rtx 4050,Windows 11,15.6,1920,1080,1,https://m.media-amazon.com/images/I/51SJe266P8L._SL500_.jpg,,amazon
"ASUS Vivobook Go 14 (2026),AMD Ryzen 5 40,AMD Radeon iGPU,8GB RAM,512GB SSD,FHD, 14""(35.5 cm),Windows 11 Home,M365 Basic(1 Year)* Office 2024,Mixed Black, 1.38 Kg, E1404FA-EB1415WS,Thin & Light Laptop",ASUS,66990.0,Amd Ryzen 5 40,8.0,DDR4,512.0,SSD,Amd Radeon Igpu,Windows 11,15.6,1920,1080,1,https://m.media-amazon.com/images/I/71DpdPt-2sL._SL500_.jpg,,amazon
"MSI Cyborg 15, Intel 12th Gen. i5-12450H, 40CM FHD 144Hz Gaming Laptop (16GB/512GB NVMe SSD/Windows 11 Home/MSO 2021/NVIDIA GeForce RTX 3050, GDDR6 6GB/Translucent Black/1.9Kg) A12UDX-1468IN",MSI,75990.0,Intel Core i5,8.0,DDR4,512.0,SSD,Nvidia Geforce Rtx 3050,Windows 11,15.6,1920,1080,1,https://m.media-amazon.com/images/I/61UQ4m-H+yL._SL500_.jpg,,amazon
"Lenovo IdeaPad 1 Intel Celeron N4500, 8GB RAM, 512GB SSD, HD 15.6""(39.6cm), Windows 11, Grey, 1.55Kg, 82LX00F7IN, 3 Month Game Pass Laptop",Lenovo,44500.0,Intel Celeron N4500,8.0,DDR4,512.0,SSD,Intel Iris Xe,Windows 11,15.6,1366,768,1,https://m.media-amazon.com/images/I/71bDJ9wxxWL._SL500_.jpg,,amazon
"HP Victus 16-r1703TX Gaming Laptop (14th Gen Intel® Core™ i5, 16GB DDR5, 512GB SSD, NVIDIA® GeForce RTX™ 3050 6GB, 16.1"" FHD 144Hz, Windows 11 Home, Silver)",HP,89000.0,Intel Core i5,16.0,DDR5,512.0,SSD,Intel Iris Xe,Windows 11,16.1,1920,1080,1,https://m.media-amazon.com/images/I/41zoiK7ggbL._SL500_.jpg,,amazon
"acer Nitro V 16S AI, AMD Ryzen 7 260 Octa-core Processor, RTX 5060-8 GB GDDR7, 16 GB/1 TB,WUXGA IPS, 16.0""/40.64 cm, 180 Hz, Win 11 Home, Obsidian Black, 2.1 kg, ANV16S-41, RGB KB, Gaming Laptop",Acer,129999.0,Amd Ryzen 7 260,8.0,DDR4,512.0,SSD,Rtx 5060,Windows 11,16.0,1920,1080,1,https://m.media-amazon.com/images/I/51vD2NmZtLL._SL500_.jpg,,amazon
"Lenovo 15 (2026), Intel Core i3 13th Gen 1315U - (16 GB DDR5/512 GB SSD/Intel UHD Graphics/Windows 11 Home) Thin and Light Business Laptop/15.6"" FHD Display/Iron Grey/1.6 kg/MS Office",Lenovo,53850.0,Intel Core I3 13Th,16.0,DDR5,512.0,SSD,Intel Uhd Graphics,Windows 11,15.6,1920,1080,1,https://m.media-amazon.com/images/I/81DqH4HeJxL._SL500_.jpg,,amazon
"HP Professional 240R G10 Ultra-Light Business Laptop with Intel Core 3-100U, 8GB DDR4 RAM, 512GB SSD, 14″ FHD IPS Display, Copilot Key, Windows 11 Pro & MS Office 2024, Turbo Silver",HP,49990.0,Intel Core i5,8.0,DDR4,512.0,SSD,Intel Iris Xe,Windows 11,15.6,1920,1080,1,https://m.media-amazon.com/images/I/61p3X1ne2WL._SL500_.jpg,,amazon
"acer Aspire AMD Ryzen 3-7330U Processor Laptop with 39.62 cm (15.6"") Full HD LED-Backlit IPS Display (8 GB RAM/512 GB SSD/WiFi 6/AMD Radeon Graphics/Win11 Home/55Wh) AS15-42, Pure Silver, 1.79KG",Acer,42900.0,Intel Core i5,8.0,DDR4,512.0,SSD,Amd Radeon Graphics,Windows 11,15.6,1920,1080,1,https://m.media-amazon.com/images/I/51BV4vFUFpL._SL500_.jpg,,amazon
"Lenovo V15 Intel Core i3 13th Gen (8 GB DDR4 RAM/512GB SSD/Windows 11 Home/MS-Office/Iron Grey) 15.6"" FHD (1920x1080) Antiglare 250 Nits Thin & Light Laptop/1Y Onsite",Lenovo,52999.0,Intel Core I3 13Th,8.0,DDR4,512.0,SSD,Intel Iris Xe,Windows 11,15.6,1920,1080,1,https://m.media-amazon.com/images/I/71RZDi-9tVL._SL500_.jpg,,amazon
"HP Business 250R G10 (2025) Thin & Light Laptop with Intel Core 3 14th Gen 100U, 16GB RAM, 512GB SSD, 15.6″ IPS Display, Copilot Key, Windows 11 Pro & MS Office 2024, Turbo Silver (1.5 kg)",HP,51890.0,Intel Core i5,16.0,DDR4,512.0,SSD,Intel Iris Xe,Windows 11,15.6,1920,1080,1,https://m.media-amazon.com/images/I/51kG0ca8MEL._SL500_.jpg,,amazon
"HP Pavilion, Intel Core Ultra 5-125U, (16GB RAM, 512GB SSD) IPS, WUXGA, Anti-Glare, 16""/40.6cm, Win 11, Office 2021, Silver, 1.77Kg, af0015tu, Intel Graphics, 1080p FHD Camera AI Laptop",HP,77494.0,Intel Core Ultra 5,16.0,DDR4,512.0,SSD,Intel Iris Xe,Windows 11,15.6,1920,1080,1,https://m.media-amazon.com/images/I/71I3VaefRiL._SL500_.jpg,,amazon
"acer Nitro V 15 Gaming Laptop Intel Core 5 210H - 16 GB/512 GB SSD/Windows 11 Home/NVIDIA GeForce RTX 4050 6 GB Graphics (15.6 Inch, Obsidian Black, 2.5 Kg)",Acer,88990.0,Intel Core i5,8.0,DDR4,512.0,SSD,Nvidia Geforce Rtx 4050,Windows 11,15.6,1920,1080,1,https://m.media-amazon.com/images/I/71PCh+ZoutL._SL500_.jpg,,amazon
"HP 15, 13th Gen Intel Core i5-1334U Laptop (8GB DDR4,1TB SSD) Anti-Glare, Micro-Edge,15.6''/39.6cm, FHD, Win11, M365 Basic(1yr),Office Home24, Silver,1.59kg, FHD Camera w/Shutter, fd0549TU",HP,66490.0,Intel Core I5-1334U,8.0,DDR4,512.0,SSD,Intel Iris Xe,Windows 11,15.6,1920,1080,1,https://m.media-amazon.com/images/I/71S+ww+2sAL._SL500_.jpg,,amazon
"HP 15 (2026) Business Laptop – Intel Core 7 150U, 16GB RAM, 512GB SSD, 15.6"" FHD Display, Intel Iris Xe Graphics, Windows 11 Pro, Backlit Keyboard + Fingerprint, Silver, 1.5kg",HP,86500.0,Intel Core i5,16.0,DDR4,512.0,SSD,Intel Iris Xe,Windows 11,15.6,1920,1080,1,https://m.media-amazon.com/images/I/71+3EDsHsAL._SL500_.jpg,,amazon
"Lenovo V14 AMD Ryzen 3 7320U 14"" (35.5cm) FHD 250 Nits Antiglare Thin and Light Laptop (Free MS Office) Lifetime (8GB/512GB SSD/Windows 11/Iron Grey/1.65 Kg) 1 Year Brand Warranty, 82YTA0OTlN",Lenovo,44610.0,Amd Ryzen 3 7320U,8.0,DDR4,512.0,SSD,Intel Iris Xe,Windows 11,15.6,1920,1080,1,https://m.media-amazon.com/images/I/41LQ45I-LVL._SL500_.jpg,,amazon
"Dell 16, AMD Ryzen AI 5 340 6-core/12-thread Processor, 16GB LPDDR5X, 512GB SSD, FHD+, 16""/40.64cm, Win11, MSO'24, Ice Blue, 1.83 Kg, [Dell 16], 300 Nits IPS, Backlit+FPS Keyboard, AI Powered Laptop",Dell,71990.0,Intel Core i5,16.0,LPDDR5X,512.0,SSD,Intel Iris Xe,Windows 11,15.6,1920,1080,1,https://m.media-amazon.com/images/I/71e5e82cbJL._SL500_.jpg,,amazon
"HP Smartchoice Victus, 13th Gen Intel Core i5-13420H, 4GB RTX 3050, 16GB DDR4(Upgradeable) 512GB SSD, 144Hz, 300nits, FHD, 15.6’’/39.6cm, Win11, Office24, Blue, 2.29kg, fa2190/fa2191tx Gaming Laptop",HP,75990.0,Intel Core I5-13420H,16.0,DDR4,512.0,SSD,Rtx 3050,Windows 11,15.6,1920,1080,1,https://m.media-amazon.com/images/I/71wT57gW0hL._SL500_.jpg,,amazon
"ASUS TUF A15 (2025), AMD Ryzen 7 7445HS,RTX 3050-4GB,75W TGP,16GB DDR5(Upgradeable Upto 64GB) 512GB SSD,FHD,15.6"",144Hz,RGB Keyboard,Windows 11,Graphite Black,2.3 Kg FA506NCG-HN199W, Gaming Laptop",ASUS,68990.0,Amd Ryzen 7 7445Hs,16.0,DDR5,512.0,SSD,Rtx 3050,Windows 11,15.6,1920,1080,1,https://m.media-amazon.com/images/I/71K4CpdfmHL._SL500_.jpg,,amazon
"ASUS Gaming V16 (2025), Intel Core 5 210H, RTX 3050-6GB, 16GB RAM, 512GB SSD, FHD+, 16"", 40 cm, Windows 11 Home, M365 Basic(1yr)* Office24, Matte Black, 1.95 Kg, V3607VJ-RP134WS, Gaming Laptop",ASUS,83990.0,Intel Core i5,16.0,DDR4,512.0,SSD,Rtx 3050,Windows 11,15.6,1920,1080,1,https://m.media-amazon.com/images/I/71-7wPSmOJL._SL500_.jpg,,amazon
"Lenovo Legion 7 2025 Intel Core Ultra 9 275HX| NVIDIA RTX 5070 8GB (32GB RAM/1TB SSD/WQXGA OLED/240Hz/16(40.64cm)/Windows 11/Office 2024+AI Now/White/2.0Kg), 83KY001GIN AI Powered Gaming Laptop",Lenovo,239391.0,Intel Core Ultra 9,32.0,DDR4,512.0,SSD,Nvidia Rtx 5070,Windows 11,15.6,1920,1080,1,https://m.media-amazon.com/images/I/81NnFZ6vb9L._SL500_.jpg,,amazon
"HP Victus, 13th Gen Intel Core i7-13620H, 8GB RTX 5060, 24GB DDR5(Upgradeable) 1TB SSD, 144Hz, 300nits, IPS, FHD, 15.6""/39.6cm, Win11, M365* Office 24, Mica Silver, 2.29Kg, fa2308TX, RGB Gaming Laptop",HP,125990.0,Intel Core I7-13620H,24.0,DDR5,512.0,SSD,Rtx 5060,Windows 11,15.6,1920,1080,1,https://m.media-amazon.com/images/I/71ZDvI4yXAL._SL500_.jpg,,amazon
"ASUS TUF F16, 14th Gen,Intel Core i7 14650HX,RTX 5060-8GB,16GB,1TB,FHD+,16"",165Hz,90WHrs,Windows 11,M365 Basic (1Year)*,Office 2024,Jaeger Gray,2.2 Kg, FX608JMR-RV049WS, Gaming Laptop",ASUS,149990.0,Intel Core I7 14650Hx,8.0,DDR4,512.0,SSD,Rtx 5060,Windows 11,15.6,1920,1080,1,https://m.media-amazon.com/images/I/71O0M22NGRL._SL500_.jpg,,amazon
"Lenovo LOQ Essential AMD Ryzen 7 7735HS | NVIDIA RTX 4050 6GB (16GB RAM/512GB SSD/144Hz Refresh Rate/15.6"" (39.6cm)/Windows 11/Office Home 2024/3 Mon. Game Pass/Grey/1.8Kg), 83S0009TIN Gaming Laptop",Lenovo,104990.0,Amd Ryzen 7 7735Hs,16.0,DDR4,512.0,SSD,Nvidia Rtx 4050,Windows 11,15.6,1920,1080,1,https://m.media-amazon.com/images/I/81XLQsK9gvL._SL500_.jpg,,amazon
"HP Omen, Intel Core Ultra 7 255H, 8GB RTX 5050, 24GB DDR5(Upgradeable) 1TB SSD, 2K, 165Hz, 3ms Response time, IPS, 16''/40.6cm, Win11, M365*Office24, Shadow Black, 2.43kg, am0240tx, RGB Gaming Laptop",HP,129990.0,Intel Core Ultra 7,24.0,DDR5,512.0,SSD,Rtx 5050,Windows 11,15.6,2560,1600,1,https://m.media-amazon.com/images/I/71hYhVo8BgL._SL500_.jpg,,amazon
"HP Victus, AMD Ryzen 7 7445HS, 4GB RTX 2050, 16GB DDR5(Upgradable) 512GB SSD, FHD, 144Hz, 300 nits, IPS, 15.6''/39.6cm, Win11, M365* Office24, Mica Silver, 2.29kg, fb3123AX, Backlit, Gaming Laptop",HP,67990.0,Amd Ryzen 7 7445Hs,16.0,DDR5,512.0,SSD,Rtx 2050,Windows 11,15.6,1920,1080,1,https://m.media-amazon.com/images/I/71qIJPTTD3L._SL500_.jpg,,amazon
"ASUS Gaming V16 (2025) 14th Gen,Intel Core 5 210H Gaming Laptop (RTX 4050-6GB/16GB RAM/512GB SSD/Windows 11 Home/16/144Hz/M365*/Office Home 2024,Matte Black,1.95 Kg),V3607VU-RP550WS",ASUS,82490.0,Intel Core i5,16.0,DDR4,512.0,SSD,Rtx 4050,Windows 11,15.6,1920,1080,1,https://m.media-amazon.com/images/I/71hrfXUTzML._SL500_.jpg,,amazon
"HP Omen, AMD Ryzen 9 8940HX, 8GB RTX 5070, 24GB DDR5(Upgradeable) 1TB SSD, 240Hz, 2k WUXGA, 3ms, 400 nits, 16''/40.6cm, Win11, M365* Office24, Black, 2.44kg, ap0182AX, RGB, AI Gaming Laptop",HP,180990.0,Amd Ryzen 9 8940Hx,24.0,DDR5,512.0,SSD,Rtx 5070,Windows 11,15.6,3840,2160,1,https://m.media-amazon.com/images/I/71nNdnlAs2L._SL500_.jpg,,amazon
"Lenovo LOQ AMD Ryzen 5 7235HS | NVIDIA RTX 4050 6GB (16GB RAM/512GB SSD/144Hz Refresh Rate/15.6"" (39.6cm)/Windows 11/Office Home 2024/3 Mon. Game Pass/Grey/2.4Kg), 83JC00NYIN AI Gaming Laptop",Lenovo,88990.0,Amd Ryzen 5 7235Hs,16.0,DDR4,512.0,SSD,Nvidia Rtx 4050,Windows 11,15.6,3840,2160,1,https://m.media-amazon.com/images/I/71uWA12LM2L._SL500_.jpg,,amazon
"MSI Raider 18, Intel Series 2 Core Ultra 9 285HX, 46cm UHD+ 120Hz Gaming Laptop (64GB/4TB NVMe SSD/Windows 11 Home/NVIDIA GeForce RTX 5090, GDDR7 24GB/Core Black/3.6Kg) A2XWJG-253IN",MSI,499990.0,Intel Core i5,8.0,DDR4,512.0,SSD,Nvidia Geforce Rtx 5090,Windows 11,15.6,1366,768,1,https://m.media-amazon.com/images/I/71oTMGyCbhL._SL500_.jpg,,amazon
"Samsung Galaxy Book6 (Gray, 16GB RAM, 512GB SSD) | Intel Core Ultra 7 (Series 3) | 16"" WUXGA+ Display with Touchscreen | 24Hrs Battery Life | 120 Hz Refresh Rate | Dolby Atmos Stereo Speakers | AI PC",Samsung,131990.0,Intel Core Ultra 7,16.0,DDR4,512.0,SSD,Intel Iris Xe,Windows 11,15.6,1920,1080,1,https://m.media-amazon.com/images/I/71efDx+EJBL._SL500_.jpg,,amazon
"HP Omen, AMD Ryzen 9 8940HX, 8GB RTX 5060, 24GB DDR5(Upgradeable) 1TB SSD, 165Hz, 2k WUXGA, 3ms, 400 nits, 16''/40.6cm, Win11, M365* Office24, Black, 2.44kg, ap0181AX, Omen AI, RGB, AI Gaming Laptop",HP,161990.0,Amd Ryzen 9 8940Hx,24.0,DDR5,512.0,SSD,Rtx 5060,Windows 11,15.6,3840,2160,1,https://m.media-amazon.com/images/I/71ITlvgCRVL._SL500_.jpg,,amazon
"Lenovo (Smartchoice) LOQ 2024, 12th Gen Intel Core i5 12450HX, RTX 3050-6GB, 16GB RAM, 512GB SSD, FHD, 15.6""/39.6cm, 144Hz, Win 11, Office 24, Grey, 2.4Kg, 83GS00LNIN, 3 Mon. Game Pass, Gaming Laptop",Lenovo,77990.0,Intel Core I5 12450Hx,16.0,DDR4,512.0,SSD,Rtx 3050,Windows 11,15.6,3840,2160,1,https://m.media-amazon.com/images/I/81xQ0Y1ZwfL._SL500_.jpg,,amazon
"Lenovo LOQ 13th Gen Intel Core i7-13650HX 15.6"" (39.6cm) 144Hz 300Nits FHD Gaming Laptop (16GB/512GB SSD/Win 11/NVIDIA RTX 4050 6GB/1Yr ADP Free/MSO 24/Grey/2.3Kg), 83DV01A5IN",Lenovo,107739.0,Intel Core I7-13650Hx,8.0,DDR4,512.0,SSD,Nvidia Rtx 4050,Windows 11,15.6,1920,1080,1,https://m.media-amazon.com/images/I/8107BhtbdyL._SL500_.jpg,,amazon
"HP Omen, Intel Core Ultra 7 255H, 8GB RTX 5060 (24GB DDR5, 1TB SSD) 165Hz, 2k WUXGA, 3ms, 400 nits, 16''/40.6cm, Win11, M365* Office24, Black, 2.42kg, an0015TX, RGB, Gaming Laptop",HP,140990.0,Intel Core Ultra 7,24.0,DDR5,512.0,SSD,Rtx 5060,Windows 11,15.6,2560,1600,1,https://m.media-amazon.com/images/I/71tjv6DBEtL._SL500_.jpg,,amazon
"MSI Katana 15, Intel 14th Gen. i7-14650HX, 40CM QHD 165Hz Gaming Laptop (16GB/512GB NVMe SSD/Windows 11 Home/NVIDIA GeForce RTX 5050, GDDR7 8GB/Black/2.4Kg) B14WEK-266IN",MSI,114990.0,Intel Core i5,8.0,DDR4,512.0,SSD,Nvidia Geforce Rtx 5050,Windows 11,15.6,3840,2160,1,https://m.media-amazon.com/images/I/51BzYoJhPkL._SL500_.jpg,,amazon
"Lenovo Legion 5 2025 AMD Ryzen 7 260 | NVIDIA RTX 5050 8GB (16GB RAM/1TB SSD/WUXGA IPS/165Hz/15(39.6cm)/Windows 11/Office 2024+AI Now/Black/2.5Kg), 83M00073IN AI Powered Gaming Laptop",Lenovo,155900.0,Amd Ryzen 7 260,16.0,DDR4,512.0,SSD,Nvidia Rtx 5050,Windows 11,15.6,1920,1080,1,https://m.media-amazon.com/images/I/81O1uCPS8lL._SL500_.jpg,,amazon
"MSI Thin A15, AMD 7th Gen. Ryzen 7 7735HS, 40CM FHD 144Hz Gaming Laptop (16GB/1TB NVMe SSD/Windows 11 Home/NVIDIA GeForce RTX 3050, GDDR6 4GB/Cosmos Gray/1.8Kg) B7UC-103IN",MSI,69990.0,Intel Core i5,8.0,DDR4,512.0,SSD,Nvidia Geforce Rtx 3050,Windows 11,15.6,1920,1080,1,https://m.media-amazon.com/images/I/71kuEUDZ-1L._SL500_.jpg,,amazon
"ASUS TUF Gaming F16,Intel Core 5 Processor 210H,14thGen Gaming Laptop(RTX 3050-6GB/65WTGP/16GB/512GB/FHD+/16""/144Hz/Windows 11/M365 Basic(1Year)*/Office 2024/Mecha Gray/2.20 Kg) FX607VJB-RL179WS",ASUS,74990.0,Intel Core i5,8.0,DDR4,512.0,SSD,Rtx 3050,Windows 11,15.6,1920,1080,1,https://m.media-amazon.com/images/I/612vvgfTg1L._SL500_.jpg,,amazon
"Lenovo LOQ 2025 Intel Core i7-14700HX| NVIDIA RTX 5060 8GB (32GB RAM/1TB SSD/144Hz Refresh Rate/572 AI TOPS/15.6"" (39.6cm)/Windows 11/Office 2024/3 Mon. Game Pass/Grey/2.4Kg), 83JE00T3IN",Lenovo,162990.0,Intel Core I7-14700Hx,32.0,DDR4,512.0,SSD,Nvidia Rtx 5060,Windows 11,15.6,3840,2160,1,https://m.media-amazon.com/images/I/81swXev7cpL._SL500_.jpg,,amazon
"Lenovo LOQ, AMD Ryzen 5 7235HS, RTX 3050-6GB, 12GB RAM, 512GB SSD, FHD, 15.6""/39.6cm, 144Hz, Windows 11, Office Home 2024, Grey, 2.4Kg, 3 Mon. Game Pass, 83JC00EEIN, Gaming Laptop",Lenovo,73990.0,Amd Ryzen 5 7235Hs,12.0,DDR4,512.0,SSD,Rtx 3050,Windows 11,15.6,3840,2160,1,https://m.media-amazon.com/images/I/61Ol4v72-NL._SL500_.jpg,,amazon
"Lenovo LOQ 2024, 12th Gen Intel Core i5 12450HX, RTX 3050-6GB, 16GB RAM, 512GB SSD, FHD, 15.6""/39.6cm, 144Hz, Windows 11, Office 2024, Grey, 2.4Kg, 83GS00PJIN, 3 Mon. Game Pass, Gaming Laptop",Lenovo,79755.0,Intel Core I5 12450Hx,16.0,DDR4,512.0,SSD,Rtx 3050,Windows 11,15.6,3840,2160,1,https://m.media-amazon.com/images/I/81tmCrtiRgL._SL500_.jpg,,amazon
"ASUS ROG Strix G16, AMD Ryzen 9 8940HX, Gaming Laptop(RTX 5060-8GB/115W TGP/16GB/1TB /2.5K QHD+/16""/240Hz/90WHrs/Windows 11/M365 Basic (1Year)*/Office Home 2024/Eclipse Gray/2.5 Kg) G614PM-S5046WS",ASUS,169990.0,Amd Ryzen 9 8940Hx,8.0,DDR4,512.0,SSD,Rtx 5060,Windows 11,15.6,1366,768,1,https://m.media-amazon.com/images/I/71rUy+DAmOL._SL500_.jpg,,amazon
"ASUS Vivobook 16X,Intel Core i7-13620H,RTX 3050-4GB,16GB RAM,512GB SSD,FHD+,16"",144Hz,M365 Basic (1Year)*,Office Home 2024,Cool Silver,1.8 Kg, K3605VC-RP492WS,Creator/Gaming Laptop",ASUS,72990.0,Intel Core I7-13620H,16.0,DDR4,512.0,SSD,Rtx 3050,Windows 11,15.6,1920,1080,1,https://m.media-amazon.com/images/I/71Y0cHsrd1L._SL500_.jpg,,amazon
"MSI Thin 15, Intel 13th Gen. Core i5-13420H, 40CM FHD 144Hz Gaming Laptop(16GB/512GB NVMe SSD/Windows 11 Home/NVIDIA GeForce RTX 3050,GDDR6 4GB/Cosmos Gray/1.86Kg), B13UC-1805IN",MSI,69900.0,Intel Core i5,8.0,DDR4,512.0,SSD,Nvidia Geforce Rtx 3050,Windows 11,15.6,1920,1080,1,https://m.media-amazon.com/images/I/71VG3azYMjL._SL500_.jpg,,amazon
"ASUS Vivobook 15, Smartchoice, AMD Ryzen 7 5825U, 16GB RAM, 512GB SSD, FHD 15.6"", Windows 11, Office Home 2024, Quiet Blue, 1.7Kg, M1502YA-BQ703WS, AMD Radeon iGPU, M365 Basic (1Year)*, 42Whr Laptop",ASUS,56990.0,Amd Ryzen 7 5825U,16.0,DDR4,512.0,SSD,Amd Radeon Igpu,Windows 11,15.6,1920,1080,1,https://m.media-amazon.com/images/I/71zMooVIVAL._SL500_.jpg,,amazon
"MSI Thin 15, Intel 13th Gen. i5-13420H, 40CM FHD 144Hz Gaming Laptop (16GB/512GB NVMe SSD/Windows 11 Home/NVIDIA GeForce RTX 3050, GDDR6 6GB/Cosmos Gray/1.8Kg) B13UDX-129IN",MSI,66990.0,Intel Core i5,8.0,DDR4,512.0,SSD,Nvidia Geforce Rtx 3050,Windows 11,15.6,1920,1080,1,https://m.media-amazon.com/images/I/51w9ar5n+UL._SL500_.jpg,,amazon
"Lenovo LOQ 2024, Intel Core i5-13450HX, 13th Gen, NVIDIA RTX 4050-6GB, 16GB RAM, 512GB SSD, FHD 144Hz, 15.6""/39.6cm, Windows 11, Office Home 2024, Grey, 2.4Kg, 83DV018JIN, 1Yr ADP Free Gaming Laptop",Lenovo,99790.0,Intel Core I5-13450Hx,16.0,DDR4,512.0,SSD,Nvidia Rtx 4050,Windows 11,15.6,3840,2160,1,https://m.media-amazon.com/images/I/815ZvsHky7L._SL500_.jpg,,amazon
"Lenovo LOQ, Intel Core i7 14th Gen 14700HX, NVIDIA RTX 5060 8GB, 16GB RAM, 1TB SSD, 15.6""(39.6cm), 144Hz, Windows 11, Office 2024, Grey, 2.4Kg, 83JE00U5IN, 572 AI Tops, 3 Mon. Game Pass Gaming Laptop",Lenovo,148990.0,Intel Core I7 14Th,16.0,DDR4,512.0,SSD,Nvidia Rtx 5060,Windows 11,15.6,3840,2160,1,https://m.media-amazon.com/images/I/81R1CVv8wtL._SL500_.jpg,,amazon
"HP Victus, AMD Ryzen 7 7445HS, 6GB RTX 4050,16GB DDR5(Upgradeable) 512GB SSD, 144Hz, IPS, 300nits, FHD, 15.6''/39.6cm, Win11, M365* Office24, Blue, 2.29kg, fb3130AX/3118AX, BL,DTS Audio, Gaming Laptop",HP,116990.0,Amd Ryzen 7 7445Hs,16.0,DDR5,512.0,SSD,Rtx 4050,Windows 11,15.6,1920,1080,1,https://m.media-amazon.com/images/I/71r7u+PdBgL._SL500_.jpg,,amazon
"acer Nitro V, AMD Ryzen 5 6600H, NVIDIA GeForce RTX 3050-6GB, 16GB DDR5, 512GB SSD, FHD IPS, 15.6""/39.6cm, 165 Hz, Win 11 Home, Obsidian Black, 2.1KG, ANV15-41, Gaming Laptop",Acer,74990.0,Amd Ryzen 5 6600H,16.0,DDR5,512.0,SSD,Nvidia Geforce Rtx 3050,Windows 11,15.6,1920,1080,1,https://m.media-amazon.com/images/I/51ViDFxb0ZL._SL500_.jpg,,amazon
"ASUS ROG Flow Z13 (Kojima Limited Edition),AMD Ryzen AI MAX+ 395,128GB RAM,1TB SSD,QHD+,13.4""(34 cm),Windows 11,M365 Basic(1Y)* Office 24,Decennium Gold,1.72 Kg,GZ302EAC-RU180WS,Creator/Gaming Laptop",ASUS,379990.0,Intel Core i5,128.0,DDR4,128.0,SSD,Intel Iris Xe,Windows 11,13.4,1366,768,1,https://m.media-amazon.com/images/I/71VNRxcvs6L._SL500_.jpg,,amazon
"Lenovo V15 G4 AMD Ryzen 5 7520U 15.6 inch FHD Laptop, AMD Graphics, 16GB DDR5 5500Mhz Ram, 512GB SSD NVMe, Windows 11, Dolby Audio, Arctic Grey, 1 Year Onsite Brand Warranty",Lenovo,54890.0,Amd Ryzen 5 7520U,16.0,DDR5,512.0,SSD,Intel Iris Xe,Windows 11,15.6,1920,1080,1,https://m.media-amazon.com/images/I/71aup0IO2ZL._SL500_.jpg,,amazon
"Alienware 16 Aurora Gaming Laptop, Intel Core 7 240H, 16GB, 1TB SSD, 16"" (40.64cm) WQXGA 300 Nits, NVIDIA RTX 4050, 6GB GDDR6, Backlit KB, Windows 11+Microsoft Office Home 2024, Indigo, 2.57kg",Mi,112490.0,Intel Core i5,8.0,DDR4,512.0,SSD,Nvidia Rtx 4050,Windows 11,15.6,1920,1080,1,https://m.media-amazon.com/images/I/81pdPogh8CL._SL500_.jpg,,amazon
"GIGABYTE AORUS Master 16 BZHC6INE64SH, Intel® Core™ Ultra 9 275HX, RTX™ 5090, 16"" OLED QHD 240Hz, DDR5 5600 16GB*2, Gen4 1TB, Gaming Laptop (Black/ 2.5 kg), Win 11Home",Mi,409990.0,Intel Core i5,8.0,DDR5,512.0,SSD,Intel Iris Xe,Windows 11,15.6,1366,768,1,https://m.media-amazon.com/images/I/61x+9KK4mML._SL500_.jpg,,amazon
"MSI Thin A15, AMD 7th Gen. Ryzen 5 7535HS, 40CM FHD 144Hz Gaming Laptop (16GB/512GB NVMe SSD/Windows 11 Home/NVIDIA GeForce RTX 2050, GDDR6 4GB/Cosmos Gray/1.8Kg) B7UCX-105IN",MSI,63990.0,Intel Core i5,8.0,DDR4,512.0,SSD,Nvidia Geforce Rtx 2050,Windows 11,15.6,1920,1080,1,https://m.media-amazon.com/images/I/51EKq6oCbrL._SL500_.jpg,,amazon
"ASUS ROG Strix G16, AMD Ryzen 9 8940HX Gaming Laptop (RTX 5070 Ti/140W TGP/16GB RAM/1TB SSD/FHD+/16""/165Hz/90WHrs/Windows 11/M365 Basic (1Year)*/Office Home 2024/Eclipse Gray/2.5 Kg) G614PR-RV032WS",ASUS,239990.0,Amd Ryzen 9 8940Hx,16.0,DDR4,512.0,SSD,Rtx 5070,Windows 11,15.6,1920,1080,1,https://m.media-amazon.com/images/I/71uagSrE+wL._SL500_.jpg,,amazon
"acer Nitro V15, Intel Core i7-13th Gen 13620H Processor, NVIDIA GeForce RTX 5060-8GB GDDR7(16GB DDR4, 512GB) IPS FHD, 15.6""/39.6cm, 165Hz, Win 11 Home, Obsidian Black, 2.1KG, ANV15-52 Gaming Laptop",Acer,125990.0,Intel Core I7-13Th,16.0,DDR4,512.0,SSD,Nvidia Geforce Rtx 5060,Windows 11,15.6,1920,1080,1,https://m.media-amazon.com/images/I/613CwNuNuWL._SL500_.jpg,,amazon
"ASUS ROG Zephyrus G16,Intel Core Ultra 9 285H Gaming Laptop(RTX 5080-16GB/120W TGP/32GB/2TB/2.5K QHD+/16""/240Hz/Windows 11/M365 Basic (1Year)*/Office Home 2024/Eclipse Gray/1.95 Kg) GU605CW-QR133WS",ASUS,336990.0,Intel Core Ultra 9,8.0,DDR4,512.0,SSD,Rtx 5080,Windows 11,15.6,1366,768,1,https://m.media-amazon.com/images/I/71ocHj2Sq6L._SL500_.jpg,,amazon
"acer Nitro V 15 Gaming Laptop 15.6"" FHD IPS 165Hz Intel 8-core i5-13420H 16GB RAM 512GB SSD GeForce RTX 5050 GDDR7 DLSS4 (Up to 440 AI Tops) Backlit Thunderbolt WiFi6 Win11 ICP Hub",Acer,109990.0,Intel Core i5,16.0,DDR4,512.0,SSD,Rtx 5050,Windows 11,15.6,1920,1080,1,https://m.media-amazon.com/images/I/71dlx3fWLsL._SL500_.jpg,,amazon
"Lenovo LOQ 12th Gen Intel Core i5-12450HX 15.6"" (39.6cm) 144Hz 300Nits FHD Gaming Laptop (16GB/512GB SSD/Win 11/NVIDIA RTX 3050A 4GB GDDR6/100% sRGB/Office 24/Luna Grey/1.77Kg), 83LK009VIN",Lenovo,75490.0,Intel Core I5-12450Hx,8.0,DDR4,512.0,SSD,Nvidia Rtx 3050A,Windows 11,15.6,1920,1080,1,https://m.media-amazon.com/images/I/41gWAmJ8q-L._SL500_.jpg,,amazon
"ASUS TUF A15 (2026),AMD Ryzen 7 170, RTX 3050-4GB, 32GB RAM (Upgradeable), 1TB SSD, FHD, 15.6""(39.6 cm), Windows 11, M365 Basic(1 Year),Office 2024,Graphite Black,2.3 Kg,FA506NCQ-HN010WS,Gaming Laptop",ASUS,99990.0,Amd Ryzen 7 170,32.0,DDR4,512.0,SSD,Rtx 3050,Windows 11,15.6,1920,1080,1,https://m.media-amazon.com/images/I/61HKuSjpWcL._SL500_.jpg,,amazon
"ASUS TUF Gaming A15, AMD Ryzen 7 7435HS, NVIDIA GeForce RTX 3050, 16GB RAM, 512GB SSD, FHD 144Hz 250 nits, 15.6"", Windows 11, MS Office, Black, 2.30KG, FA566NCR-HN254WS Gaming Laptop",ASUS,68990.0,Amd Ryzen 7 7435Hs,16.0,DDR4,512.0,SSD,Nvidia Geforce Rtx 3050,Windows 11,15.6,1920,1080,1,https://m.media-amazon.com/images/I/71ycW+AeqxL._SL500_.jpg,,amazon
"Lenovo LOQ Intel Core i7-13645HX | NVIDIA RTX 4050 6GB (16GB RAM/512GB SSD/144Hz Refresh Rate/15.6"" (39.6cm)/Windows 11/Office Home 2024/3 Mon. Game Pass/Grey/1.8Kg), 83DV01FYIN Gaming Laptop",Lenovo,107990.0,Intel Core I7-13645Hx,16.0,DDR4,512.0,SSD,Nvidia Rtx 4050,Windows 11,15.6,1920,1080,1,https://m.media-amazon.com/images/I/8107BhtbdyL._SL500_.jpg,,amazon
"HP Victus, AMD Ryzen 5 8645HS, 6GB RTX 3050 Gaming Laptop (16GB DDR5, 512GB SSD),144Hz,300 nits,IPS, 15.6''/39.6cm, FHD, Win11, Office 24, Blue, 2,29kg, Backlit Kb,HD Camera, fb3012AX",HP,79990.0,Amd Ryzen 5 8645Hs,16.0,DDR5,512.0,SSD,Rtx 3050,Windows 11,15.6,1920,1080,1,https://m.media-amazon.com/images/I/715HmseOWIL._SL500_.jpg,,amazon
"acer Nitro Lite 16,13th Gen, Intel Core i7 13620H Processor,NVIDIA GeForce RTX 3050-6 GB GDDR6,16GB/ 512 GB,16.0""/40.64 cm,165 Hz, Win 11 Home, White, 1.95 kg, NL16-71G, Backlit KB,Gaming Laptop",Acer,89950.0,Intel Core I7 13620H,8.0,DDR4,512.0,SSD,Nvidia Geforce Rtx 3050,Windows 11,16.0,1920,1080,1,https://m.media-amazon.com/images/I/81pV6W6b0ML._SL500_.jpg,,amazon
"ASUS ROG Strix G16, Intel Core Ultra 9 275HX, Gaming Laptop(RTX 5060-8GB/115W TGP/16GB/1TB /2.5K QHD+/16""/240Hz/90WHrs/Windows 11/M365 Basic (1Year)*/Office Home 2024/Eclipse Gray/) G615LM-S5128WS",ASUS,199990.0,Intel Core Ultra 9,8.0,DDR4,512.0,SSD,Rtx 5060,Windows 11,15.6,1366,768,1,https://m.media-amazon.com/images/I/71PYcEAwWgL._SL500_.jpg,,amazon
"Alienware 16 Aurora Gaming Laptop, Intel Core 7 240H Processor, 16GB DDR5, 1TB SSD, RTX 5050 8GB GDDR7, 16.0"" 2.5k, 300 nits Display, Keyboard with 101 Key Backlight, Interstellar Indigo, 2.57kg",Mi,146410.0,Intel Core i5,16.0,DDR5,512.0,SSD,Rtx 5050,Windows 11,16.0,1920,1080,1,https://m.media-amazon.com/images/I/71G0mTe23fL._SL500_.jpg,,amazon
"Lenovo Legion 9 Intel Core i9-13980HX 16"" (40.64cm) 3.2K Mini LED 1200Nits 165Hz Gaming Laptop (32GB/2TB SSD/NVIDIA RTX 4090 16GB/Black/2.5Kg), 83AG0044IN +GB700 Backpack",Lenovo,453835.0,Intel Core I9-13980Hx,8.0,DDR4,512.0,SSD,Nvidia Rtx 4090,Windows 11,15.6,2560,1600,1,https://m.media-amazon.com/images/I/71ZlJkF8CLL._SL500_.jpg,,amazon
"ASUS ROG Strix Scar16 Gaming Laptop,Intel Core Ultra 9 275HX+24GB RTX 5090,32GB,2TB SSD with Logitech G502 LS Wireless Gaming Mouse, 25000DPI Programmable and Logitech GProX Wired Gaming Headset",ASUS,373824.0,Intel Core Ultra 9,8.0,DDR4,512.0,SSD,Rtx 5090,Windows 11,15.6,1920,1080,1,https://m.media-amazon.com/images/I/51Ia9vF9WbL._SL500_.jpg,,amazon
"ASUS TUF A14 (2026),AMD Ryzen AI MAX+ 392, AMD Radeon 8060S iGPU,32GB RAM,1TB SSD, QHD+, 14""(35.5 cm),Windows 11, M365 Basic(1Y)* Office 2024,Jaeger Gray,1.48 Kg,FA401EA-RG020WS, Creator/Gaming Laptop",ASUS,215990.0,Intel Core i5,32.0,DDR4,512.0,SSD,Amd Radeon 8060S,Windows 11,15.6,1366,768,1,https://m.media-amazon.com/images/I/81OqrEm5FSL._SL500_.jpg,,amazon
"ASUS TUF A16 (2026), AMD Ryzen 7 170, RTX 4050-6GB, 16GB RAM (Upgradeable), 1TB SSD, FHD+, 16""(40 cm), Windows 11 Home, M365 Basic(1 Year)* Office 2024,Mecha Gray,2.2 Kg,FA607NUQ-RL063WS,Gaming Laptop",ASUS,108990.0,Amd Ryzen 7 170,16.0,DDR4,512.0,SSD,Rtx 4050,Windows 11,15.6,1920,1080,1,https://m.media-amazon.com/images/I/81IIM0rmiGL._SL500_.jpg,,amazon
"MSI Thin 15, Intel 12th Gen. i5-12450H, 40CM FHD 144Hz Gaming Laptop (16GB/512GB NVMe SSD/Windows 11 Home/MSO 2021/NVIDIA GeForce RTX 2050, GDDR6 4GB/Cosmos Gray/1.86Kg) B12UCX-2471IN",MSI,75115.0,Intel Core i5,8.0,DDR4,512.0,SSD,Nvidia Geforce Rtx 2050,Windows 11,15.6,1920,1080,1,https://m.media-amazon.com/images/I/71VG3azYMjL._SL500_.jpg,,amazon
"ASUS TUF Gaming A15, AMD Ryzen 7 7435HS, NVIDIA GeForce RTX 3050, 16GB RAM, 1TB SSD, FHD 144Hz 250 nits, 15.6"", Windows 11, Black, 2.30KG, FA566NCR-HN117W Gaming Laptop",ASUS,72990.0,Amd Ryzen 7 7435Hs,16.0,DDR4,512.0,SSD,Nvidia Geforce Rtx 3050,Windows 11,15.6,1920,1080,1,https://m.media-amazon.com/images/I/81l-Q1BiWyL._SL500_.jpg,,amazon
"HP Victus, 13th Gen Intel Core i5-13420H, 6GB RTX 3050, 16GB DDR4, 512GB SSD, FHD, 144Hz, 300 nits, IPS, 15.6''/39.6cm, Windows 11 Home, Office24, Blue, 2.29kg, fa2196TX, Gaming Laptop",HP,79000.0,Intel Core I5-13420H,16.0,DDR4,512.0,SSD,Rtx 3050,Windows 11,15.6,1920,1080,1,https://m.media-amazon.com/images/I/61j-1aJgDDL._SL500_.jpg,,amazon
"Lenovo Legion Pro 5 2025 Intel Core i7-14650HX| NVIDIA RTX 5060 8GB (32GB RAM/1TB SSD/WQXGA IPS/240Hz/16(40.64cm)/Windows 11/Office 2024+AI Now/Black/2.4Kg), 83NN0046IN AI Powered Gaming Laptop",Lenovo,192490.0,Intel Core I7-14650Hx,32.0,DDR4,512.0,SSD,Nvidia Rtx 5060,Windows 11,15.6,3840,2160,1,https://m.media-amazon.com/images/I/81qULFZkHvL._SL500_.jpg,,amazon
"ASUS ROG Zephyrus G14,AMD Ryzen AI 9 HX 370 Gaming Laptop(RTX 5070 Ti -12GB/110W TGP/32GB/2TB/3K OLED/14/120Hz/Windows 11/M365 Basic (1Year)*/Office Home 2024/Eclipse Gray/1.57 Kg) GA403WR-QS123WS",ASUS,279990.0,Intel Core i5,8.0,DDR4,512.0,SSD,Rtx 5070,Windows 11,15.6,1920,1080,1,https://m.media-amazon.com/images/I/71uPoxSrtQL._SL500_.jpg,,amazon
"acer Nitro V 16S, Intel Core 5-210H Processor, NVIDIA GeForce RTX 5050-8GB GDDR7, 16GB DDR5, 512GB, FHD IPS, 16""/40.6cm, 180Hz, Win 11, Obsidian Black, 2.1KG, ANV16S-71, RGB KB, Gaming Laptop",Acer,104990.0,Intel Core i5,16.0,DDR5,512.0,SSD,Nvidia Geforce Rtx 5050,Windows 11,15.6,1920,1080,1,https://m.media-amazon.com/images/I/71RLJXgP5zL._SL500_.jpg,,amazon
"Lenovo IdeaPad Slim 3, AMD Ryzen 7 8840HS, 24GB RAM, 1TB SSD, WUXGA IPS, AI PC, 15.3""/38.8cm, Backlit Keyboard, Windows 11, Office Home 2024, Grey, 1.6Kg, 1Yr ADP Free, 83KA004TIN, AI Powered Laptop",Lenovo,81990.0,Amd Ryzen 7 8840Hs,24.0,DDR4,512.0,SSD,Intel Iris Xe,Windows 11,15.3,1920,1080,1,https://m.media-amazon.com/images/I/81qhEwftqEL._SL500_.jpg,,amazon
"Acer ALG, 13th Gen Intel Core i5-13420H, NVIDIA GeForce RTX 3050-6GB DDR6, 16GB RAM, 512GB SSD, FHD 15.6""/39.62 cm, 144Hz, Windows 11 Home, Steel Gray, 1.99 KG, AL15G-53,Gaming Laptop",Acer,78500.0,Intel Core I5-13420H,16.0,DDR4,512.0,SSD,Nvidia Geforce Rtx 3050,Windows 11,15.6,1920,1080,1,https://m.media-amazon.com/images/I/81G1L3nptrL._SL500_.jpg,,amazon
"Lenovo LOQ 2025, AMD Ryzen 7-250, RTX 5050-8GB, 24GB RAM, 1TB SSD, 440 AI Tops, FHD, 15.6""/39.6cm, 144Hz, Windows 11, Office 2024, Grey, 2.4Kg, 3 Mon. Game Pass, 83JG008NIN, AI Gaming Laptop",Lenovo,123500.0,Intel Core i5,24.0,DDR4,512.0,SSD,Rtx 5050,Windows 11,15.6,3840,2160,1,https://m.media-amazon.com/images/I/813jrBDb2DL._SL500_.jpg,,amazon
"HP Victus, 14th Gen Intel Core i5-14450HX, 6GB RTX 3050, 24GB DDR5, 512GB SSD, FHD, 144Hz, IPS, 300 nits, 15.6''/39.6cm, Win11, M365* Office24, Mica Silver, 2.3kg, fa2303tx, RGB Gaming Laptop",HP,86833.0,Intel Core I5-14450Hx,24.0,DDR5,512.0,SSD,Rtx 3050,Windows 11,15.6,1920,1080,1,https://m.media-amazon.com/images/I/71KML--Vz9L._SL500_.jpg,,amazon
"MSI Stealth 14 AI Studio, Intel Core Ultra 7 155H, Built-in AI,36CM 2.8K OLED 120Hz Gaming Laptop(32GB/1TB NVMe SSD/Windows 11 Home/NVIDIA GeForce RTX 4070, GDDR6 8GB /Star Blue/1.7Kg), A1VGG-054IN",MSI,210990.0,Intel Core Ultra 7,8.0,DDR4,512.0,SSD,Nvidia Geforce Rtx 4070,Windows 11,15.6,2880,1800,1,https://m.media-amazon.com/images/I/71dqm5Rec7L._SL500_.jpg,,amazon
"Lenovo LOQ Intel Core i7-13620H 15.6"" (39.6cm) FHD IPS 144Hz 350Nits Gaming Laptop (16GB/512GB SSD/Win 11/NVIDIA RTX 4060 8GB/3 Month Game Pass/Office 2021/Storm Grey/2.4Kg), 82XV00BRIN",Lenovo,124990.0,Intel Core I7-13620H,8.0,DDR4,512.0,SSD,Nvidia Rtx 4060,Windows 11,15.6,3840,2160,1,https://m.media-amazon.com/images/I/81f7dTXcl4L._SL500_.jpg,,amazon
"Lenovo LOQ Essential AMD Ryzen 7 7735HS | NVIDIA RTX 3050 6GB (16GB RAM/512GB SSD/144Hz Refresh Rate/15.6"" (39.6cm)/Windows 11/Office Home 2024/3 Mon. Game Pass/Grey/1.8Kg), 83S0009SIN Gaming Laptop",Lenovo,129990.0,Amd Ryzen 7 7735Hs,16.0,DDR4,512.0,SSD,Nvidia Rtx 3050,Windows 11,15.6,1920,1080,1,https://m.media-amazon.com/images/I/71uIKhayZPL._SL500_.jpg,,amazon
"acer AspireGo14, Intel Core Ultra5 125H AI Processor,Office 2024 + M365 Basic, 16 GB RAM, 512 GB SSD, WUXGA IPS, 14.0""/35.56 cm, Win 11 Home, Steel Gray, 1.5 kg, AG14-71M, Backlit KB, Premium Laptop",Acer,58490.0,Intel Core Ultra5,16.0,DDR4,512.0,SSD,Intel Iris Xe,Windows 11,14.0,1920,1080,1,https://m.media-amazon.com/images/I/71JI131B9SL._SL500_.jpg,,amazon
"MSI Thin 15, Intel 12th Gen. Core i5-12450H, 40CM FHD 144Hz Gaming Laptop(16GB/512GB NVMe SSD/Windows 11 Home/NVIDIA GeForce RTX 2050,GDDR 4GB /Cosmos Gray/1.86Kg), B12UCX-1695IN",MSI,71999.0,Intel Core i5,8.0,DDR4,512.0,SSD,Nvidia Geforce Rtx 2050,Windows 11,15.6,1920,1080,1,https://m.media-amazon.com/images/I/71VG3azYMjL._SL500_.jpg,,amazon
"Lenovo Legion 5 2025 Intel Core i7-13650HX | NVIDIA RTX 5050 8GB (16GB RAM/512GB SSD/WUXGA IPS/165Hz/15.3"" (38.8cm)/Windows 11/Office 2024+AI Now/Black/2.1Kg), 83LY00NDIN AI Powered Gaming Laptop",Lenovo,157990.0,Intel Core I7-13650Hx,16.0,DDR4,512.0,SSD,Nvidia Rtx 5050,Windows 11,15.3,1920,1080,1,https://m.media-amazon.com/images/I/81z2cp243hL._SL500_.jpg,,amazon
"ASUS Vivobook Go 14, AMD Ryzen 5 7520U, 16GB RAM, 512GB SSD, FHD 14"", Windows 11, Office Home 2024, M365 Basic (1Year)*, Black, 1.38kg, E1404FA-EB2542WS, AMD Radeon iGPU, 42WHrs, Thin & Light Laptop",ASUS,52990.0,Amd Ryzen 5 7520U,16.0,DDR4,512.0,SSD,Amd Radeon Igpu,Windows 11,15.6,1920,1080,1,https://m.media-amazon.com/images/I/71AfM5k3J4L._SL500_.jpg,,amazon
"NIAKUN Gaming Laptop,Ryzen 7 5700U 8C/16T Processor,15.6 Inch Laptop Computer,AMD (up to 4.3Ghz),16GB RAM 1TB SSD,AMD Radeon Graphics,15.6” FHD 1920 * 1080 Display,WiFi 5,BT5.0,Backlit Keyboard",Mi,109867.0,Intel Core i5,16.0,DDR4,512.0,SSD,Amd Radeon Graphics,Windows 11,15.6,1920,1080,1,https://m.media-amazon.com/images/I/711r3RNmNoL._SL500_.jpg,,amazon
"ASUS ROG Strix G16,Intel Core Ultra 9 275HX Gaming Laptop(NVIDIA RTX 5080-16GB/175W TGP/32GB/1TB/FHD+/16""/165Hz/Windows 11/M365 Basic (1Year)*/Office Home 2024/Eclipse Gray/2.65 Kg) G615LW-RV148WS",ASUS,329990.0,Intel Core Ultra 9,8.0,DDR4,512.0,SSD,Nvidia Rtx 5080,Windows 11,15.6,1920,1080,1,https://m.media-amazon.com/images/I/81DG4kEeiIL._SL500_.jpg,,amazon
"Lenovo LOQ 2025 AMD Ryzen 7 250| NVIDIA RTX 5050 8GB (16GB RAM/1TB SSD/144Hz Refresh Rate/440 AI TOPS/15.6"" (39.6cm)/Windows 11/Office 2024/3 Mon. Game Pass/Grey/2.4Kg), 83JG008KIN",Lenovo,129990.0,Amd Ryzen 7 250,16.0,DDR4,512.0,SSD,Nvidia Rtx 5050,Windows 11,15.6,3840,2160,1,https://m.media-amazon.com/images/I/81FIxhWGWOL._SL500_.jpg,,amazon
"Lenovo LOQ Intel Core i7-13650HX 15.6"" (39.6cm) 144Hz 300Nits FHD Gaming Laptop (16GB/512GB SSD/Win 11/NVIDIA RTX 3050 6GB Graphics/100% sRGB/Office 24/1Yr ADP Free/Grey/2.4Kg), 83DV018PIN",Lenovo,99761.0,Intel Core I7-13650Hx,8.0,DDR4,512.0,SSD,Nvidia Rtx 3050,Windows 11,15.6,3840,2160,1,https://m.media-amazon.com/images/I/817OmCfodvL._SL500_.jpg,,amazon
"ASUS ROG Flow Z13 (2025), AMD Ryzen AI MAX+ 395,AMD Radeon iGPU, 32GB/1TB, 2.5K QHD+,Touchscreen, 13.4"", 34 cm,Windows 11, M365 Basic(1yr)* Office24, Off Black, 1.59 Kg, GZ302EA-RU520WS, Gaming Laptop",ASUS,259990.0,Intel Core i5,8.0,DDR4,512.0,SSD,Amd Radeon Igpu,Windows 11,13.4,1366,768,1,https://m.media-amazon.com/images/I/615VSi-JX7L._SL500_.jpg,,amazon
"MSI Katana 15, Intel 14th Gen. i7-14650HX, 40cm QHD 165Hz Gaming Laptop (16GB/1TB NVMe SSD/Windows 11 Home/NVIDIA GeForce RTX 5070, GDDR7 8GB/Black/2.4Kg) B14WGK-256IN",MSI,169990.0,Intel Core i5,8.0,DDR4,512.0,SSD,Nvidia Geforce Rtx 5070,Windows 11,15.6,3840,2160,1,https://m.media-amazon.com/images/I/51A5XFhflQL._SL500_.jpg,,amazon
"Lenovo Legion 5 2025 Intel Core i7-13650HX | NVIDIA RTX 5050 8GB (16GB RAM/512GB SSD/WUXGA IPS/165Hz/15.3"" (38.8cm)/Windows 11/Office 2024+AI Now/Black/2.1Kg), 83LY00SUIN AI Powered Gaming Laptop",Lenovo,148990.0,Intel Core I7-13650Hx,16.0,DDR4,512.0,SSD,Nvidia Rtx 5050,Windows 11,15.3,1920,1080,1,https://m.media-amazon.com/images/I/81txuYXyrAL._SL500_.jpg,,amazon
"ASUS TUF F16,14th Gen,Intel Core i7 14650HX,Gaming Laptop(RTX 5070-8GB/115W TGP/32GB/1TB /2.5K QHD+/16""/165Hz/90WHrs/Windows 11/M365 Basic (1Year)*/Office Home 2024/Jaeger Gray/2.2 Kg)FX688JPR-QT043WS",ASUS,189990.0,Intel Core I7 14650Hx,8.0,DDR4,512.0,SSD,Rtx 5070,Windows 11,15.6,1366,768,1,https://m.media-amazon.com/images/I/81atbNHvlaL._SL500_.jpg,,amazon
"ASUS TUF Gaming A15, AMD Ryzen 7 7435HS, NVIDIA GeForce RTX 3050, 16GB RAM, 512GB SSD, FHD 144Hz 250 nits, 15.6"", Windows 11, MS Office, Black, 2.30KG, FA506NCR-HN075WS Gaming Laptop",ASUS,68990.0,Amd Ryzen 7 7435Hs,16.0,DDR4,512.0,SSD,Nvidia Geforce Rtx 3050,Windows 11,15.6,1920,1080,1,https://m.media-amazon.com/images/I/71UEoJcmA7L._SL500_.jpg,,amazon
"Lenovo Legion Pro 5 2025 Intel Core Ultra 9 275HX | NVIDIA RTX 5070 8GB (32GB RAM/1TB SSD/WQXGA OLED/165Hz/16 (40.6cm)/Windows 11/Office 2024+AI Now/Black/2.4Kg), 83F3007BIN AI Powered Gaming Laptop",Lenovo,228490.0,Intel Core Ultra 9,32.0,DDR4,512.0,SSD,Nvidia Rtx 5070,Windows 11,15.6,3840,2160,1,https://m.media-amazon.com/images/I/71KGXzD3sdL._SL500_.jpg,,amazon
"Omen 16 Max, AMD Ryzen AI 9 HX 375, 12GB RTX 5070 Ti, 32GB DDR5, 1TB SSD, 2K(1920 x 1200),165Hz, 400 nits,3ms, IPS, 16''/40.6cm, Win11, M365*Office24, Shadow Black, 2.71kg, ak0070ax, RGB Gaming Laptop",Mi,257990.0,Intel Core i5,32.0,DDR5,512.0,SSD,Rtx 5070,Windows 11,15.6,2560,1600,1,https://m.media-amazon.com/images/I/61yqt551O9L._SL500_.jpg,,amazon
"MSI Cyborg 15 AI, Intel Core Ultra 5 125H, Built-in AI, 40CM Gaming Laptop(16GB/1TB NVMe SSD/Windows 11 Home/NVIDIA GeForce RTX 4050, GDDR6 6GB/Translucent Black/1.9Kg), A1VEK-051IN",MSI,96990.0,Intel Core Ultra 5,8.0,DDR4,512.0,SSD,Nvidia Geforce Rtx 4050,Windows 11,15.6,1920,1080,1,https://m.media-amazon.com/images/I/71K5-xtYmaL._SL500_.jpg,,amazon
"Acer ALG, 13th Gen, Intel Core i7 13620H, NVIDIA GeForce RTX 3050-6GB, 16GB RAM, 512GB SSD, FHD 15.6""/39.62 cm, 144Hz, Windows 11 Home, Steel Gray, 1.99 KG, AL15G-53, Premium Metal Body Gaming Laptop",Acer,71990.0,Intel Core I7 13620H,16.0,DDR4,512.0,SSD,Nvidia Geforce Rtx 3050,Windows 11,15.6,1920,1080,1,https://m.media-amazon.com/images/I/81sAOthl+7L._SL500_.jpg,,amazon
"MSI Thin 15, Intel 13th Gen. i5-13420H, 40CM FHD 144Hz Gaming Laptop (16GB/1TB NVMe SSD/Windows 11 Home/NVIDIA RTX 3050, GDDR6 6GB/Cosmos Gray/1.86Kg) B13UDX-3090IN",MSI,79990.0,Intel Core i5,8.0,DDR4,512.0,SSD,Nvidia Rtx 3050,Windows 11,15.6,1920,1080,1,https://m.media-amazon.com/images/I/71VG3azYMjL._SL500_.jpg,,amazon
"Lenovo Legion Pro 7 2025 Intel Core Ultra 9 275HX | NVIDIA RTX 5080 16GB (32GB RAM/1TB SSD/WQXGA OLED/240Hz/16 (40.6cm)/Windows 11/Office 2024+AI Now/Black/2.5Kg), 83F500D9IN AI Powered Gaming Laptop",Lenovo,365990.0,Intel Core Ultra 9,32.0,DDR4,512.0,SSD,Nvidia Rtx 5080,Windows 11,15.6,1920,1080,1,https://m.media-amazon.com/images/I/81vKJm5dS3L._SL500_.jpg,,amazon
"HP Smartchoice Victus, AMD Ryzen 7 7445HS 4GB NVIDIA GeForce RTX 2050 - (16 GB/512 GB SSD/Windows 11 Home) FHD,144Hz, 300 nits,15.6'', M365* Office24, Blue, 2.29kg,15-fb3122AX/23ax Gaming Laptop",HP,69499.0,Amd Ryzen 7 7445Hs,8.0,DDR4,512.0,SSD,Nvidia Geforce Rtx 2050,Windows 11,15.6,1920,1080,1,https://m.media-amazon.com/images/I/71j5dTzty-L._SL500_.jpg,,amazon
"Lenovo Smartchoice LOQ, Intel Core i5-12450HX, 12th Gen, RTX 3050-6GB, 16GB RAM, 512GB SSD, FHD 144Hz 300Nits, 15.6""/39.6cm, Windows 11, MS Office 21, Grey, 2.4Kg, 83GS003UIN, Gaming Laptop",Lenovo,82990.0,Intel Core I5-12450Hx,16.0,DDR4,512.0,SSD,Rtx 3050,Windows 11,15.6,3840,2160,1,https://m.media-amazon.com/images/I/81tmCrtiRgL._SL500_.jpg,,amazon
"Lenovo Legion Pro 5 2025 AMD Ryzen 9 9955HX | NVIDIA RTX 5060 8GB (32GB RAM/1TB SSD/WQXGA OLED/165Hz/16 (40.6cm)/Windows 11/Office 2024+AI Now/Black/2.3Kg), 83F20037IN AI Powered Gaming Laptop",Lenovo,232061.0,Amd Ryzen 9 9955Hx,32.0,DDR4,512.0,SSD,Nvidia Rtx 5060,Windows 11,15.6,1920,1080,1,https://m.media-amazon.com/images/I/81vHcoVw4EL._SL500_.jpg,,amazon
"HP Victus, AMD Ryzen 5 5600H, NVIDIA RTX 3050 Gaming Laptop (16GB DDR4, 512GB SSD) 144Hz, IPS, 15.6""/39.6cm, FHD, Win 11, Office 21, Blue, 2.37kg, Enhanced Cooling, Backlit KB, fb0106AX/Fb0112AX",HP,79999.0,Amd Ryzen 5 5600H,16.0,DDR4,512.0,SSD,Nvidia Rtx 3050,Windows 11,15.6,1920,1080,1,https://m.media-amazon.com/images/I/71J2F-6lIPL._SL500_.jpg,,amazon
HP Victus 15.6 inch FHD 144Hz Gaming Laptop Intel Core i5-13420H NVIDIA GeForce RTX 4050 6GB - 16GB DDR4 512GB SSD Mica Silver (2024),HP,94900.0,Intel Core I5-13420H,16.0,DDR4,512.0,SSD,Nvidia Geforce Rtx 4050,Windows 11,15.6,1920,1080,1,https://m.media-amazon.com/images/I/81obPsMhewL._SL500_.jpg,,amazon
"Lenovo Ideapad Slim 3 13Th Gen Intel Core I5-13420H 15.3""(38.8Cm) WUXGA IPS Laptop(16GB RAM/512GB SSD/Windows 11/Office Home 2024/Backlit Keyboard/1Yr ADP Free/3 Mon. Game Pass/Grey/1.6Kg) 83K100C6IN",Lenovo,68000.0,Intel Core I5-13420H,16.0,DDR4,512.0,SSD,Intel Iris Xe,Windows 11,15.3,1920,1080,1,https://m.media-amazon.com/images/I/71D9HSayVSL._SL500_.jpg,,amazon
"MSI Katana 15, Intel 13th Gen. i7-13620H, 40CM FHD 144Hz Gaming Laptop (16GB/1TB NVMe SSD/Windows 11 Home/NVIDIA GeForce RTX 4050, GDDR6 6GB/Black/2.5Kg) B13VEK-2432IN",MSI,109990.0,Intel Core i5,8.0,DDR4,512.0,SSD,Nvidia Geforce Rtx 4050,Windows 11,15.6,1920,1080,1,https://m.media-amazon.com/images/I/51dRGelADgL._SL500_.jpg,,amazon
"MSI Stealth 16 Mercedes-AMG Motorsport,Intel Core Ultra 9 185H,41CM QHD+ OLED,240hz Gaming Laptop(32GB/2TB NVMe SSD/Windows 11 Home/GeForce RTX 4070,GDDR6 8GB/Selenite Gray/1.99Kg),A1VGG-295IN",MSI,249990.0,Intel Core Ultra 9,8.0,DDR4,512.0,SSD,Rtx 4070,Windows 11,15.6,1366,768,1,https://m.media-amazon.com/images/I/81DsttpypRL._SL500_.jpg,,amazon
"MSI Thin 15, Intel 13th Gen. i5-13420H, 40CM FHD 144Hz Gaming Laptop (16GB/1TB NVMe SSD/Windows 11 Home/NVIDIA GeForce RTX 3050, GDDR6 6GB/Cosmos Gray/1.86Kg) B13UDX-128IN",MSI,78900.0,Intel Core i5,8.0,DDR4,512.0,SSD,Nvidia Geforce Rtx 3050,Windows 11,15.6,1920,1080,1,https://m.media-amazon.com/images/I/71VG3azYMjL._SL500_.jpg,,amazon
"ASUS TUF F16, 14th Gen, Smartchoice,Intel Core i7 14650HX, Gaming Laptop(RTX 5060-8GB/16GB/1TB /FHD+/16""/165Hz/90WHrs/Windows 11ASUS 2 Year Brand Warranty Extension",ASUS,170269.0,Intel Core I7 14650Hx,8.0,DDR4,512.0,SSD,Rtx 5060,Windows 11,15.6,1920,1080,1,https://m.media-amazon.com/images/I/51pZK-tC4kL._SL500_.jpg,,amazon
"MSI Katana A17 AI, AMD 8th Gen. Ryzen 9 8945HS,Built-in AI, 44CM Laptop(16GB/1TB NVMe SSD/Windows 11 Home/Nvidia GeForce RTX4050, 6GB GDDR6/Black/2.6Kg), B8VE-884IN",MSI,113391.0,Intel Core i5,8.0,DDR4,512.0,SSD,Intel Iris Xe,Windows 11,15.6,1920,1080,1,https://m.media-amazon.com/images/I/71RgcZjmLBL._SL500_.jpg,,amazon
"Lenovo LOQ 2025 Intel Core i7-14700HX| NVIDIA RTX 5050 8GB (16GB RAM/1TB SSD/144Hz Refresh Rate/440 AI TOPS/15.6"" (39.6cm)/Windows 11/Office 2024/3 Mon.Game Pass/Grey/2.4Kg), 83JE00P6IN",Lenovo,139990.0,Intel Core I7-14700Hx,16.0,DDR4,512.0,SSD,Nvidia Rtx 5050,Windows 11,15.6,3840,2160,1,https://m.media-amazon.com/images/I/81gVZXYLDZL._SL500_.jpg,,amazon
"acer Nitro Lite 16, 13th Gen, Intel Core i5-13420H Processor,NVIDIA GeForce RTX 4050-6 GB GDDR6, 16GB/ 512 GB, 16.0""/40.64 cm, 165 Hz, Win 11 Home, White, 1.95 kg, NL16-71G, Backlit KB,Gaming Laptop",Acer,88500.0,Intel Core I5-13420H,8.0,DDR4,512.0,SSD,Nvidia Geforce Rtx 4050,Windows 11,16.0,1920,1080,1,https://m.media-amazon.com/images/I/81ShI4duOGL._SL500_.jpg,,amazon
"MSI Thin 15, Intel 12th Gen. i7-12650H, 40CM FHD 144Hz Gaming Laptop (16GB/1TB NVMe SSD/Windows 11 Home/Office 2021/NVIDIA GeForce RTX 3050, GDDR6 4GB/Cosmos Gray/1.86Kg) B12UC-2239IN",MSI,82115.0,Intel Core i5,8.0,DDR4,512.0,SSD,Nvidia Geforce Rtx 3050,Windows 11,15.6,1920,1080,1,https://m.media-amazon.com/images/I/71Ie8YsWrFL._SL500_.jpg,,amazon
"acer Aspire Lite, AMD Ryzen 7 7730U, Office 2024 + M365 Basic, 16 GB RAM, 512 GB SSD, Full HD IPS,15.6""/39.62 cm, Windows 11 Home, Steel Grey, 1.59 KG, AL15-41, Thin and Light Laptop",Acer,52990.0,Amd Ryzen 7 7730U,16.0,DDR4,512.0,SSD,Intel Iris Xe,Windows 11,15.6,1920,1080,1,https://m.media-amazon.com/images/I/712x87tz2yL._SL500_.jpg,,amazon
"Lenovo LOQ Essential AMD Ryzen 7 170 | NVIDIA RTX 3050 6GB (16GB RAM/512GB SSD/144Hz Refresh Rate/15.6"" (39.6cm)/Windows 11/Office Home 2024/3 Mon. Game Pass/Grey/1.8Kg), 83S000CRIN Gaming Laptop",Lenovo,99990.0,Amd Ryzen 7 170,16.0,DDR4,512.0,SSD,Nvidia Rtx 3050,Windows 11,15.6,1920,1080,1,https://m.media-amazon.com/images/I/81Xbk+qRp2L._SL500_.jpg,,amazon
"Lenovo Legion Pro 5 2025 AMD Ryzen 9 9955HX | NVIDIA RTX 5070 8GB (32GB RAM/1TB SSD/WQXGA OLED/165Hz/16 (40.6cm)/Windows 11/Office 2024+AI Now/Black/2.3Kg), 83F20036IN AI Powered Gaming Laptop",Lenovo,255490.0,Amd Ryzen 9 9955Hx,32.0,DDR4,512.0,SSD,Nvidia Rtx 5070,Windows 11,15.6,1920,1080,1,https://m.media-amazon.com/images/I/81UUrkjhDXL._SL500_.jpg,,amazon
"Lenovo Smartchoice LOQ AMD Ryzen 7 7435HS, NVIDIA RTX 4050-6GB, 24GB RAM, 512GB SSD, 15.6""/39.6cm, Windows 11, MS Office Home 2024, Grey, 2.4Kg, 83JC00EGIN, 100% sRGB, 3 Mon. Game Pass Gaming Laptop",Lenovo,169990.0,Amd Ryzen 7 7435Hs,24.0,DDR4,512.0,SSD,Nvidia Rtx 4050,Windows 11,15.6,3840,2160,1,https://m.media-amazon.com/images/I/712JQRn52rL._SL500_.jpg,,amazon
"Dell Alienware X17 R1 Gaming Laptop, Intel Core i9-11980HK, 32Gb, 1TB SSD, 17.3"" (43.94 Cms) FHD1ms 360Hz, NVIDIA RTX 3080 (16GB GDDR6). Windows 11 + MSO'21, Lunar Light (D569936WIN9, 3.02Kgs)",Dell,299999.0,Intel Core I9-11980Hk,8.0,DDR4,512.0,SSD,Nvidia Rtx 3080,Windows 11,17.3,2560,1600,1,https://m.media-amazon.com/images/I/61ZbmBmQbqL._SL500_.jpg,,amazon
"Lenovo LOQ Gaming Laptop, 15.6"" FHD (1920 x 1080), AMD Ryzen 7 250, NVIDIA GeForce RTX 5060, 64GB DDR5 RAM, 1TB PCIe M.2 SSD, Bundle with Laptop Cooler BDL, Wi-Fi 6, Windows 11 Home, Grey",Lenovo,299990.0,Amd Ryzen 7 250,64.0,DDR5,512.0,SSD,Nvidia Geforce Rtx 5060,Windows 11,15.6,1920,1080,1,https://m.media-amazon.com/images/I/71gQ18iLajL._SL500_.jpg,,amazon
"MSI Katana A15 AI, AMD 8th Gen. Ryzen 7 8840HS,Built-in AI, 40CM FHD 144Hz Gaming Laptop (16GB/512GB NVMe SSD/Windows 11 Home/MSO 2021/NVIDIA GeForce RTX 4050, GDDR6 6GB/Black/2.25Kg) B8VE-481IN",MSI,104990.0,Intel Core i5,8.0,DDR4,512.0,SSD,Nvidia Geforce Rtx 4050,Windows 11,15.6,1920,1080,1,https://m.media-amazon.com/images/I/51V8LNM2uLL._SL500_.jpg,,amazon
"MSI Thin 15, Intel 13th Gen. Core i7-13620H, 40CM FHD 144Hz Gaming Laptop(16GB/512GB NVMe SSD/Windows 11 Home/NVIDIA GeForce RTX 2050,GDDR6 4GB /Cosmos Gray/1.86Kg), B13UCX-1806IN",MSI,81900.0,Intel Core i5,8.0,DDR4,512.0,SSD,Nvidia Geforce Rtx 2050,Windows 11,15.6,1920,1080,1,https://m.media-amazon.com/images/I/71W7yVCqsWL._SL500_.jpg,,amazon
"ASUS Vivobook 16X, 16"" FHD+ (1920 x 1200), Intel Core i5-13420H, (16GB RAM/512GB SSD/RTX 3050/Windows 11/M365 Basic (1Year)*/Office Home 2024/Cool Silver/1.80 kg), K3605VC-RP413WS",ASUS,71350.0,Intel Core I5-13420H,16.0,DDR4,512.0,SSD,Rtx 3050,Windows 11,15.6,1920,1080,1,https://m.media-amazon.com/images/I/7177n83vOwL._SL500_.jpg,,amazon
"Acer Nitro V, 13th Gen, Intel Core i5- 13420H processor, NVIDIA GeForce RTX 4050-6 GB GDDR6(16GB DDR5/512GB)IPS FHD, 15.6""/39.62cm, 165 Hz, Win 11 Home,Obsidian black, 2.113 kg, ANV15-51,Gaming Laptop",Acer,89990.0,Intel Core i5,16.0,DDR5,512.0,SSD,Nvidia Geforce Rtx 4050,Windows 11,15.6,1920,1080,1,https://m.media-amazon.com/images/I/51GGNToj7aL._SL500_.jpg,,amazon
"Acer ALG, Intel Core i5-12th Gen 12450H Processor, NVIDIA GeForce RTX 2050-4GB GDDR6(8GB/512GB) FHD, 15.6""/39.62cm, 60Hz, Win 11 Home, Steel Gray, 1.99kg, AL15G- 52, Metal Gaming Laptop",Acer,66990.0,Intel Core I5-12Th,8.0,DDR4,512.0,SSD,Nvidia Geforce Rtx 2050,Windows 11,15.6,1920,1080,1,https://m.media-amazon.com/images/I/816LgkvauVL._SL500_.jpg,,amazon
"MSI Katana 15, Intel 14th Gen. i7-14650HX, 40CM QHD 165Hz Gaming Laptop (16GB/512GB NVMe SSD/Windows 11 Home/NVIDIA GeForce RTX 5050, GDDR6 6GB/Black/2.4Kg) B14WFK-103IN",MSI,134990.0,Intel Core i5,8.0,DDR4,512.0,SSD,Nvidia Geforce Rtx 5050,Windows 11,15.6,3840,2160,1,https://m.media-amazon.com/images/I/51BzYoJhPkL._SL500_.jpg,,amazon
"Lenovo LOQ AMD Ryzen 5 7235HS| NVIDIA RTX 3050 6GB (24GB RAM/512GB SSD/144Hz Refresh Rate/15.6"" (39.6cm)/Windows 11/Office Home 2024/3 Mon. Game Pass/Grey/2.4Kg), 83JC00K1IN AI Gaming Laptop",Lenovo,81900.0,Amd Ryzen 5 7235Hs,24.0,DDR4,512.0,SSD,Nvidia Rtx 3050,Windows 11,15.6,3840,2160,1,https://m.media-amazon.com/images/I/61Ol4v72-NL._SL500_.jpg,,amazon
"Lenovo LOQ Essential AMD Ryzen 7 170 | NVIDIA RTX 4050 6GB (16GB RAM/512GB SSD/144Hz Refresh Rate/15.6"" (39.6cm)/Windows 11/Office Home 2024/3 Mon. Game Pass/Grey/1.8Kg), 83S000CPIN Gaming Laptop",Lenovo,132990.0,Amd Ryzen 7 170,16.0,DDR4,512.0,SSD,Nvidia Rtx 4050,Windows 11,15.6,1920,1080,1,https://m.media-amazon.com/images/I/81t8-5NQHYL._SL500_.jpg,,amazon
"MSI Katana 15, Intel 13th Gen. i7-13620H, 40CM FHD 144Hz Gaming Laptop (16GB/1TB NVMe SSD/Windows 11 Home/MSO 2021/NVIDIA GeForce RTX 4050, GDDR6 6GB/Black/2.25Kg) B13VEK-2220IN",MSI,102990.0,Intel Core i5,8.0,DDR4,512.0,SSD,Nvidia Geforce Rtx 4050,Windows 11,15.6,1920,1080,1,https://m.media-amazon.com/images/I/71N+bIMPprL._SL500_.jpg,,amazon
"MSI Cyborg 15, Intel Series 2 Core 5 210H, 40cm FHD 144Hz Gaming Laptop (16GB/512GB NVMe SSD/Windows 11 Home/NVIDIA GeForce RTX 5050, GDDR7 8GB/Translucent Black/2.1Kg) B2RWEKG-217IN",MSI,99990.0,Intel Core i5,8.0,DDR4,512.0,SSD,Nvidia Geforce Rtx 5050,Windows 11,15.6,1920,1080,1,https://m.media-amazon.com/images/I/51jHRgXEaPL._SL500_.jpg,,amazon
"MSI Thin 15, Intel 12th Gen. i7-12650H, 40CM FHD 144Hz Gaming Laptop (16GB/512GB NVMe SSD/Windows 11 Home/Office 2021/NVIDIA GeForce RTX 2050, GDDR6 4GB/Cosmos Gray/1.86Kg) B12UC-2242IN",MSI,66972.0,Intel Core i5,8.0,DDR4,512.0,SSD,Nvidia Geforce Rtx 2050,Windows 11,15.6,1920,1080,1,https://m.media-amazon.com/images/I/71-Bev7p1iL._SL500_.jpg,,amazon
"HP Smartchoice Victus, 13th Gen i7-13620H, 6GB RTX 4050, 16GB DDR4(Upgradeable) 512GB SSD, 300nits, 144Hz, FHD, 15.6''/39.6cm, Win11, M365* Office24, Mica Silver, 2.3kg, fa2100/03/04tx, Gaming Laptop",HP,120990.0,Intel Core i5,16.0,DDR4,512.0,SSD,Rtx 4050,Windows 11,15.6,1920,1080,1,https://m.media-amazon.com/images/I/71c9jIviG0L._SL500_.jpg,,amazon
"MSI Thin A15, Ryzen 7 7735HS, 40CM FHD 144Hz Gaming Laptop(16GB/1 TB NVMe SSD/Windows 11 Home/NVIDIA GeForce RTX 4050, GDDR6 6GB/Cosmos Gray/1.86Kg), B7VE-065IN",MSI,99990.0,Intel Core i5,8.0,DDR4,512.0,SSD,Nvidia Geforce Rtx 4050,Windows 11,15.6,1920,1080,1,https://m.media-amazon.com/images/I/71kuEUDZ-1L._SL500_.jpg,,amazon
"HP Omen 11Th Gen Intel Core I7 16.1 Inches Micro-Edge, IPS, Anti-Glare, Fhd Gaming Laptop (16Gb Ram/1Tb Ssd/300 Nits/Geforce RTX 3050 Graphics/Alexa/B&O/Backlit Kb/Windows 11 Home/Mso, 16-B0352Tx",HP,128900.0,Intel Core I7 16,16.0,DDR4,512.0,SSD,Rtx 3050,Windows 11,16.1,1920,1080,1,https://m.media-amazon.com/images/I/61asvlLfwsL._SL500_.jpg,,amazon
"Lenovo LOQ 2024, AMD Ryzen 5 7235HS, NVIDIA RTX 3050-6GB, 12GB RAM, 512GB SSD, FHD IPS 144Hz 300Nits, 15.6""/39.6cm, Windows 11, MS Office 21, Grey, 2.4Kg, 83JC0031IN, 3 Mon. Game Pass Gaming Laptop",Lenovo,84500.0,Amd Ryzen 5 7235Hs,12.0,DDR4,512.0,SSD,Nvidia Rtx 3050,Windows 11,15.6,3840,2160,1,https://m.media-amazon.com/images/I/61Ol4v72-NL._SL500_.jpg,,amazon
"HP 15s, AMD Ryzen 5000 Laptop (16GB RAM, 512GB SSD), 15.6""/39.6cm, FHD, Win 11, Office 21, Silver, 2.21kg, Backlit Keyboard, Eq2305Au/Eq2182Au",HP,58990.0,Amd Ryzen 5000,16.0,DDR4,512.0,SSD,Intel Iris Xe,Windows 11,15.6,1920,1080,1,https://m.media-amazon.com/images/I/71phX67q6zL._SL500_.jpg,,amazon
"HP Victus Gaming Laptop 16.1"" FHD Display | Intel Core i5-14450HX | 16GB RAM | 512GB SSD | NVIDIA RTX 3050 4GB Graphics | Windows 11 Home | 1 Year Warranty (BH0R9PA)",HP,82836.0,Intel Core I5-14450Hx,16.0,DDR4,512.0,SSD,Nvidia Rtx 3050,Windows 11,16.1,1920,1080,1,https://m.media-amazon.com/images/I/71RsYdbhV5L._SL500_.jpg,,amazon
"acer Nitro V 16S AI, AMD Ryzen 7 260 Octa-core Processor, RTX 5050-8 GB GDDR7, 16 GB/1 TB,WUXGA IPS, 16.0""/40.64 cm, 180 Hz, Win 11 Home, Obsidian Black, 2.1 kg, ANV16S-41, RGB KB, Gaming Laptop",Acer,119999.0,Amd Ryzen 7 260,8.0,DDR4,512.0,SSD,Rtx 5050,Windows 11,16.0,1920,1080,1,https://m.media-amazon.com/images/I/51vD2NmZtLL._SL500_.jpg,,amazon
"ASUS Gaming V16 Gaming Laptop,14th Gen Intel Core 7 240H+8GB RTX 5060,16GB RAM,512GB SSD with Logitech G502 LS Wireless Gaming Mouse, 25000DPI Programmable and Logitech GProX Wired Gaming Headset",ASUS,101824.0,Intel Core i5,16.0,DDR4,512.0,SSD,Rtx 5060,Windows 11,15.6,1920,1080,1,https://m.media-amazon.com/images/I/51ePeznCzdL._SL500_.jpg,,amazon
"acer Aspire 5 15, Intel Core i5-13th Gen 13420H Processor, NVIDIA GeForce RTX 2050-4GB GDDR6(8GB/512GB) IPS FHD, 15.6""/39.62cm, 60Hz, Win 11 Home, Steel Gray, 1.78KG, A515-58GM, Metal Gaming Laptop",Acer,65000.0,Intel Core I5-13Th,8.0,DDR4,512.0,SSD,Nvidia Geforce Rtx 2050,Windows 11,15.6,1920,1080,1,https://m.media-amazon.com/images/I/61ZWZtsK+vL._SL500_.jpg,,amazon
"MSI Crosshair A16, AMD 8th Gen. Ryzen 7 8840HX, 41cm QHD+ 240Hz Gaming Laptop (16GB/1TB NVMe SSD/Windows 11 Home/NVIDIA GeForce RTX 5060, GDDR7 8GB/Cosmos Gray/2.5Kg) D8WFKG-036IN",MSI,149990.0,Intel Core i5,8.0,DDR4,512.0,SSD,Nvidia Geforce Rtx 5060,Windows 11,15.6,1366,768,1,https://m.media-amazon.com/images/I/51n6p5kPF7L._SL500_.jpg,,amazon
ASUS TUF F15 FX566LU-HN222TS Intel I7-10870H/ GTX1660Ti-6GB/8GB+8GB/ 1T SSD/ 15.6 inches FHD-144hz/ RGB Backlit/ WIFI6/ 90Wh/ Windows 10/ MSO H&S 2019/ Fortress Gray/,ASUS,99800.0,Intel Core i5,8.0,DDR4,512.0,SSD,Intel Iris Xe,Windows 10,15.6,1920,1080,1,https://m.media-amazon.com/images/I/811BiWqzFfS._SL500_.jpg,,amazon
Acer Predator Helios 300 Gaming Laptop Intel Core i9 12th Gen-(Windows 11 Home/32 GB/2 TB SSD/NVIDIA,Acer,323594.0,Intel Core I9 12Th,8.0,DDR4,512.0,SSD,Intel Iris Xe,Windows 11,15.6,1920,1080,1,https://m.media-amazon.com/images/I/51p9aRGxPXL._SL500_.jpg,,amazon
"MSI Thin 15, Intel 13th Gen. i5-13420H, 40CM FHD 144Hz Gaming Laptop (16GB/512GB NVMe SSD/Windows 11 Home/NVIDIA GeForce RTX 3050, GDDR6 4GB/Cosmos Gray/1.86Kg) B13UC-125IN",MSI,67000.0,Intel Core i5,8.0,DDR4,512.0,SSD,Nvidia Geforce Rtx 3050,Windows 11,15.6,1920,1080,1,https://m.media-amazon.com/images/I/51w9ar5n+UL._SL500_.jpg,,amazon
"ASUS Gaming V16 Gaming Laptop,14th Gen Intel Core 5 210H+6GB RTX 4050,16GB RAM,512GB SSD with Logitech G304 Gaming Mouse, Wireless, 12000DPI Programmable",ASUS,67988.0,Intel Core i5,16.0,DDR4,512.0,SSD,Rtx 4050,Windows 11,15.6,1920,1080,1,https://m.media-amazon.com/images/I/51V9OYOasEL._SL500_.jpg,,amazon
"Lenovo Legion 5 2025 Intel Core i7-13650HX | NVIDIA RTX 5060 8GB (16GB RAM/1TB SSD/WUXGA IPS/165Hz/15.3"" (38.8cm)/Windows 11/Office 2024+AI Now/Black/2.1Kg), 83LY00SVIN AI Powered Gaming Laptop",Lenovo,184490.0,Intel Core I7-13650Hx,16.0,DDR4,512.0,SSD,Nvidia Rtx 5060,Windows 11,15.3,1920,1080,1,https://m.media-amazon.com/images/I/81cp3WjiHUL._SL500_.jpg,,amazon
"MSI GL63 8RE-455IN 2018 15.6-inch Laptop (Core i7-8750H/16GB/128GBSSD+1TB/Windows 10/6GB Graphics), Black",MSI,130990.0,Intel Core i5,8.0,DDR4,128.0,SSD,Intel Iris Xe,Windows 10,15.6,1920,1080,1,https://m.media-amazon.com/images/I/71zKd5ZivHL._SL500_.jpg,,amazon
"MSI Cyborg 15 AI, Intel Core Ultra 7 155H,Built-in AI, 40CM Gaming Laptop(16GB/1TB NVMe SSD/Windows 11 Home/NVIDIA GeForce RTX 4050, GDDR6 6GB/Translucent Black/1.9Kg), A1VEK-050IN",MSI,105990.0,Intel Core Ultra 7,8.0,DDR4,512.0,SSD,Nvidia Geforce Rtx 4050,Windows 11,15.6,1920,1080,1,https://m.media-amazon.com/images/I/71H1XcA87cL._SL500_.jpg,,amazon
"MSI Thin 15, Intel 12th Gen. Core i7-12650H, 40CM FHD 144Hz Gaming Laptop(16GB/512GB NVMe SSD/Windows 11 Home/NVIDIA GeForce RTX 2050,GDDR6 4GB/Cosmos Gray/1.86Kg), B12UCX-1694IN",MSI,69900.0,Intel Core i5,8.0,DDR4,512.0,SSD,Nvidia Geforce Rtx 2050,Windows 11,15.6,1920,1080,1,https://m.media-amazon.com/images/I/71W7yVCqsWL._SL500_.jpg,,amazon
"MSI Katana GF66, Intel 12th Gen. i5-12450H, 40CM FHD 144Hz Gaming Laptop (8GB/512GB NVMe SSD/Windows 11 Home/Nvidia RTX3050 4GB GDDR6/Black/2.25Kg), 12UC-636IN",MSI,95990.0,Intel Core i5,8.0,DDR4,512.0,SSD,Intel Iris Xe,Windows 11,15.6,1920,1080,1,https://m.media-amazon.com/images/I/81c+XOq0b+L._SL500_.jpg,,amazon
"Acer ALG 13th Gen Intel Core i7 Processor,Office 2024 + M365 Basic, NVIDIA GeForce RTX3050-6GB -DDR6, 16GB DDR4/512GB SSD, 39.62cm(15.6"") FHD 144Hz Display,Win11Home/Wifi 6 AL15G-53, Gaming Laptop",Acer,79999.0,Intel Core i5,16.0,DDR4,512.0,SSD,Intel Iris Xe,Windows 11,15.6,1920,1080,1,https://m.media-amazon.com/images/I/81sAOthl+7L._SL500_.jpg,,amazon
"ASUS TUF A15, AMD Ryzen 7 170, RTX 3050-4GB, 16GB RAM (Upgradeable), 512GB SSD, FHD, 15.6""(39.6 cm),Windows 11 Home,Graphite Black, 2.3 Kg, FA506NCQ-HN006W, Gaming Laptop",ASUS,72990.0,Amd Ryzen 7 170,16.0,DDR4,512.0,SSD,Rtx 3050,Windows 11,15.6,1920,1080,1,https://m.media-amazon.com/images/I/71ssAPVxQwL._SL500_.jpg,,amazon
"ASUS Zenbook 14, Smartchoice,AMD Ryzen AI 5 340, AI PC(AMD Radeon Graphics/16GB RAM/512GB SSD/3K OLED/14/120Hz/Windows 11/M365 Basic (1Year)*/Office Home 2024/Jade Black/1.2 Kg) UM3406KA-PP240WS",ASUS,85990.0,Intel Core i5,16.0,DDR4,512.0,SSD,Amd Radeon Graphics,Windows 11,15.6,1920,1080,1,https://m.media-amazon.com/images/I/71jNbFGAf+L._SL500_.jpg,,amazon
"ASUS Vivobook 16X Gaming Laptop,13th Gen Intel i7-13620H+6GB RTX 3050,16GB RAM,512GB SSD with Logitech G102 White Gaming Mouse, Wired, RGB, 8000DPI",ASUS,74185.0,Intel Core i5,16.0,DDR4,512.0,SSD,Rtx 3050,Windows 11,15.6,1920,1080,1,https://m.media-amazon.com/images/I/51fAm1hsybL._SL500_.jpg,,amazon
"ASUS Zenbook A14 (2026),Snapdragon X2 Elite,NPU Upto 80TOPS,Qualcomm Adreno iGPU,16GB RAM,512GB SSD,FHD+ OLED, 14""(35.5 cm),Win 11,M365 Basic(1Y),Office 24,Iceland Gray,0.99 Kg,UX3407NA-QD226WS,AI PC",ASUS,169990.0,Snapdragon X2,16.0,DDR4,512.0,SSD,Intel Iris Xe,Windows 11,15.6,1920,1080,1,https://m.media-amazon.com/images/I/71lU979MjLL._SL500_.jpg,,amazon
"GIGABYTE G6X 9MG-42IN854SH, Windows 11 Home, Intel I7-13650HX, GeForce RTX 4050, 16.0"" 16:10 WUXGA (1920X1200) 165Hz Display (45% NTSC, MUX Switch), DDR5 4800 8GB*2, 1-Zone RGB Backlit Keyboard",Gigabyte,116533.0,Intel Core i5,8.0,DDR5,512.0,SSD,Rtx 4050,Windows 11,16.0,1920,1080,1,https://m.media-amazon.com/images/I/61CR2Rf9v7L._SL500_.jpg,,amazon
"Lenovo Legion 5 AMD Ryzen 7 5800H 15.6"" (39.62cm) FHD IPS Gaming Laptop (16GB/512GB SSD/4GB NVIDIA RTX 3050/165Hz/Windows 11/Office 2021/RGB Backlit/3months Game Pass/Phantom Blue/2.4Kg), 82JW00E2IN",Lenovo,118499.0,Amd Ryzen 7 5800H,8.0,DDR4,512.0,SSD,Nvidia Rtx 3050,Windows 11,15.6,3840,2160,1,https://m.media-amazon.com/images/I/61Er61SxBhL._SL500_.jpg,,amazon
"MSI CreatorPro M16, Intel 13th Gen. i7-13700H, 41CM QHD+ 60Hz Creator Laptop (16GB/1TB NVMe SSD/Windows 11 Pro/NVIDIA RTX A1000, GDDR6 6GB/Core Black/2.29Kg), B13VI-1273IN",MSI,178990.0,Intel Core i5,8.0,DDR4,512.0,SSD,Intel Iris Xe,Windows 11,15.6,1366,768,1,https://m.media-amazon.com/images/I/71p0nLHatoL._SL500_.jpg,,amazon
"Lenovo LOQ 2024 13Th Gen Intel Core I5-13450HX | NVIDIA RTX 3050 6GB (16GB RAM/512GB SSD/15.6"" (39.6Cm)/Windows 11/Office Home 2024/100% Srgb/3 Mon. Game Pass/Grey/2.4Kg), 83DV00XCIN Gaming Laptop",Lenovo,99250.0,Intel Core I5-13450Hx,16.0,DDR4,512.0,SSD,Nvidia Rtx 3050,Windows 11,15.6,3840,2160,1,https://m.media-amazon.com/images/I/81sI6re6MPL._SL500_.jpg,,amazon
"GIGABYTE G6X 9MG-42IN853SH, i7-13650HX, GeForce RTX 4050 GDDR6 6GB, 16.0“ 16:10 WUXGA (1920x1200) 165Hz Display (45% NTSC, MUX Switch, DDR5 4800 8GB*2, Gen4 512GB, 1-Zone RGB Backlit Keyboard",Gigabyte,116864.0,Intel Core i5,8.0,DDR5,512.0,SSD,Rtx 4050,Windows 11,15.6,1920,1080,1,https://m.media-amazon.com/images/I/61CR2Rf9v7L._SL500_.jpg,,amazon
"HP Victus, Ryzen 5 5600H, 4GB NVIDIA RTX 3050 Gaming Laptop (16GB DDR4, 512GB SSD) 144Hz, IPS, 15.6"", FHD, Win 11, Office 21, P. Blue, 2.37kg, Enhanced Cooling, Backlit KB, 15-fb0178AX",HP,83000.0,Intel Core i5,16.0,DDR4,512.0,SSD,Nvidia Rtx 3050,Windows 11,15.6,1920,1080,1,https://m.media-amazon.com/images/I/71dJIgRcGcL._SL500_.jpg,,amazon
"Lenovo LOQ 15IRX9 Intel Core i5-13450HX 15.6"" (39.6cm) 144Hz 300Nits FHD Gaming Laptop (16GB RAM/512GB SSD/Win 11/NVIDIA RTX 3050 6GB Graphics/Office 24/Luna Grey/2.38Kg), 83DV01A9IN",Lenovo,92979.0,Intel Core I5-13450Hx,16.0,DDR4,512.0,SSD,Nvidia Rtx 3050,Windows 11,15.6,1920,1080,1,https://m.media-amazon.com/images/I/61IbXh674uL._SL500_.jpg,,amazon
"HP Victus, AMD Ryzen 7 7445HS, 6GB RTX 3050, 16GB DDR5(Upgradeable) 512GB SSD, 144Hz, IPS, 300nits, FHD, 15.6''/39.6cm, Win11, M365* Office24, Blue, 2.29kg, fb3120AX, Backlit, DTS Audio, Gaming Laptop",HP,87450.0,Amd Ryzen 7 7445Hs,16.0,DDR5,512.0,SSD,Rtx 3050,Windows 11,15.6,1920,1080,1,https://m.media-amazon.com/images/I/61dLj4D5fqL._SL500_.jpg,,amazon
"ASUS Vivobook Go 15 (2026),AMD Ryzen 5 40, AMD Radeon iGPU, 8GB RAM, 512GB SSD, FHD, 15.6""(39.6 cm),Windows 11,M365 Basic(1 Year)* Office 2024,Mixed Black,1.63 Kg,E1504FA-BQ2115WS,Thin & Light Laptop",ASUS,48990.0,Amd Ryzen 5 40,8.0,DDR4,512.0,SSD,Amd Radeon Igpu,Windows 11,15.6,1920,1080,1,https://m.media-amazon.com/images/I/61Bnly7QvyL._SL500_.jpg,,amazon
"Lenovo V15 AMD Ryzen 7 7730U 15.6"" (39.62cm) FHD 250 Nits Antiglare Thin and Light Laptop (Free MS Office) Lifetime (16GB/512GB SSD/Windows 11/Iron Grey/1.65 Kg) 1 Year Brand Warranty, 83CRA01SIN",Lenovo,59999.0,Amd Ryzen 7 7730U,8.0,DDR4,512.0,SSD,Intel Iris Xe,Windows 11,15.6,1920,1080,1,https://m.media-amazon.com/images/I/710hhin8IyL._SL500_.jpg,,amazon
"Lenovo IdeaPad Gaming 3 12th Gen Intel Core i5 12450H 15.6"" (39.62cm) FHD IPS 120Hz Gaming Laptop (16GB/512GB SSD/Win11/Office 21/NVIDIA RTX 3050 4GB/Alexa/3 Mon Game Pass/Onyx Grey/2.3Kg), 82S9017TIN",Lenovo,83991.0,Intel Core I5 12450H,8.0,DDR4,512.0,SSD,Nvidia Rtx 3050,Windows 11,15.6,1920,1080,1,https://m.media-amazon.com/images/I/7173difaarL._SL500_.jpg,,amazon
"HP Victus, 13th Gen i7-13620H, 6GB RTX 4050, 16GB DDR4(Upgradeable) 512GB SSD,IPS, 300nits, 144Hz, FHD, 15.6''/39.6cm, Win11, M365* Office24, Blue, 2.3kg, fa2103TX, Gaming Laptop",HP,104763.0,Intel Core i5,16.0,DDR4,512.0,SSD,Rtx 4050,Windows 11,15.6,1920,1080,1,https://m.media-amazon.com/images/I/61-jwoAkngL._SL500_.jpg,,amazon
"Lenovo V15 G4 (2024), AMD Ryzen 5 7520U Quad Core - (8GB/512GB SSD/AMD Radeon Graphics/Dos/Business Laptop/15.6"" FHD Display/Arctic Grey/1.57 kg",Lenovo,52999.0,Amd Ryzen 5 7520U,8.0,DDR4,512.0,SSD,Amd Radeon Graphics,DOS,15.6,1920,1080,1,https://m.media-amazon.com/images/I/51ex45idxOL._SL500_.jpg,,amazon
"MSI Thin 15, Intel 12th Gen. Core i5-12450H, 40CM FHD 144Hz Gaming Laptop(16GB/512GB NVMe SSD/Windows 11 Home/NVIDIA GeForce RTX 3050,GDDR6 4GB /Cosmos Gray/1.86Kg), B12UC-1692IN",MSI,68900.0,Intel Core i5,8.0,DDR4,512.0,SSD,Nvidia Geforce Rtx 3050,Windows 11,15.6,1920,1080,1,https://m.media-amazon.com/images/I/71VG3azYMjL._SL500_.jpg,,amazon
"acer Nitro 5 Intel Core i5-9th Gen 15.6"" (39.62cms) Display 1920 x 1080 Thin and Light Gaming Laptop (8GB Ram/1TB HDD/Windows 10 Home/GTX 1650 Graphics/Obsidian Black/2.3 Kgs), AN515-54",Acer,69890.0,Intel Core I5-9Th,8.0,DDR4,512.0,HDD,Intel Iris Xe,Windows 10,15.6,1920,1080,1,https://m.media-amazon.com/images/I/81IXuyeJhYL._SL500_.jpg,,amazon
"ASUS TUF Gaming A15 AMD Ryzen 7 Octa Core 7435HS - (8 GB/512 GB SSD/Windows 11 Home/4 GB Graphics/NVIDIA GeForce RTX 2050) FA566NFR-HN260W Gaming Laptop (15.6 inch, Graphite Black, 2.30 Kg)",ASUS,75999.0,Intel Core i5,8.0,DDR4,512.0,SSD,Nvidia Geforce Rtx 2050,Windows 11,15.6,1920,1080,1,https://m.media-amazon.com/images/I/51qgC-3uhcL._SL500_.jpg,,amazon
"GIGABYTE G6X 9KG-43IN853SH, i7-13650HX, GeForce RTX 406016.0“ 16:10 WUXGA (1920x1200) 165Hz Display (45% NTSC, MUX Switch, DDR5 4800 8GB*2, Gen4 512GB, 1-Zone RGB Backlit Keyboard",Gigabyte,123026.0,Intel Core i5,8.0,DDR5,512.0,SSD,Rtx 406016,Windows 11,15.6,1920,1080,1,https://m.media-amazon.com/images/I/61CR2Rf9v7L._SL500_.jpg,,amazon
"acer ALG (2025) Intel Core i5 13th Gen 13420H - (16 GB/512 GB SSD/6 GB NVIDIA GeForce RTX 3050/Windows 11 Home) AL15G-53 Gaming Laptop/15.6"" FHD 144Hz/Steel Grey/1.9 Kg/MSO 2021/3 Years Warranty",Acer,80999.0,Intel Core I5 13Th,8.0,DDR4,512.0,SSD,Nvidia Geforce Rtx 3050,Windows 11,15.6,1920,1080,1,https://m.media-amazon.com/images/I/712mMgGiILL._SL500_.jpg,,amazon
"Lenovo LOQ 15"" - NVIDIA GeForce RTX 5050 Graphics - 15.6"" IPS LCD FHD 144hz Display - Intel Core i7-13650HX - 24GB DDR5-1 TB SSD - Windows 11 Home - Luna Grey",Lenovo,174990.0,Intel Core I7-13650Hx,24.0,DDR5,512.0,SSD,Nvidia Geforce Rtx 5050,Windows 11,15.6,1920,1080,1,https://m.media-amazon.com/images/I/71WTJ8WjS9L._SL500_.jpg,,amazon
"Acer Aspire Lite, AMD Ryzen 3-7330U, Office 2024 + M365 Basic,8GB RAM, 512GB SSD, Full HD IPS, 15.6""/39.62 cm, Windows 11 Home, Steel Gray, 1.59 KG, AL15-41, Metal Body, Premium Thin and Light Laptop",Acer,44999.0,Intel Core i5,8.0,DDR4,512.0,SSD,Intel Iris Xe,Windows 11,15.6,1920,1080,1,https://m.media-amazon.com/images/I/71JEGsayyGL._SL500_.jpg,,amazon
"ASUS Vivobook 15, Intel Core i3 13th Gen 1315U, 12GB RAM, 512GB SSD, FHD 15.6"", Windows 11, Office Home 2024, Cool Silver, 1.7Kg, X1504VA-BQ331WS, Intel UHD iGPU, Thin & Light, 42Whrs Laptop",ASUS,40990.0,Intel Core I3 13Th,12.0,DDR4,512.0,SSD,Intel Iris Xe,Windows 11,15.6,1920,1080,1,https://m.media-amazon.com/images/I/71bIUPAleZL._SL500_.jpg,,amazon
"EBook 11.6"" HD Laptop | Best Student & Office Work Laptop | Celeron N4020 | 4GB DDR4 | 128GB eMMC + M.2 SSD Expandable Slot | Win 11 Home |31Wh Battery | UHD Graphics 600 | Black",Ebook,16990.0,Intel Core i5,4.0,DDR4,128.0,SSD,Intel Iris Xe,Windows 11,11.6,1366,768,1,https://m.media-amazon.com/images/I/71F8TUSryhL._SL500_.jpg,,amazon
"ASUS Vivobook 15, Smartchoice,Intel Corei5 13thGen 13420H, 16GB RAM, 512GB SSD, FHD 15.6"", Win11, Office Home'24, M365 Basic (1Year)*, Cool Silver, 1.70kg, X1502VA-BQ835WS, Intel UHD iGPU, Laptop",ASUS,60990.0,Intel Corei5 13Thgen,16.0,DDR4,512.0,SSD,Intel Iris Xe,Windows 11,15.6,1920,1080,1,https://m.media-amazon.com/images/I/81gNMbbeqvL._SL500_.jpg,,amazon
"ASUS Chromebook CX1405 (2026), Intel N50 Processor, Intel UHD iGPU, 8GB RAM, 128GB SSD, FHD, 14"" (35.5 cm), Chrome OS, Pure Grey, 1.39 Kg, CX1405CTA-S60622, 42WHrs, Thin & Light Laptop",ASUS,30990.0,Intel N50,8.0,DDR4,128.0,SSD,Intel Iris Xe,Windows 11,15.6,1920,1080,1,https://m.media-amazon.com/images/I/61d+uhYgdNL._SL500_.jpg,,amazon
"Primebook 2 Pro (2026) | 8GB RAM, 128GB UFS Storage | 14.1-Inch FHD IPS Display | 14 Hours Battery | MediaTek Helio G99 | Android 15 (PrimeOS 3.0) | Backlit Keyboard | in-Built AI (Gray)",Primebook,25990.0,Intel Core i5,8.0,DDR4,128.0,SSD,Intel Iris Xe,Windows 11,15.6,1920,1080,1,https://m.media-amazon.com/images/I/51CIIx6l+VL._SL500_.jpg,,amazon
"HP 15 (2026), AMD Athlon Dual Core 7120U - (8 GB DDR5/512 GB SSD/AMD Radeon 610M Graphics/DOS) Thin and Light Business Laptop/15.6"" HD Display/Turbo Silver/Copilot Key/1.5kg",HP,39880.0,Amd Athlon Dual,8.0,DDR5,512.0,SSD,Amd Radeon 610M,DOS,15.6,1366,768,1,https://m.media-amazon.com/images/I/718-7YE0WQL._SL500_.jpg,,amazon
"Lenovo Smartchoice Ideapad Slim 3, 13th Gen Intel Core i7 13620H, 16GB RAM, 512GB SSD, WUXGA IPS, 15.3""/38.8cm, Win 11, Office 2024, Top Metal Cover Grey, 1.6Kg, 83K100CJIN/S1IN, Backlit KB, Laptop",Lenovo,72990.0,Intel Core I7 13620H,16.0,DDR4,512.0,SSD,Intel Iris Xe,Windows 11,15.3,1920,1080,1,https://m.media-amazon.com/images/I/71IjxF4prWL._SL500_.jpg,,amazon
"HP OmniBook 5 Metallic(Previously Pavilion) 13th Gen Intel Core i5 1334U (16GB LPDDR5X, 512GB SSD) WUXGA, 2K, IPS, 16''/40.6cm, Win11, M365 Basic(1yr)*Office24, Blue,1.79kg, ba1123TU,FHD camera Laptop",HP,64990.0,Intel Core I5 1334U,16.0,LPDDR5X,512.0,SSD,Intel Iris Xe,Windows 11,15.6,2560,1600,1,https://m.media-amazon.com/images/I/61ZIbW5dCCL._SL500_.jpg,,amazon
"Lenovo Ideapad Slim 3 AMD Ryzen 5 7520U 15.6"" (39.6cm) FHD Thin and Light Laptop (16GB/512GB SSD/Windows 11/Microsoft 365 Basic + Office Home 2024/Backlit Keyboard/Grey/1.6Kg), 82XQ00XDIN",Lenovo,58500.0,Amd Ryzen 5 7520U,8.0,DDR4,512.0,SSD,Intel Iris Xe,Windows 11,15.6,1920,1080,1,https://m.media-amazon.com/images/I/71TpJsdzvCL._SL500_.jpg,,amazon
"Lenovo IdeaPad Slim 3, 12th Gen Intel Core i5-12450H (16GB LPDDR5, 512GB SSD), Anti-glare, FHD 15.6""(39.6cm), Win 11, Office Home 2024, Arctic Grey, 1.62Kg, 83ER00MDIN, Thin & Light, Backlit KB Laptop",Lenovo,64350.0,Intel Core I5-12450H,16.0,LPDDR5,512.0,SSD,Intel Iris Xe,Windows 11,15.6,2560,1600,1,https://m.media-amazon.com/images/I/81leoJuYYaL._SL500_.jpg,,amazon
"Dell 15, Intel Core 3 14th Gen-100U, 16GB DDR4, 512GB SSD, FHD IPS, 15.6""/39.62cm, Windows 11, Microsoft Office Home 2024, Carbon Black, 1.63Kg, Thin & Light, Laptop Model NO - Dell 15 DCU5250",Dell,49990.0,Intel Core i5,16.0,DDR4,512.0,SSD,Intel Iris Xe,Windows 11,15.6,1920,1080,1,https://m.media-amazon.com/images/I/71I4NoKj-oL._SL500_.jpg,,amazon
"Lenovo Yoga Slim 7, Intel Core Ultra 5 125H, 16GB RAM, 512GB SSD, AI PC, WUXGA-OLED, 14""/35.5cm, Windows 11, Microsoft 365 Basic + Office 2024, Grey, 1.39Kg, 83CV00DFIN, AI Powered Laptop",Lenovo,79990.0,Intel Core Ultra 5,16.0,DDR4,512.0,SSD,Intel Iris Xe,Windows 11,15.6,1920,1080,1,https://m.media-amazon.com/images/I/81PaO9Q1WFL._SL500_.jpg,,amazon
"Lenovo V14 Intel Core i3 13th Gen 14"" FHD (1920x1080) Antiglare 250 Nits Thin and Light Laptop (16GB RAM/512GB SSD/Windows 11 Home/Office Home 2024/Iron Grey/1.43 kg), 83A0A0PCIN",Lenovo,70990.0,Intel Core I3 13Th,16.0,DDR4,512.0,SSD,Intel Iris Xe,Windows 11,15.6,1920,1080,1,https://m.media-amazon.com/images/I/71odoZVRgaL._SL500_.jpg,,amazon
"Dell Inspiron 15 DC15250 Laptop (Intel Core 3-100U, 8GB DDR5 RAM, 512GB SSD, 15.6"" Full HD Display, Windows 11 Home, MS Office 2024 + Microsoft 365, Carbon Black, 1 Year NBD Warranty)",Dell,46390.0,Intel Core i5,8.0,DDR5,512.0,SSD,Intel Iris Xe,Windows 11,15.6,1920,1080,1,https://m.media-amazon.com/images/I/71ZBa5+qu4L._SL500_.jpg,,amazon
"HP 14, AMD Ryzen 7 7730U (16GB DDR4, 512GB SSD) FHD, Anti-Glare, Micro-Edge, 14''/35.6cm, Win11, M365 Basic(1yr), Office Home24, Silver,1.4kg, EM0104AU, FHD Camera w/Privacy Shutter, Backlit Laptop",HP,66990.0,Amd Ryzen 7 7730U,16.0,DDR4,512.0,SSD,Intel Iris Xe,Windows 11,15.6,3840,2160,1,https://m.media-amazon.com/images/I/71ebUd+L7LL._SL500_.jpg,,amazon
"HP Professional 14 (2026), Intel (i5 14th Gen) Core 5 120U - (16 GB/512 GB SSD/Intel Iris Xe Graphics/Windows 11 Pro) Business Laptop/14.0"" FHD/Backlit + FingerPrint/Silver/Copilot Key/1.4kg/MS Office",HP,62400.0,Intel Core i5,8.0,DDR4,512.0,SSD,Intel Iris Xe,Windows 11,14.0,3840,2160,1,https://m.media-amazon.com/images/I/71VBfzaHWnL._SL500_.jpg,,amazon
"HP 15, Intel Core i3-1315U-13th Gen Laptop (8GB DDR4 Ram,512GB SSD) Anti-Glare, Micro-Edge,15.6'"" FHD, Win11,M365 Basic(1yr),Office Home24, Silver,1.59kg, FHD Camera Shutter, 15-fd0569TU",HP,49490.0,Intel Core I3-1315U,8.0,DDR4,512.0,SSD,Intel Iris Xe,Windows 11,15.6,1920,1080,1,https://m.media-amazon.com/images/I/61vulbzLZcL._SL500_.jpg,,amazon
"Lenovo V14 Intel Core i3 13th Gen 14"" FHD (1920x1080) Antiglare 250 Nits Thin and Light Laptop (8GB RAM/512GB SSD/Windows 11 Home/Office Home 2024/Iron Grey/1.43 kg), 83A0A0PBIN",Lenovo,63990.0,Intel Core I3 13Th,8.0,DDR4,512.0,SSD,Intel Iris Xe,Windows 11,15.6,1920,1080,1,https://m.media-amazon.com/images/I/71odoZVRgaL._SL500_.jpg,,amazon
"HP Professional 15 (2026), Intel (i5 14th Gen) Core 5 120U - (16 GB/512 GB SSD/Intel Iris Xe Graphics/Windows 11 Pro) Business Laptop/15.6"" FHD/Backlit + FingerPrint/Silver/Copilot Key/1.5kg/MS Office",HP,62610.0,Intel Core i5,8.0,DDR4,512.0,SSD,Intel Iris Xe,Windows 11,15.6,1920,1080,1,https://m.media-amazon.com/images/I/71gGeGiFNKL._SL500_.jpg,,amazon
"ASUS TUF A15 (2025) AMD Ryzen 7 7445HS,Gaming Laptop,RTX 3050-4GB,75W TGP,16GB RAM (Upgradeable Upto 64GB) 1TB SSD,FHD,15.6"",144Hz,48Whrs,M365 Basic (1Year)*,Office 2024,Black,2.3 Kg,FA506NCG-HN251WS",ASUS,75990.0,Amd Ryzen 7 7445Hs,16.0,DDR4,512.0,SSD,Rtx 3050,Windows 11,15.6,1920,1080,1,https://m.media-amazon.com/images/I/815OXLbHBjL._SL500_.jpg,,amazon
"ASUS Vivobook Go 14, AMD Ryzen 5 7520U, 16GB RAM, 512GB SSD, FHD, 14"", 60Hz,42WHrs, Windows 11, M365 Basic (1Year)*,Office Home 2024, Mixed Black, 1.38 kg, E1404FA-EB774WS, Thin & Light Laptop",ASUS,48990.0,Amd Ryzen 5 7520U,16.0,DDR4,512.0,SSD,Intel Iris Xe,Windows 11,15.6,1920,1080,1,https://m.media-amazon.com/images/I/71AfM5k3J4L._SL500_.jpg,,amazon
"ASUS Vivobook S16,14th Gen, Intel Core 5-210H,Metallic Design Laptop(Intel UHD iGPU/16GB RAM/512GB SSD/FHD+/16""""/144Hz/Windows 11/M365 Basic(1Year)*/Office Home 2024/Matte Gray/1.7Kg) S3607VA-RP113WS",ASUS,66990.0,Intel Core i5,16.0,DDR4,512.0,SSD,Intel Iris Xe,Windows 11,15.6,1920,1080,1,https://m.media-amazon.com/images/I/71oC7YBkquL._SL500_.jpg,,amazon
"Apple 2026 MacBook Neo 13"" Laptop with A18 Pro chip: Built for AI and Apple Intelligence, Liquid Retina Display, 8GB Unified Memory, 512GB SSD Storage, 1080p FaceTime HD Camera, Touch ID; Indigo",Apple,72990.0,Intel Core i5,8.0,DDR4,512.0,SSD,Intel Iris Xe,Windows 11,15.6,1366,768,1,https://m.media-amazon.com/images/I/61vTx-Qa1QL._SL500_.jpg,,amazon
"ASUS Vivobook 14 (2026),Intel Core Ultra 5 225H, Intel iGPU,16GB RAM,1TB SSD,FHD+, 14""(35.5 cm),Windows 11,M365 Basic(1 Year)* Office 2024, Platinum Gold, 1.46 Kg, X1407CA-LY1581WS,Thin & Light Laptop",ASUS,68990.0,Intel Core Ultra 5,16.0,DDR4,512.0,SSD,Intel Iris Xe,Windows 11,15.6,1920,1080,1,https://m.media-amazon.com/images/I/418dOHs7XKL._SL500_.jpg,,amazon
"HP Omnibook 5 OLED (Previously Pavilion), Snapdragon X Processor (16GB LPDDR5x,1TB SSD) 2K OLED,16''/40.6cm, Win11, M365*Office24, Glacier Silver, 1.59kg, fb0001QU, Backlit, Next-Gen AI Laptop",HP,73490.0,Snapdragon X Processor,16.0,LPDDR5X,512.0,SSD,Intel Iris Xe,Windows 11,15.6,2560,1600,1,https://m.media-amazon.com/images/I/71yaFtjgRzL._SL500_.jpg,,amazon
"Apple 2026 MacBook Neo 13″ Laptop with A18 Pro chip: Built for AI and Apple Intelligence, Liquid Retina Display, 8GB Unified Memory, 256GB SSD Storage, 1080p FaceTime HD Camera; Citrus",Apple,65000.0,Intel Core i5,8.0,DDR4,256.0,SSD,Intel Iris Xe,Windows 11,15.6,1366,768,1,https://m.media-amazon.com/images/I/61N2I4e0PNL._SL500_.jpg,,amazon
"HP 15 Laptop, AMD Ryzen 7-5825U [16GB DDR4 Ram/512GB SSD/Win11/Office Home'2024/M365 Basic(1yr)*/Anti-Glare,Micro-Edge,15.6''/39.6cm FHD/Silver,1.59kg /Backlit KB+FHD Camera+Radeon Graphics] fc0533AU",HP,55990.0,Intel Core i5,16.0,DDR4,512.0,SSD,Intel Iris Xe,Windows 11,15.6,1920,1080,1,https://m.media-amazon.com/images/I/713CLhU8hQL._SL500_.jpg,,amazon
"ASUS Vivobook Go 14, AMD Ryzen 5 7520U Processor, 8GB RAM,512GB SSD,AMD Radeon iGPU, 14"" FHD, Windows 11,M365 Basic (1Year)*,Office Home 2024, Silver, 1.38 kg, E1404FA-EB2521WS, Thin & Light Laptop",ASUS,51900.0,Amd Ryzen 5 7520U,8.0,DDR4,512.0,SSD,Amd Radeon Igpu,Windows 11,15.6,1920,1080,1,https://m.media-amazon.com/images/I/61zCOW4pdlL._SL500_.jpg,,amazon
"Primebook 2 Neo (2026) | 6GB RAM, 128GB Storage (Upgradable Upto 512GB) | MediaTek Helio G99 | Android 15 (PrimeOS3.0) | in-Built AI | 11.6” Thin & Light Laptop | Type-C, USB, MicroSD Ports",Mi,19490.0,Intel Core i5,6.0,DDR4,128.0,SSD,Intel Iris Xe,Windows 11,15.6,1920,1080,1,https://m.media-amazon.com/images/I/713cu-sW3TL._SL500_.jpg,,amazon
"HP Pavilion Plus, Intel Core i5-1335U-13th Gen Laptop, (16GB LPDDR5x,512GB SSD),IPS, 300 nits, 14''(35.6cm) 2K,Win 11, M365 Basic(1yr), Office Home 24, Silver,1.38kg, 5MP Camera w/Shutter, ew0107TU",HP,64990.0,Intel Core I5-1335U,16.0,LPDDR5X,512.0,SSD,Intel Iris Xe,Windows 11,15.6,2560,1600,1,https://m.media-amazon.com/images/I/61s8J1vGi0L._SL500_.jpg,,amazon
"HP 15, 13th Gen Intel Core i3-1315U Laptop (8GB DDR4, 512GB SSD) Anti-Glare, Micro-Edge, 15.6""/39.6cm, FHD, Win 11, MS Office 21, Grey, 1.59kg, Intel UHD Graphics, 1080p FHD Camera, fd0006TU/fd0465TU",HP,46800.0,Intel Core I3-1315U,8.0,DDR4,512.0,SSD,Intel Uhd Graphics,Windows 11,15.6,1920,1080,1,https://m.media-amazon.com/images/I/71TX6oxinrL._SL500_.jpg,,amazon
"𝗗𝗲𝗹𝗹Model 5420 Business Laptop | Core i5 11th Gen | 8GB DDR4 RAM | 256GB SSD | 14"" Full HD Display | Win 10 | A+ (Pre-Owned & Tested)",𝗗𝗲𝗹𝗹model,26995.0,Intel Core i5,8.0,DDR4,256.0,SSD,Intel Iris Xe,Windows 11,15.6,1920,1080,1,https://m.media-amazon.com/images/I/51vIhMJreOL._SL500_.jpg,,amazon
"HP Omnibook 3, Snapdragon X Processor, 45 TOPS (16GB LPDDR5x, 512GB SSD) 2K, WUXGA, IPS, 14''/35.6cm, Win 11, Office 24, Silver, 1.4kg, hz0026QU, FHD IR Camera, 42% Lighter mini GaN Charger, AI Laptop",HP,61990.0,Snapdragon X Processor,16.0,LPDDR5X,512.0,SSD,Intel Iris Xe,Windows 11,15.6,3840,2160,1,https://m.media-amazon.com/images/I/61iVAA34LyL._SL500_.jpg,,amazon
"Lenovo IdeaPad Slim 5 AMD Ryzen AI 7 350 (24GB RAM/1TB SSD/14 (35.5cm)/WUXGA OLED/Lenovo AI Now/Copilot+ PC/Windows 11/MSO 365 Basic+Office 2024/1Yr ADP Free/Grey/1.4Kg), 83HX009DIN AI Laptop",Lenovo,89990.0,Intel Core i5,24.0,DDR4,512.0,SSD,Intel Iris Xe,Windows 11,15.6,3840,2160,1,https://m.media-amazon.com/images/I/7171vpsyluL._SL500_.jpg,,amazon
"acer Aspire Lite,13th Gen, Intel Core i5-13420H Processor, 16 GB RAM, 512 GB SSD, Full HD IPS, 15.6""/39.62 cm, Windows 11 Home, MS Office, Pure Silver, 1.70 kg, AL15-52H, Thin and Light Laptop",Acer,59270.0,Intel Core I5-13420H,16.0,DDR4,512.0,SSD,Intel Iris Xe,Windows 11,15.6,1920,1080,1,https://m.media-amazon.com/images/I/81CAThD9XUL._SL500_.jpg,,amazon
"Lenovo Yoga Slim 7 (Smartchoice) Aura Edition, Intel Core Ultra 5 226V, 16GB RAM, 1TB SSD, WUXGA OLED, Copilot+ AI PC, 40 TOPS, 14""/35.5cm, Windows 11, Office 2024, Grey, 1.19Kg, 83JX005FIN, AI Laptop",Lenovo,99990.0,Intel Core Ultra 5,16.0,DDR4,512.0,SSD,Intel Iris Xe,Windows 11,15.6,1920,1080,1,https://m.media-amazon.com/images/I/815+LXzloGL._SL500_.jpg,,amazon
"Lenovo IdeaPad Slim 3 AMD Ryzen 7 8840HS 15.3 inch (38.8cm) WUXGA IPS Laptop (16GB RAM/512GB SSD/Windows 11/Office Home 2024/Backlit Keyboard/1Yr ADP Free/Grey/1.6Kg), 83KA004SIN",Lenovo,65990.0,Amd Ryzen 7 8840Hs,16.0,DDR4,512.0,SSD,Intel Iris Xe,Windows 11,15.3,1920,1080,1,https://m.media-amazon.com/images/I/715WsxkNIcL._SL500_.jpg,,amazon
"Lenovo Yoga Slim 7 Intel Core Ultra 7 155H 14""(35.5cm) WUXGA-OLED 400Nits Laptop (32GB RAM/1TB SSD/AI PC/2Wx4 Speakers/Windows 11/Office Home 2024/1Yr ADP Free/Grey/1.39Kg), 83CV00D3IN",Lenovo,105890.0,Intel Core Ultra 7,32.0,DDR4,512.0,SSD,Intel Iris Xe,Windows 11,15.6,1920,1080,1,https://m.media-amazon.com/images/I/81xbSMHZ0UL._SL500_.jpg,,amazon
"HP 15, Intel Core 5-120U (16GB DDR4, 512GB SSD) FHD, Anti-Glare, Micro-Edge, 15.6''/39.6cm, Win11, M365 Basic(1yr), Office Home24, Silver,1.59kg, FD0640TU/fd0682tu, FHD Camera w/Shutter, BL Laptop",HP,62990.0,Intel Core i5,16.0,DDR4,512.0,SSD,Intel Iris Xe,Windows 11,15.6,1920,1080,1,https://m.media-amazon.com/images/I/71Go8vTBwXL._SL500_.jpg,,amazon
"HP Laptop 15 Intel Core i3 13th Gen (8GB|512 GB SSD)/Window 11 Home 15-FD0533TU Laptop (15.6 inch,Natural Silver,1.59 kg, with MS Office",HP,44990.0,Intel Core I3 13Th,8.0,DDR4,512.0,SSD,Intel Iris Xe,Windows 11,15.6,1920,1080,1,https://m.media-amazon.com/images/I/51wbekXOKuL._SL500_.jpg,,amazon
"ASUS Zenbook 14 (2026),Intel Core Ultra 9 285H,Intel Arc iGPU,32GB RAM,1TB SSD,OLED,Touchscreen,14""(35.5 cm),Win 11,M365 Basic(1Y)* Office 24,Ponder Blue,1.28 Kg,UX3405CA-QL1016WS,Thin & Light Laptop",ASUS,119990.0,Intel Core Ultra 9,32.0,DDR4,512.0,SSD,Intel Arc Igpu,Windows 11,15.6,1920,1080,1,https://m.media-amazon.com/images/I/71ai5xTElNL._SL500_.jpg,,amazon
"HP 15, Intel Core Ultra 5 125H (16GB DDR5, 1TB SSD) FHD, IPS, 15.6''/39.6cm, Win11, M365 Basic(1yr)*Office24, Silver, 1.65kg, fd1354TU, Intel Arc Graphics, FHD Camera w/Shutter, AI Powered Laptop",HP,79990.0,Intel Core Ultra 5,16.0,DDR5,512.0,SSD,Intel Arc Graphics,Windows 11,15.6,1920,1080,1,https://m.media-amazon.com/images/I/71dyfY6G0aL._SL500_.jpg,,amazon
"ASUS Vivobook S14, Intel Core Ultra 5 225H, Intel iGPU,16GB RAM,512GB SSD,FHD+,14"",60Hz,Windows 11,M365 Basic (1Year)*,Office Home 2024,Matte Gray,1.4 Kg, S3407CA-LY057WS, Metallic Design Laptop",ASUS,73990.0,Intel Core Ultra 5,16.0,DDR4,512.0,SSD,Intel Iris Xe,Windows 11,15.6,1920,1080,1,https://m.media-amazon.com/images/I/712EOz9RYnL._SL500_.jpg,,amazon
"HP 15 (2026), AMD Ryzen 7 Octa Core 7730U - (16 GB/512 GB SSD/AMD Radeon Graphics/Windows 11 Pro) Thin and Light Business Laptop/15.6"" FHD Display/Backlit + Fingerprint/Silver/1.5kg/MS Office",HP,58700.0,Intel Core i5,8.0,DDR4,512.0,SSD,Amd Radeon Graphics,Windows 11,15.6,1920,1080,1,https://m.media-amazon.com/images/I/71gGeGiFNKL._SL500_.jpg,,amazon
"Lenovo IdeaPad Slim 3 13th Gen Intel Core i3-1315U 15.6 inch (39.6cm) FHD Laptop (8GB RAM/512GB SSD/Windows 11/Office 2024/1Yr ADP Free/3 Month Game Pass/Grey/1.6Kg), 82X700HMIN",Lenovo,45990.0,Intel Core I3-1315U,8.0,DDR4,512.0,SSD,Intel Iris Xe,Windows 11,15.6,1920,1080,1,https://m.media-amazon.com/images/I/81Be1f26lVL._SL500_.jpg,,amazon
"ASUS Vivobook Go 14, AMD Ryzen 3 7320U, 8GB RAM, 512GB SSD, FHD 14"", Windows 11, Office Home 2024, Mixed Black, 1.38 kg, E1404FA-NK3325WS, AMD Radeon iGPU, M365 Basic (1Year)*, Thin & Light Laptop",ASUS,49990.0,Amd Ryzen 3 7320U,8.0,DDR4,512.0,SSD,Amd Radeon Igpu,Windows 11,15.6,1920,1080,1,https://m.media-amazon.com/images/I/71Mh-ltniDL._SL500_.jpg,,amazon
"Model H.P x360 1030 G4 Foldable Laptop (Core i7 8th 8565Gen/8GB RAM /256GB SSD/Win 10 Pro/UHD 620 Graphics), 13.3-inch Silver (Pre-Owned & Tested)",Model,27999.0,Intel Core i5,8.0,DDR4,256.0,SSD,Intel Iris Xe,Windows 11,15.6,1366,768,1,https://m.media-amazon.com/images/I/615HchoZhpL._SL500_.jpg,,amazon
"ASUS Vivobook 15, Intel Core i7 13th Gen 13620H, 16GB RAM, 512GB SSD, FHD 15.6"", Windows 11, Office Home 2024, Cool Silver, 1.70kg, X1502VA-BQ837WS, Intel UHD iGPU, M365 Basic (1Year)* Laptop",ASUS,62990.0,Intel Core I7 13Th,16.0,DDR4,512.0,SSD,Intel Iris Xe,Windows 11,15.6,1920,1080,1,https://m.media-amazon.com/images/I/71vmuzVDRFL._SL500_.jpg,,amazon
"Dell 15, Intel Core i3 13th Gen -1305U, 16GB DDR4, 512GB SSD, FHD, 15.6""/39.6cm, Windows 11, Microsoft Office Home 2024, Carbon Grey, 1.66Kg, [Vostro 3530], Intel UHD Graphics, Thin & Light Laptop",Dell,50990.0,Intel Core I3 13Th,16.0,DDR4,512.0,SSD,Intel Uhd Graphics,Windows 11,15.6,1920,1080,1,https://m.media-amazon.com/images/I/7156bBh8W2L._SL500_.jpg,,amazon
"Lenovo 14 (2025), Intel Core i5 13th Gen 13420H - (16 GB/512 GB SSD/Intel UHD Graphics/Windows 11) Thin and Light Business Laptop/14.0"" FHD Display/Iron Grey/1.4 kg/Microsoft Office 2021",Lenovo,63700.0,Intel Core I5 13Th,8.0,DDR4,512.0,SSD,Intel Uhd Graphics,Windows 11,14.0,1920,1080,1,https://m.media-amazon.com/images/I/51EoL+jnhLL._SL500_.jpg,,amazon
"acer Aspire 3, Intel Core Celeron N4500, 12GB LPDDR4X RAM, 512GB SSD, HD, 15.6""/39.62cm, Windows 11 Home, Pure Silver, 1.5KG, A325-45, Thin and Light Laptop",Acer,39990.0,Intel Core i5,12.0,LPDDR4X,512.0,SSD,Intel Iris Xe,Windows 11,15.6,1366,768,1,https://m.media-amazon.com/images/I/61+6C077NmL._SL500_.jpg,,amazon
"Lenovo IdeaPad Slim 3 13th Gen Core i7-13620H 15.3"" (38.8cm) WUXGA IPS Laptop (16GB RAM/1TB SSD/Win 11/Office 2024/Backlit/1Yr ADP Free/Top Metal Cover & IR Camera/Grey/1.6Kg), 83K100TDIN",Lenovo,84400.0,Intel Core i5,16.0,DDR4,512.0,SSD,Intel Iris Xe,Windows 11,15.3,1920,1080,1,https://m.media-amazon.com/images/I/71K-77wHn2L._SL500_.jpg,,amazon
"Aspire Lite 13th Gen Intel Core i5-1334U, Office 2024 + M365 Basic, 16 GB RAM/512GB SSD,Full HD, 15.6""/39.62 cm, Win 11 Home, Steel Gray, 1.59 KG, AL15-53, Metal Body, Thin and Light Premium Laptop",Mi,56900.0,Intel Core I5-1334U,16.0,DDR4,512.0,SSD,Intel Iris Xe,Windows 11,15.6,1920,1080,1,https://m.media-amazon.com/images/I/61yC4DN4asL._SL500_.jpg,,amazon
"Certified ThinkPad T430s (Slim) Core i5 3320m – 8GB RAM, 128GB SSD 14"", Win 10 Pro, Professional Business Laptop",Certified,13990.0,Intel Core i5,8.0,DDR4,128.0,SSD,Intel Iris Xe,Windows 11,15.6,1920,1080,1,https://m.media-amazon.com/images/I/61XGSJcXOOL._SL500_.jpg,,amazon
"acer TravelLite Thin Laptop AMD Ryzen 5 7430U |16GB RAM, 512GB SSD | 14"" Full HD Anti-Glare Display |Privacy Shutter| Windows 11 | Metal Body | 1.34Kg | Black | 3 Year Warranty",Acer,49600.0,Amd Ryzen 5 7430U,16.0,DDR4,512.0,SSD,Intel Iris Xe,Windows 11,15.6,3840,2160,1,https://m.media-amazon.com/images/I/81fYz-KdI6L._SL500_.jpg,,amazon
"Lenovo ThinkBook 16 AMD Ryzen 5 7535HS (8GB RAM/512GB SSD/Win 11 Home/Office 2024/Backlit Keyboard/Fingerprint) 16"" WUXGA IPS 300 Nits Thin & Light Laptop/1Y Warranty/Aluminium Top/1.7kg, 21MWA0BRIN",Lenovo,73990.0,Amd Ryzen 5 7535Hs,8.0,DDR4,512.0,SSD,Intel Iris Xe,Windows 11,15.6,1920,1080,1,https://m.media-amazon.com/images/I/51XpiWaeMQL._SL500_.jpg,,amazon
"Lenovo V15 G4 (2024), AMD Ryzen 3 7320U Quad Core - (8GB/512GB SSD/AMD Radeon Graphics/Windows 11 Home) Thin and Light Business Laptop/15.6"" FHD Display/Arctic Grey/1.57 kg/MS Office 2021",Lenovo,46990.0,Amd Ryzen 3 7320U,8.0,DDR4,512.0,SSD,Amd Radeon Graphics,Windows 11,15.6,1920,1080,1,https://m.media-amazon.com/images/I/61AccNkmFFL._SL500_.jpg,,amazon
"HP Smartchoice Victus, AMD Ryzen 7 7445HS, 6GB RTX 3050, 16GB DDR5(Upgradeable) 512GB SSD, FHD, 144Hz, 300 nits, 15.6''/39.6cm, Win 11, M365* Office24, Blue, 2.29kg, fb3134AX/3120ax, Gaming Laptop",HP,84990.0,Amd Ryzen 7 7445Hs,16.0,DDR5,512.0,SSD,Rtx 3050,Windows 11,15.6,1920,1080,1,https://m.media-amazon.com/images/I/71o5eHSQiKL._SL500_.jpg,,amazon
"Lenovo IdeaPad Slim 5 Ryzen 7 7735HS (16GB RAM/512GB SSD/Integrated AMD Radeon 680M Graphics/WUXGA IPS Display/13.3"" (33.7cm)/Windows 11/Office Home 2024/Backlit KB/Grey/1.15Kg), 83J2000HIN Laptop",Lenovo,77990.0,Intel Core i5,16.0,DDR4,512.0,SSD,Amd Radeon 680M,Windows 11,13.3,1920,1080,1,https://m.media-amazon.com/images/I/616BhYEGRHL._SL500_.jpg,,amazon
"HP 15 (2026), AMD Ryzen 5 Hexa Core 7535U - (8 GB DDR5/512 GB SSD/AMD Radeon 660M Graphics/Windows 11 Home) Thin and Light Business Laptop/15.6"" FHD Display/Turbo Silver/Copilot Key/1.5kg/MS Office",HP,47810.0,Intel Core i5,8.0,DDR5,512.0,SSD,Amd Radeon 660M,Windows 11,15.6,1920,1080,1,https://m.media-amazon.com/images/I/71vF+WK+vrL._SL500_.jpg,,amazon
"Lenovo LOQ, 13th Gen Intel Core i7 13700HX, RTX 5050-8GB, 16GB RAM, 1TB SSD, FHD, 15.6""/39.6cm, 144Hz, Windows 11, Office 2024, Grey, 2.4Kg, 440 AI Tops, 3 Mon. Game Pass, 83JE00U7IN, AI Gaming Laptop",Lenovo,121800.0,Intel Core I7 13700Hx,16.0,DDR4,512.0,SSD,Rtx 5050,Windows 11,15.6,3840,2160,1,https://m.media-amazon.com/images/I/81Iu6HQRSYL._SL500_.jpg,,amazon
"Lenovo IdeaPad Slim 3, Intel Core i3 13th Gen 1315U, 8GB RAM, 512GB SSD, FHD 15.6""(39.6cm), Windows 11, Office 2024, Grey, 1.6Kg, 82X700G5IN, Alexa Built-in, 1Yr ADP Free, 3 Month Game Pass Laptop",Lenovo,47490.0,Intel Core I3 13Th,8.0,DDR4,512.0,SSD,Intel Iris Xe,Windows 11,15.6,1920,1080,1,https://m.media-amazon.com/images/I/81Be1f26lVL._SL500_.jpg,,amazon
"HP 15 (2026), AMD Ryzen 5 Hexa Core 7535U - (8 GB DDR5/512 GB SSD/AMD Radeon 660M Graphics/Windows 11 Pro) Thin and Light Business Laptop/15.6"" FHD Display/Turbo Silver/Copilot Key/1.5kg/MS Office",HP,48309.0,Intel Core i5,8.0,DDR5,512.0,SSD,Amd Radeon 660M,Windows 11,15.6,1920,1080,1,https://m.media-amazon.com/images/I/71FL4Z5JtiL._SL500_.jpg,,amazon
"Lenovo IdeaPad Slim 3, 13th Gen Intel Core i5 13420H, 24GB RAM, 1TB SSD, WUXGA IPS, 15.3""/38.8cm, Windows 11, Office Home 2024, Grey, 1.6Kg, Backlit Keyboard, 1Yr ADP Free, 83K100PLIN, Laptop",Lenovo,78990.0,Intel Core I5 13420H,24.0,DDR4,512.0,SSD,Intel Iris Xe,Windows 11,15.3,1920,1080,1,https://m.media-amazon.com/images/I/71D9HSayVSL._SL500_.jpg,,amazon
"Lenovo Thinkpad E16 G2 16-inch (40.64 CM) Laptop, AMD Ryzen 7 7735HS (8-Core), 16GB DDR5 RAM, 512GB NVMe SSD, FHD+ IPS Display, Radeon 680M, Wi-Fi 6, Fingerprint Reader, Windows 11, MS-Office 2024",Lenovo,79999.0,Amd Ryzen 7 7735Hs,16.0,DDR5,512.0,SSD,Intel Iris Xe,Windows 11,15.6,1920,1080,1,https://m.media-amazon.com/images/I/41uEbB6OfGL._SL500_.jpg,,amazon
"Lenovo 14 (2025), Intel Core i5 13th Gen 1335U - (16 GB/512 GB SSD/Intel UHD Graphics/Windows 11 Pro) Thin and Light Business Laptop/14.0"" FHD Display/Iron Grey/1.4 kg/MS Office 2021",Lenovo,62990.0,Intel Core I5 13Th,8.0,DDR4,512.0,SSD,Intel Uhd Graphics,Windows 11,14.0,1920,1080,1,https://m.media-amazon.com/images/I/61aMJDDv+aL._SL500_.jpg,,amazon
"HP 15 (2026), AMD Ryzen 7 Octa Core 7735U - (16 GB DDR5/512 GB SSD/AMD Radeon 680M Graphics/Windows 11 Home) Thin & Light Business Laptop/15.6"" FHD Display/Backlit + Fingerprint/Silver/1.5kg/MS Office",HP,57410.0,Intel Core i5,16.0,DDR5,512.0,SSD,Amd Radeon 680M,Windows 11,15.6,1920,1080,1,https://m.media-amazon.com/images/I/71T8jpcdOxL._SL500_.jpg,,amazon
"Dell Inspiron 3530, Intel Core i5 13th Gen-1334U,16GB RAM, 1TB SSD, FHD 15.6""/39.62 cm, Win11+MSO'24 (Office 365*) Silver, 1.62kg, Backlit Keyboard,120Hz 250 nits Display /15 Month McAfee,Thin & Light",Dell,63990.0,Intel Core I5 13Th,16.0,DDR4,512.0,SSD,Intel Iris Xe,Windows 11,15.6,2560,1600,1,https://m.media-amazon.com/images/I/61RbF1RaoeL._SL500_.jpg,,amazon
"acer Aspire 3, Intel Pentium N6000, 12GB LPDDR4X RAM, 512GB SSD, HD, 15.6""/39.62cm, Windows 11 Home, Pure Silver, 1.5KG, A325-45, Thin and Light Laptop",Acer,39990.0,Intel Pentium N6000,12.0,LPDDR4X,512.0,SSD,Intel Iris Xe,Windows 11,15.6,1366,768,1,https://m.media-amazon.com/images/I/61CISrp2PzL._SL500_.jpg,,amazon
"Samsung Galaxy Book4 15.6"" Full HD Screen | Intel Core i5 1335U Processor | 16GB RAM | 512GB SSD | Windows 11 Home | ms-Office | Fingerprint Reader | Intel Iris XE Graphics | NP750XGJ-LG7IN | Grey.",Samsung,60750.0,Intel Core I5 1335U,16.0,DDR4,512.0,SSD,Intel Iris Xe,Windows 11,15.6,1920,1080,1,https://m.media-amazon.com/images/I/61I43SYGRQL._SL500_.jpg,,amazon
"HP Professional 15 (2026), Intel (i3 14th Gen) Core 3 100U - (16 GB/512 GB SSD/Intel UHD Graphics/Windows 11 Home) Thin & Light Business Laptop/15.6"" Display/Turbo Silver/Copilot Key/1.5kg/MS Office",HP,53410.0,Intel Core i5,8.0,DDR4,512.0,SSD,Intel Uhd Graphics,Windows 11,15.6,1366,768,1,https://m.media-amazon.com/images/I/619floeDsCL._SL500_.jpg,,amazon
"ASUS Vivobook 15,13th Gen,Intel Core i7-13620H(Intel UHD iGPU/16GB RAM/1TB SSD/FHD/15.6""/60Hz/Backlit Keyboard/42Whr/Windows 11/M365 Basic (1Year)*/Office Home 2024/Quiet Blue/1.7 Kg)X1502VA-BQ1298WS",ASUS,71990.0,Intel Core I7-13620H,16.0,DDR4,512.0,SSD,Intel Iris Xe,Windows 11,15.6,1920,1080,1,https://m.media-amazon.com/images/I/71+Z4X9elML._SL500_.jpg,,amazon
"Certified | Thinkpad T430 Professional Business Laptop | Core i5-3320M | 16GB RAM | 1TB SSD | 14” HD Display | WiFi | Webcam | Win 10 Pro (Core i5-3320m, 1, TB)",Certified,19990.0,Intel Core i5,16.0,DDR4,512.0,SSD,Intel Iris Xe,Windows 11,15.6,1366,768,1,https://m.media-amazon.com/images/I/61rLg7iMuXL._SL500_.jpg,,amazon
"ASUS Zenbook 14, Intel Core Ultra 5 Series 2, 16GB RAM, 1TB SSD, 3K OLED 14"", Touchscreen, Win 11, Office Home 2024, Ponder Blue, 1.28kg, UX3405CA-PZ162WS, Intel Arc iGPU, M365 Basic (1Year)* Laptop",ASUS,106990.0,Intel Core Ultra 5,16.0,DDR4,512.0,SSD,Intel Arc Igpu,Windows 11,15.6,1920,1080,1,https://m.media-amazon.com/images/I/71n6Fs5KQPL._SL500_.jpg,,amazon
Model𝗟𝗲𝗻𝗼𝘃𝗼 L490 Laptop | Core i5 8th Gen | 16GB RAM | 512GB SSD | 14-inch Full HD Display Win 10 pro | (PRE-Owned & Tested),Model𝗟𝗲𝗻𝗼𝘃𝗼,25299.0,Intel Core i5,16.0,DDR4,512.0,SSD,Intel Iris Xe,Windows 11,15.6,1920,1080,1,https://m.media-amazon.com/images/I/51G8BlhaMAL._SL500_.jpg,,amazon
"ASUS Vivobook 16, Snapdragon X, 16GB RAM, 512GB SSD, FHD+ 16"", Windows 11, Office Home 2024, Quiet Blue, 1.88kg, X1607QA-MB049WS, Qualcomm Adreno iGPU, 45TOPS, M365 Basic (1Year)* Laptop",ASUS,58490.0,Snapdragon X,16.0,DDR4,512.0,SSD,Intel Iris Xe,Windows 11,15.6,1920,1080,1,https://m.media-amazon.com/images/I/71oGM-26fZL._SL500_.jpg,,amazon
"Lenovo IdeaPad Slim 1, AMD Ryzen 5 5500U, 16GB RAM, 512GB SSD, HD, 15.6"", Windows 11 Home, MS Office 21, Cloud Grey, 1.61Kg, 82R400ERIN, Integrated AMD Graphics, 1Yr ADP Free, Thin and Light Laptop",Lenovo,53350.0,Amd Ryzen 5 5500U,16.0,DDR4,512.0,SSD,Intel Iris Xe,Windows 11,15.6,1366,768,1,https://m.media-amazon.com/images/I/71xHNSCyRsL._SL500_.jpg,,amazon
"ASUS Zenbook 14 (2026),Intel Core Ultra 7 255H,Intel Arc iGPU,32GB RAM,1TB SSD,OLED,Touchscreen,14""(35.5 cm),Win 11,M365 Basic(1Y)* Office 24,Ponder Blue,1.28 Kg,UX3405CA-QL1015WS,Thin & Light Laptop",ASUS,115990.0,Intel Core Ultra 7,32.0,DDR4,512.0,SSD,Intel Arc Igpu,Windows 11,15.6,1920,1080,1,https://m.media-amazon.com/images/I/71+Z7DtsGdL._SL500_.jpg,,amazon
"HP 15 (2025), Intel Core i3 13th Gen 1315U - (32 GB/512 GB SSD/Intel UHD Graphics/Windows 11 Pro) Thin and Light Business Laptop/15.6"" HD Display/Ash Grey/1.5 kg/MS Office 2021",HP,61999.0,Intel Core I3 13Th,8.0,DDR4,512.0,SSD,Intel Uhd Graphics,Windows 11,15.6,1366,768,1,https://m.media-amazon.com/images/I/71zPPqzxUsL._SL500_.jpg,,amazon
"Lenovo ThinkPad E14 AMD Ryzen 7 7735HS (16GB RAM/512GB SSD/Win11 Home/Office 2024/Backlit Keyboard/Fingerprint) 14"" WUXGA IPS 300 Nits Thin & Light Laptop/1Y Warranty/Aluminium Top/1.42 kg,21M3S0KV00",Lenovo,97990.0,Amd Ryzen 7 7735Hs,16.0,DDR4,512.0,SSD,Intel Iris Xe,Windows 11,15.6,1920,1080,1,https://m.media-amazon.com/images/I/312AAM6ktlL._SL500_.jpg,,amazon
"HP 15 (2025), Intel Celeron Dual Core N4500 - (8 GB/256 GB SSD/Intel UHD Graphics/Windows 11 Home) Thin and Light Business Laptop/15.6"" HD Display/Ash Grey/1.5 kg/MS Office 2021",HP,37990.0,Intel Celeron Dual,8.0,DDR4,256.0,SSD,Intel Uhd Graphics,Windows 11,15.6,1366,768,1,https://m.media-amazon.com/images/I/61vYp38K6mL._SL500_.jpg,,amazon
"HP Professional 14 (2025), Intel Core i3 13th Gen 1315U - (16 GB/512 GB SSD/Intel UHD Graphics/Windows 11 Pro) Thin and Light Business Laptop/14.0"" HD Display/Turbo Silver/1.4 Kg/MSO 2021",HP,52800.0,Intel Core I3 13Th,8.0,DDR4,512.0,SSD,Intel Uhd Graphics,Windows 11,14.0,1366,768,1,https://m.media-amazon.com/images/I/71mlCwkDsIL._SL500_.jpg,,amazon
"HP 15, 13th Gen Intel Core i5-1334U Laptop (16GB DDR4, 512GB SSD) Anti-Glare, 15.6""/39.6cm, FHD, Win 11, Office 24, Silver, 1.59kg, Iris Xe Graphics, FHD Camera, Backlit KB, FD0577TU",HP,69990.0,Intel Core I5-1334U,16.0,DDR4,512.0,SSD,Intel Iris Xe,Windows 11,15.6,1920,1080,1,https://m.media-amazon.com/images/I/71J+OBadJCL._SL500_.jpg,,amazon
"Acer Aspire Lite, AMD Ryzen 3-7330U, Office 2024 + M365 Basic,8GB RAM, 256GB SSD, Full HD IPS, 15.6""/39.62 cm, Windows 11 Home, Steel Gray, 1.59 KG, AL15-41, Metal Body, Premium Thin and Light Laptop",Acer,41990.0,Intel Core i5,8.0,DDR4,256.0,SSD,Intel Iris Xe,Windows 11,15.6,1920,1080,1,https://m.media-amazon.com/images/I/513p8BwV-RL._SL500_.jpg,,amazon
"ASUS Vivobook Go 14, AMD Ryzen 5 7520U, 16GB RAM, 512GB SSD, FHD 14"", Windows 11, Office Home 2024, Black, 1.38kg, E1404FA-NK5542WS, AMD Radeon iGPU, 42WHrs, M365 Basic (1Year)* Laptop",ASUS,55900.0,Amd Ryzen 5 7520U,16.0,DDR4,512.0,SSD,Amd Radeon Igpu,Windows 11,15.6,1920,1080,1,https://m.media-amazon.com/images/I/71BZ8gtU6sL._SL500_.jpg,,amazon
"ASUS Zenbook Duo (2026),Intel Core Ultra 7 (Series 3),Intel iGPU,32GB RAM,1TB SSD,3K OLED,Touchscreen,14""(35.5 cm),Windows 11,M365 Basic(1Y),Office 24,Moher Gray,1.65 Kg, UX8407AA-SN183WS,Copilot+ PC",ASUS,299990.0,Intel Core Ultra 7,32.0,DDR4,512.0,SSD,Intel Iris Xe,Windows 11,15.6,1920,1080,1,https://m.media-amazon.com/images/I/7126hEkIukL._SL500_.jpg,,amazon
"Lenovo IdeaPad 5 2-in-1 AMD Ryzen AI 5 340 (16GB RAM/512GB SSD/14 (35.5cm)/WUXGA IPS/Windows 11/Copilot+PC/Microsoft 365 Basic + Office 2024/Digital Pen 2/Grey/1.6Kg), 83KT0052IN Convertible Laptop",Lenovo,77990.0,Intel Core i5,16.0,DDR4,512.0,SSD,Intel Iris Xe,Windows 11,15.6,1920,1080,1,https://m.media-amazon.com/images/I/81SHKxdSbyL._SL500_.jpg,,amazon
"Aspire Lite 13th Gen Intel Core i5-1334U, Office 2024 + M365 Basic, 16 GB RAM/512GB SSD, Full HD, 15.6""/39.62 cm, Win 11 Home, Backlit KB, Steel Gray, 1.59 KG, AL15-53, Metal Body, Thin & Light Laptop",Aspire,56990.0,Intel Core I5-1334U,16.0,DDR4,512.0,SSD,Intel Iris Xe,Windows 11,15.6,1920,1080,1,https://m.media-amazon.com/images/I/61yC4DN4asL._SL500_.jpg,,amazon
"Lenovo IdeaPad Slim 3 13th Gen Core i5-13420H 15.3 inch (38.8cm) WUXGA IPS Laptop (16GB RAM/1TB SSD/Windows 11/Office Home 2024/Backlit Keyboard/1Yr ADP Free/3 Mon. Game Pass/Grey/1.6Kg), 83K100HSIN",Lenovo,70990.0,Intel Core i5,16.0,DDR4,512.0,SSD,Intel Iris Xe,Windows 11,15.3,1920,1080,1,https://m.media-amazon.com/images/I/71D9HSayVSL._SL500_.jpg,,amazon
"ASUS Vivobook Go 15 (2025), AMD Ryzen 5 7520U Thin & Light Laptop(16GB RAM/512GB SSD/FHD/15.6""/60Hz/Windows 11/M365 Basic (1Year)*/Office Home 2024/Backlit KB/Mixed Black/1.63Kg) E1504FA-BQ2414WS",ASUS,54499.0,Amd Ryzen 5 7520U,16.0,DDR4,512.0,SSD,Intel Iris Xe,Windows 11,15.6,1920,1080,1,https://m.media-amazon.com/images/I/61EDWCjLk8L._SL500_.jpg,,amazon
"𝗗𝗲𝗹𝗹Laptop Model 5400 Corporate Laptop | i5 8th Gen | 8GB RAM | 256GB SSD | 14"" FHD | Win 10 | A+ Grade (Refab) 𝐍𝐨𝐂𝐨𝐬𝐭𝐄𝐌𝐈",𝗗𝗲𝗹𝗹laptop,27499.0,Intel Core i5,8.0,DDR4,256.0,SSD,Intel Iris Xe,Windows 11,15.6,1920,1080,1,https://m.media-amazon.com/images/I/31q2-8TNSZL._SL500_.jpg,,amazon
"Lenovo 14 (2025), Intel Core i5 13th Gen 13420H - (8 GB/512 GB SSD/Intel UHD Graphics/Windows 11 Home) Thin and Light Business Laptop/14.0"" FHD Display/Iron Grey/1.4 kg/Microsoft Office 2021",Lenovo,57990.0,Intel Core I5 13Th,8.0,DDR4,512.0,SSD,Intel Uhd Graphics,Windows 11,14.0,1920,1080,1,https://m.media-amazon.com/images/I/61sORc7KqSL._SL500_.jpg,,amazon
"Lenovo 15 (2026), Intel Core i3 13th Gen 1315U - (8 GB DDR5/512 GB SSD/Intel UHD Graphics/Windows 11 Pro) Thin and Light Business Laptop/15.6"" FHD Display/Iron Grey/1.6 kg/MS Office",Lenovo,47410.0,Intel Core I3 13Th,8.0,DDR5,512.0,SSD,Intel Uhd Graphics,Windows 11,15.6,1920,1080,1,https://m.media-amazon.com/images/I/91IQob-TTzL._SL500_.jpg,,amazon
"HP Professional 15 (2026), Intel (i5 14th Gen) Core 5 120U - (8 GB/512 GB SSD/Intel Iris Xe Graphics/Windows 11 Home) Business Laptop/15.6"" FHD/Backlit + FingerPrint/Silver/Copilot Key/1.5kg/MS Office",HP,58990.0,Intel Core i5,8.0,DDR4,512.0,SSD,Intel Iris Xe,Windows 11,15.6,1920,1080,1,https://m.media-amazon.com/images/I/71min2uj4ZL._SL500_.jpg,,amazon
"ASUS Vivobook Go 15 (2023) AMD Ryzen 5 Quad Core 7520U - (8 GB/512 GB SSD/Windows 11 Home) E1504FA-NJ521WS Thin and Light Laptop (15.6 Inch, Cool Silver, 1.63 Kg, with MS Office)",ASUS,49990.0,Intel Core i5,8.0,DDR4,512.0,SSD,Intel Iris Xe,Windows 11,15.6,1920,1080,1,https://m.media-amazon.com/images/I/31x9tXSPdpL._SL500_.jpg,,amazon
"HP Professional 14 (2025), Intel Core i5 13th Gen 1334U - 32 GB/512 GB SSD/Intel Iris Xe Graphic/Windows 11 Home Thin and Light Business Laptop/14.0"" FHD/Backlit + Fingerprint/Silver/1.4 Kg/MSO 2021",HP,75999.0,Intel Core I5 13Th,8.0,DDR4,512.0,SSD,Intel Iris Xe,Windows 11,14.0,1920,1080,1,https://m.media-amazon.com/images/I/712g6EKmQDL._SL500_.jpg,,amazon
"Dell Inspiron 3530, Intel Core i5-1334U, 13th Gen, 16GB RAM, 512 SSD, FHD, 15.6""/39.62cm, Windows 11, MS Office 24, Black, 1.62KG, McAfee 15 Month, Thin & Light Laptop",Dell,63000.0,Intel Core I5-1334U,16.0,DDR4,512.0,SSD,Intel Iris Xe,Windows 11,15.6,2560,1600,1,https://m.media-amazon.com/images/I/71WuRLJnL4L._SL500_.jpg,,amazon
"HP Professional 15 (2026), Intel (i3 14th Gen) Core 3 100U - (16 GB/512 GB SSD/Intel UHD Graphics/Windows 11 Pro) Thin & Light Business Laptop/15.6"" Display/Turbo Silver/Copilot Key/1.5kg/MS Office",HP,53990.0,Intel Core i5,8.0,DDR4,512.0,SSD,Intel Uhd Graphics,Windows 11,15.6,1366,768,1,https://m.media-amazon.com/images/I/718-7YE0WQL._SL500_.jpg,,amazon
"HP 14, 13th Gen Intel Core i5-1334U Laptop (16GB DDR4,512GB SSD) Anti-Glare, Micro-Edge, 14/35.6cm, FHD, Win11, M365 Basic(1yr),Office Home24, Silver,1.4kg, FHD Camera w/Privacy Shutter,ep0340TU",HP,63490.0,Intel Core I5-1334U,16.0,DDR4,512.0,SSD,Intel Iris Xe,Windows 11,15.6,3840,2160,1,https://m.media-amazon.com/images/I/71QmnM0kEfL._SL500_.jpg,,amazon
"ASUS Vivobook S16,Intel Core Ultra 7 255H,AI PC(Intel Arc iGPU/16GB RAM/512GB SSD/FHD/16/60Hz/Backlit Keyboard/70Whr/Windows 11/M365 Basic(1Year)*/Office Home 2024/Cool Silver/1.7 Kg) S3607CA-SH077WS",ASUS,90990.0,Intel Core Ultra 7,16.0,DDR4,512.0,SSD,Intel Arc Igpu,Windows 11,15.6,1920,1080,1,https://m.media-amazon.com/images/I/71hCtRyi+LL._SL500_.jpg,,amazon
"DELL Latitude 3540 (2024) Intel Core i3 12th Gen 1215U - (8 GB/512 GB SSD/Intel UHD Graphics/Windows 11 Pro) Thin and Light Business Laptop/15.6"" HD Display/Smoky Black/1.8 kg/MS Office 2021",Dell,45990.0,Intel Core I3 12Th,8.0,DDR4,512.0,SSD,Intel Uhd Graphics,Windows 11,15.6,1366,768,1,https://m.media-amazon.com/images/I/61yY4ZxfCrL._SL500_.jpg,,amazon
Certified | T430 Business Laptop | Core i5-3320m | 16GB RAM | 256GB SSD | 14” HD Display | WiFi | Webcam | Win 10 Pro,Certified,16990.0,Intel Core i5,16.0,DDR4,256.0,SSD,Intel Iris Xe,Windows 11,15.6,1366,768,1,https://m.media-amazon.com/images/I/61rLg7iMuXL._SL500_.jpg,,amazon
"HP Professional 15 (2026), Intel (i3 14th Gen) Core 3 100U - (8 GB/512 GB SSD/Intel UHD Graphics/Windows 11 Pro) Thin & Light Business Laptop/15.6"" Display/Turbo Silver/Copilot Key/1.5kg/MS Office",HP,47810.0,Intel Core i5,8.0,DDR4,512.0,SSD,Intel Uhd Graphics,Windows 11,15.6,1366,768,1,https://m.media-amazon.com/images/I/71LFZxS09oL._SL500_.jpg,,amazon
"HP Professional 14 (2026), Intel (i5 14th Gen) Core 5 120U - (8 GB/512 GB SSD/Intel Iris Xe Graphics/Windows 11 Home) Business Laptop/14.0"" FHD/Backlit + FingerPrint/Silver/Copilot Key/1.4kg/MS Office",HP,57640.0,Intel Core i5,8.0,DDR4,512.0,SSD,Intel Iris Xe,Windows 11,14.0,3840,2160,1,https://m.media-amazon.com/images/I/71loSWi1sZL._SL500_.jpg,,amazon
"Lenovo Yoga 7 2-in-1, Intel Core Ultra 7 258V, 32GB RAM, 1TB SSD, WQXGA+ OLED, Copilot+ AI PC, 14""/35.5cm, Win 11, Office 2024, Seashell, 1.38Kg, 47 Tops, Yoga Pen, 83JQ000NIN, Convertible Laptop",Lenovo,147624.0,Intel Core Ultra 7,32.0,DDR4,512.0,SSD,Intel Iris Xe,Windows 11,15.6,1920,1080,1,https://m.media-amazon.com/images/I/61AaEbXp3LL._SL500_.jpg,,amazon
"Lenovo IdeaPad Slim 3 Intel Core i3 12th Gen 15.6 inch (39.62cm) FHD Thin & Light Laptop (8GB/512GB SSD/Windows 11/Office 2021/3months Game Pass/Arctic Grey/1.63Kg), 82RK00VWIN",Lenovo,49500.0,Intel Core I3 12Th,8.0,DDR4,512.0,SSD,Intel Iris Xe,Windows 11,15.6,1920,1080,1,https://m.media-amazon.com/images/I/81+SKGgJ9yL._SL500_.jpg,,amazon
"HP Professional 240R G10 Ultra-Light Business Laptop with Intel Core 3-100U, 16GB DDR4 RAM, 512GB SSD, 14″ FHD IPS Display, Copilot Key, Windows 11 Pro & MS Office 2024",HP,55210.0,Intel Core i5,16.0,DDR4,512.0,SSD,Intel Iris Xe,Windows 11,15.6,1920,1080,1,https://m.media-amazon.com/images/I/516VbaB5tZL._SL500_.jpg,,amazon
"Lenovo V14 G4 (2024), AMD Ryzen 3 7320U Quad Core - (8GB/512GB SSD/AMD Radeon Graphics 610M/Windows 11) Thin and Light Business Laptop/14 FHD Display/Silver/1.47 kg/MS Office 2021",Lenovo,43750.0,Amd Ryzen 3 7320U,8.0,DDR4,512.0,SSD,Amd Radeon Graphics,Windows 11,15.6,1920,1080,1,https://m.media-amazon.com/images/I/51aoXk4rzXL._SL500_.jpg,,amazon
"ASUS Vivobook S16,Intel Core Ultra 5 225H,AI PC(Intel Arc iGPU/16GB RAM/512GB SSD/FHD/16/60Hz/Backlit Keyboard/70Whr/Windows 11/M365 Basic(1Year)*/Office Home 2024/Cool Silver/1.7 Kg) S3607CA-SH071WS",ASUS,79990.0,Intel Core Ultra 5,16.0,DDR4,512.0,SSD,Intel Arc Igpu,Windows 11,15.6,1920,1080,1,https://m.media-amazon.com/images/I/71MAe4Du8uL._SL500_.jpg,,amazon
"HP Professional 15 (2026), Intel (i5 14th Gen) Core 5 120U - (8 GB/512 GB SSD/Intel Iris Xe Graphics/Windows 11 Pro) Business Laptop/15.6"" FHD/Backlit + Fingerprint/Silver/Copilot Key/1.5kg/MS Office",HP,58520.0,Intel Core i5,8.0,DDR4,512.0,SSD,Intel Iris Xe,Windows 11,15.6,1920,1080,1,https://m.media-amazon.com/images/I/71O31Atk3RL._SL500_.jpg,,amazon
"HP Laptop 255 G9 (2024), AMD Athlon Silver 3050U - (4GB/256GB SSD/AMD Radeon Graphics/Windows 11) Thin and Light Business Laptop/15.6"" (39.62cm)/Black/1.47 kg/MS Office 2021",HP,36990.0,Amd Athlon Silver,8.0,DDR4,256.0,SSD,Amd Radeon Graphics,Windows 11,15.6,1920,1080,1,https://m.media-amazon.com/images/I/71RTGKgUGeL._SL500_.jpg,,amazon
"Lenovo V14 G4 AMD Ryzen 5 7520U 14"" (35.56 cm) FHD Laptop (16GB LPDDR5 RAM/512GB SSD/Windows 11 Home/Ms-Office /2GB AMD Radeon 610M Graphics/Dolby Audio/Arctic Grey/1.43 Kg), 1 Year Warranty",Lenovo,54999.0,Amd Ryzen 5 7520U,16.0,LPDDR5,512.0,SSD,Amd Radeon 610M,Windows 11,15.6,1920,1080,1,https://m.media-amazon.com/images/I/71SPCKh5E+L._SL500_.jpg,,amazon
"MSI Venture 15 AI,Intel Series 1 Core Ultra 5 125H,40CM FHD 144Hz Thin & Light Laptop(16GB/512GB NVMe SSD/Windows 11 Home/Office 2021/Arc Graphics/Solid Gray/1.9Kg) A1MG-005IN",MSI,75700.0,Intel Core i5,8.0,DDR4,512.0,SSD,Intel Iris Xe,Windows 11,15.6,1920,1080,1,https://m.media-amazon.com/images/I/71xWCDzuPwL._SL500_.jpg,,amazon
"DELL Inspiron 5440 (2025) Intel Core i3 13th Gen 1305U - (16 GB/512 GB SSD/Windows 11 Home) Inspiron 5440 Thin and Light Laptop (14 inch, Ice Blue, 1.5 kg, with MS Office)",Dell,53760.0,Intel Core I3 13Th,8.0,DDR4,512.0,SSD,Intel Iris Xe,Windows 11,15.6,1920,1080,1,https://m.media-amazon.com/images/I/815EBJT+CoL._SL500_.jpg,,amazon
"Apple 2025 MacBook Air (13-inch, Apple M4 chip with 10-core CPU and 8-core GPU, 16GB Unified Memory, 256GB) - Silver",Apple,93990.0,Intel Core i5,8.0,DDR4,256.0,SSD,Intel Iris Xe,Windows 11,15.6,1920,1080,1,https://m.media-amazon.com/images/I/711NKCLZfaL._SL500_.jpg,,amazon
"Lenovo IdeaPad Slim 3 15IAH8 Intel Core i5 12th Gen Laptop (16GB, 512GB SSD, Windows 11 Home, 15.6 inch Full HD IPS Display, MS Office 2024, Arctic Grey, 1.62 KG) 83ER00KSIN",Lenovo,61800.0,Intel Core I5 12Th,8.0,DDR4,512.0,SSD,Intel Iris Xe,Windows 11,15.6,1920,1080,1,https://m.media-amazon.com/images/I/51gROiA8AFL._SL500_.jpg,,amazon
"acer Aspire 5 13th Gen Intel Core i5 (16 GB RAM/512 GB SSD/Windows 11 Home/MS Office), A515-58M 15.6"" Full HD IPS 45% NTSC Display, Steel Gray, 1.75 KG",Acer,59990.0,Intel Core i5,16.0,DDR4,512.0,SSD,Intel Iris Xe,Windows 11,15.6,1920,1080,1,https://m.media-amazon.com/images/I/81x3tKnUBaL._SL500_.jpg,,amazon
"Model 5410 Laptop | i5 10th Gen | 8GB DDR4 RAM | 256GB SSD | HD Graphics 620 | 14"" HD Display | Win 10 Pro | A+ Condition (Pre-Owned & Tested)",Model,25995.0,Intel Core i5,8.0,DDR4,256.0,SSD,Intel Iris Xe,Windows 11,15.6,1366,768,1,https://m.media-amazon.com/images/I/51osxwK91fL._SL500_.jpg,,amazon
"Lenovo LOQ Intel Core i5 12th Gen 12450HX - (16 GB/512 GB SSD/Windows 11 Home/6 GB Graphics/NVIDIA GeForce RTX 3050) LOQ 83GS000PIN Gaming Laptop (15.6 inch, Luna Grey, 2.38 Kg, with MS Office)",Lenovo,84990.0,Intel Core I5 12Th,8.0,DDR4,512.0,SSD,Nvidia Geforce Rtx 3050,Windows 11,15.6,1920,1080,1,https://m.media-amazon.com/images/I/51g1O5oCHIL._SL500_.jpg,,amazon
"Lenovo IdeaPad Slim 3 Intel Core i3-1305U 14"" (35.5cm) FHD IPS 300 Nits Thin & Light Laptop (8GB/512GB SSD/Win 11/Office 2021/Alexa Built-in/1 Year ADP Free/Arctic Grey/1.37Kg), 82X60013IN",Lenovo,49888.0,Intel Core I3-1305U,8.0,DDR4,512.0,SSD,Intel Iris Xe,Windows 11,15.6,1920,1080,1,https://m.media-amazon.com/images/I/81K0c1HB7UL._SL500_.jpg,,amazon
"Lenovo IdeaPad 1 Intel Core i3-1315U 15.6 inch (38.5cm) FHD Laptop (8GB RAM/512GB SSD/Windows 11/Office Home 2024/1Year ADP Free/3 Month Game Pass/Grey/1.6Kg), 83B40004IN",Lenovo,47250.0,Intel Core I3-1315U,8.0,DDR4,512.0,SSD,Intel Iris Xe,Windows 11,15.6,1920,1080,1,https://m.media-amazon.com/images/I/715wXIR4U2L._SL500_.jpg,,amazon
"Lenovo IdeaPad Slim 3 12th Gen Intel Core i5-12450H 15.6 inch (39.6cm) FHD Laptop (16GB RAM/512GB SSD/Windows 11/Office Home 2024/1Yr ADP Free/Grey/1.62Kg), 83ER00KPIN",Lenovo,65990.0,Intel Core I5-12450H,16.0,DDR4,512.0,SSD,Intel Iris Xe,Windows 11,15.6,2560,1600,1,https://m.media-amazon.com/images/I/61TRKPzWmBL._SL500_.jpg,,amazon
"HP 15 Business Edition (2025), Intel Core i3 13th Gen 1315U | 16GB RAM | 512GB NVMe SSD | Windows 11 Pro | 15.6"" FHD IPS Anti-Glare Micro-Edge Display | Ultra-Light 1.59kg | Silver | MS Office 2024",HP,52000.0,Intel Core I3 13Th,16.0,DDR4,512.0,SSD,Intel Iris Xe,Windows 11,15.6,1920,1080,1,https://m.media-amazon.com/images/I/41FtNY9zniL._SL500_.jpg,,amazon
"HP Professional 14 (2025), Intel Core i5 13th Gen 1334U - (8 GB/512 GB SSD/Intel Iris Xe Graphics/Windows 11 Pro) Thin and Light Business Laptop/14.0"" FHD/Backlit + Fingerprint/Silver/1.4 Kg/MSO 2021",HP,58900.0,Intel Core I5 13Th,8.0,DDR4,512.0,SSD,Intel Iris Xe,Windows 11,14.0,1920,1080,1,https://m.media-amazon.com/images/I/71R+qOYLRhL._SL500_.jpg,,amazon
"acer TL 14[New Launch], Intel Core i3 13th Gen, 16GB DDR4, 512GB SSD, 14"" FHD IPS Laptop, Win 11Pro, MSO21, Silver,1.34kg, UHD Graphics, Privacy Shutter, MIL 810 Durable Metal Body, 12 AntiVirus",Acer,55990.0,Intel Core I3 13Th,16.0,DDR4,512.0,SSD,Intel Iris Xe,Windows 11,15.6,3840,2160,1,https://m.media-amazon.com/images/I/51Icq7hIANL._SL500_.jpg,,amazon
"ASUS Vivobook 15, (i5 14th Gen) Intel Core 5 120U,Thin & Light Laptop (16GB RAM/512GB SSD/FHD/15.6""/60Hz/Backlit Keyboard/Windows 11/Office 2021/Cool Silver/1.70 kg) X1504VAP-BQ224WS",ASUS,61990.0,Intel Core i5,16.0,DDR4,512.0,SSD,Intel Iris Xe,Windows 11,15.6,1920,1080,1,https://m.media-amazon.com/images/I/716Eix+3A0L._SL500_.jpg,,amazon
"Dell 15 Laptop, 14th Gen Intel Core 3 100U Processor, 8GB, 512GB, Intel UHD Graphics Graphics, 15.6"" FHD 120Hz IPS 250 nit Display, 12 Months Mcafee, Win 11 + Office H&S 2024, Platinum Silver, 1.63kg",Dell,48890.0,Intel Core i5,8.0,DDR4,512.0,SSD,Intel Uhd Graphics,Windows 11,15.6,1920,1080,1,https://m.media-amazon.com/images/I/81MzrlHnLHL._SL500_.jpg,,amazon
"ASUS Vivobook 16, Intel Core i5-12500H, 12th Gen, 16GB RAM, 512GB SSD, FHD+, 16""/40.64cm, Win 11, MS Office 2021, Silver, 1.8KG, Backlit Keyboard, X1605ZAC-MB540WS, Thin and Light Laptop",ASUS,59450.0,Intel Core I5-12500H,16.0,DDR4,512.0,SSD,Intel Iris Xe,Windows 11,15.6,1920,1080,1,https://m.media-amazon.com/images/I/71FxHLC7QLL._SL500_.jpg,,amazon
"Lenovo V15 12th Gen Intel Core i5-1235U 15.6"" FHD Thin and Light Laptop (16GB RAM/512GB SSD/Windows 11 Home/MS Office Home & Student 2021/Iron Grey/1.70 kg), 82TTA07RIH",Lenovo,58999.0,Intel Core I5-1235U,16.0,DDR4,512.0,SSD,Intel Iris Xe,Windows 11,15.6,1920,1080,1,https://m.media-amazon.com/images/I/719+CaSnPxL._SL500_.jpg,,amazon
"HP (4 GB/128 GB SSD/DOS NO Windows 15.6"" HD Black",HP,39999.0,Intel Core i5,8.0,DDR4,128.0,SSD,Intel Iris Xe,DOS,15.6,1366,768,1,https://m.media-amazon.com/images/I/71ZpvVtRcAL._SL500_.jpg,,amazon
"Lenovo V14 G3, 12th Gen Intel Core i7-1255U Upto 4.70Ghz (16GB RAM/512GB SSD/Windows 11) 14.0"" FHD Display Thin and Light Laptop/Iron Grey /1.70 kg 1 Year Onsite Brand Warranty",Lenovo,69990.0,Intel Core I7-1255U,16.0,DDR4,512.0,SSD,Intel Iris Xe,Windows 11,14.0,1920,1080,1,https://m.media-amazon.com/images/I/519RoeX1P4L._SL500_.jpg,,amazon
"ASUS Vivobook 16, Intel Core i5-13420H Processor,(16GB RAM/512GB SSD/16 FHD+ (1920 x 1200)/Win 11/M365 Basic (1Year)*/Backlit Keyboard/Office Home 2024/Silver/1.88 kg),X1605VA-MB1627WS",ASUS,60990.0,Intel Core I5-13420H,16.0,DDR4,512.0,SSD,Intel Iris Xe,Windows 11,15.6,1920,1080,1,https://m.media-amazon.com/images/I/71qHP8SjPUL._SL500_.jpg,,amazon
"Da Milano Leather Laptop Bag for Men & Women | Laptop Messenger Bag | Fits Up To 15"" Laptop | Ideal for Office Purpose (1995E-M)",Mi,24999.0,Intel Core i5,8.0,DDR4,512.0,SSD,Intel Iris Xe,Windows 11,15.6,1920,1080,1,https://m.media-amazon.com/images/I/81O-n6Cb9dL._SL500_.jpg,,amazon
Solid Sheesham Wooden Study Table & Desk with Drawer for Office and Home | Computer Laptop Table | Reading & Writing Desk | Laptop Desk (Mahogany),Solid,19949.0,Intel Core i5,8.0,DDR4,512.0,SSD,Intel Iris Xe,Windows 11,15.6,1920,1080,1,https://m.media-amazon.com/images/I/71LZhsM621L._SL500_.jpg,,amazon
"Samsonite Laptop Bag For Office | Softsided Briefcase Bag For Men Women | Openroad Nylon Laptop Bag with Space For Laptop Upto 16.4 Inch, Jet Black",Samsonite,19899.0,Intel Core i5,8.0,DDR4,512.0,SSD,Intel Iris Xe,Windows 11,16.4,1920,1080,1,https://m.media-amazon.com/images/I/713QFJJmAHL._SL500_.jpg,,amazon
"Da Milano LeatherLaptop Bag for Men & Women | Laptop Messenger Bag | Fits Up To 15"" Laptop | Ideal for Office Purpose (10122)",Mi,21999.0,Intel Core i5,8.0,DDR4,512.0,SSD,Intel Iris Xe,Windows 11,15.6,1920,1080,1,https://m.media-amazon.com/images/I/71fZSHOBjJL._SL500_.jpg,,amazon
Da Milano Leather Black Laptop Bag for Men & Women | Laptop Messenger Bag | Ideal for Office Purpose (6196M),Mi,16999.0,Intel Core i5,8.0,DDR4,512.0,SSD,Intel Iris Xe,Windows 11,15.6,1920,1080,1,https://m.media-amazon.com/images/I/71dUpqotA8L._SL500_.jpg,,amazon
Un-Desk Orion L-Shape Computer Table for Home Office and Study Table with 3 Shelf Workstation Corner Desk for Desktop Pc Laptop and Gaming Reversible Shelf Left and Right 150 CM Charcoal Black,Mi,13999.0,Intel Core i5,8.0,DDR4,512.0,SSD,Intel Iris Xe,Windows 11,15.6,1920,1080,1,https://m.media-amazon.com/images/I/71tVW+81HtL._SL500_.jpg,,amazon
"Samsonite Evosight Slim Bailhandle 15.6"" Laptop Bag | Slim Business Briefcase with Padded Laptop Compartment | Smart Sleeve | Lightweight Durable Office Bag for Men & Women | 2-Year Warranty | Navy",Samsonite,8600.0,Intel Core i5,8.0,DDR4,512.0,SSD,Intel Iris Xe,Windows 11,15.6,1920,1080,1,https://m.media-amazon.com/images/I/41vs8P8DEnL._SL500_.jpg,,amazon
"Drogo 2 in 1 SitNWork Multipurpose Foldable Laptop Table Tray Stand for Office Chair with Cup Holder, Angle & Height Adjustable | Portable Laptop Bed Tray Desk Stand with Mousepad & Bookstand (Grey)",Drogo,6599.0,Intel Core i5,8.0,DDR4,512.0,SSD,Intel Iris Xe,Windows 11,15.6,1920,1080,1,https://m.media-amazon.com/images/I/71bkoDefNPL._SL500_.jpg,,amazon
"𝗗𝗲𝗹𝗹Model 5410 Laptop | i5 10th Gen | 8GB DDR4 RAM | 256GB SSD | HD Graphics 620 | 14"" FHD Display | Win 10 Pro | A+ Condition (Pre-Owned & Tested)",𝗗𝗲𝗹𝗹model,23450.0,Intel Core i5,8.0,DDR4,256.0,SSD,Intel Iris Xe,Windows 11,15.6,1920,1080,1,https://m.media-amazon.com/images/I/51vIhMJreOL._SL500_.jpg,,amazon
"𝗗𝗲𝗹𝗹Laptop Model 5420 | i5 11th Gen Processor |8GB DDR4 RAM |256GB Fast SSD |14"" FHD Display | Win10 |(Pre-Owned & Tested)",𝗗𝗲𝗹𝗹laptop,27599.0,Intel Core i5,8.0,DDR4,256.0,SSD,Intel Iris Xe,Windows 10,15.6,1920,1080,1,https://m.media-amazon.com/images/I/51vIhMJreOL._SL500_.jpg,,amazon
"Certified ThinkPad T430s (Slim) Core i5 3320m – 8GB RAM, 256GB SSD 14"", Win 10 Pro, Professional Business Laptop",Certified,15490.0,Intel Core i5,8.0,DDR4,256.0,SSD,Intel Iris Xe,Windows 11,15.6,1920,1080,1,https://m.media-amazon.com/images/I/71ZFhHIL0wL._SL500_.jpg,,amazon
"Certified Latitude 7410 Business Laptop – Core i5-10310U, 16GB RAM, 512GB SSD, 14” Full HD Touchscreen, Win 11 Pro",Certified,33990.0,Intel Core i5,16.0,DDR4,512.0,SSD,Intel Iris Xe,Windows 11,15.6,1920,1080,1,https://m.media-amazon.com/images/I/61yEGOQAgML._SL500_.jpg,,amazon
"Certified Latitude 7410 Business Laptop – Core i5-10310U, 16GB RAM, 512GB SSD, 14” Full HD, Win 11 Pro",Certified,31990.0,Intel Core i5,16.0,DDR4,512.0,SSD,Intel Iris Xe,Windows 11,15.6,1920,1080,1,https://m.media-amazon.com/images/I/61EoB1wc9NL._SL500_.jpg,,amazon
Certified | T430 Business Laptop | Core i5-3320m | 16GB RAM | 128GB SSD | 14” HD Display | WiFi | Webcam | Win 10 Pro,Certified,14990.0,Intel Core i5,16.0,DDR4,128.0,SSD,Intel Iris Xe,Windows 11,15.6,1366,768,1,https://m.media-amazon.com/images/I/61rLg7iMuXL._SL500_.jpg,,amazon
"Refurbished 3530 Thin & Light Laptop, 13th Gen Intel Core i5-1334U Processor, 4GB, 256GBSSD, 15.6"" (39.62cm) FHD Display, Windows 11 + MSO'24 & 15 Month McAfee, Silver,1.62kg",Refurbished,59000.0,Intel Core I5-1334U,8.0,DDR4,256.0,SSD,Intel Iris Xe,Windows 11,15.6,2560,1600,1,https://m.media-amazon.com/images/I/71-51H6W1YL._SL500_.jpg,,amazon
"𝗗𝗲𝗹𝗹Laptop ModeI 7410 Laptop | InteI Core i5 10th Gen | 16GB DDR4 RAM | 256GB SSD | 14"" Full HD Display | Win 10 Pro | InteI UHD Graphics 620 | Seller Warranty | A+ Condition (Refab)",𝗗𝗲𝗹𝗹laptop,27999.0,Intel Core i5,16.0,DDR4,256.0,SSD,Intel Iris Xe,Windows 11,15.6,1920,1080,1,https://m.media-amazon.com/images/I/31q2-8TNSZL._SL500_.jpg,,amazon
"𝗗𝗲𝗹𝗹Model E5570 Laptop | Core i7 6th Gen | 8GB RAM | 256GB SSD | 15.6"" HD Display | HD Graphics | Win 10 | WiFi| (Pre-Owned & Tested)",𝗗𝗲𝗹𝗹model,20999.0,Intel Core i5,8.0,DDR4,256.0,SSD,Intel Iris Xe,Windows 11,15.6,1366,768,1,https://m.media-amazon.com/images/I/51osxwK91fL._SL500_.jpg,,amazon
𝗟𝗲𝗻𝗼𝘃𝗼Model L490 | InteI Core i5 8th Gen | 8GB RAM | 256GB SSD | 14-inch Full HD Display Win 10 pro | A+ Condition Laptop (Tested & Pre-Owned),𝗟𝗲𝗻𝗼𝘃𝗼model,21899.0,Intel Core i5,8.0,DDR4,256.0,SSD,Intel Iris Xe,Windows 11,15.6,1920,1080,1,https://m.media-amazon.com/images/I/51G8BlhaMAL._SL500_.jpg,,amazon
𝗟𝗲𝗻𝗼𝘃𝗼Model L14 | InteI Core i5 10th Gen Processor | 8GB RAM/512GB SSD | 14″ FHD Display Win 10 | A+ Condition Laptop (Refab),𝗟𝗲𝗻𝗼𝘃𝗼model,23995.0,Intel Core i5,8.0,DDR4,512.0,SSD,Intel Iris Xe,Windows 11,15.6,1920,1080,1,https://m.media-amazon.com/images/I/41agdqYcNHL._SL500_.jpg,,amazon
𝗟𝗲𝗻𝗼𝘃𝗼Model T14 Core i5 10th Gen Laptop | 8GB RAM | 256GB SSD | 14″ FHD Non-Touch | Win 10 | (Pre-Owned & Tested),𝗟𝗲𝗻𝗼𝘃𝗼model,23499.0,Intel Core i5,8.0,DDR4,256.0,SSD,Intel Iris Xe,Windows 11,15.6,1920,1080,1,https://m.media-amazon.com/images/I/51G8BlhaMAL._SL500_.jpg,,amazon
"Certified Latitude 7410 Business Laptop – Core i5-10310U, 8GB RAM, 256GB SSD, 14” Full HD Touchscreen, Win 11 Pro",Certified,31990.0,Intel Core i5,8.0,DDR4,256.0,SSD,Intel Iris Xe,Windows 11,15.6,1920,1080,1,https://m.media-amazon.com/images/I/61yEGOQAgML._SL500_.jpg,,amazon
"Certified ThinkPad L470 Business Laptop | Core i5-7200U 7th Gen Processor | Upto 32GB RAM | Upto 2TB SSD | 14"" HD Display | Int UHD 620 Graphics | WiFi | Bluetooth | Win 11 Pro (16.0, GB, 512.0, GB)",Certified,25990.0,Intel Core i5,32.0,DDR4,512.0,SSD,Intel Iris Xe,Windows 11,15.6,1366,768,1,https://m.media-amazon.com/images/I/61UBmSxZAdL._SL500_.jpg,,amazon
𝗟𝗲𝗻𝗼𝘃𝗼Model L14 | 𝗜𝗡𝗧𝗘𝗟i5 11th Gen Processor | 8GB RAM/256GB SSD | 14″ FHD Display Win 10 | A+ Condition Laptop (Refab),𝗟𝗲𝗻𝗼𝘃𝗼model,28995.0,Intel Core i5,8.0,DDR4,256.0,SSD,Intel Iris Xe,Windows 11,15.6,1920,1080,1,https://m.media-amazon.com/images/I/51z1n2GulaL._SL500_.jpg,,amazon
𝗟𝗲𝗻𝗼𝘃𝗼Model L14 | 𝗜𝗡𝗧𝗘𝗟i5 10th Gen Processor | 8GB RAM/256GB SSD | 14″ FHD Display Win 10 | A+ Condition Laptop (Refab),𝗟𝗲𝗻𝗼𝘃𝗼model,23995.0,Intel Core i5,8.0,DDR4,256.0,SSD,Intel Iris Xe,Windows 11,15.6,1920,1080,1,https://m.media-amazon.com/images/I/41agdqYcNHL._SL500_.jpg,,amazon
"𝗗𝗲𝗹𝗹Laptop Model 5400 | InteI i5-8th Gen Processor | 8GB DDR4 RAM - 256GB SSD | 14"" (35.6cm) FHD Display | Win 10 | Seller Warranty | A+ Condition Laptop (Refab)",𝗗𝗲𝗹𝗹laptop,23395.0,Intel Core i5,8.0,DDR4,256.0,SSD,Intel Iris Xe,Windows 11,15.6,1920,1080,1,https://m.media-amazon.com/images/I/31-wf067yxL._SL500_.jpg,,amazon
"Certified Latitude 7420 Business Laptop – Core i5-1145G7, 16GB RAM, 512GB SSD, 14” Full HD, Win 11 Pro",Certified,37990.0,Intel Core i5,16.0,DDR4,512.0,SSD,Intel Iris Xe,Windows 11,15.6,1920,1080,1,https://m.media-amazon.com/images/I/71xYPGNHUkL._SL500_.jpg,,amazon
"𝗗𝗲𝗹𝗹Laptop ModeI Latitude 5410 Laptop | InteI Core i5 10th Gen | 8GB DDR4 RAM | 256GB SSD | 14"" Full HD Display | Win 10 Pro | InteI UHD Graphics 620 | Seller Warranty | A+ Condition (Refab)",𝗗𝗲𝗹𝗹laptop,25499.0,Intel Core i5,8.0,DDR4,256.0,SSD,Intel Iris Xe,Windows 11,15.6,1920,1080,1,https://m.media-amazon.com/images/I/51LHNjAjH9L._SL500_.jpg,,amazon
𝗗𝗲𝗹𝗹Laptop Model 5400 Laptop | InteI Core i5 8th Gen | 8GB RAM | 256GB SSD | 14” FHD Display | Win10 | Business Laptop | Seller Warranty | A+ Condition (Refab),𝗗𝗲𝗹𝗹laptop,23400.0,Intel Core i5,8.0,DDR4,256.0,SSD,Intel Iris Xe,Windows 10,15.6,1920,1080,1,https://m.media-amazon.com/images/I/31q2-8TNSZL._SL500_.jpg,,amazon
𝗟𝗲𝗻𝗼𝘃𝗼Model E14 | InteI Core i5 10th Gen | 8GB RAM/512GB SSD | 14″ FHD Display Win 10 | A+ Condition Laptop (Refab),𝗟𝗲𝗻𝗼𝘃𝗼model,25995.0,Intel Core i5,8.0,DDR4,512.0,SSD,Intel Iris Xe,Windows 11,15.6,1920,1080,1,https://m.media-amazon.com/images/I/41agdqYcNHL._SL500_.jpg,,amazon
"𝗗𝗲𝗹𝗹Laptop Model 5420 | 𝗜𝗡𝗧𝗘𝗟i5 11th Gen Processor |8GB DDR4 RAM |256GB SSD |14"" FHD Display | Win 10 | A+ Condition Laptop (Refab)",𝗗𝗲𝗹𝗹laptop,25400.0,Intel Core i5,8.0,DDR4,256.0,SSD,Intel Iris Xe,Windows 11,15.6,1920,1080,1,https://m.media-amazon.com/images/I/51LHNjAjH9L._SL500_.jpg,,amazon
𝗟𝗲𝗻𝗼𝘃𝗼Model T14 Laptop| Core i5 10th Gen Laptop | 8GB RAM | 256GB SSD | 14″ FHD Non-Touch | Win 10 | (Pre-Owned & Tested),𝗟𝗲𝗻𝗼𝘃𝗼model,27999.0,Intel Core i5,8.0,DDR4,256.0,SSD,Intel Iris Xe,Windows 11,15.6,1920,1080,1,https://m.media-amazon.com/images/I/513BmVMUbUL._SL500_.jpg,,amazon
𝗟𝗲𝗻𝗼𝘃𝗼Model L14 Laptop | InteI Core i5 10th Gen Processor | 16GB Fast RAM - 512GB SSD | 14″ HD Display | A+ Condition (Pre-Owned & Tested),𝗟𝗲𝗻𝗼𝘃𝗼model,27999.0,Intel Core i5,8.0,DDR4,512.0,SSD,Intel Iris Xe,Windows 11,15.6,1366,768,1,https://m.media-amazon.com/images/I/513BmVMUbUL._SL500_.jpg,,amazon
"𝗗𝗲𝗹𝗹Laptop ModeI Latitude 7410 Laptop | InteI Core i5 10th Gen | 16GB DDR4 RAM | 256GB SSD | 14"" Full HD Display | Win 10 Pro | InteI UHD Graphics 620 | Seller Warranty | A+ Condition (Refab)",𝗗𝗲𝗹𝗹laptop,27999.0,Intel Core i5,16.0,DDR4,256.0,SSD,Intel Iris Xe,Windows 11,15.6,1920,1080,1,https://m.media-amazon.com/images/I/31q2-8TNSZL._SL500_.jpg,,amazon
"𝗗𝗲𝗹𝗹Model 7400 Laptop | i7-8665U Gen Processor | 8GB Ram | 256GB SSD | Win 10 14"" FHDBusiness Notebook (Pre-Owned & Tested)",𝗗𝗲𝗹𝗹model,26999.0,Intel Core i5,8.0,DDR4,256.0,SSD,Intel Iris Xe,Windows 11,15.6,1920,1080,1,https://m.media-amazon.com/images/I/51s5+KTJhqL._SL500_.jpg,,amazon
"Certified 1040G7 x360, Core i7-10510U 10th Gen Laptop (16GB RAM, 512GB NVMe SSD), Touchscreen, IPS, 14"" (35.6 cm) FHD, Win 11, Silver, Ultra-Slim Convertible, Fingerprint Reader, HD Camera",Certified,49990.0,Intel Core i5,16.0,DDR4,512.0,SSD,Intel Iris Xe,Windows 11,15.6,1920,1080,1,https://m.media-amazon.com/images/I/51Foi-g5m9L._SL500_.jpg,,amazon
𝗗𝗲𝗹𝗹Laptop Model 5400 Laptop | InteI Core i7 8th Gen | 8GB RAM | 256GB SSD | 14” FHD Display | Win 10 | Business Laptop | Seller Warranty | A+ Condition (Refab),𝗗𝗲𝗹𝗹laptop,25999.0,Intel Core i5,8.0,DDR4,256.0,SSD,Intel Iris Xe,Windows 11,15.6,1920,1080,1,https://m.media-amazon.com/images/I/31q2-8TNSZL._SL500_.jpg,,amazon
"Certified | Thinkpad T430 Professional Business Laptop | Core i7-3632QM | 16GB RAM | 1TB SSD | 14” HD Display | WiFi | Webcam | Win 10 Pro (Core i7-3632Qm, 128, GB)",Certified,14990.0,Intel Core i5,16.0,DDR4,512.0,SSD,Intel Iris Xe,Windows 11,15.6,1366,768,1,https://m.media-amazon.com/images/I/61rLg7iMuXL._SL500_.jpg,,amazon
"Modern 15, Intel 12th Gen i7-1255U, 40CM FHD Thin & Light Laptop (16GB/1TB NVMe SSD/Windows 11 Home/Iris Xe Graphics/Classic Black/1.7Kg), B12MO-815IN",Modern,69990.0,Intel Core i5,8.0,DDR4,512.0,SSD,Intel Iris Xe,Windows 11,15.6,1920,1080,1,https://m.media-amazon.com/images/I/71NTyYb-JhL._SL500_.jpg,,amazon
"𝗗𝗲𝗹𝗹Model 5400 Laptop | i7 | 8th Gen Processor | 8GB DDR4 RAM | 256GB SSD | 14"" FHD Display | Win 10 | A+ Condition (PRE-Owned & Tested)",𝗗𝗲𝗹𝗹model,26299.0,Intel Core i5,8.0,DDR4,256.0,SSD,Intel Iris Xe,Windows 11,15.6,1920,1080,1,https://m.media-amazon.com/images/I/512kOYK0kDL._SL500_.jpg,,amazon
𝗗𝗲𝗹𝗹Laptop Model 5400 Laptop | InteI Core i5 8th Gen | 8GB RAM | 256GB SSD | 14” FHD Display | Win 10 | Business Laptop | Seller Warranty | A+ Condition (Refab),𝗗𝗲𝗹𝗹laptop,26950.0,Intel Core i5,8.0,DDR4,256.0,SSD,Intel Iris Xe,Windows 11,15.6,1920,1080,1,https://m.media-amazon.com/images/I/31q2-8TNSZL._SL500_.jpg,,amazon
Certified | T430 Business Laptop | Core i7-3632QM | 16GB RAM | 1TB SSD | 14” HD Display | WiFi | Webcam | Win 10 Pro,Certified,23990.0,Intel Core i5,16.0,DDR4,512.0,SSD,Intel Iris Xe,Windows 11,15.6,1366,768,1,https://m.media-amazon.com/images/I/61rLg7iMuXL._SL500_.jpg,,amazon
𝗟𝗲𝗻𝗼𝘃𝗼Model T480s | InteI Core i7 8th Gen | 8GB RAM - 256GB SSD |14-inch Full HD Display | Win 10 pro | A+ Condition Laptop (Refab),𝗟𝗲𝗻𝗼𝘃𝗼model,24495.0,Intel Core i5,8.0,DDR4,256.0,SSD,Intel Iris Xe,Windows 11,15.6,1920,1080,1,https://m.media-amazon.com/images/I/41agdqYcNHL._SL500_.jpg,,amazon
"Certified 1040G7 x360, Core i7-10510U 10th Gen Laptop (16GB RAM, 1TB NVMe High Speed SSD), Touchscreen, IPS, 14"" (35.6 cm) FHD, Win 11, Silver, Ultra-Slim Convertible, Fingerprint Reader, HD Camera",Certified,61990.0,Intel Core i5,16.0,DDR4,512.0,SSD,Intel Iris Xe,Windows 11,15.6,1920,1080,1,https://m.media-amazon.com/images/I/51Foi-g5m9L._SL500_.jpg,,amazon
"Certified | Thinkpad T430 Professional Business Laptop | Core i7-3632QM | 16GB RAM | 256GB SSD | 14” HD Display | WiFi | Webcam | Win 10 Pro (Core i7-3632Qm, 256, GB)",Certified,15990.0,Intel Core i5,16.0,DDR4,256.0,SSD,Intel Iris Xe,Windows 11,15.6,1366,768,1,https://m.media-amazon.com/images/I/61rLg7iMuXL._SL500_.jpg,,amazon
"Certified ThinkPad L470 Business Laptop | Core i7-7500U 7th Gen Processor | 8GB RAM | 128GB SSD | 14"" HD Display | Int UHD 620 Graphics | WiFi | Bluetooth | Win 11 Pro",Certified,20990.0,Intel Core i5,8.0,DDR4,128.0,SSD,Intel Iris Xe,Windows 11,15.6,1366,768,1,https://m.media-amazon.com/images/I/61UBmSxZAdL._SL500_.jpg,,amazon
"Certified ThinkPad L470 Business Laptop | Core i7-7500U 7th Gen Processor | 8GB RAM | 256GB SSD | 14"" HD Display | Int UHD 620 Graphics | WiFi | Bluetooth | Win 11 Pro (8.0, GB, 256.0, GB)",Certified,22990.0,Intel Core i5,8.0,DDR4,256.0,SSD,Intel Iris Xe,Windows 11,15.6,1366,768,1,https://m.media-amazon.com/images/I/61UBmSxZAdL._SL500_.jpg,,amazon
"Certified ThinkPad L470 Business Laptop | Core i7-7500U 7th Gen Processor | 8GB RAM | 512GB SSD | 14"" HD Display | Int UHD 620 Graphics | WiFi | Bluetooth | Win 11 Pro (8.0, GB, 512.0, GB)",Certified,24990.0,Intel Core i5,8.0,DDR4,512.0,SSD,Intel Iris Xe,Windows 11,15.6,1366,768,1,https://m.media-amazon.com/images/I/61UBmSxZAdL._SL500_.jpg,,amazon
"Certified ThinkPad L470 Business Laptop | Core i7-7500U 7th Gen Processor | 16GB RAM | 128GB SSD | 14"" HD Display | Int UHD 620 Graphics | WiFi | Bluetooth | Win 11 Pro",Certified,24990.0,Intel Core i5,16.0,DDR4,128.0,SSD,Intel Iris Xe,Windows 11,15.6,1366,768,1,https://m.media-amazon.com/images/I/61UBmSxZAdL._SL500_.jpg,,amazon
𝗗𝗲𝗹𝗹Laptop Latitude 5411 Laptop | InteI Core i7 10th Gen | 8GB RAM | 256GB SSD | 14” FHD Display | Win 10 Pro | UHD Graphics | Business Laptop | Seller Warranty (Refab),𝗗𝗲𝗹𝗹laptop,29990.0,Intel Core i5,8.0,DDR4,256.0,SSD,Intel Iris Xe,Windows 11,15.6,1920,1080,1,https://m.media-amazon.com/images/I/51LHNjAjH9L._SL500_.jpg,,amazon
𝗗𝗲𝗹𝗹Laptop Model 5411 Laptop | InteI Core i7 10th Gen | 8GB RAM | 256GB SSD | 14” FHD Display | Win10 | Business Laptop | Seller Warranty | A+ Condition (Refab),𝗗𝗲𝗹𝗹laptop,28499.0,Intel Core i5,8.0,DDR4,256.0,SSD,Intel Iris Xe,Windows 10,15.6,1920,1080,1,https://m.media-amazon.com/images/I/51LHNjAjH9L._SL500_.jpg,,amazon
"Certified ThinkPad L470 Business Laptop | Core i7-7500U 7th Gen Processor | 16 GB RAM | 256GB SSD | 14"" HD Display | Int UHD 620 Graphics | WiFi | Bluetooth | Win 11 Pro (16.0, GB, 256.0, GB)",Certified,26990.0,Intel Core i5,16.0,DDR4,256.0,SSD,Intel Iris Xe,Windows 11,15.6,1366,768,1,https://m.media-amazon.com/images/I/61UBmSxZAdL._SL500_.jpg,,amazon
"Certified ThinkPad L470 Business Laptop | Core i7-7500U 7th Gen Processor | 8GB RAM | 1TB SSD | 14"" HD Display | Int UHD 620 Graphics | WiFi | Bluetooth | Win 11 Pro (8.0, GB, 1.0, TB)",Certified,27990.0,Intel Core i5,8.0,DDR4,512.0,SSD,Intel Iris Xe,Windows 11,15.6,1366,768,1,https://m.media-amazon.com/images/I/61UBmSxZAdL._SL500_.jpg,,amazon
"Certified ThinkPad L470 Business Laptop | Core i7-7500U 7th Gen Processor | 16GB RAM | 512GB SSD | 14"" HD Display | Int UHD 620 Graphics | WiFi | Bluetooth | Win 11 Pro (16.0, GB, 512.0, GB)",Certified,28990.0,Intel Core i5,16.0,DDR4,512.0,SSD,Intel Iris Xe,Windows 11,15.6,1366,768,1,https://m.media-amazon.com/images/I/61UBmSxZAdL._SL500_.jpg,,amazon
"Certified ThinkPad L470 Business Laptop | Core i7-7500U 7th Gen Processor | 32GB RAM | 2TB SSD | 14"" HD Display | Int UHD 620 Graphics | WiFi | Bluetooth | Win 11 Pro (32.0, GB, 2.0, TB)",Certified,45990.0,Intel Core i5,32.0,DDR4,512.0,SSD,Intel Iris Xe,Windows 11,15.6,1366,768,1,https://m.media-amazon.com/images/I/61UBmSxZAdL._SL500_.jpg,,amazon
"Certified ThinkPad L470 Business Laptop | Core i7-7500U 7th Gen Processor | 16GB RAM | 1TB SSD | 14"" HD Display | Int UHD 620 Graphics | WiFi | Bluetooth | Win 11 Pro (16.0, GB, 1.0, TB)",Certified,31990.0,Intel Core i5,16.0,DDR4,512.0,SSD,Intel Iris Xe,Windows 11,15.6,1366,768,1,https://m.media-amazon.com/images/I/61UBmSxZAdL._SL500_.jpg,,amazon
"Certified ThinkPad L470 Business Laptop | Core i7-7500U 7th Gen Processor | 32GB RAM | 1TB SSD | 14"" HD Display | Int UHD 620 Graphics | WiFi | Bluetooth | Win 11 Pro (32.0, GB, 1.0, TB)",Certified,40990.0,Intel Core i5,32.0,DDR4,512.0,SSD,Intel Iris Xe,Windows 11,15.6,1366,768,1,https://m.media-amazon.com/images/I/61UBmSxZAdL._SL500_.jpg,,amazon
"Certified ThinkPad L470 Business Laptop | Core i7-7500U 7th Gen Processor | 8GB RAM | 2TB SSD | 14"" HD Display | Int UHD 620 Graphics | WiFi | Bluetooth | Win 11 Pro (8.0, GB, 2.0, TB)",Certified,32990.0,Intel Core i5,8.0,DDR4,512.0,SSD,Intel Iris Xe,Windows 11,15.6,1366,768,1,https://m.media-amazon.com/images/I/61UBmSxZAdL._SL500_.jpg,,amazon
"Certified ThinkPad L470 Business Laptop | Core i7-7500U 7th Gen Processor | 16GB RAM | 2TB SSD | 14"" HD Display | Int UHD 620 Graphics | WiFi | Bluetooth | Win 11 Pro (16.0, GB, 2.0, TB)",Certified,36990.0,Intel Core i5,16.0,DDR4,512.0,SSD,Intel Iris Xe,Windows 11,15.6,1366,768,1,https://m.media-amazon.com/images/I/61UBmSxZAdL._SL500_.jpg,,amazon
"Certified ThinkPad L470 Business Laptop | Core i7-7500U 7th Gen Processor | 32GB RAM | 512GB SSD | 14"" HD Display | Int UHD 620 Graphics | WiFi | Bluetooth | Win 11 Pro (32.0, GB, 512.0, GB)",Certified,36990.0,Intel Core i5,32.0,DDR4,512.0,SSD,Intel Iris Xe,Windows 11,15.6,1366,768,1,https://m.media-amazon.com/images/I/61UBmSxZAdL._SL500_.jpg,,amazon
"𝗗𝗲𝗹𝗹Laptop Model 5411 | InteI Core i7 10th Gen Processor | 8GB DDR4 | 256GB SSD | 14"" Full HD | UHD 620 | Win 10 Pro | A+ Condition Laptop (Refab)",𝗗𝗲𝗹𝗹laptop,30990.0,Intel Core i5,8.0,DDR4,256.0,SSD,Intel Iris Xe,Windows 11,15.6,1920,1080,1,https://m.media-amazon.com/images/I/51LHNjAjH9L._SL500_.jpg,,amazon
"Certified ThinkPad L470 Business Laptop | Core i7-7500U 7th Gen Processor |32GB RAM | 128GB SSD | 14"" HD Display | Int UHD 620 Graphics | WiFi | Bluetooth | Win 11 Pro (32.0, GB, 128.0, GB)",Certified,32990.0,Intel Core i5,32.0,DDR4,128.0,SSD,Intel Iris Xe,Windows 11,15.6,1366,768,1,https://m.media-amazon.com/images/I/61UBmSxZAdL._SL500_.jpg,,amazon
"Certified ThinkPad L470 Business Laptop | Core i7-7500U 7th Gen Processor | 32GB RAM | 256GB SSD | 14"" HD Display | Int UHD 620 Graphics | WiFi | Bluetooth | Win 11 Pro",Certified,34990.0,Intel Core i5,32.0,DDR4,256.0,SSD,Intel Iris Xe,Windows 11,15.6,1366,768,1,https://m.media-amazon.com/images/I/61UBmSxZAdL._SL500_.jpg,,amazon
𝗟𝗲𝗻𝗼𝘃𝗼Model T14s InteI Core i7 10th Gen | 16GB RAM | 512GB SSD | 14″ FHD Non-Touch | Win 10 | A+ Condition Laptop (Refab),𝗟𝗲𝗻𝗼𝘃𝗼model,29995.0,Intel Core i5,16.0,DDR4,512.0,SSD,Intel Iris Xe,Windows 11,15.6,1920,1080,1,https://m.media-amazon.com/images/I/41agdqYcNHL._SL500_.jpg,,amazon
𝗗𝗲𝗹𝗹Laptop Model 5410 Laptop | InteI Core i7 10th Gen | 8GB DDR4 RAM | 256GB SSD | 14” FHD Display | Win 10 Pro | UHD Graphics | Business Laptop | Seller Warranty (Refab),𝗗𝗲𝗹𝗹laptop,27499.0,Intel Core i5,8.0,DDR4,256.0,SSD,Intel Iris Xe,Windows 11,15.6,1920,1080,1,https://m.media-amazon.com/images/I/51LHNjAjH9L._SL500_.jpg,,amazon
𝗟𝗲𝗻𝗼𝘃𝗼Model T14s | 𝗜𝗻𝘁𝗲𝗹i7 10th Gen | 16GB RAM | 256GB SSD | 14″ FHD Non-Touch | Win 10 | A+ Condition Laptop (Refab),𝗟𝗲𝗻𝗼𝘃𝗼model,25995.0,Intel Core i5,16.0,DDR4,256.0,SSD,Intel Iris Xe,Windows 11,15.6,1920,1080,1,https://m.media-amazon.com/images/I/41agdqYcNHL._SL500_.jpg,,amazon
𝗟𝗲𝗻𝗼𝘃𝗼Model T480s | 𝗜𝗻𝘁𝗲𝗹i7 8th Gen | 8GB RAM - 256GB SSD |14-inch Full HD Display | Win 10 pro | A+ Condition Laptop (Refab),𝗟𝗲𝗻𝗼𝘃𝗼model,24899.0,Intel Core i5,8.0,DDR4,256.0,SSD,Intel Iris Xe,Windows 11,15.6,1920,1080,1,https://m.media-amazon.com/images/I/41agdqYcNHL._SL500_.jpg,,amazon
𝗟𝗲𝗻𝗼𝘃𝗼Model T480s | 𝗜𝗻𝘁𝗲𝗹i7 8th Gen Processor | 8GB RAM - 256GB SSD |14-inch Full HD Display | Win 10 pro | A+ Condition Laptop (Refab),𝗟𝗲𝗻𝗼𝘃𝗼model,25995.0,Intel Core i5,8.0,DDR4,256.0,SSD,Intel Iris Xe,Windows 11,15.6,1920,1080,1,https://m.media-amazon.com/images/I/51z1n2GulaL._SL500_.jpg,,amazon
"Dell/15 Ryzen/5-7520U/8gb,5/512ssd/Ubuntu/FHD/BKL/Carbon Black/1yrs NBD/(PV15255)",Dell,45500.0,Intel Core i5,8.0,DDR4,512.0,SSD,Intel Iris Xe,Windows 11,15.6,1920,1080,1,https://m.media-amazon.com/images/I/61MMMPKSzML._SL500_.jpg,,amazon
"BrowseBook 14.1"" FHD IPS Laptop | Best Student & Office Work Laptop | Celeron N4020 | 4GB RAM | 128GB SSD | Windows 11 | 38Wh | 1.3kg | Grey",Browsebook,14990.0,Intel Core i5,4.0,DDR4,128.0,SSD,Intel Iris Xe,Windows 11,14.1,1920,1080,1,https://m.media-amazon.com/images/I/71h+7L8gcrL._SL500_.jpg,,amazon
"ASUS Vivobook 16, 13th Gen, Intel Core i5-13420H,16GB RAM,512GB SSD,FHD (1920 x 1200) OLED,Win 11,M365 Basic (1Year)*,Backlit Keyboard,Office 2024,Silver,1.88 kg,X1605VA-SH1952WS, Thin & Light Laptop",ASUS,61990.0,Intel Core I5-13420H,16.0,DDR4,512.0,SSD,Intel Iris Xe,Windows 11,15.6,1920,1080,1,https://m.media-amazon.com/images/I/71aaW7HXKnL._SL500_.jpg,,amazon
"HP 15 255R G10, AMD Ryzen 5 7535U Hexa Core (6 Core, 12 Threads, 2.9 to Max 4.3 Ghz) (8 GB/512 GB SSD/AMD Radeon Graphics/dos) Thin and Light Laptop(15.6 inch HD Display, Matt Silver, 1.45",HP,47270.0,Amd Ryzen 5 7535U,8.0,DDR4,512.0,SSD,Amd Radeon Graphics,DOS,15.6,1366,768,1,https://m.media-amazon.com/images/I/71rDlgf2Q6L._SL500_.jpg,,amazon
"Lenovo IdeaPad Slim 3 12th Gen Intel Core i5-12450H 15.6 Inch (39.6cm) FHD Thin & Light Laptop (16GB/512GB SSD/Windows 11/Office Home 2024/3months Game Pass/Arctic Grey/1.62Kg), 83ER00MCIN",Lenovo,64850.0,Intel Core I5-12450H,8.0,DDR4,512.0,SSD,Intel Iris Xe,Windows 11,15.6,2560,1600,1,https://m.media-amazon.com/images/I/61kNhhiAxSL._SL500_.jpg,,amazon
"ASUS Zenbook 14,Intel Core Ultra 5 (Series 2), 16GB, 1TB, 3K OLED Touch Screen,14"",120Hz,Win 11,M365 Basic (1Y)*,Office 2024,Foggy Silver,1.28 kg UX3405CA-PZ345WS, Intel Arc iGPU, Thin & Light Laptop",ASUS,106990.0,Intel Core Ultra 5,8.0,DDR4,512.0,SSD,Intel Arc Igpu,Windows 11,15.6,1920,1080,1,https://m.media-amazon.com/images/I/71ULHGG5nBL._SL500_.jpg,,amazon
"acer Swift Lite 14, Intel Core Ultra 5 115U Processor, 16 GB, 512 GB, WUXGA OLED, 14.0""/35.56 cm, Windows 11 Home, MSO,Light Silver, 1.1 kg, SFL14-54M, Thin and Light Laptop",Acer,63990.0,Intel Core Ultra 5,8.0,DDR4,512.0,SSD,Intel Iris Xe,Windows 11,14.0,1920,1080,1,https://m.media-amazon.com/images/I/81Ks6doLmYL._SL500_.jpg,,amazon
"Dell DC 15250 Thin & Light Laptop, 13th Gen Intel Core i5-1334U Processor, 8GB, 512GB SSD, 15.6"" (39.62cm) FHD Display, Standard Keyboard, Win 11+MSO'24 & 15 Month McAfee, Carbon Black, 1.62kg",Dell,61990.0,Intel Core I5-1334U,8.0,DDR4,512.0,SSD,Intel Iris Xe,Windows 11,15.6,2560,1600,1,https://m.media-amazon.com/images/I/71VIrTrQLZL._SL500_.jpg,,amazon
"Lenovo ThinkPad E14, AMD Ryzen 5 7535HS, 16GB RAM, 512GB SSD, WUXGA IPS 14""(35.56cm), Win11 Home, MS Office'24, Graphite Black, 1.42kg, 21M3S0AJ00, 300 Nits, Backlit, Fingerprint, Thin&Light Laptop",Lenovo,85400.0,Amd Ryzen 5 7535Hs,16.0,DDR4,512.0,SSD,Intel Iris Xe,Windows 11,15.6,2560,1600,1,https://m.media-amazon.com/images/I/314AIJE3c+L._SL500_.jpg,,amazon
"HP OmniBook 5 OLED (Previously Pavilion), Snapdragon X Processor (16GB LPDDR5x, 512GB SSD) 2K, 14''/35.6cm, Win11, M365 Basic(1yr)* Office24, Silver, 1.35kg, he0014QU, Light-Weight, Next-Gen AI Laptop",HP,66990.0,Snapdragon X Processor,16.0,LPDDR5X,512.0,SSD,Intel Iris Xe,Windows 11,15.6,2560,1600,1,https://m.media-amazon.com/images/I/71fHNU8KnQL._SL500_.jpg,,amazon
"acer Aspire Lite 12th Gen Intel Core i5-12450H, Office 2024 + M365 Basic, 16GB RAM/512GB SSD, 39.62cm(15.6"") FHD IPS Display Win11H, Pure Silver, 1.7KG,AL15-52H, Backlit KB, Thin & Light Laptop",Acer,59990.0,Intel Core I5-12450H,16.0,DDR4,512.0,SSD,Intel Iris Xe,Windows 11,15.6,1920,1080,1,https://m.media-amazon.com/images/I/81qzE9lsXkL._SL500_.jpg,,amazon
"Dell 15, AMD Ryzen 7-7730U, 16GB DDR4, 512GB SSD, FHD, 15.6""/39.6cm, Windows 11, Microsoft Office Home 2024, Platinum Silver, 1.63Kg, [Dell 15], 120Hz 250nits, AMD Radeon Graphics,Thin & Light, Laptop",Dell,58990.0,Intel Core i5,16.0,DDR4,512.0,SSD,Amd Radeon Graphics,Windows 11,15.6,1920,1080,1,https://m.media-amazon.com/images/I/71-tA1jB0rL._SL500_.jpg,,amazon
"ASUS Vivobook 16,Intel Core Ultra 5 (Series 2),Thin & Light(Intel iGPU/16GB RAM/512GB SSD/FHD+/16""/60Hz/Backlit Keyboard/Windows 11/M365 Basic (1Year)*/Office Home 2024/Blue/1.88 kg) X1607CA-MB139WS",ASUS,68990.0,Intel Core Ultra 5,16.0,DDR4,512.0,SSD,Intel Iris Xe,Windows 11,15.6,1920,1080,1,https://m.media-amazon.com/images/I/716CyHXzWgL._SL500_.jpg,,amazon
"Dell 15, AMD Ryzen 5-7530U, 16GB RAM, 512GB SSD, FHD IPS, 15.6""/39.62cm, Windows 11, MSO 2024, Platinum Silver, 1.67kg, [Dell 15], 120Hz, Standard Keyboard, 15 Month McAfee, Thin & Light, Laptop",Dell,59990.0,Intel Core i5,16.0,DDR4,512.0,SSD,Intel Iris Xe,Windows 11,15.6,1920,1080,1,https://m.media-amazon.com/images/I/61diqHMquqL._SL500_.jpg,,amazon
"Lenovo IdeaPad Slim 5 Intel Core Ultra 5 125H 16"" (40.6cm) WUXGA-IPS 300Nits Thin & Light Laptop (16GB RAM/1TB SSD/AI PC/Windows 11/Office Home 2024/FHD+IR Camera/1Yr ADP Free/Grey/1.8Kg), 83DC0096IN",Lenovo,78590.0,Intel Core Ultra 5,16.0,DDR4,512.0,SSD,Intel Iris Xe,Windows 11,15.6,1920,1080,1,https://m.media-amazon.com/images/I/612vgg8jv5L._SL500_.jpg,,amazon
"HP 15, 13th Gen Intel Core i5-1334U (16GB DDR4,512GB SSD) FHD, Anti-Glare,Micro-Edge, 15.6''/39.6cm, Win11, M365(1yr)* Office24, Silver,1.59kg, fd0467tu, Iris Xe, FHD Camera w/Shutter, Backlit Laptop",HP,59990.0,Intel Core I5-1334U,16.0,DDR4,512.0,SSD,Intel Iris Xe,Windows 11,15.6,1920,1080,1,https://m.media-amazon.com/images/I/71r0BBNmBOL._SL500_.jpg,,amazon
"ASUS Zenbook 14 (2026),Intel Core Ultra 9 285H,Intel Arc iGPU,32GB RAM,1TB SSD,OLED,Touchscreen,14""(35.5 cm),Win 11,M365 Basic(1Y)* Office 24,Foggy Silver,1.28 Kg,UX3405CA-QL1113WS,Thin & Light Laptop",ASUS,119990.0,Intel Core Ultra 9,32.0,DDR4,512.0,SSD,Intel Arc Igpu,Windows 11,15.6,1920,1080,1,https://m.media-amazon.com/images/I/71rl4GCLY2L._SL500_.jpg,,amazon
"ASUS Vivobook 15 (2026),AMD Ryzen 7 170,Fingerprint Sensor,16GB RAM,512GB SSD,FHD, 15.6"",(39.6 cm), Windows 11, M365 Basic(1 Year)* Office 2024,Quiet Blue,1.70 kg, M1502NAQ-BQ120WS,Thin & Light Laptop",ASUS,66990.0,Amd Ryzen 7 170,16.0,DDR4,512.0,SSD,Intel Iris Xe,Windows 11,15.6,1920,1080,1,https://m.media-amazon.com/images/I/71AJqEYU+LL._SL500_.jpg,,amazon
"ASUS Vivobook 15 (2025), AMD Ryzen 7 7730U Thin & Light Laptop(AMD Radeon iGPU/16GB RAM/512GB SSD/FHD/15.6""/60Hz/Windows 11/M365 Basic (1Year)*/Office Home 2024/Quiet Blue/1.7Kg) M1502YA-BQ989WS",ASUS,66700.0,Amd Ryzen 7 7730U,16.0,DDR4,512.0,SSD,Amd Radeon Igpu,Windows 11,15.6,1920,1080,1,https://m.media-amazon.com/images/I/61N-3LSyoBL._SL500_.jpg,,amazon
"Lenovo V15 AMD Ryzen 7 7730U 15.6"" (39.62cm) FHD 250 Nits Antiglare Thin and Light Laptop (16GB/512GB SSD/Windows 11/Iron Grey/1.65 Kg) Grey",Lenovo,58999.0,Amd Ryzen 7 7730U,8.0,DDR4,512.0,SSD,Intel Iris Xe,Windows 11,15.6,1920,1080,1,https://m.media-amazon.com/images/I/41U0mEisocL._SL500_.jpg,,amazon
"Lenovo IdeaPad Slim 3 Ryzen 3 7320U 15.6"" (39.6cm) FHD Thin and Light Laptop (8GB RAM/512GB SSD/Integrated AMD Radeon 610M Graphics/Windows 11/Office Home 2024/Grey/1.6Kg), 82XQ00MDIN",Lenovo,56500.0,Intel Core i5,8.0,DDR4,512.0,SSD,Amd Radeon 610M,Windows 11,15.6,1920,1080,1,https://m.media-amazon.com/images/I/71WXtdqjdLL._SL500_.jpg,,amazon
"Dell Inspiron 3530, Intel Core i7 13th Gen-1355U, 16GB RAM, 512GB SSD, FHD, 15.6""/39.62cm, Windows 11, MSO 2021, Silver, 1.62kg, Inspiron 3530, Backlit KB, 15 Month McAfee, Thin & Light, Laptop",Dell,89990.0,Intel Core I7 13Th,16.0,DDR4,512.0,SSD,Intel Iris Xe,Windows 11,15.6,2560,1600,1,https://m.media-amazon.com/images/I/81QCRdxIRLL._SL500_.jpg,,amazon
"Lenovo ThinkBook 16, AMD Ryzen 5 7535HS, 16GB RAM, 512GB SSD, WUXGA IPS 16"", Windows 11 Home, Office 2024, 1.7kg, 21MWA0BSIN, Backlit Keyboard, Fingerprint, 300 Nits, 1Y Warranty, Aluminium Top Laptop",Lenovo,86990.0,Amd Ryzen 5 7535Hs,16.0,DDR4,512.0,SSD,Intel Iris Xe,Windows 11,15.6,1920,1080,1,https://m.media-amazon.com/images/I/51XpiWaeMQL._SL500_.jpg,,amazon
"Acer Aspire Lite (2026) AMD Ryzen 3 Quad Core 5300U - (8 GB/512 GB SSD/AMD Radeon Graphics/Windows 11 Home) AL15-41 Thin and Light Laptop (15.6 Inch FHD IPS, Steel Grey, 1.5 Kg/MS Office 2024",Acer,43550.0,Intel Core i5,8.0,DDR4,512.0,SSD,Amd Radeon Graphics,Windows 11,15.6,1920,1080,1,https://m.media-amazon.com/images/I/71iUXY2S9jL._SL500_.jpg,,amazon
"acer Aspire Lite,12th Gen, Intel Core i7 12650H, Office 2024+M365 Basic, 16GB RAM, 512GB SSD, Full HD IPS, 15.6""/39.62 cm, Win 11 Home, Pure Silver, 1.7 KG, AL15-52H, Backlit KB, Thin & Light Laptop",Acer,63900.0,Intel Core I7 12650H,16.0,DDR4,512.0,SSD,Intel Iris Xe,Windows 11,15.6,1920,1080,1,https://m.media-amazon.com/images/I/61Kb-52sgSL._SL500_.jpg,,amazon
"Apple 2025 MacBook Air (13-inch, Apple M4 chip with 10-core CPU and 8-core GPU, 16GB Unified Memory, 256GB) - Midnight",Apple,96990.0,Intel Core i5,8.0,DDR4,256.0,SSD,Intel Iris Xe,Windows 11,15.6,1920,1080,1,https://m.media-amazon.com/images/I/71CjP9jmqZL._SL500_.jpg,,amazon
"acer Aspire 3, Intel Core i3-1305U Processor, 16 GB, 512 GB, Full HD IPS, 14.0""/35.56 cm, Windows 11 Home, Steel Gray, 1.45 kg, A324-53, Thin and Light Laptop",Acer,44990.0,Intel Core I3-1305U,8.0,DDR4,512.0,SSD,Intel Iris Xe,Windows 11,14.0,1920,1080,1,https://m.media-amazon.com/images/I/71gQ2KgPEcL._SL500_.jpg,,amazon
"acer Aspire 3 A325-45 HD Thin & Light Laptop | Intel Celeron N4500 | 8GB LPDDR4X RAM | 512GB SSD | Windows 11 Home | HD Webcam | Anti-Glare Display | Pure Silver, 1.5 kg",Acer,39999.0,Intel Celeron N4500,8.0,LPDDR4X,512.0,SSD,Intel Iris Xe,Windows 11,15.6,1366,768,1,https://m.media-amazon.com/images/I/61RUN5wXDdL._SL500_.jpg,,amazon
"ASUS Vivobook Go 15, AMD Ryzen 3 7320U Thin & Light Laptop(AMD Radeon iGPU/8GB RAM/512GB SSD/FHD/15.6""/60Hz/Windows 11/M365 Basic (1Year)*/Office Home 2024/Mixed Black/1.63 Kg) E1504FA-NJ130WS",ASUS,47500.0,Amd Ryzen 3 7320U,8.0,DDR4,512.0,SSD,Amd Radeon Igpu,Windows 11,15.6,1920,1080,1,https://m.media-amazon.com/images/I/61ceJMf3giL._SL500_.jpg,,amazon
"Lenovo ThinkPad E14 AMD Ryzen 5 7530U 14"" (35.56 cm) WUXGA IPS 300 Nits Thin and Light Laptop (16GB RAM/512GB SSD/Win 11/Office 2021/AMD Radeon Graphics/Backlit Keyboard/FPR/Black/1.41 kg), 21JRS00U00",Lenovo,86750.0,Amd Ryzen 5 7530U,16.0,DDR4,512.0,SSD,Amd Radeon Graphics,Windows 11,15.6,1920,1080,1,https://m.media-amazon.com/images/I/61vqw4bMKTL._SL500_.jpg,,amazon
"acer Aspire 14, 13th Gen, Intel Core i5-13420H Processors, 16 GB RAM, 512 GB SSD, WUXGA IPS, 14""/35.56 cm, Windows 11 Home, MSO, Pure Silver, 1.44 kg, AS14H-53, Backlit KB, Thin and Light Laptop",Acer,60990.0,Intel Core I5-13420H,16.0,DDR4,512.0,SSD,Intel Iris Xe,Windows 11,15.6,1920,1080,1,https://m.media-amazon.com/images/I/61F8E0mn-PL._SL500_.jpg,,amazon
"ASUS Vivobook 15 (2026),Intel Core i3-1315U, Intel iGPU, 16GB RAM, 512GB SSD, FHD, 15.6""(39.6 cm),Windows 11 Home,M365 Basic(1 Year)* Office 2024,Cool Silver,1.7 Kg,X1504VA-D5341WS,Thin & Light Laptop",ASUS,54990.0,Intel Core I3-1315U,16.0,DDR4,512.0,SSD,Intel Iris Xe,Windows 11,15.6,1920,1080,1,https://m.media-amazon.com/images/I/61co8yvF4oL._SL500_.jpg,,amazon
"HP Professional Intel Core i5 13th Gen 1334U with Turbo Boost, Metal Body, Backlit Keyboard - (8 GB/512 GB SSD/Windows 11 Pro) 240 G10 FHD Thin and Light Laptop(14 inch, Silver) FR Reader",HP,59990.0,Intel Core I5 13Th,8.0,DDR4,512.0,SSD,Intel Iris Xe,Windows 11,15.6,1920,1080,1,https://m.media-amazon.com/images/I/51xx0Zg7D8L._SL500_.jpg,,amazon
"Lenovo 14 (2025), Intel Core i5 13th Gen 13420H - (24 GB/512 GB SSD/Intel UHD Graphics/Windows 11 Pro) Thin and Light Business Laptop/14.0"" FHD Display/Iron Grey/1.4 kg/Microsoft Office 2021",Lenovo,89890.0,Intel Core I5 13Th,8.0,DDR4,512.0,SSD,Intel Uhd Graphics,Windows 11,14.0,1920,1080,1,https://m.media-amazon.com/images/I/61+t+JlteGL._SL500_.jpg,,amazon
"Lenovo ThinkPad Silver E14 Intel Core i7 13th Gen 14"" WUXGA IPS 300 Nits Thin and Light Laptop (16GB RAM/512GB SSD/Windows 11 Home/Backlit Keyboard/Fingerprint/1Y Onsite/1.41 kg), 21JKS1FT00",Lenovo,87990.0,Intel Core I7 13Th,16.0,DDR4,512.0,SSD,Intel Iris Xe,Windows 11,15.6,1920,1080,1,https://m.media-amazon.com/images/I/51TnjJ0FoLL._SL500_.jpg,,amazon
"Lenovo ThinkPad E14 Intel Core i5 13th Gen 14"" WUXGA IPS 300 Nits Thin and Light Laptop (16GB RAM/512GB SSD/Windows 11 Pro/Backlit Keyboard/FPR/Graphite Black/3Y Premier Support/1.41 kg), 21JKS0LK00",Lenovo,98100.0,Intel Core I5 13Th,16.0,DDR4,512.0,SSD,Intel Iris Xe,Windows 11,15.6,1920,1080,1,https://m.media-amazon.com/images/I/61pi44I5PcL._SL500_.jpg,,amazon
"Lenovo 14 (2025), Intel Core i7 12th Gen 1255U - (16 GB/512 GB SSD/Intel Iris Xe Graphics/Windows 11 Pro) Thin and Light Business Laptop/14.0"" FHD Display/Iron Grey/1.4 kg/MS Office 2021",Lenovo,69990.0,Intel Core I7 12Th,8.0,DDR4,512.0,SSD,Intel Iris Xe,Windows 11,14.0,1920,1080,1,https://m.media-amazon.com/images/I/51nkH83V5hL._SL500_.jpg,,amazon
"HP 14 (2025), Intel Core 5 14th Gen 120U - (16 GB/512 GB SSD/Intel Iris Xe Graphics/Windows 11 Pro) Thin and Light Business Laptop/14.0"" FHD Display/Ash Grey/1.4 kg/MS Office 2021",HP,60990.0,Intel Core i5,8.0,DDR4,512.0,SSD,Intel Iris Xe,Windows 11,14.0,1920,1080,1,https://m.media-amazon.com/images/I/71aPE1PXSHL._SL500_.jpg,,amazon
"ASUS Zenbook S 14,3K OLED,Touch,120Hz, 500nits, Core Ultra 7 Processor (Series 2), Thin & Light Laptop(32GB RAM/1TB SSD/Windows 11/Office Home/72Whr Battery/White/1.2 Kg),UX5406SA-PZ358WS",ASUS,138990.0,Intel Core i5,32.0,DDR4,512.0,SSD,Intel Iris Xe,Windows 11,15.6,1920,1080,1,https://m.media-amazon.com/images/I/61+sWA8Q1dL._SL500_.jpg,,amazon
"ASUS Zenbook 14 (2026),Intel Core Ultra 5 225H,Intel Arc iGPU,16GB RAM,1TB SSD,OLED,Touchscreen,14""(35.5 cm),Win 11,M365 Basic(1Y)* Office 24,Ponder Blue,1.28 Kg,UX3405CA-QL1014WS,Thin & Light Laptop",ASUS,114990.0,Intel Core Ultra 5,16.0,DDR4,512.0,SSD,Intel Arc Igpu,Windows 11,15.6,1920,1080,1,https://m.media-amazon.com/images/I/71btNNt9D-L._SL500_.jpg,,amazon
"Lenovo ThinkBook 14 Intel Core 5 210H 14th Gen(16GB/1TB SSD/Win11 Home/Fingerprint Reader) 14"" WUXGA IPS 300 Nits Antiglare Thin & Light Laptop/Aluminium Top/Arctic Grey/1Y Warranty/1.36Kg,21SGA02XIG",Lenovo,103990.0,Intel Core i5,8.0,DDR4,512.0,SSD,Intel Iris Xe,Windows 11,15.6,1920,1080,1,https://m.media-amazon.com/images/I/61JXT1qggjL._SL500_.jpg,,amazon
"Lenovo IdeaPad Slim 3 Ryzen 5 40 15.6"" (39.6cm) FHD Thin and Light Laptop (16GB RAM/512GB SSD/Integrated AMD Radeon 610M Graphics/Windows 11/Microsoft 365 Basic + Office 2024/Grey/1.6Kg), 82XQ01HQIN",Lenovo,82990.0,Intel Core i5,16.0,DDR4,512.0,SSD,Amd Radeon 610M,Windows 11,15.6,1920,1080,1,https://m.media-amazon.com/images/I/71ytxAumRiL._SL500_.jpg,,amazon
"ASUS Vivobook 14, (i5 14th Gen) Intel Core 5 120U, Thin & Light Laptop(16GB RAM/512GB SSD/FHD/14/60Hz/Fingerprint Reader/M365 Basic (1Year)*/Office Home 2024/Blue/1.4 Kg) X1404VAP-EB542WS",ASUS,62690.0,Intel Core i5,16.0,DDR4,512.0,SSD,Intel Iris Xe,Windows 11,15.6,1920,1080,1,https://m.media-amazon.com/images/I/71tg-AY7AiL._SL500_.jpg,,amazon
"Lenovo IdeaPad Slim 3 12th Gen Intel Core i3-1215U 14 Inch (35.5cm) FHD Thin & Light Laptop (8GB/512GB SSD/Windows 11/Office 2021/1 Year Warranty/3months Game Pass/Arctic Grey/1.43Kg), 82RJ00FGIN",Lenovo,57900.0,Intel Core I3-1215U,8.0,DDR4,512.0,SSD,Intel Iris Xe,Windows 11,15.6,1920,1080,1,https://m.media-amazon.com/images/I/81+SKGgJ9yL._SL500_.jpg,,amazon
"Lenovo V15 Intel Core i5 13th Gen 15.6"" (39.62 cm) FHD (1920x1080) Antiglare 250 Nits Thin and Light Laptop (8GB DDR5 RAM/512GB SSD/Windows 11 Home/Iron Grey/1Y Onsite +1Y ADP/1.65 kg)",Lenovo,58999.0,Intel Core I5 13Th,8.0,DDR5,512.0,SSD,Intel Iris Xe,Windows 11,15.6,1920,1080,1,https://m.media-amazon.com/images/I/413MzCs7uDL._SL500_.jpg,,amazon
"DELL 14 (2025) Intel Core i3 13th Gen 1305U - (8 GB/512 GB SSD/Intel UHD Graphics/Windows 11 Pro) Thin and Light Business Laptop/14.0"" FHD+ IPS Display/Ice Blue/1.4 kg/MSO 2021/1 Year ADP Warranty",Dell,46390.0,Intel Core I3 13Th,8.0,DDR4,512.0,SSD,Intel Uhd Graphics,Windows 11,14.0,1920,1080,1,https://m.media-amazon.com/images/I/81wyj7X9c-L._SL500_.jpg,,amazon
"Lenovo Thinkpad P16v Intel Core Ultra 7 155H 16""(40.64 cm) WUXGA IPS 300Nits, AI Ready Thin and Light Workstation (32GB/1TB/Win11 Pro/Backlit/NVIDIA RTX 2000 8GB/Black/3Y Premier/2.22Kg), 21KXS05200",Lenovo,267990.0,Intel Core Ultra 7,8.0,DDR4,512.0,SSD,Nvidia Rtx 2000,Windows 11,15.6,2560,1600,1,https://m.media-amazon.com/images/I/31eBjDI7iOL._SL500_.jpg,,amazon
"Samsung Galaxy Book2 Pro Intel 12th Gen i7 EvoTM 33.78cm (13.3"") AMOLED Thin & Light Laptop (16 GB/512 GB SSD/Windows 11/MS Office/Backlit KB/Fingerprint Sensor/Silver/0.87Kg), NP930XED-KB2IN",Samsung,99000.0,Intel Core i5,8.0,DDR4,512.0,SSD,Intel Iris Xe,Windows 11,13.3,1920,1080,1,https://m.media-amazon.com/images/I/81OQByV6ovL._SL500_.jpg,,amazon
"ASUS Zenbook 14 (2026),Intel Core Ultra 7 255H,Intel Arc iGPU,32GB RAM,1TB SSD,OLED,Touchscreen,14""(35.5 cm),Win 11,M365 Basic(1Y)* Office 24,Foggy Silver,1.28 Kg,UX3405CA-QL1112WS,Thin & Light Laptop",ASUS,115990.0,Intel Core Ultra 7,32.0,DDR4,512.0,SSD,Intel Arc Igpu,Windows 11,15.6,1920,1080,1,https://m.media-amazon.com/images/I/71zFcKss-GL._SL500_.jpg,,amazon
"Lenovo IdeaPad Slim 5 Intel Core Ultra 7 155H Built-in AI 16"" (40.64cm) WUXGA-IPS 300Nits Thin & Light Laptop (16GB/1TB SSD/Win 11/100% sRGB/MSO/1Yr ADP Free/3 Month Game Pass/Grey/1.8Kg), 83DC008VIN",Lenovo,102000.0,Intel Core Ultra 7,8.0,DDR4,512.0,SSD,Intel Iris Xe,Windows 11,15.6,1920,1080,1,https://m.media-amazon.com/images/I/71K-+2CT4uL._SL500_.jpg,,amazon
"Lenovo ThinkPad Silver E14 Intel Core i5 13th Gen (16GB RAM/512GB SSD/Win 11 Home/Office 2021/Backlit Keyboard/Fingerprint) 14"" WUXGA IPS 300 Nits Thin & Light Laptop/1Y Warranty/1.41 kg,21JKS1FQ00",Lenovo,87990.0,Intel Core I5 13Th,16.0,DDR4,512.0,SSD,Intel Iris Xe,Windows 11,15.6,1920,1080,1,https://m.media-amazon.com/images/I/519Mag2LG7L._SL500_.jpg,,amazon
"acer Aspire 3 A325-53 13th Gen Intel Core i5-1334U Thin and Light Laptop (8 GB RAM/512GB SSD/Intel UHD Graphics/Windows 11 Home, Office Home & Student 2024), 15.6"" FHD IPS Display/Silver",Acer,53825.0,Intel Core I5-1334U,8.0,DDR4,512.0,SSD,Intel Uhd Graphics,Windows 11,15.6,1920,1080,1,https://m.media-amazon.com/images/I/61Lh5BJUIxL._SL500_.jpg,,amazon
"HP 15 (2026), AMD Ryzen 3 Quad Core 7335U - (8 GB DDR5/512 GB SSD/AMD Radeon 660M Graphics/Windows 11 Home) Thin and Light Business Laptop/15.6"" Display/Turbo Silver/Copilot Key/1.5kg/MS Office",HP,43380.0,Intel Core i5,8.0,DDR5,512.0,SSD,Amd Radeon 660M,Windows 11,15.6,1920,1080,1,https://m.media-amazon.com/images/I/71vF+WK+vrL._SL500_.jpg,,amazon
"Lenovo IdeaPad 1, AMD Ryzen 5 7520U, 8GB RAM, 512GB SSD, HD 15.6"", Windows 11 Home, Cloud Grey, 1.58Kg, 82VG00ESIN, Thin and Light, 1Yr Warranty Laptop",Lenovo,46990.0,Amd Ryzen 5 7520U,8.0,DDR4,512.0,SSD,Intel Iris Xe,Windows 11,15.6,1366,768,1,https://m.media-amazon.com/images/I/71lp7jyyjbL._SL500_.jpg,,amazon
"Lenovo ThinkPad E16 Intel Core i5 13th Gen (16GB RAM/512GB SSD/Windows 11 Home/Office 2021/Fingerprint Reader/ 16"" WUXGA IPS 300 Nits Thin & Light Laptop/Aluminium Top/1Y Warranty/1.77 kg), 21JNS0QE00",Lenovo,97500.0,Intel Core I5 13Th,16.0,DDR4,512.0,SSD,Intel Iris Xe,Windows 11,15.6,1920,1080,1,https://m.media-amazon.com/images/I/41omwbQ1b4L._SL500_.jpg,,amazon
HP 240R G10 (2026) Professional Intel Core 3 14th Gen 100U - (16 GB/512 GB SSD/Windows 11 Pro) 240R G10 Thin and Light Laptop,HP,51800.0,Intel Core i5,8.0,DDR4,512.0,SSD,Intel Iris Xe,Windows 11,15.6,1920,1080,1,https://m.media-amazon.com/images/I/51oZp2EkLjL._SL500_.jpg,,amazon
"HP 14 (2025), Intel Core 5 14th Gen 120U - (32 GB/512 GB SSD/Intel Iris Xe Graphics/Windows 11 Pro) Thin and Light Business Laptop/14.0"" FHD Display/Ash Grey/1.4 kg/MS Office 2021",HP,70990.0,Intel Core i5,8.0,DDR4,512.0,SSD,Intel Iris Xe,Windows 11,14.0,1920,1080,1,https://m.media-amazon.com/images/I/71yGbA-pRTL._SL500_.jpg,,amazon
"ASUS Vivobook Go 14 (2026),AMD Ryzen 5 40, AMD Radeon iGPU,16GB RAM,512GB SSD,FHD, 14""(35.5 cm),Windows 11 Home,M365 Basic(1 Year)* Office 2024,Cool Silver,1.38 Kg,E1404FA-EB1226WS,Thin & Light Laptop",ASUS,60990.0,Amd Ryzen 5 40,16.0,DDR4,512.0,SSD,Amd Radeon Igpu,Windows 11,15.6,1920,1080,1,https://m.media-amazon.com/images/I/713RoW0SJcL._SL500_.jpg,,amazon
"Acer Aspire Lite (2025) Intel Core i5 13th Gen 1334U - (16 GB/512 GB SSD/Intel UHD Graphics/Windows 11 Home) AL15-53 Thin and Light Laptop/15.6"" FHD Display/Steel Grey/1.5 Kg/MSO 2021/3 Years Warranty",Acer,57990.0,Intel Core I5 13Th,8.0,DDR4,512.0,SSD,Intel Uhd Graphics,Windows 11,15.6,1920,1080,1,https://m.media-amazon.com/images/I/71iUXY2S9jL._SL500_.jpg,,amazon
"ASUS Vivobook S14 OLED (2022) Intel EVO Core i7 12th Gen - (16 GB/512 GB SSD/Windows 11 Home) S3402ZA-KM702WS Thin and Light Laptop (14 inch, Indie Black, 1.50 kg, with MS Office)",ASUS,80999.0,Intel Core i5,8.0,DDR4,512.0,SSD,Intel Iris Xe,Windows 11,15.6,1920,1080,1,https://m.media-amazon.com/images/I/51hzVhdAAlL._SL500_.jpg,,amazon
"ASUS Vivobook 16 (2026),AMD Ryzen 5 150,AMD Radeon iGPU,16GB RAM,512GB SSD,FHD+, 16""(40 cm),Windows 11 Home,M365 Basic(1 Year)* Office 2024,Cool Silver, 1.88 kg, M1605NAQ-MB095WS, Thin & Light Laptop",ASUS,61990.0,Amd Ryzen 5 150,16.0,DDR4,512.0,SSD,Amd Radeon Igpu,Windows 11,15.6,1920,1080,1,https://m.media-amazon.com/images/I/716Eix+3A0L._SL500_.jpg,,amazon
"HP 15 (2026), AMD Ryzen 7 Octa Core 7730U - (16 GB/512 GB SSD/AMD Radeon Graphics/Windows 11 Pro) Thin and Light Business Laptop/15.6"" FHD Display/Backlit + Fingerprint/Silver/1.5kg",HP,58430.0,Intel Core i5,8.0,DDR4,512.0,SSD,Amd Radeon Graphics,Windows 11,15.6,1920,1080,1,https://m.media-amazon.com/images/I/71+3EDsHsAL._SL500_.jpg,,amazon
"HP 15 (2026), AMD Ryzen 7 Octa Core 7735U - (8 GB DDR5/512 GB SSD/AMD Radeon 680M Graphics/Windows 11 Pro) Thin & Light Business Laptop/15.6"" FHD Display/Backlit + Fingerprint/Silver/1.5kg/MS Office",HP,56900.0,Intel Core i5,8.0,DDR5,512.0,SSD,Amd Radeon 680M,Windows 11,15.6,1920,1080,1,https://m.media-amazon.com/images/I/71O31Atk3RL._SL500_.jpg,,amazon
"Lenovo 14 (2025), Intel Core i3 13th Gen 1315U - (8 GB/512 GB SSD/Intel UHD Graphics/Windows 11 Pro) Thin and Light Business Laptop/14.0"" FHD Display/Iron Grey/1.4 kg/MSO 2021",Lenovo,52890.0,Intel Core I3 13Th,8.0,DDR4,512.0,SSD,Intel Uhd Graphics,Windows 11,14.0,1920,1080,1,https://m.media-amazon.com/images/I/61-Jzr+piWL._SL500_.jpg,,amazon
"Lenovo V15 AMD Ryzen 3 7320U 15.6"" (39.62cm) FHD 250 Nits Antiglare Thin and Light Laptop (8GB/512GB SSD/Windows 11 Home/Arctic Grey/1.65 Kg), 82YU00W7IN",Lenovo,46990.0,Amd Ryzen 3 7320U,8.0,DDR4,512.0,SSD,Intel Iris Xe,Windows 11,15.6,1920,1080,1,https://m.media-amazon.com/images/I/41yHIEqovQL._SL500_.jpg,,amazon
"Lenovo V15 G6 AMD Ryzen 7 170 15.6"" (39.62cm) FHD Thin and Light Business Laptop (16GB RAM DDR5/ 512GB SSD/Windows 11/ MS Office 2024/ AMD Radeon Graphics/ 3-Cell Battery/Luna Grey/ 1.6 kg)",Lenovo,64999.0,Amd Ryzen 7 170,16.0,DDR5,512.0,SSD,Amd Radeon Graphics,Windows 11,15.6,1920,1080,1,https://m.media-amazon.com/images/I/712HIme8bnL._SL500_.jpg,,amazon
"HP 14 (2025), Intel Core i5 13th Gen 1334U - (8 GB/512 GB SSD/Intel Iris Xe Graphics/Windows 11 Pro) Thin and Light Business Laptop/14.0"" FHD Display/Ash Grey/1.4 kg/MS Office 2021",HP,56990.0,Intel Core I5 13Th,8.0,DDR4,512.0,SSD,Intel Iris Xe,Windows 11,14.0,1920,1080,1,https://m.media-amazon.com/images/I/71nuFCWQRxL._SL500_.jpg,,amazon
"HP Intel Core i5 10th Gen - (8 GB/256 GB SSD/DOS) Thin and Light Business Laptop/14.0"" HD/Black 1.4 Kg/",HP,58900.0,Intel Core I5 10Th,8.0,DDR4,256.0,SSD,Intel Iris Xe,DOS,14.0,1366,768,1,https://m.media-amazon.com/images/I/71zjvvKWrgL._SL500_.jpg,,amazon
"Lenovo V15 Intel Core i3 13th Gen (8 GB DDR5 RAM/512GB SSD/Windows 11 Home/MS-Office/Iron Grey) 15.6"" FHD (1920x1080) Antiglare 250 Nits Thin & Light Laptop/1Y Onsite",Lenovo,59990.0,Intel Core I3 13Th,8.0,DDR5,512.0,SSD,Intel Iris Xe,Windows 11,15.6,1920,1080,1,https://m.media-amazon.com/images/I/71RZDi-9tVL._SL500_.jpg,,amazon
"DELL i3 10th Gen - (4 GB/256 GB SSD/Intel UHD Graphics) Thin and Light Business Laptop/14.0"" Display/Ice Blue/1.4 kg",Dell,44000.0,Intel Core i5,8.0,DDR4,256.0,SSD,Intel Uhd Graphics,Windows 11,14.0,1366,768,1,https://m.media-amazon.com/images/I/91IHnG21p4L._SL500_.jpg,,amazon
"Lenovo 14 (2025), Intel Core i3 13th Gen 1315U - (16 GB/512 GB SSD/Intel UHD Graphics/Windows 11 Home) Thin and Light Business Laptop/14.0"" FHD Display/Iron Grey/1.4 kg/MSO 2021",Lenovo,59890.0,Intel Core I3 13Th,8.0,DDR4,512.0,SSD,Intel Uhd Graphics,Windows 11,14.0,1920,1080,1,https://m.media-amazon.com/images/I/61NC-CtwpbL._SL500_.jpg,,amazon
"HP Professional 15 (2026), Intel Core i5 13th Gen 1334U - (16 GB/512 GB SSD/Intel Iris Xe Graphics/Windows 11 Home) Thin and Light Business Laptop/15.6"" FHD Display/Backlit/Turbo Silver/1.5kg/MSO 2021",HP,63490.0,Intel Core I5 13Th,8.0,DDR4,512.0,SSD,Intel Iris Xe,Windows 11,15.6,1920,1080,1,https://m.media-amazon.com/images/I/71zO9msJL7L._SL500_.jpg,,amazon
"Lenovo V15 AMD Ryzen 7 7730U 15.6"" (39.62cm) FHD 250 Nits Antiglare Thin and Light Laptop (Free MS Office) Lifetime (16GB/512GB SSD/Windows 11/Iron Grey/1.65 Kg) 1 Year Brand Warranty",Lenovo,59999.0,Amd Ryzen 7 7730U,8.0,DDR4,512.0,SSD,Intel Iris Xe,Windows 11,15.6,1920,1080,1,https://m.media-amazon.com/images/I/51N1Bqiw7wL._SL500_.jpg,,amazon
"ASUS Vivobook Go 15, AMD Ryzen 5 7520U Thin & Light Laptop(AMD Radeon iGPU/8GB RAM/512GB SSD/FHD/15.6""/60Hz/Windows 11/M365 Basic (1Year)*/Office Home 2024/Mixed Black/1.63 Kg) E1504FA-NJ133WS",ASUS,50990.0,Amd Ryzen 5 7520U,8.0,DDR4,512.0,SSD,Amd Radeon Igpu,Windows 11,15.6,1920,1080,1,https://m.media-amazon.com/images/I/61ceJMf3giL._SL500_.jpg,,amazon
"Acer Travel Lite (2026) Intel Core i5 13th Gen 1334U - (16 GB/512 GB SSD/Intel UHD Graphics/Windows 11 Home) TL04-51M Thin and Light Laptop/14.0"" FHD Display/Black/1.4 Kg/MSO 2021/3 Years Warranty",Acer,56990.0,Intel Core I5 13Th,8.0,DDR4,512.0,SSD,Intel Uhd Graphics,Windows 11,14.0,1920,1080,1,https://m.media-amazon.com/images/I/71a8aUld7nL._SL500_.jpg,,amazon
"Acer Travel Lite (2026) Intel Core i5 13th Gen 1334U - (8 GB/512 GB SSD/Intel UHD Graphics/Windows 11 Home) TL04-51M Thin and Light Laptop/14.0"" FHD Display/Black/1.4 Kg/MSO 2021/3 Years Warranty",Acer,52990.0,Intel Core I5 13Th,8.0,DDR4,512.0,SSD,Intel Uhd Graphics,Windows 11,14.0,1920,1080,1,https://m.media-amazon.com/images/I/71a8aUld7nL._SL500_.jpg,,amazon
"HP 15 (2026), AMD Ryzen 7 Octa Core 7735U - (16 GB DDR5/512 GB SSD/AMD Radeon 680M Graphics/Windows 11 Pro) Thin & Light Business Laptop/15.6"" FHD Display/Backlit + Fingerprint/Silver/1.5kg/MS Office",HP,57610.0,Intel Core i5,16.0,DDR5,512.0,SSD,Amd Radeon 680M,Windows 11,15.6,1920,1080,1,https://m.media-amazon.com/images/I/71gGeGiFNKL._SL500_.jpg,,amazon
"Lenovo 14 (2025), AMD Ryzen 3 7320U Quad Core - (8 GB/512 GB SSD/AMD Radeon Graphics/Windows 11 Home) Thin and Light Business Laptop/14.0"" FHD Display/Silver/1.4 kg/MS Office 2021",Lenovo,43750.0,Amd Ryzen 3 7320U,8.0,DDR4,512.0,SSD,Amd Radeon Graphics,Windows 11,14.0,1920,1080,1,https://m.media-amazon.com/images/I/61DIi-Z-B7L._SL500_.jpg,,amazon
"ASUS Vivobook Go 14 (2026),AMD Ryzen 3 30 Processor,AMD Radeon iGPU,8GB RAM,512GB SSD,FHD,14"" (35.5 cm),Windows 11,M365 Basic(1Y)* Office 2024,Green Gray,1.38 Kg,E1404FA-EB1236WS,Thin & Light Laptop",ASUS,48990.0,Amd Ryzen 3 30,8.0,DDR4,512.0,SSD,Amd Radeon Igpu,Windows 11,15.6,1920,1080,1,https://m.media-amazon.com/images/I/719QlaWCUxL._SL500_.jpg,,amazon
"ASUS Vivobook 15 (2026),AMD Ryzen 5 150,Fingerprint Sensor,16GB RAM, 512GB SSD,FHD, 15.6"", (39.6 cm),Windows 11,M365 Basic(1 Year)* Office 2024,Quiet Blue,1.70 kg,M1502NAQ-BQ118WS,Thin & Light Laptop",ASUS,58990.0,Amd Ryzen 5 150,16.0,DDR4,512.0,SSD,Intel Iris Xe,Windows 11,15.6,1920,1080,1,https://m.media-amazon.com/images/I/7163qvOBzlL._SL500_.jpg,,amazon
"Acer Aspire Lite, AMD Ryzen3-5400U, Office 2024 + M365 Basic,8GB RAM, 512GB SSD, Full HD IPS, 15.6""/39.62 cm, Windows 11 Home, Steel Gray, 1.59 KG, AL15-41, Metal Body, Premium Thin and Light Laptop",Acer,44499.0,Intel Core i5,8.0,DDR4,512.0,SSD,Intel Iris Xe,Windows 11,15.6,1920,1080,1,https://m.media-amazon.com/images/I/51NDZweONYL._SL500_.jpg,,amazon
"HP Professional 15 (2026), Intel (i3 14th Gen) Core 3 100U - (8 GB/512 GB SSD/Intel UHD Graphics/Windows 11 Home) Thin & Light Business Laptop/15.6"" Display/Turbo Silver/Copilot Key/1.5kg/MS Office",HP,47710.0,Intel Core i5,8.0,DDR4,512.0,SSD,Intel Uhd Graphics,Windows 11,15.6,1366,768,1,https://m.media-amazon.com/images/I/71WkOmHe4gL._SL500_.jpg,,amazon
"Lenovo Yoga Slim 7, Intel Core Ultra 7 155H, 16GB RAM, 512GB SSD, WUXGA-OLED, AI PC 14""/35.5cm, Windows 11, Office Home 2024, Grey, 1.39Kg, 2Wx4 Speakers, 1Yr ADP Free, 83CV009XIN, AI Powered Laptop",Lenovo,94990.0,Intel Core Ultra 7,16.0,DDR4,512.0,SSD,Intel Iris Xe,Windows 11,15.6,1920,1080,1,https://m.media-amazon.com/images/I/71T7ZQKmmBL._SL500_.jpg,,amazon
"Lenovo V14 G4 (2024), Intel Core i3 13th Gen 1315U - (8 GB DDR5/512GB SSD/Intel UHD Graphics/Windows 11) Thin and Light Smart Laptop/14.0"" FHD Display/Iron Grey/1.57 kg/MS Office",Lenovo,52999.0,Intel Core I3 13Th,8.0,DDR5,512.0,SSD,Intel Uhd Graphics,Windows 11,14.0,1920,1080,1,https://m.media-amazon.com/images/I/71lPTdSb-4L._SL500_.jpg,,amazon
"HP 15 (2026), AMD Ryzen 5 Hexa Core 7535U - (16 GB DDR5/512 GB SSD/AMD Radeon 660M Graphics/Windows 11 Home) Thin and Light Business Laptop/15.6"" FHD Display/Turbo Silver/Copilot Key/1.5kg/MS Office",HP,56060.0,Intel Core i5,16.0,DDR5,512.0,SSD,Amd Radeon 660M,Windows 11,15.6,1920,1080,1,https://m.media-amazon.com/images/I/71M5woOqR1L._SL500_.jpg,,amazon
"Lenovo ThinkBook 15 AMD Ryzen 3 5300U 15.6"" (39.62cm) FHD 220 Nits Antiglare Thin and Light Laptop (8GB/256GB SSD/Windows 11/MS Office/Mineral Grey/1.7 Kg), 21A4A09SIH",Lenovo,57500.0,Amd Ryzen 3 5300U,8.0,DDR4,256.0,SSD,Intel Iris Xe,Windows 11,15.6,1920,1080,1,https://m.media-amazon.com/images/I/61Dh8r-jRHL._SL500_.jpg,,amazon
"HP Laptop 250R G9 (2024), Intel Core i3 13th Gen 1315U - (8GB/512GB SSD/Intel UHD Graphics/DOS) Thin and Light Business Laptop/15.6"" (39.62cm)/Ash Grey/1.57 kg",HP,47990.0,Intel Core I3 13Th,8.0,DDR4,512.0,SSD,Intel Uhd Graphics,DOS,15.6,1366,768,1,https://m.media-amazon.com/images/I/71Z8mjuvGmL._SL500_.jpg,,amazon
"Acer Aspire One, Intel Core Celeron N4500, Office 2024 + M365 Basic, 12GB LPDDR4X RAM/ 500GB SSD, 14.0""/35.56cm TN HD Display, Win 11 Home, Pure Silver, 1.3KG, A114-45, Thin and Light Laptop",Acer,40499.0,Intel Core i5,12.0,LPDDR4X,500.0,SSD,Intel Iris Xe,Windows 11,14.0,1366,768,1,https://m.media-amazon.com/images/I/41XJEVuzpPL._SL500_.jpg,,amazon
"HP Pavilion Plus, 13th Gen Intel Core i5-1335U Laptop (16GB DDR5, 512GB SSD) IPS WUXGA Anti-Glare, 14""/35.6cm, Win 11, MS Office, Silver, 1.44kg, Intel Iris Xe Graphics, 5MP IR Camera, ew0116TU/0107tu",HP,82799.0,Intel Core I5-1335U,16.0,DDR5,512.0,SSD,Intel Iris Xe,Windows 11,15.6,3840,2160,1,https://m.media-amazon.com/images/I/71KR4mF8JLL._SL500_.jpg,,amazon
"Lenovo IdeaPad Slim 1 AMD Ryzen 5 5500U 15.6"" HD Thin and Light Laptop (8GB/512GB SSD/Windows 11 Home/Office Home 2024/1 Year ADP Free/Grey/1.6Kg) 82R400XSIN",Lenovo,45999.0,Amd Ryzen 5 5500U,8.0,DDR4,512.0,SSD,Intel Iris Xe,Windows 11,15.6,1366,768,1,https://m.media-amazon.com/images/I/61TWIptF7zL._SL500_.jpg,,amazon
"Lenovo V15 AMD Ryzen 3 7320U 15.6"" (39.62cm) FHD 250 Nits Antiglare Thin and Light Laptop (8GB/512GB SSD/Windows 11/Arctic Grey/1.65 Kg), 82YU00W7IN",Lenovo,49999.0,Amd Ryzen 3 7320U,8.0,DDR4,512.0,SSD,Intel Iris Xe,Windows 11,15.6,1920,1080,1,https://m.media-amazon.com/images/I/41bEIS2vQ-L._SL500_.jpg,,amazon
"ASUS Vivobook 15 (2026),Intel Core 3 100U,Intel iGPU, 16GB RAM, 512GB SSD, FHD, 15.6""(39.6 cm),Windows 11 Home,M365 Basic(1 Year)* Office 2024,Cool Silver, 1.7 Kg,X1504VAP-BQ1341WS,Thin & Light Laptop",ASUS,63990.0,Intel Core i5,16.0,DDR4,512.0,SSD,Intel Iris Xe,Windows 11,15.6,1920,1080,1,https://m.media-amazon.com/images/I/716Eix+3A0L._SL500_.jpg,,amazon
"HP 15 (2026), AMD Ryzen 5 Hexa Core 7535U - (16 GB DDR5/512 GB SSD/AMD Radeon 660M Graphics/Windows 11 Pro) Thin and Light Business Laptop/15.6"" FHD Display/Turbo Silver/Copilot Key/1.5kg/MS Office",HP,58490.0,Intel Core i5,16.0,DDR5,512.0,SSD,Amd Radeon 660M,Windows 11,15.6,1920,1080,1,https://m.media-amazon.com/images/I/71ZMszffuBL._SL500_.jpg,,amazon
"ASUS Vivobook S16,14th Gen, Intel Core 5-210H,Metallic Design Laptop(Intel UHD iGPU/16GB RAM/512GB SSD/FHD+/16""/144Hz/Windows 11/M365 Basic(1Year)*/Office Home 2024/Silver/1.7Kg) S3607VA-RP114WS",ASUS,63190.0,Intel Core i5,16.0,DDR4,512.0,SSD,Intel Iris Xe,Windows 11,15.6,1920,1080,1,https://m.media-amazon.com/images/I/71337i0ZsVL._SL500_.jpg,,amazon
"acer Aspire 3 Intel Core i3 12th Gen 1215U - (8 GB/512 GB SSD/Windows 11 Home) A324-51 Thin and Light Laptop, Backlit Keyboard, (14 Inch, Steel Gray, 1.45 Kg)",Acer,43990.0,Intel Core I3 12Th,8.0,DDR4,512.0,SSD,Intel Iris Xe,Windows 11,15.6,1920,1080,1,https://m.media-amazon.com/images/I/51-1CpzQjKL._SL500_.jpg,,amazon
"HP Professional 15 (2025) Intel Core 3-100U 8GB RAM 512GB SSD 15.6"" FHD Windows 11 Pro MS Office Silver 1.65 kg Thin & Light Laptop with FHD Camera and Privacy Shutter G10",HP,45800.0,Intel Core i5,8.0,DDR4,512.0,SSD,Intel Iris Xe,Windows 11,15.6,1920,1080,1,https://m.media-amazon.com/images/I/617HOHqb74L._SL500_.jpg,,amazon
"HP Laptop 250R G9 (2024), Intel Core i3 13th Gen 1315U - (16GB/512GB SSD/Intel UHD Graphics/Windows 11 Home) Thin and Light Business Laptop/15.6"" (39.62cm)/Ash Grey/1.57 kg/MS Office 2021",HP,49810.0,Intel Core I3 13Th,8.0,DDR4,512.0,SSD,Intel Uhd Graphics,Windows 11,15.6,1366,768,1,https://m.media-amazon.com/images/I/71Z8mjuvGmL._SL500_.jpg,,amazon
"Lenovo 14 (2025), Intel Core i3 13th Gen 1315U - (16 GB/512 GB SSD/Intel UHD Graphics/Windows 11 Home) Thin and Light Business Laptop/14.0"" FHD Display/Iron Grey/1.4 kg/MS Office 2021",Lenovo,59900.0,Intel Core I3 13Th,8.0,DDR4,512.0,SSD,Intel Uhd Graphics,Windows 11,14.0,1920,1080,1,https://m.media-amazon.com/images/I/51YXd+ACLXL._SL500_.jpg,,amazon
"Lenovo 14 (2025), Intel Core i5 13th Gen 13420H - (16 GB/512 GB SSD/Intel UHD Graphics/Windows 11 Home) Thin and Light Business Laptop/14.0"" FHD Display/Iron Grey/1.4 kg/Microsoft Office 2021",Lenovo,61900.0,Intel Core I5 13Th,8.0,DDR4,512.0,SSD,Intel Uhd Graphics,Windows 11,14.0,1920,1080,1,https://m.media-amazon.com/images/I/51ONzUTpdEL._SL500_.jpg,,amazon
"MSI Prestige 13 AI Evo, Intel 1st Gen. Core Ultra 5 125H, Built-in AI, 34CM 2.8k OLED Thin and Light Laptop(16GB/1TB NVMe SSD/Windows 11 Home/Intel Arc Graphics, /Stellar Grey/0.99Kg), A1MG-052IN",MSI,91990.0,Intel Core i5,8.0,DDR4,512.0,SSD,Intel Arc Graphics,Windows 11,15.6,2880,1800,1,https://m.media-amazon.com/images/I/71gzlsmf6+L._SL500_.jpg,,amazon
"HP 15 (2026) Business Laptop with Copilot Key – AMD Ryzen 3 7335U Quad Core, 8GB RAM, 512GB SSD, 15.6"" FHD Display, Windows 11 Pro, Thin & Light, Turbo Silver 1.5 Kg",HP,45990.0,Amd Ryzen 3 7335U,8.0,DDR4,512.0,SSD,Intel Iris Xe,Windows 11,15.6,1920,1080,1,https://m.media-amazon.com/images/I/61uKJWnakCL._SL500_.jpg,,amazon
"acer Aspire Lite, 13th Gen, Intel Core i3-1305U, 16GB RAM, 512GB SSD, Full HD 15.6""/39.62 cm, Windows 11 Home, Steel Gray, 1.59 KG, AL15-53, Metal Body, 36 WHR, Thin and Light Premium Laptop",Acer,49990.0,Intel Core I3-1305U,16.0,DDR4,512.0,SSD,Intel Iris Xe,Windows 11,15.6,1920,1080,1,https://m.media-amazon.com/images/I/81A-ZqCxtlL._SL500_.jpg,,amazon
"Lenovo IdeaPad Slim 3 13th Gen Core i7-13620H 15.3 inch (38.8cm) WUXGA IPS Laptop (16GB RAM/512GB SSD/Windows 11/MSO 365 Basic+Office 2024/1Yr ADP Free/Grey/1.6Kg), 83K100S1IN",Lenovo,83000.0,Intel Core i5,16.0,DDR4,512.0,SSD,Intel Iris Xe,Windows 11,15.3,1920,1080,1,https://m.media-amazon.com/images/I/71K-77wHn2L._SL500_.jpg,,amazon
"Lenovo ThinkBook 16, AMD Ryzen 5 220, 16GB RAM, 512GB SSD, WUXGA IPS 16” (40.64cm), Windows 11 Home, Arctic Grey, 1.7Kg, 21UTA01JIG, Fingerprint, Backlit, 400 Nits, 1Y Warranty, Laptop",Lenovo,99990.0,Amd Ryzen 5 220,16.0,DDR4,512.0,SSD,Intel Iris Xe,Windows 11,15.6,1920,1080,1,https://m.media-amazon.com/images/I/511EukRBJzL._SL500_.jpg,,amazon
"Lenovo V14 G4 (2024), Intel Core i3 13th Gen 1315U - (16GB DDR5 /512GB SSD/Intel UHD Graphics/Windows 11) Thin and Light Smart Laptop/14.0"" FHD Display/Iron Grey/1.57 kg/MS Office",Lenovo,59999.0,Intel Core I3 13Th,16.0,DDR5,512.0,SSD,Intel Uhd Graphics,Windows 11,14.0,1920,1080,1,https://m.media-amazon.com/images/I/51bHvUvWrnL._SL500_.jpg,,amazon
"Lenovo ThinkBook 16, Intel Core Ultra 5 225U, 16GB RAM, 1TB SSD, WUXGA IPS 16”(40.64cm), Windows 11 Home, Arctic Grey, 1.7Kg, 21SKA0FTIG, Fingerprint, Backlit, 300 Nits, 1Y Warranty, AI Powered Laptop",Lenovo,88990.0,Intel Core Ultra 5,16.0,DDR4,512.0,SSD,Intel Iris Xe,Windows 11,15.6,1920,1080,1,https://m.media-amazon.com/images/I/511EukRBJzL._SL500_.jpg,,amazon
"MSI Modern 14, Intel 13th Gen. Core i3 1315U,14” Inch (36CM) FHD 60Hz Thin & Light Business Laptop (8GB/512GB NVMe SSD/Windows 11 Home/Intel UHD/Classic Black/1.4Kg), C13M-1465IN",MSI,44990.0,Intel Core i5,8.0,DDR4,512.0,SSD,Intel Iris Xe,Windows 11,15.6,3840,2160,1,https://m.media-amazon.com/images/I/61O737i7QeL._SL500_.jpg,,amazon
"Lenovo IdeaPad Slim 5 12th Gen Intel Core i5 12450H 14"" (36cm) WUXGA IPS 300Nits Thin and Light Laptop (16GB/1TB SSD/Win 11/Office 21/BacklitKB/FHD Camera/Alexa/3 Mon Game Pass/Grey/1.46Kg),83BF0043IN",Lenovo,69999.0,Intel Core I5 12450H,8.0,DDR4,512.0,SSD,Intel Iris Xe,Windows 11,15.6,1920,1080,1,https://m.media-amazon.com/images/I/612ealjuNbL._SL500_.jpg,,amazon
"Lenovo ThinkBook 16, AMD Ryzen 5 220, 16GB RAM, 1TB SSD, WUXGA IPS 16” (40.64cm), Windows 11 Home, Arctic Grey, 1.7Kg, 21UTA01HIG, Fingerprint, Backlit, 400 Nits, 1Y Warranty, Laptop",Lenovo,109990.0,Amd Ryzen 5 220,16.0,DDR4,512.0,SSD,Intel Iris Xe,Windows 11,15.6,1920,1080,1,https://m.media-amazon.com/images/I/511EukRBJzL._SL500_.jpg,,amazon
"Lenovo IdeaPad 1 15ALC7 AMD Ryzen 5 5500U 15.6"" FHD Thin and Light Laptop (8GB/512GB SSD/Integrated AMD Radeon Graphics/Windows 11 Home/Office Home 2024/1Yr ADP Free/Cloud Grey/1.61Kg), 82R4011PIN",Lenovo,45899.0,Amd Ryzen 5 5500U,8.0,DDR4,512.0,SSD,Amd Radeon Graphics,Windows 11,15.6,1920,1080,1,https://m.media-amazon.com/images/I/61D4SyYwyGL._SL500_.jpg,,amazon
"Lenovo V14 G3 (2024), Intel Core i3 12th Gen 1215U - (16GB/512GB SSD/Intel UHD Graphics/Windows 11 Home) Thin and Light Business Laptop/14.0"" FHD Display/Iron Grey/1.57 kg/MS Office 2021",Lenovo,44999.0,Intel Core I3 12Th,8.0,DDR4,512.0,SSD,Intel Uhd Graphics,Windows 11,14.0,1920,1080,1,https://m.media-amazon.com/images/I/51aoXk4rzXL._SL500_.jpg,,amazon
"Lenovo IdeaPad Slim 3 Intel Celeron N4020 14'' (35.56cm) HD Thin & Light Laptop (4GB/256GB SSD/Windows 11/MS Office 2021/2Yr Warranty/3months Game Pass/Platinum Grey/1.5Kg), 81WH007KIN",Lenovo,29999.0,Intel Celeron N4020,8.0,DDR4,256.0,SSD,Intel Iris Xe,Windows 11,15.6,1366,768,1,https://m.media-amazon.com/images/I/61s7sJEpsVL._SL500_.jpg,,amazon
"Lenovo Yoga Slim 7 Aura Edition Intel Evo Core Ultra 7 258V (32GB RAM/1TB SSD/14 (35.5cm)/WUXGA OLED/Copilot+ PC/Windows 11/MSO 365 Basic+Office 2024+Lenovo AI Now/Seashell/1.19Kg), 83JX00EUIN",Lenovo,155990.0,Intel Core i5,32.0,DDR4,512.0,SSD,Intel Iris Xe,Windows 11,15.6,1920,1080,1,https://m.media-amazon.com/images/I/71Scci8HRYL._SL500_.jpg,,amazon
"HP 255 G10, AMD Ryzen 3 7320U Quad Core -(DOS 16 GB RAM /512 GB SSD/AMD Radeon Graphics) Thin and Light Business Laptop/15.6"" HD Display/Turbo Silver/1.5 Kg",HP,52190.0,Amd Ryzen 3 7320U,16.0,DDR4,512.0,SSD,Amd Radeon Graphics,DOS,15.6,1366,768,1,https://m.media-amazon.com/images/I/51M4AUd-1OL._SL500_.jpg,,amazon
"Lenovo V15 AMD Ryzen 7 7730U, 15.6"" FHD Laptop (250 nits, Anti-Glare), 16GB RAM, 512GB SSD, Windows 11, MS Office Lifetime, Iron Grey, 1-Year Warranty.",Lenovo,59999.0,Amd Ryzen 7 7730U,16.0,DDR4,512.0,SSD,Intel Iris Xe,Windows 11,15.6,1920,1080,1,https://m.media-amazon.com/images/I/611OujQHO-L._SL500_.jpg,,amazon
"Lenovo ThinkBook 16 Ryzen 3 16"" WUXGA IPS Antiglare 300 Nits Thin and Lit Laptop (16GB RAM/512GB SSD/Window 11/Ms-Office Lifetime Validity,1 Year Onsite Brand Warranty/Fingerprint/Arctic Grey/1.7 kg)",Lenovo,54999.0,Intel Core i5,16.0,DDR4,512.0,SSD,Intel Iris Xe,Windows 11,15.6,1920,1080,1,https://m.media-amazon.com/images/I/51+50luRJkL._SL500_.jpg,,amazon
"Lenovo IdeaPad Slim 3 Intel Core i3 11th Gen 15.6"" (39.62cm) FHD Thin & Light Laptop (8GB/512GB SDD/Windows 11/Office 2021/2Yr Warranty/Arctic Grey/1.65Kg), 82H801LHIN",Lenovo,37399.0,Intel Core I3 11Th,8.0,DDR4,512.0,SSD,Intel Iris Xe,Windows 11,15.6,1920,1080,1,https://m.media-amazon.com/images/I/616vuVia5PL._SL500_.jpg,,amazon
"D E L L Inspiron 3530 Thin & Light Laptop, 13th Gen Core i5-1334U Processor, 8GB, 512GB SSD, 15.6"" (39.62cm) FHD Display, Standard Keyboard, Win 11+MSO'24 & 15 Month McAfee, Carbon Black, 1.62kg",D,63499.0,Intel Core i5,8.0,DDR4,512.0,SSD,Intel Iris Xe,Windows 11,15.6,2560,1600,1,https://m.media-amazon.com/images/I/61WrZ+jsgQL._SL500_.jpg,,amazon
"Lenovo V15 G3 (2024), Intel Core i3 12th Gen 1215U - (16GB/512GB SSD/Intel UHD Graphics/Windows 11 Pro) Thin and Light Business Laptop/15.6"" FHD Display/Iron Grey/1.7 kg/MS Office 2021",Lenovo,52990.0,Intel Core I3 12Th,8.0,DDR4,512.0,SSD,Intel Uhd Graphics,Windows 11,15.6,1920,1080,1,https://m.media-amazon.com/images/I/51QcoBERxVL._SL500_.jpg,,amazon
"Lenovo Yoga Slim 7 Aura Edition Intel Evo Core Ultra 5 226V (16GB RAM/512GB SSD/14 (35.5cm)/WUXGA OLED/Copilot+ PC/Windows 11/MSO 365 Basic+Office 2024/1Yr ADP/Luna Grey/1.19Kg), 83JX00CSIN AI Laptop",Lenovo,122990.0,Intel Core i5,16.0,DDR4,512.0,SSD,Intel Iris Xe,Windows 11,15.6,1920,1080,1,https://m.media-amazon.com/images/I/81-s1am-uQL._SL500_.jpg,,amazon
HP 245 AMD R5 8GB 512GB DOS 14-inch 1.36kg,HP,43690.0,Intel Core i5,8.0,DDR4,512.0,SSD,Intel Iris Xe,DOS,15.6,1920,1080,1,https://m.media-amazon.com/images/I/81X61ewuNUL._SL500_.jpg,,amazon
"Primebook 2 Max (2026) | 8GB RAM, 256GB UFS Storage | 15.6-Inch Full HD IPS Display | 12hrs Battery | MediaTek Helio G99 | Android 15 (PrimeOS 3.0) | Backlit Keyboard | in-Built AI (Gray)",Primebook,27990.0,Intel Core i5,8.0,DDR4,256.0,SSD,Intel Iris Xe,Windows 11,15.6,1920,1080,1,https://m.media-amazon.com/images/I/51JTBldTCXL._SL500_.jpg,,amazon
"Lenovo {SmartChoice Chromebook, Intel Celeron N4500, 4GB RAM, 64GB eMMC, HD, 11.6""/29.46cm, Chrome OS, Blue, 1.21Kg, 2Wx2 Stereo Speakers, HD Camera, 82UY0014HA, Laptop",Lenovo,17990.0,Intel Celeron N4500,4.0,DDR4,512.0,SSD,Intel Iris Xe,Windows 11,11.6,1366,768,1,https://m.media-amazon.com/images/I/61aQ9BYq89L._SL500_.jpg,,amazon
"BrowseBook 14.1"" FHD IPS Laptop | Best Student & Office Work Laptop | Celeron N4020 | 8GB RAM | 256GB SSD | Windows 11 | 38Wh | 1.3kg | Grey",Browsebook,18990.0,Intel Core i5,8.0,DDR4,256.0,SSD,Intel Iris Xe,Windows 11,14.1,1920,1080,1,https://m.media-amazon.com/images/I/71h+7L8gcrL._SL500_.jpg,,amazon
Ultimus Pentium Quad Core Laptop|Dual Storage eMMC+SSD Expandable~1TB|1.2Kg|180° Hinge|Win 11 Home|4GB RAM 128GB|Ultra-Thin Bezel|2.0x1 3.0x1 USB HDMI SD Card Slot | ‎Dual Speaker|Gray|NU14U8INB43SN,Mi,13990.0,Intel Core i5,4.0,DDR4,1024.0,SSD,Intel Iris Xe,Windows 11,15.6,2560,1600,1,https://m.media-amazon.com/images/I/71A9yCXgOnL._SL500_.jpg,,amazon
"HP 255 Notebook, AMD Athlon Silver 7120U,8GB DDR4, 256GB SSD, 15.6-inch(39.6cm), Anti-Glare, HD Laptop, Radeon Graphics, (Win 11, Silver,1.52kg) G10",HP,38500.0,Amd Athlon Silver,8.0,DDR4,256.0,SSD,Intel Iris Xe,Windows 11,15.6,2560,1600,1,https://m.media-amazon.com/images/I/71rw7cd14mL._SL500_.jpg,,amazon
"ULTIMUS Pro Intel Celeron Dual Core Laptop 4GB RAM, 128GB M.2 Emmc Expandable~512GB Intel HD Graphics 2.0x1 3.0x1 USB HDMI Sd Card Slot ‎LPDDR4 Dual Speaker Dual Microphone Win 11 Home Gray, 1.2 kg",Mi,13189.0,Intel Celeron Dual,4.0,LPDDR4,128.0,SSD,Intel Iris Xe,Windows 11,15.6,1366,768,1,https://m.media-amazon.com/images/I/61ZYf3SK4NL._SL500_.jpg,,amazon
"HP 15s, 12th Gen Intel Core i3-1215U (8GB DDR4, 512GB SSD) Anti-Glare, 15.6""/39.6cm,FHD, Win 11, MS Office 21, Silver, 1.69kg, fy5006tu/fd0751tu/fd0752tu, UHD Graphics, HD Camera, Dual Speakers Laptop",HP,48400.0,Intel Core I3-1215U,8.0,DDR4,512.0,SSD,Intel Iris Xe,Windows 11,15.6,1920,1080,1,https://m.media-amazon.com/images/I/71+gQ9gOTuL._SL500_.jpg,,amazon
AXL Laptop (Vayu Book) Newly Launched Thin & Light | 15.6 Inch HD Display (4GB/256GB SSD),Axl,14990.0,Intel Core i5,8.0,DDR4,256.0,SSD,Intel Iris Xe,Windows 11,15.6,1366,768,1,https://m.media-amazon.com/images/I/51IQKUhwNeL._SL500_.jpg,,amazon
"acer Aspire 3, Intel Core Celeron N4500, 12GB LPDDR4X RAM, 256GB SSD, HD, 15.6""/39.62cm, Windows 11 Home, Pure Silver, 1.5KG, A325-45, Thin and Light Laptop",Acer,39990.0,Intel Core i5,12.0,LPDDR4X,256.0,SSD,Intel Iris Xe,Windows 11,15.6,1366,768,1,https://m.media-amazon.com/images/I/61Y8j1QN5YL._SL500_.jpg,,amazon
"acer Aspire 3, 13th Gen, Intel Core i3-1305U, 8GB RAM, 512GB SSD, Full HD 14""/35.56cm, Windows 11 Home, Steel Gray, 1.45KG, A324-53, Thin and Light Laptop",Acer,43500.0,Intel Core I3-1305U,8.0,DDR4,512.0,SSD,Intel Iris Xe,Windows 11,15.6,1920,1080,1,https://m.media-amazon.com/images/I/71gQ2KgPEcL._SL500_.jpg,,amazon
"OnePlus Pad Go 2, 30.73 cm (12.1 inch) 2.8K Display, Dolby Vision™, 120Hz Refresh Rate, Quad Speakers, AI, 10050 mAh Battery, Wi-Fi Tablet, 8GB RAM 128 GB Storage, Shadow Black",Oneplus,28999.0,Intel Core i5,8.0,DDR4,128.0,SSD,Intel Iris Xe,Windows 11,12.1,2880,1800,1,https://m.media-amazon.com/images/I/61HTBi5HNQL._SL500_.jpg,,amazon
"HP 15, AMD Ryzen 5 7520U,(16GB LPDDR5, 512GB SSD), Anti-Glare, Micro-Edge, FHD, 15.6''/39.6cm, Win 11, Office 24,M365 Basic(1yr)*,Silver, 1.59kg, fc0690au, FHD Camera, Backlit KB Laptop",HP,59500.0,Amd Ryzen 5 7520U,16.0,LPDDR5,512.0,SSD,Intel Iris Xe,Windows 11,15.6,1920,1080,1,https://m.media-amazon.com/images/I/71qeL9SvpeL._SL500_.jpg,,amazon
"ASUS Chromebook CM14, Octa-Core MediaTek Kompanio 520, 14"" (32.46 Cms) FHD, Thin and Light Chromebook (8GB RAM/128GB eMMC Storage/Chrome OS/Gray/1.45 Kg), CM1402CM2A-NK0129",ASUS,26990.0,Intel Core i5,8.0,DDR4,128.0,SSD,Intel Iris Xe,Windows 11,15.6,1920,1080,1,https://m.media-amazon.com/images/I/610KG8NaMOL._SL500_.jpg,,amazon
"HP OmniBook 3 AMD Ryzen AI 5 340 Next Gen AI Laptop, (16GB DDR5, 512GB SSD), Anti-Glare,15.6''/39.6cm FHD, Win11,Office24, Silver,1.7kg, FHD Camera w/Privacy Shutter, fn0007AU",HP,65990.0,Intel Core i5,16.0,DDR5,512.0,SSD,Intel Iris Xe,Windows 11,15.6,1920,1080,1,https://m.media-amazon.com/images/I/71A3Elyz2XL._SL500_.jpg,,amazon
Liquidation Deal Celsius H770 Workstation (No Battery) |Core i7 7th Gen Quad Core Xeon E3-1505M v6 @ | 8GB RAM | 256GB NVME SSD | 4GB Quadro M2200 Graphic | 15.6” FHD | BT | Win 10 | Numeric Keypad,Liquidation,14990.0,Intel Core i5,8.0,DDR4,256.0,SSD,Intel Iris Xe,Windows 11,15.6,1920,1080,1,https://m.media-amazon.com/images/I/51MaNzZ2lSL._SL500_.jpg,,amazon
Certified | T430 Business Laptop | Core i5-3320m | 8GB RAM | 128GB SSD | 14” HD Display | WiFi | Webcam | Win 10 Pro,Certified,12990.0,Intel Core i5,8.0,DDR4,128.0,SSD,Intel Iris Xe,Windows 11,15.6,1366,768,1,https://m.media-amazon.com/images/I/61rLg7iMuXL._SL500_.jpg,,amazon
Liquidation Deal Celsius H770 Workstation (No Battery) |Core i7 7th Gen Quad Core Xeon E3-1505M v6 @ | 4GB RAM | 128GB NVME SSD | 4GB Quadro M2200 Graphic | 15.6” FHD | BT | Win 10 | Numeric Keypad,Liquidation,11990.0,Intel Core i5,4.0,DDR4,128.0,SSD,Intel Iris Xe,Windows 11,15.6,1920,1080,1,https://m.media-amazon.com/images/I/51MaNzZ2lSL._SL500_.jpg,,amazon
"Lenovo IdeaPad Slim 3 13th Gen Core i5-13420H 15.3 inch (38.8cm) WUXGA IPS Laptop (16GB RAM/512GB SSD/Windows 11/Office Home 2024/Top Metal Cover/Backlit Keyboard/1Yr ADP/Grey/1.6Kg), 83K100S3IN",Lenovo,65300.0,Intel Core i5,16.0,DDR4,512.0,SSD,Intel Iris Xe,Windows 11,15.3,1920,1080,1,https://m.media-amazon.com/images/I/71D9HSayVSL._SL500_.jpg,,amazon
"acer TravelLite Thin Laptop AMD Ryzen 5 7430U (6-Core) |16GB RAM, 512GB SSD | 14"" Full HD Anti-Glare Display |Privacy Shutter| Windows 11 | MS Office | Metal Body | 1.34Kg | Black | 1 Year Warranty",Acer,47450.0,Amd Ryzen 5 7430U,16.0,DDR4,512.0,SSD,Intel Iris Xe,Windows 11,15.6,3840,2160,1,https://m.media-amazon.com/images/I/51xuTIRBMCL._SL500_.jpg,,amazon
"HP 15, AMD Ryzen 7 7730U (16GB DDR4, 512GB SSD) FHD, Anti-Glare, Micro-Edge, 15.6''/39.6cm, Win11, M365 Basic(1yr), Office Home24, Silver,1.59kg, FC0761AU, FHD Camera w/privacy shutter, Backlit Laptop",HP,61990.0,Amd Ryzen 7 7730U,16.0,DDR4,512.0,SSD,Intel Iris Xe,Windows 11,15.6,1920,1080,1,https://m.media-amazon.com/images/I/71tOA+fvkDL._SL500_.jpg,,amazon
"acer Aspire 3 Intel Pentium N100 Processor Laptop with 35.56 cm (14"") Full HD IPS Display (16 GB RAM/512 GB SSD/Intel Graphics/Win11 Home/WiFi 6/38Wh) A324-31, Steel Gray, 1.45KG",Acer,39990.0,Intel Pentium N100,16.0,DDR4,512.0,SSD,Intel Iris Xe,Windows 11,15.6,1920,1080,1,https://m.media-amazon.com/images/I/71D5f6HJk2L._SL500_.jpg,,amazon
"Lenovo V15 Intel Celeron N4500 15.6"" (39.62 cm) FHD (1920x1080) Antiglare 250 Nits Thin and Light Laptop (8GB RAM/256GB SSD/Windows 11 Home/Black/1Y Onsite/1.7 kg), 82QYA00MIN",Lenovo,56890.0,Intel Celeron N4500,8.0,DDR4,256.0,SSD,Intel Iris Xe,Windows 11,15.6,1920,1080,1,https://m.media-amazon.com/images/I/516btukUorL._SL500_.jpg,,amazon
"ASUS Vivobook 16, Intel Core i5-12500H, 16GB RAM, 512GB SSD, FHD+ 60Hz 300Nits, 16"", Windows 11, MS Office Home, Transparent Silver, 1.88KG, X1605ZAC-MB541WS, Fingerprint, 42Whr Battery Laptop",ASUS,59690.0,Intel Core I5-12500H,16.0,DDR4,512.0,SSD,Intel Iris Xe,Windows 11,15.6,1920,1080,1,https://m.media-amazon.com/images/I/61fsBFww9DL._SL500_.jpg,,amazon
"Lenovo IdeaPad Slim 1 AMD Ryzen 5 5500U 15.6"" HD Thin and Light Laptop (8GB/512GB SSD/Windows 11 Home/Office Home 2024/1 Year ADP Free/Grey/1.6Kg), 82R4011MIN",Lenovo,49999.0,Amd Ryzen 5 5500U,8.0,DDR4,512.0,SSD,Intel Iris Xe,Windows 11,15.6,1366,768,1,https://m.media-amazon.com/images/I/71xHNSCyRsL._SL500_.jpg,,amazon
"acer Aspire 3 Laptop (Made in India) (Intel Celeron Dual-Core Processor N4500 | Windows 11 Home | 4 GB | 256GB SSD | Weight : 1.45 Kg| Silver) A314-35, 35.56 Cm (14-Inch) HD Display",Acer,37999.0,Intel Celeron Dual,8.0,DDR4,256.0,SSD,Intel Iris Xe,Windows 11,15.6,1366,768,1,https://m.media-amazon.com/images/I/61QBOVclb4L._SL500_.jpg,,amazon
"HP 15 Laptop, AMD Ryzen 7 7730U (16GB DDR4,512GB SSD) Anti-Glare, Micro-Edge,15.6''/39.6cm, FHD, Win11, M365 Basic(1yr),Office Home24,Silver,1.59kg,FHD Camera w/Privacy Shutter, Backlit KB, fc0390AU",HP,59490.0,Amd Ryzen 7 7730U,16.0,DDR4,512.0,SSD,Intel Iris Xe,Windows 11,15.6,1920,1080,1,https://m.media-amazon.com/images/I/717beEiCf6L._SL500_.jpg,,amazon
"HP OmniBook 7 OLED (Previously Pavilion Plus) Intel Core Ultra 5 255H (16GB LPDDR5,1TB SSD) 3K, 0.2 ms, 14''/35.6cm, Win11, M365, Office24, Meteor Silver,1.5kg, fr0789TU, 5MP Camera, Backlit AI Laptop",HP,103490.0,Intel Core Ultra 5,16.0,LPDDR5,512.0,SSD,Intel Iris Xe,Windows 11,15.6,1920,1080,1,https://m.media-amazon.com/images/I/71mS3HuUn1L._SL500_.jpg,,amazon
"HP OmniBook 5 Flip (Previously Pavilion), Intel Core 7 150U (16GB LPDDR5,1TB SSD) 2K, 300 nits, 14''/35.6cm, Convertible, Win11, M365, Office24, Glacier Silver,1.65kg, fp0690TU, Pen, 5MP Camera Laptop",HP,101343.0,Intel Core i5,16.0,LPDDR5,512.0,SSD,Intel Iris Xe,Windows 11,15.6,2560,1600,1,https://m.media-amazon.com/images/I/61Q39j6D-LL._SL500_.jpg,,amazon
"HP Pavilion Plus AI Laptop, Intel Core Ultra 5 125H, 10-12 Tops, 16GB LPDDR5x, 512GB SSD, 14-inch(35.6cm) 300 nits, WQXGA, Intel Arc Graphics, 5MP IR Camera (Win 11, Office 21, Blue, 1.44kg) ew1082TU",HP,102990.0,Intel Core Ultra 5,16.0,LPDDR5X,512.0,SSD,Intel Arc Graphics,Windows 11,15.6,3840,2160,1,https://m.media-amazon.com/images/I/711afGdgBhL._SL500_.jpg,,amazon
"HP 15, 13th Gen Intel Core i3-1315U (8GB DDR4, 512GB SSD), Anti-Glare, Micro-Edge, 15.6''/39.6cm, FHD, Win 11, M365 Basic(1yr)* Office2024, Silver, 1.59kg, fd0465TU, UHD Graphics, FHD Camera Laptop",HP,51650.0,Intel Core I3-1315U,8.0,DDR4,512.0,SSD,Intel Iris Xe,Windows 11,15.6,1920,1080,1,https://m.media-amazon.com/images/I/71MW35Gu9QL._SL500_.jpg,,amazon
"acer Aspire 3, Intel Celeron N4500, 12GB LPDDR4 RAM, 512GB SSD, Intel UHD Graphics, 15.6""/39.62cm HD, Windows 11 Home,Office Home & Student 2024, Pure Silver, 1.5KG, A325-45, Thin and Light Laptop",Acer,43990.0,Intel Celeron N4500,12.0,LPDDR4,512.0,SSD,Intel Uhd Graphics,Windows 11,15.6,1366,768,1,https://m.media-amazon.com/images/I/61+VIsP5bGL._SL500_.jpg,,amazon
Thomson NEO 14.1 Inch IN-N14C Intel Celeron Dual Core N4020 Processor Windows 11 Home Notebook (8 GB RAM DDR4/ 512 GB SSD/Thin & Light Weight/Black/High Battery Backup up to 8 Hrs),Thomson,27990.0,Intel Celeron Dual,8.0,DDR4,512.0,SSD,Intel Iris Xe,Windows 11,14.1,1920,1080,1,https://m.media-amazon.com/images/I/61+yOLkcLiL._SL500_.jpg,,amazon
"Lenovo 14 (2025), Intel Core i3 13th Gen 1315U - (16 GB/512 GB SSD/Intel UHD Graphics/Windows 11 Pro) Thin and Light Business Laptop/14.0"" FHD Display/Iron Grey/1.4 kg/MS Office 2021",Lenovo,50990.0,Intel Core I3 13Th,8.0,DDR4,512.0,SSD,Intel Uhd Graphics,Windows 11,14.0,1920,1080,1,https://m.media-amazon.com/images/I/51nkH83V5hL._SL500_.jpg,,amazon
"acer Aspire, AMD Ryzen 7-7730U, 16GB RAM, 512GB SSD, Full HD 15.6""/39.62cm, Windows 11 Home, Pure Silver, 1.79KG, AS15-42, WiFi 6, AMD Graphics, Backlit Keyboard, 55Wh Battery Laptop",Acer,58990.0,Intel Core i5,16.0,DDR4,512.0,SSD,Intel Iris Xe,Windows 11,15.6,1920,1080,1,https://m.media-amazon.com/images/I/51BV4vFUFpL._SL500_.jpg,,amazon
"Lenovo IdeaPad 3, Intel Core i3-1215U, 12th Gen, 8GB RAM, 512GB SSD, FHD, 14""/35.5cm, Windows 11, MSOffice 2021, Arctic Grey, 1.43Kg, 82RJ00FUIN, 1 Year Warranty, 3months Game Pass, Thin& Light Laptop",Lenovo,49990.0,Intel Core I3-1215U,8.0,DDR4,512.0,SSD,Intel Iris Xe,Windows 11,15.6,1920,1080,1,https://m.media-amazon.com/images/I/71gaqhm080L._SL500_.jpg,,amazon
"Lenovo IdeaPad Slim 3 Intel Core i3 12th Gen 15.6 inch (39.62cm) FHD Thin & Light Laptop (8GB/256GB SSD/Windows 11/Office 2021/1Yr ADP Free/Arctic Grey/1.63Kg), 82RK00XDIN",Lenovo,49990.0,Intel Core I3 12Th,8.0,DDR4,256.0,SSD,Intel Iris Xe,Windows 11,15.6,1920,1080,1,https://m.media-amazon.com/images/I/81+SKGgJ9yL._SL500_.jpg,,amazon
"Lenovo V14 G3 Laptop (Intel Core i5/ 12th Gen/ 8GB RAM/ 512GB SSD/DOS/ 14"" Inch), Arctic Grey, 1 Year Service Center Carry in Warranty",Lenovo,61750.0,Intel Core i5,8.0,DDR4,512.0,SSD,Intel Iris Xe,DOS,15.6,1920,1080,1,https://m.media-amazon.com/images/I/41WLBmMlBiL._SL500_.jpg,,amazon
"Lenovo V15 G3 Business Laptop | 12th Gen Intel Core i5-1235U | 15.6"" FHD | 16GB RAM | 512GB SSD | Windows 11 Pro | MS Office 2021 | Iron Grey | 1.70kg Ultra-Slim Design",Lenovo,62999.0,Intel Core I5-1235U,16.0,DDR4,512.0,SSD,Intel Iris Xe,Windows 11,15.6,1920,1080,1,https://m.media-amazon.com/images/I/41y2Ql1Y1cL._SL500_.jpg,,amazon
"Lenovo IdeaPad Slim 3 Intel Core i5-13420H 15.6"" (39.6cm) FHD IPS 300 Nits Thin & Light Laptop (16GB/512GB SSD/Win 11/Office 2021/Backlit KB/1Yr ADP Free/3 Month Game Pass/Grey/1.62Kg), 83EM0023IN",Lenovo,69750.0,Intel Core I5-13420H,8.0,DDR4,512.0,SSD,Intel Iris Xe,Windows 11,15.6,2560,1600,1,https://m.media-amazon.com/images/I/61RK2zd3-0L._SL500_.jpg,,amazon
"HP 15, 13th Gen Intel Core i3-1315U Laptop (8GB DDR4, 512GB SSD) Anti-Glare, Micro-Edge, 15.6""/39.6cm, FHD, Win 11, MSO 21, Silver, 1.59kg, Intel UHD Graphics, 1080p FHD Camera, 15-fd0465TU",HP,54590.0,Intel Core I3-1315U,8.0,DDR4,512.0,SSD,Intel Uhd Graphics,Windows 11,15.6,1920,1080,1,https://m.media-amazon.com/images/I/718ba2SBJYL._SL500_.jpg,,amazon
"HP 14, 13th Gen Intel Core i5-1334U Laptop (16GB RAM, 512GB SSD), Anti-Glare, IPS, 14""/35.6cm, FHD, Win 11, MS Office 2021, Silver, 1.4Kg, Intel Iris Xe Graphics, FHD Camera,Backlit KB, gr0002TU",HP,72990.0,Intel Core I5-1334U,16.0,DDR4,512.0,SSD,Intel Iris Xe,Windows 11,15.6,3840,2160,1,https://m.media-amazon.com/images/I/41Jw+rSmvJL._SL500_.jpg,,amazon
"Lenovo 14 (2025), Intel Core i5 13th Gen 1335U - (8 GB/512 GB SSD/Intel UHD Graphics/Windows 11 Pro) Thin and Light Business Laptop/14.0"" FHD Display/Iron Grey/1.4 kg/MS Office 2021",Lenovo,57990.0,Intel Core I5 13Th,8.0,DDR4,512.0,SSD,Intel Uhd Graphics,Windows 11,14.0,1920,1080,1,https://m.media-amazon.com/images/I/61-Jzr+piWL._SL500_.jpg,,amazon
"Lenovo V14 G3 (2024), Intel Core i5 12th Gen 1235U - (8GB/512GB SSD/Intel Integrated UHD Graphics/Windows 11 Home) Thin and Light Business Laptop/14.0"" FHD Display/Iron Grey/1.57 kg/MS Office 2021",Lenovo,57990.0,Intel Core I5 12Th,8.0,DDR4,512.0,SSD,Intel Iris Xe,Windows 11,14.0,1920,1080,1,https://m.media-amazon.com/images/I/51gH6E19ogL._SL500_.jpg,,amazon
"Dell Thin & Light Inspiron 7440 2in1 Laptop, Intel Core 7 150U, 16GB + 1TB SSD, 14"" (35.62cm) FHD+ 250nits Touch, Dell Active Pen, Backlit KB + FPR, Win 11 + MSO'21, 15 Months McAfee, Ice Blue.",Dell,124990.0,Intel Core i5,8.0,DDR4,512.0,SSD,Intel Iris Xe,Windows 11,15.6,1920,1080,1,https://m.media-amazon.com/images/I/81lfR4FnRhL._SL500_.jpg,,amazon
"Lenovo 14 (2025), Intel Core i5 13th Gen 13420H - (24 GB/512 GB SSD/Intel UHD Graphics/Windows 11 Home) Thin and Light Business Laptop/14.0"" FHD Display/Iron Grey/1.4 kg/Microsoft Office 2021",Lenovo,64990.0,Intel Core I5 13Th,8.0,DDR4,512.0,SSD,Intel Uhd Graphics,Windows 11,14.0,1920,1080,1,https://m.media-amazon.com/images/I/51Wa-DUPqZL._SL500_.jpg,,amazon
"ASUS Vivobook 14, Intel Core i3 13th Gen 1315U, 8GB RAM, 512GB SSD, FHD 14"", Windows 11, Office Home 2024, Cool Silver, 1.40kg, X1404VA-NK761WS, Intel UHD, M365 Basic (1Year)*, Backlit Keyboard Laptop",ASUS,47890.0,Intel Core I3 13Th,8.0,DDR4,512.0,SSD,Intel Iris Xe,Windows 11,15.6,1920,1080,1,https://m.media-amazon.com/images/I/71EwQWH7UvL._SL500_.jpg,,amazon
"Lenovo IdeaPad Slim 3 Intel Core i3 12th Gen 15.6 inch (39.62cm) FHD Thin & Light Laptop (8GB/256GB SSD/Windows 11/Office 2021/1Yr ADP Free/3months Game Pass/Arctic Grey/1.63Kg), 82RK00WXIN",Lenovo,49990.0,Intel Core I3 12Th,8.0,DDR4,256.0,SSD,Intel Iris Xe,Windows 11,15.6,1920,1080,1,https://m.media-amazon.com/images/I/81+SKGgJ9yL._SL500_.jpg,,amazon
"HP 15s Intel Core i3 12th Gen (8GB DDR4 RAM/ 1 TB NVME M.2 SSD/Windows 11 / MS Office'2021 / FHD 15.6"" (39.6 cm) / Silver / 1.69 kg/Dual Speakers) fq5328TU / Laptop",HP,54999.0,Intel Core I3 12Th,8.0,DDR4,512.0,SSD,Intel Iris Xe,Windows 11,15.6,1920,1080,1,https://m.media-amazon.com/images/I/715P7Vf9ekL._SL500_.jpg,,amazon
"Lenovo V15 G4 AMD Ryzen 5 7520U DOS 15.6 inch FHD Thin & Lite Laptop, AMD Graphics, 16GB DDR5 5500Mhz Ram, 512GB SSD,Dolby Audio,Premium Grey, 1 Year Onsite Brand Warranty",Lenovo,53260.0,Amd Ryzen 5 7520U,16.0,DDR5,512.0,SSD,Intel Iris Xe,DOS,15.6,1920,1080,1,https://m.media-amazon.com/images/I/71aup0IO2ZL._SL500_.jpg,,amazon
"Lenovo IdeaPad Slim 3 Ryzen 3 7320U 15.6"" (39.6cm) FHD Thin and Light Laptop (8GB RAM/512GB SSD/Integrated AMD Radeon 610M Graphics/Windows 11/MS Office 2021/Grey/1.6Kg), 82XQ00H7IN",Lenovo,47990.0,Intel Core i5,8.0,DDR4,512.0,SSD,Amd Radeon 610M,Windows 11,15.6,1920,1080,1,https://m.media-amazon.com/images/I/61khNUOxptL._SL500_.jpg,,amazon
"HP Laptop 14, Intel Core i5-1335U, 14-inch(35.6 cm),FHD,Anti-Glare,16GB DDR4,512GB SSD,Intel Iris X Graphics, Imagepad,Dual Speakers, Windows 11,MSO,Silver,1.4 kg, 14-gr0001TU",HP,64990.0,Intel Core I5-1335U,16.0,DDR4,512.0,SSD,Intel Iris Xe,Windows 11,15.6,1920,1080,1,https://m.media-amazon.com/images/I/71U11tcPYnL._SL500_.jpg,,amazon
DELL PRO 15 Renewed AMD Ryzen 5 7520U Quad Core - (4 GB DDR5/256GB SSD/AMD Radeon 610M Graphics/Windows 11),Dell,49980.0,Amd Ryzen 5 7520U,4.0,DDR5,256.0,SSD,Amd Radeon 610M,Windows 11,15.6,1920,1080,1,https://m.media-amazon.com/images/I/81AODMAQHvL._SL500_.jpg,,amazon
"Avita Liber E with 12th Gen Intel core i5 1235U Upto 4.40 GHz 8GB RAM 512GB SSD Expandable Upto 2TB 12MB Smart Cache Intel® UHD Graphics 14.1"" FHD Display Windows 11 Home Silver 1.53 Kg Thin & Light",Avita,34990.0,Intel Core I5 1235U,8.0,DDR4,512.0,SSD,Intel Iris Xe,Windows 11,14.1,1920,1080,1,https://m.media-amazon.com/images/I/71uCOyK7TXL._SL500_.jpg,,amazon
"Acer Aspire 3 (2025) Intel Core i3 13th Gen 1305U - (16 GB/512 GB SSD/Intel UHD Graphics/Windows 11 Home) Thin and Light Laptop/15.6"" FHD IPS Display/Metal Body/Silver/1.5 Kg/MSO 2021/3 Years Warranty",Acer,45990.0,Intel Core I3 13Th,8.0,DDR4,512.0,SSD,Intel Uhd Graphics,Windows 11,15.6,1920,1080,1,https://m.media-amazon.com/images/I/51fszfLSpLL._SL500_.jpg,,amazon
HP Pavilion x360 Laptop,HP,63990.0,Intel Core i5,8.0,DDR4,512.0,SSD,Intel Iris Xe,Windows 11,15.6,1920,1080,1,https://m.media-amazon.com/images/I/41w6eMsD5ML._SL500_.jpg,,amazon
"Lenovo V14 Intel Core i5 12th Gen 14""(35.56cm) FHD (1920x1080) Antiglare 250 Nits Thin and Light Laptop (8GB RAM/512GB SSD/Windows 11 Home/Iron Grey/1.43 kg),",Lenovo,57990.0,Intel Core I5 12Th,8.0,DDR4,512.0,SSD,Intel Iris Xe,Windows 11,15.6,1920,1080,1,https://m.media-amazon.com/images/I/51DaDQV29EL._SL500_.jpg,,amazon
"acer Aspire AMD Ryzen 5-7430U Processor Laptop with 39.62 cm (15.6"") Full HD LED IPS Display (8GB RAM/512 GB SSD/WiFi 6/AMD Graphics/Win11 Home/55Wh) AS15-42, Backlit Keyboard, Pure Silver, 1.79KG",Acer,44990.0,Intel Core i5,8.0,DDR4,512.0,SSD,Intel Iris Xe,Windows 11,15.6,1920,1080,1,https://m.media-amazon.com/images/I/51BV4vFUFpL._SL500_.jpg,,amazon
"Lenovo IdeaPad Slim 3 2021 11th Gen Intel Core i3 15.6"" (39.62cm) FHD Thin & Light Laptop (8GB/256GB SSD/DOS/2 Year Warranty/Arctic Grey/1.65Kg), 82H801DHIN",Lenovo,49990.0,Intel Core I3 15,8.0,DDR4,256.0,SSD,Intel Iris Xe,DOS,15.6,1920,1080,1,https://m.media-amazon.com/images/I/61qiDY-HIgL._SL500_.jpg,,amazon
"HP OmniBook Ultra AMD Ryzen AI 9 HX 375 Next Gen AI Laptop,(32GB-LPDDR5X Ram,1TB SSD)2.2k Anti Glare 400 Nits, 14''/35.6cm,W11+M365+Office24 with Copilot, FPR, Silver,1.57kg,9MP IR AI Camera, fd0009AU",HP,138990.0,Intel Core i5,8.0,LPDDR5X,512.0,SSD,Intel Iris Xe,Windows 11,15.6,2560,1600,1,https://m.media-amazon.com/images/I/61D8O4GDd-L._SL500_.jpg,,amazon
"Lenovo ThinkPad E14 AMD Ryzen 5 7530U 14"" (35.56 cm) WUXGA IPS 300 Nits Thin and Light Laptop (8GB RAM/512GB SSD/Win 11 Home/AMD Radeon Graphics/Backlit/FPR/Office H&S 2021/Black/1.41 kg), 21JRS00T00",Lenovo,87500.0,Amd Ryzen 5 7530U,8.0,DDR4,512.0,SSD,Amd Radeon Graphics,Windows 11,15.6,1920,1080,1,https://m.media-amazon.com/images/I/518BYF8LHRL._SL500_.jpg,,amazon
"Lenovo IdeaPad Slim 3 13th Gen Intel Core i3 15.6"" (39.6cm) FHD Laptop (8GB/512GB SSD/Win 11/Office 2021/1 Year ADP Free/Alexa Built-in/3 Month Game Pass/Arctic Grey/1.62Kg), 82X70034IN",Lenovo,48650.0,Intel Core I3 15,8.0,DDR4,512.0,SSD,Intel Iris Xe,Windows 11,15.6,2560,1600,1,https://m.media-amazon.com/images/I/81Be1f26lVL._SL500_.jpg,,amazon
"Lenovo 14 (2025), Intel Core i5 13th Gen 1335U - (8 GB/512 GB SSD/Intel UHD Graphics/Windows 11 Home) Thin and Light Business Laptop/14.0"" FHD Display/Iron Grey/1.4 kg/MS Office 2021",Lenovo,57990.0,Intel Core I5 13Th,8.0,DDR4,512.0,SSD,Intel Uhd Graphics,Windows 11,14.0,1920,1080,1,https://m.media-amazon.com/images/I/61ca9vGmXcL._SL500_.jpg,,amazon
acer Aspire 3 Made in India Laptop (Intel Celeron Dual-Core Processor N4500 | 4GB | 256GB SSD | Windows 11 Home | MS Office 2021 Home & Student | Silver| 1.45 kg) A314-35 with 14 inch HD Display,Acer,37999.0,Intel Celeron Dual,8.0,DDR4,256.0,SSD,Intel Iris Xe,Windows 11,15.6,1366,768,1,https://m.media-amazon.com/images/I/81DQ7klpB0L._SL500_.jpg,,amazon
"Lenovo V15 Intel Core i3 10th Gen 15.6"" Laptop (4GBRAM/256GB SSD/Windows 10 Home/1.45 kg) 82C500X4IH",Lenovo,45899.0,Intel Core I3 10Th,4.0,DDR4,256.0,SSD,Intel Iris Xe,Windows 10,15.6,1920,1080,1,https://m.media-amazon.com/images/I/41uZ4VsGHUS._SL500_.jpg,,amazon
"Lenovo V14 G3 (2024), Intel Core i5 12th Gen 1235U /16GB/512GB SSD/Intel UHD Graphics/Windows 11 Home/Thin and Light Business Laptop/14.0"" FHD Display/Iron Grey/1.57 kg/MS Office 2021",Lenovo,61200.0,Intel Core I5 12Th,8.0,DDR4,512.0,SSD,Intel Uhd Graphics,Windows 11,14.0,1920,1080,1,https://m.media-amazon.com/images/I/51aoXk4rzXL._SL500_.jpg,,amazon
"acer Aspire Lite 11th Gen Intel Core i3 Premium Metal Laptop (8GB RAM/512GB SSD/Windows 11 Home) AL15-51, 39.62cm (15.6"") Full HD Display, Metal Body, Steel Gray, 1.59 Kg",Acer,46990.0,Intel Core i5,8.0,DDR4,512.0,SSD,Intel Iris Xe,Windows 11,15.6,1920,1080,1,https://m.media-amazon.com/images/I/617rprfdhRL._SL500_.jpg,,amazon
"Lenovo IdeaPad Slim 3, Intel Core i5-12450H, 12th Gen, 16GB RAM, 512GB SSD, FHD IPS, 15.6""/39.6cm, Windows 11, MSOffice 21, Arctic Grey, 1.6Kg,83ER008GIN,Backlit KB,Alexa Built-in,1 Yr ADP Free Laptop",Lenovo,64910.0,Intel Core I5-12450H,16.0,DDR4,512.0,SSD,Intel Iris Xe,Windows 11,15.6,1920,1080,1,https://m.media-amazon.com/images/I/61pGi-72gaL._SL500_.jpg,,amazon
"HP 255 G10 Laptop for Home or Work, 16GB RAM DDR5, 512GB SSD, 15.6"" Full HD, Ryzen 3 7335U (Beats Intel i5-1135G7), HDMI, USB-C, Windows 11",HP,51110.0,Intel Core i5,16.0,DDR5,512.0,SSD,Intel Iris Xe,Windows 11,15.6,1920,1080,1,https://m.media-amazon.com/images/I/71rDlgf2Q6L._SL500_.jpg,,amazon
"HP 255 G10 Laptop for Home or Work, 16GB RAM DDR5, 512GB SSD, 15.6"" Full HD, Ryzen 3 7335U (Beats Intel i5-1135G7), HDMI, USB-C",HP,49999.0,Intel Core i5,16.0,DDR5,512.0,SSD,Intel Iris Xe,Windows 11,15.6,1920,1080,1,https://m.media-amazon.com/images/I/71tvlUVzTwL._SL500_.jpg,,amazon
"Lenovo IdeaPad Slim 3, Intel Core i7-13620H, 13th Gen, 16GB RAM, 512GB SSD, FHD IPS 300 Nits, 15""/38.1cm, Windows 11, MSOffice 21, Grey, 1.6Kg, 83EM008GIN,1Yr ADP Free,Alexa Built-in Laptop",Lenovo,79500.0,Intel Core I7-13620H,16.0,DDR4,512.0,SSD,Intel Iris Xe,Windows 11,15.6,1920,1080,1,https://m.media-amazon.com/images/I/81epBowa4UL._SL500_.jpg,,amazon
"HP 255R G10 AMD Ryzen 5 7535U - (8 GB/512 GB SSD) Thin and Light Laptop (15.6 inch, Matt Silver, 1.45 kg)",HP,50990.0,Amd Ryzen 5 7535U,8.0,DDR4,512.0,SSD,Intel Iris Xe,Windows 11,15.6,1920,1080,1,https://m.media-amazon.com/images/I/71CQ2SFwyZL._SL500_.jpg,,amazon
"MSI Thin 15, Intel 12th Gen. Core i5-12450H, 40CM FHD 144Hz Gaming Laptop(8GB/512GB NVMe SSD/Windows 11 Home/NVIDIA GeForce RTX 2050,GDDR6 4GB/Cosmos Gray/1.86Kg), B12UCX-1696IN",MSI,70999.0,Intel Core i5,8.0,DDR4,512.0,SSD,Nvidia Geforce Rtx 2050,Windows 11,15.6,1920,1080,1,https://m.media-amazon.com/images/I/71VG3azYMjL._SL500_.jpg,,amazon
"Lenovo IdeaPad Slim 1 AMD Ryzen 3 3250U 15.6"" (39.62cm) FHD Thin & Light Laptop (8GB/512GB SSD/Windows 11/Office 2021/2 Year Warranty/3months Game Pass/Cloud Grey/1.6Kg), 82R10049IN",Lenovo,36996.0,Amd Ryzen 3 3250U,8.0,DDR4,512.0,SSD,Intel Iris Xe,Windows 11,15.6,1920,1080,1,https://m.media-amazon.com/images/I/71VB1UTcYkL._SL500_.jpg,,amazon
"HP 15 Commercial Series Dos, Intel Core i3-1315U FHD Camera with Shutter",HP,48700.0,Intel Core I3-1315U,8.0,DDR4,512.0,SSD,Intel Iris Xe,DOS,15.6,1920,1080,1,https://m.media-amazon.com/images/I/61iyAz--DfL._SL500_.jpg,,amazon
Certified | T430 Business Laptop | Core i5-3320m | 8GB RAM | 1TB SSD | 14” HD Display | WiFi | Webcam | Win 10 Pro,Certified,19990.0,Intel Core i5,8.0,DDR4,512.0,SSD,Intel Iris Xe,Windows 11,15.6,1366,768,1,https://m.media-amazon.com/images/I/61rLg7iMuXL._SL500_.jpg,,amazon
"Lenovo IdeaPad 3 11th Gen Intel Core i3 15.6"" FHD Thin & Light Laptop(8GB/512GB SSD/Windows 11/Office 2021/2Yr Warranty/3months Xbox Game Pass/Platinum Grey/1.7Kg), 81X800N2IN",Lenovo,37380.0,Intel Core I3 15,8.0,DDR4,512.0,SSD,Intel Iris Xe,Windows 11,15.6,1920,1080,1,https://m.media-amazon.com/images/I/513bplmZ3VL._SL500_.jpg,,amazon
Certified | T430 Business Laptop | Core i5-3320m | 16GB RAM | 512GB SSD | 14” HD Display | WiFi | Webcam | Win 10 Pro,Certified,18990.0,Intel Core i5,16.0,DDR4,512.0,SSD,Intel Iris Xe,Windows 11,15.6,1366,768,1,https://m.media-amazon.com/images/I/61rLg7iMuXL._SL500_.jpg,,amazon
Certified | T430 Business Laptop | Core i5-3320m | 8GB RAM | 512GB SSD | 14” HD Display | WiFi | Webcam | Win 10 Pro,Certified,17990.0,Intel Core i5,8.0,DDR4,512.0,SSD,Intel Iris Xe,Windows 11,15.6,1366,768,1,https://m.media-amazon.com/images/I/61rLg7iMuXL._SL500_.jpg,,amazon
Certified | T430 Business Laptop | Core i5-3320m | 16GB RAM | 1TB SSD | 14” HD Display | WiFi | Webcam | Win 10 Pro,Certified,21990.0,Intel Core i5,16.0,DDR4,512.0,SSD,Intel Iris Xe,Windows 11,15.6,1366,768,1,https://m.media-amazon.com/images/I/61rLg7iMuXL._SL500_.jpg,,amazon
"Acer Smartchoice PM161Q B1 15.6 Inch Full HD Portable Monitor | IPS Panel | 2 x USB Type-C & HDMI | 4 ms | Adaptive-Sync | Ultra-Slim 700 g | Built-in Speakers | Ideal for Laptop, Phone & Travel Use",Acer,7299.0,Intel Core i5,8.0,DDR4,512.0,SSD,Intel Iris Xe,Windows 11,15.6,1920,1080,1,https://m.media-amazon.com/images/I/81U3xQrx3LL._SL500_.jpg,,amazon
"Crucial T500 1TB Gen4 NVMe M.2 Internal Gaming SSD, Up to 7300MB/s, Laptop & Desktop Compatible + 1mo Adobe CC All Apps - CT1000T500SSD8",Mi,25999.0,Intel Core i5,8.0,DDR4,1024.0,SSD,Intel Iris Xe,Windows 11,15.6,1920,1080,1,https://m.media-amazon.com/images/I/51oXLC2JFHL._SL500_.jpg,,amazon
"Add to CompareASUS Chromebook CX14 Intel Celeron Dual Core N50 - (4 GB/64 GB EMMC Storage/Chrome OS) CX1405CTA-S6062...3.7186 Ratings&23 ReviewsIntel Celeron Dual Core Processor4 GB LPDDR5 RAMChrome Operating System35.56 cm (14 inch) DisplayMyASUS1 Year Onsite Warranty₹17,990₹22,99021% offUpto₹14,000Off on ExchangeBank Offer",ASUS,17990.0,Intel Celeron Dual,4.0,LPDDR5,512.0,SSD,Intel Iris Xe,Windows 11,15.6,1920,1080,1,https://rukminim2.flixcart.com/image/416/416/xif0q/computer/f/u/d/-original-imahmhhncbddugp2.jpeg?q=70,https://www.flipkart.com/asus-chromebook-cx14-intel-celeron-dual-core-n50-4-gb-64-gb-emmc-storage-chrome-os-cx1405cta-s60620-laptop/p/itm5a14f3731bf15?pid=COMHKQA3R42GHHJF&lid=LSTCOMHKQA3R42GHHJF7ASEFY&marketplace=FLIPKART&q=laptop&store=6bo%2Fb5g&srno=s_1_1&otracker=search&fm=organic&iid=en_J65c0L7W7mphJYu7LLT2WK8MyQhuFOfdxbn_KKT70Y52hG-wKlIGc-fMGMdkKDMnCZakLBxIlV07N4a0CzC8MqcLyKkkJ4FVSCMVtDtX8akrwul_mImQJthHGEoNQ49I&ppt=sp&ppn=sp&ssid=u9bgjs8ug00000001781258259348&qH=312f91285e048e09&ov_redirect=true,flipkart
"Add to CompareASUS Chromebook CX15 Intel Celeron Dual Core N50 - (4 GB/128 GB EMMC Storage/Chrome OS) CX1505CTA-S702...4.184 Ratings&10 ReviewsIntel Celeron Dual Core Processor4 GB LPDDR5 RAMChrome Operating System39.62 cm (15.6 inch) DisplayMyASUS1 Year Onsite Warranty₹21,990₹26,99018% offSuper DealsUpto₹17,000Off on Exchange",ASUS,21990.0,Intel Celeron Dual,4.0,LPDDR5,128.0,SSD,Intel Iris Xe,Windows 11,15.6,1920,1080,1,https://rukminim2.flixcart.com/image/416/416/xif0q/computer/z/y/b/-original-imahmhhnndrzhwtz.jpeg?q=70,https://www.flipkart.com/asus-chromebook-cx15-intel-celeron-dual-core-n50-4-gb-128-gb-emmc-storage-chrome-os-cx1505cta-s70257-laptop/p/itm4119a57f911bf?pid=COMHKQA34NZEYCRY&lid=LSTCOMHKQA34NZEYCRYGZAOYM&marketplace=FLIPKART&q=laptop&store=6bo%2Fb5g&srno=s_1_2&otracker=search&fm=organic&iid=en_J65c0L7W7mphJYu7LLT2WK8MyQhuFOfdxbn_KKT70Y6YI95XHtGR773yUqCHfo_13WrjMiRrrRMSyfO1fljjcoARYpj3g3Oz2JC8HKAR2u0rwul_mImQJthHGEoNQ49I&ppt=sp&ppn=sp&ssid=u9bgjs8ug00000001781258259348&qH=312f91285e048e09&ov_redirect=true,flipkart
"Add to CompareASUS Vivobook 15 (2025) with Office 2024 + M365 Basic*, Intel Core i3 13th Gen 1315U - (8 GB/512 GB SS...4.470 Ratings&4 ReviewsIntel Core i3 Processor (13th Gen)8 GB DDR4 RAMWindows 11 Home Operating System512 GB SSD39.62 cm (15.6 Inch) DisplayMicrosoft Office Home 2024 (Lifetime Validity ) + Microsoft 365 Basic*(1-Year Validity), One-Month Membership of Adobe Creative Cloud All Apps, McAfee 1 year1 Year Onsite Warranty₹40,990₹50,99019% offOnly few leftUpto₹28,800Off on Exchange",ASUS,40990.0,Intel Core I3 13Th,8.0,DDR4,512.0,SSD,Intel Iris Xe,Windows 11,15.6,1920,1080,1,https://rukminim2.flixcart.com/image/416/416/xif0q/computer/y/y/i/-original-imahfnyvfz7zdkh8.jpeg?q=70,https://www.flipkart.com/asus-vivobook-15-2025-office-2024-m365-basic-intel-core-i3-13th-gen-1315u-8-gb-512-gb-ssd-windows-11-home-x1504va-bq323ws-thin-light-laptop/p/itm424e5fcb88c91?pid=COMHCQ5EYPZNGG7B&lid=LSTCOMHCQ5EYPZNGG7BUDAPF3&marketplace=FLIPKART&q=laptop&store=6bo%2Fb5g&srno=s_1_3&otracker=search&fm=organic&iid=4fe9ca60-c544-4633-acda-f740cb2dcfd6.COMHCQ5EYPZNGG7B.SEARCH&ppt=sp&ppn=sp&ssid=u9bgjs8ug00000001781258259348&qH=312f91285e048e09&ov_redirect=true,flipkart
"Add to CompareSamsung Galaxy Book4 Metal Intel Core i5 13th Gen 1335U - (16 GB/512 GB SSD/Windows 11 Home) NP750XGJ ...4.419,125 Ratings&1,801 ReviewsIntel Core i5 Processor (13th Gen)16 GB LPDDR4X RAMWindows 11 Operating System512 GB SSD39.62 cm (15.6 Inch) Display1 Year Manufacturer Warranty for Laptop and 6 Months for In-Box Accessories₹58,990₹82,78928% offUpto₹42,600Off on ExchangeBank Offer",Samsung,58990.0,Intel Core I5 13Th,16.0,LPDDR4X,512.0,SSD,Intel Iris Xe,Windows 11,15.6,1920,1080,1,https://rukminim2.flixcart.com/image/416/416/xif0q/computer/k/t/y/-original-imahg53xspmfrsdd.jpeg?q=70,https://www.flipkart.com/samsung-galaxy-book4-metal-intel-core-i5-13th-gen-1335u-16-gb-512-gb-ssd-windows-11-home-np750xgj-thin-light-laptop/p/itm1df5212efb9fc?pid=COMGZUYDGFJGHZR4&lid=LSTCOMGZUYDGFJGHZR4JPVIN2&marketplace=FLIPKART&q=laptop&store=6bo%2Fb5g&spotlightTagId=default_BestsellerId_6bo%2Fb5g&srno=s_1_5&otracker=search&fm=organic&iid=4fe9ca60-c544-4633-acda-f740cb2dcfd6.COMGZUYDGFJGHZR4.SEARCH&ppt=sp&ppn=sp&ssid=u9bgjs8ug00000001781258259348&qH=312f91285e048e09&ov_redirect=true,flipkart
"Add to CompareLenovo 100e Chromebook Gen 4 MediaTek MediaTek Kompanio 528 - (4 GB/64 GB EMMC Storage/Chrome OS) 82W0...3.91,465 Ratings&113 ReviewsMediaTek MediaTek Kompanio 528 Processor4 GB LPDDR4X RAMChrome Operating System29.46 cm (11.6 Inch) Display1 Year Carry-in Warranty₹17,490₹37,69053% offUpto₹14,000Off on ExchangeBank Offer",Lenovo,17490.0,Intel Core i5,4.0,LPDDR4X,512.0,SSD,Intel Iris Xe,Windows 11,11.6,1920,1080,1,https://rukminim2.flixcart.com/image/416/416/xif0q/computer/c/g/4/-original-imahgfdyf6grkw9r.jpeg?q=70,https://www.flipkart.com/lenovo-100e-chromebook-gen-4-mediatek-kompanio-528-4-gb-64-gb-emmc-storage-chrome-os-82w0001dha/p/itm46ba031757583?pid=COMHA9FKZ7KSC3SZ&lid=LSTCOMHA9FKZ7KSC3SZTEADVB&marketplace=FLIPKART&q=laptop&store=6bo%2Fb5g&srno=s_1_6&otracker=search&fm=organic&iid=en_J65c0L7W7mphJYu7LLT2WK8MyQhuFOfdxbn_KKT70Y40S_FLpqhpx82jR9QyWZ5oQvM8q1-pgTDCJRJxAt5sel7AwZACHrJh98bGgTTbTTUv0wDrahYxjvFIWp31V0Kj9QWMJPI4egdmz5nn89L_DQ%3D%3D&ppt=sp&ppn=sp&ssid=u9bgjs8ug00000001781258259348&qH=312f91285e048e09&ov_redirect=true,flipkart
"Add to CompareASUS ExpertBook P1 (i3 14th Gen) with 1 Yr ADP Intel Core 3 14th Gen 100U - (8 GB/512 GB SSD/Windows 1...4.614 Ratings&1 ReviewsIntel Core 3 Processor (14th Gen)8 GB DDR5 RAM64 bit Windows 11 Home Operating System512 GB SSD39.62 cm (15.6 Inch) Display1 Year Limited Warranty₹46,990₹69,99032% offLowest price since launchUpto₹32,950Off on Exchange",ASUS,46990.0,Intel Core i5,8.0,DDR5,512.0,SSD,Intel Iris Xe,Windows 11,15.6,1920,1080,1,https://rukminim2.flixcart.com/image/416/416/xif0q/computer/f/o/j/-original-imahmpqu7dwkgyff.jpeg?q=70,https://www.flipkart.com/asus-expertbook-p1-i3-14th-gen-1-yr-adp-intel-core-3-gen-100u-8-gb-512-gb-ssd-windows-11-home-p1503cva-s72562ws-thin-light-laptop/p/itm1ed622fed8f3a?pid=COMHGYAFDTDPH4GZ&lid=LSTCOMHGYAFDTDPH4GZTQUSTS&marketplace=FLIPKART&q=laptop&store=6bo%2Fb5g&srno=s_1_7&otracker=search&fm=organic&iid=4fe9ca60-c544-4633-acda-f740cb2dcfd6.COMHGYAFDTDPH4GZ.SEARCH&ppt=sp&ppn=sp&ssid=u9bgjs8ug00000001781258259348&qH=312f91285e048e09&ov_redirect=true,flipkart
"Add to CompareSamsung Galaxy Book4 Metal Intel Core i7 13th Gen 1355U - (16 GB/512 GB SSD/Windows 11 Home) NP750XGJ-...4.45,595 Ratings&447 ReviewsIntel Core i7 Processor (13th Gen)16 GB LPDDR4X RAMWindows 11 Operating System512 GB SSD39.62 cm (15.6 Inch) Display1 Year Manufacturer Warranty for Laptop and 6 Months for In-Box Accessories₹66,990₹89,68925% offUpto₹42,600Off on ExchangeBank Offer",Samsung,66990.0,Intel Core I7 13Th,16.0,LPDDR4X,512.0,SSD,Intel Iris Xe,Windows 11,15.6,1920,1080,1,https://rukminim2.flixcart.com/image/416/416/xif0q/computer/f/t/d/-original-imahg5fxya83gevp.jpeg?q=70,https://www.flipkart.com/samsung-galaxy-book4-metal-intel-core-i7-13th-gen-1355u-16-gb-512-gb-ssd-windows-11-home-np750xgj-kg3in-np750xgj-lg3in-np750xgj-lg8in-thin-light-laptop/p/itm1df5212efb9fc?pid=COMGZUYDYPUZAAXD&lid=LSTCOMGZUYDYPUZAAXDBMAOEF&marketplace=FLIPKART&q=laptop&store=6bo%2Fb5g&srno=s_1_9&otracker=search&fm=organic&iid=4fe9ca60-c544-4633-acda-f740cb2dcfd6.COMGZUYDYPUZAAXD.SEARCH&ppt=sp&ppn=sp&ssid=u9bgjs8ug00000001781258259348&qH=312f91285e048e09&ov_redirect=true,flipkart
"Add to CompareASUS Expertbook P1 with 1 Yr ADP Intel Core 3 13th Gen 1315U - (16 GB/512 GB SSD/Windows 11 Home) P140...4.36,185 Ratings&497 ReviewsIntel Core 3 Processor (13th Gen)16 GB DDR5 RAMWindows 11 Home Operating System512 GB SSD35.56 cm (14 Inch) DisplayIncluded Software- Microsoft Office Home 2024(includes Word, Excel, PowerPoint, and OneNote) (Lifetime Validity ) + Microsoft 365 Basic*(1-Year Validity), McAfee+TM Premium (1 year Validity)1 Year Onsite Warranty₹44,990₹74,99040% offUpto₹31,950Off on ExchangeBank Offer",ASUS,44990.0,Intel Core i5,16.0,DDR5,512.0,SSD,Intel Iris Xe,Windows 11,15.6,1920,1080,1,https://rukminim2.flixcart.com/image/416/416/xif0q/computer/p/i/a/-original-imahg53uwgmhzfcd.jpeg?q=70,https://www.flipkart.com/asus-expertbook-p1-1-yr-adp-intel-core-3-13th-gen-1315u-16-gb-512-gb-ssd-windows-11-home-p1403cva-s60938ws-thin-light-laptop/p/itm0af4b81838b5b?pid=COMH8Z2QAWCCUCSP&lid=LSTCOMH8Z2QAWCCUCSPPZPFKG&marketplace=FLIPKART&q=laptop&store=6bo%2Fb5g&srno=s_1_10&otracker=search&fm=organic&iid=4fe9ca60-c544-4633-acda-f740cb2dcfd6.COMH8Z2QAWCCUCSP.SEARCH&ppt=sp&ppn=sp&ssid=u9bgjs8ug00000001781258259348&qH=312f91285e048e09&ov_redirect=true,flipkart
"Add to CompareLenovo 100e Chromebook Gen 4 MediaTek Kompanio 520 - (4 GB/32 GB EMMC Storage/Chrome OS) 82W00004HA Ch...43,085 Ratings&228 ReviewsMediaTek Kompanio 520 Processor4 GB LPDDR4X RAMChrome Operating System29.46 cm (11.6 Inch) Display1 Year Carry-in Warranty₹16,298Upto₹11,000Off on ExchangeBank Offer",Lenovo,16298.0,Intel Core i5,4.0,LPDDR4X,512.0,SSD,Intel Iris Xe,Windows 11,11.6,1920,1080,1,https://rukminim2.flixcart.com/image/416/416/xif0q/computer/c/g/4/-original-imahgfdyf6grkw9r.jpeg?q=70,https://www.flipkart.com/lenovo-100e-chromebook-gen-4-mediatek-kompanio-520-4-gb-32-gb-emmc-storage-chrome-os-82w00004ha/p/itm018b6ddb188dd?pid=COMHA9FK8YXVUUWA&lid=LSTCOMHA9FK8YXVUUWAAREQMZ&marketplace=FLIPKART&q=laptop&store=6bo%2Fb5g&srno=s_1_12&otracker=search&fm=organic&iid=en_J65c0L7W7mphJYu7LLT2WK8MyQhuFOfdxbn_KKT70Y6KnukEeojxpfajDrCIr6N_B7ilja_cnJ6G1eLhA7o74DffQYGrlbiPKH04Dnrqv78v0wDrahYxjvFIWp31V0Kj9QWMJPI4egdmz5nn89L_DQ%3D%3D&ppt=sp&ppn=sp&ssid=u9bgjs8ug00000001781258259348&qH=312f91285e048e09&ov_redirect=true,flipkart
"Add to CompareASUS Vivobook 14 (2025) with Office 2024 + M365 Basic*, Backlit Keyboard, Intel Core Ultra 5 225H - (1...4.323 Ratings&2 ReviewsIntel Core Ultra 5 Processor16 GB DDR5 RAMWindows 11 Home Operating System512 GB SSD35.56 cm (14 Inch) DisplayMicrosoft Office Home 2024 (Lifetime Validity ) + Microsoft 365 Basic*(1-Year Validity), One-Month Membership of Adobe Creative Cloud All Apps, McAfee 1 year1 Year Onsite Warranty₹66,990₹81,99018% offBank Offer",ASUS,66990.0,Intel Core Ultra 5,16.0,DDR5,512.0,SSD,Intel Iris Xe,Windows 11,15.6,1920,1080,1,https://rukminim2.flixcart.com/image/416/416/xif0q/computer/a/b/3/-original-imahfvsvv8qqkuhy.jpeg?q=70,https://www.flipkart.com/asus-vivobook-14-2025-office-2024-m365-basic-backlit-keyboard-intel-core-ultra-5-225h-16-gb-512-gb-ssd-windows-11-home-x1407ca-ly159ws-thin-light-laptop/p/itm88707104a2719?pid=COMHCQ5EYSZXV4AN&lid=LSTCOMHCQ5EYSZXV4ANXQSULY&marketplace=FLIPKART&q=laptop&store=6bo%2Fb5g&srno=s_1_13&otracker=search&fm=organic&iid=4fe9ca60-c544-4633-acda-f740cb2dcfd6.COMHCQ5EYSZXV4AN.SEARCH&ppt=sp&ppn=sp&ssid=u9bgjs8ug00000001781258259348&qH=312f91285e048e09&ov_redirect=true,flipkart
"Add to CompareHP Omnibook 3 with Backlit Keyboard AMD Ryzen AI 5 Quad Core - (24 GB/1 TB SSD/Windows 11 Home) 15-fn0...4.110 Ratings&1 ReviewsAMD Ryzen AI 5 Quad Core Processor24 GB DDR5 RAMWindows 11 Operating System1 TB SSD39.62 cm (15.6 inch) DisplayMS Office Home 2024 + MISC PC Game Pass DA 3M1 Year Onsite Service₹68,490₹83,56718% offUpto₹42,600Off on ExchangeBank Offer",HP,68490.0,Intel Core i5,24.0,DDR5,512.0,SSD,Intel Iris Xe,Windows 11,15.6,1920,1080,1,https://rukminim2.flixcart.com/image/416/416/xif0q/computer/l/6/k/-original-imahkr4vhhskzqcm.jpeg?q=70,https://www.flipkart.com/hp-omnibook-3-backlit-keyboard-amd-ryzen-ai-5-quad-core-24-gb-1-tb-ssd-windows-11-home-15-fn0074au-thin-light-laptop/p/itmd94bf8129a01f?pid=COMHKBVVTE6KT5HH&lid=LSTCOMHKBVVTE6KT5HHYTYNCQ&marketplace=FLIPKART&q=laptop&store=6bo%2Fb5g&srno=s_1_14&otracker=search&fm=organic&iid=4fe9ca60-c544-4633-acda-f740cb2dcfd6.COMHKBVVTE6KT5HH.SEARCH&ppt=sp&ppn=sp&ssid=u9bgjs8ug00000001781258259348&qH=312f91285e048e09&ov_redirect=true,flipkart
"Add to CompareSamsung Galaxy Book5 Pro AI PC Full Metal Chasis Intel Core Ultra 7 256V - (16 GB/512 GB SSD/Windows 1...4.618 Ratings&2 ReviewsIntel Core Ultra 7 Processor16 GB LPDDR5X RAMWindows 11 Operating System512 GB SSD40.64 cm (16 Inch) Touchscreen Display1 Year Onsite Warranty₹1,05,990₹1,75,18839% offSuper DealsOnly 1 left",Samsung,105990.0,Intel Core Ultra 7,16.0,LPDDR5X,512.0,SSD,Intel Iris Xe,Windows 11,15.6,1920,1080,1,https://rukminim2.flixcart.com/image/416/416/xif0q/computer/q/l/a/-original-imahgwkqrmvk7vy6.jpeg?q=70,https://www.flipkart.com/samsung-galaxy-book5-pro-ai-pc-full-metal-chasis-intel-core-ultra-7-256v-16-gb-512-gb-ssd-windows-11-home-np960xha-thin-light-laptop/p/itmb62602d502fd5?pid=COMH9PHPFYJSJKH7&lid=LSTCOMH9PHPFYJSJKH7SSDAR0&marketplace=FLIPKART&q=laptop&store=6bo%2Fb5g&srno=s_1_15&otracker=search&fm=organic&iid=4fe9ca60-c544-4633-acda-f740cb2dcfd6.COMH9PHPFYJSJKH7.SEARCH&ppt=sp&ppn=sp&ssid=u9bgjs8ug00000001781258259348&qH=312f91285e048e09&ov_redirect=true,flipkart
"Add to ComparePrimebook 2 Pro (2025) in-Built AI MediaTek Helio G99 (MT8781) - (8 GB/128 GB/Android 15) PBG9914128#4...4.31,293 Ratings&387 ReviewsMediaTek Helio G99 (MT8781) Processor8 GB LPDDR4X RAM64 bit Android Operating System35.81 cm (14.1 Inch) Display1 Year Onsite Warranty₹25,990₹39,99035% offOnly few leftBank Offer",Add,25990.0,Intel Core i5,8.0,LPDDR4X,128.0,SSD,Intel Iris Xe,Windows 11,14.1,1920,1080,1,https://rukminim2.flixcart.com/image/416/416/xif0q/computer/t/i/8/-original-imahfskhzaahq9es.jpeg?q=70,https://www.flipkart.com/primebook-2-pro-2025-in-built-ai-mediatek-helio-g99-mt8781-8-gb-128-gb-android-15-pbg9914128-4278c-laptop/p/itmdbf8db6a6f79a?pid=COMHDGD5FH6NZPHD&lid=LSTCOMHDGD5FH6NZPHD567UTY&marketplace=FLIPKART&q=laptop&store=6bo%2Fb5g&srno=s_1_16&otracker=search&fm=organic&iid=4fe9ca60-c544-4633-acda-f740cb2dcfd6.COMHDGD5FH6NZPHD.SEARCH&ppt=sp&ppn=sp&ssid=u9bgjs8ug00000001781258259348&qH=312f91285e048e09&ov_redirect=true,flipkart
"Add to CompareLenovo 100e Chromebook Gen 4 MediaTek Kompanio 520 - (8 GB/64 GB EMMC Storage/Chrome OS) 100e Chromebo...43,085 Ratings&228 ReviewsMediaTek Kompanio 520 Processor8 GB LPDDR4X RAMChrome Operating System29.46 cm (11.6 Inch) Display1 Year Carry In Warranty₹16,490₹22,49026% offHot DealUpto₹11,050Off on Exchange",Lenovo,16490.0,Intel Core i5,8.0,LPDDR4X,512.0,SSD,Intel Iris Xe,Windows 11,11.6,1920,1080,1,https://rukminim2.flixcart.com/image/416/416/xif0q/computer/c/g/4/-original-imahgfdyf6grkw9r.jpeg?q=70,https://www.flipkart.com/lenovo-100e-chromebook-gen-4-mediatek-kompanio-520-8-gb-64-gb-emmc-storage-chrome-os/p/itm338cfd61c4d4e?pid=COMHC5G9YPVUM34V&lid=LSTCOMHC5G9YPVUM34VZ0HVSZ&marketplace=FLIPKART&q=laptop&store=6bo%2Fb5g&srno=s_1_17&otracker=search&fm=organic&iid=en_J65c0L7W7mphJYu7LLT2WK8MyQhuFOfdxbn_KKT70Y4-oBs_mGJQ619M74MVv8QCKTpnAHjVfPWrGZJUrjqwE5nuA1CeJgODxij_4w0qNOL0kfkzu4-yzgTqGMUW57U-&ppt=sp&ppn=sp&ssid=u9bgjs8ug00000001781258259348&qH=312f91285e048e09&ov_redirect=true,flipkart
"Add to CompareASUS Chromebook CX14 Intel Celeron Dual Core N4500 - (4 GB/64 GB EMMC Storage/Chrome OS) CX1405CKA-NK0...3.9543 Ratings&40 ReviewsIntel Celeron Dual Core Processor4 GB LPDDR4X RAMChrome Operating System35.56 cm (14 Inch) DisplayMyASUS1 Year Onsite Warranty₹17,990₹21,99018% offUpto₹14,000Off on ExchangeBank Offer",ASUS,17990.0,Intel Celeron Dual,4.0,LPDDR4X,512.0,SSD,Intel Iris Xe,Windows 11,15.6,1920,1080,1,https://rukminim2.flixcart.com/image/416/416/xif0q/computer/9/u/w/-original-imahf69hwz6gnedj.jpeg?q=70,https://www.flipkart.com/asus-chromebook-cx14-intel-celeron-dual-core-n4500-4-gb-64-gb-emmc-storage-chrome-os-cx1405cka-nk0154-cx1405cka-s60342/p/itm076cdd51ac69a?pid=COMHDDZ7PYJZSGUZ&lid=LSTCOMHDDZ7PYJZSGUZKERLBX&marketplace=FLIPKART&q=laptop&store=6bo%2Fb5g&srno=s_1_18&otracker=search&fm=organic&iid=en_J65c0L7W7mphJYu7LLT2WK8MyQhuFOfdxbn_KKT70Y5_-nis17JK2-DcMQ0b8Z31d-F_cR4LlOkSo0qMkFVEQNBGc6GfuT-UQWHyhdaDLlL0kfkzu4-yzgTqGMUW57U-&ppt=sp&ppn=sp&ssid=u9bgjs8ug00000001781258259348&qH=312f91285e048e09&ov_redirect=true,flipkart
"Add to CompareAcer Aspire 3 Intel Pentium Quad Core N6000 - (12 GB/512 GB SSD/Windows 11 Home) A325-45 Thin and Ligh...3.93,884 Ratings&292 ReviewsIntel Pentium Quad Core Processor12 GB LPDDR4X RAMWindows 11 Home Operating System512 GB SSD39.62 cm (15.6 Inch) Display1 Year International Travelers Warranty (ITW)₹43,990₹44,9902% offOnly few leftBank Offer",Acer,43990.0,Intel Pentium Quad,12.0,LPDDR4X,512.0,SSD,Intel Iris Xe,Windows 11,15.6,1920,1080,1,https://rukminim2.flixcart.com/image/416/416/xif0q/computer/d/6/p/-original-imah3yhqcgjtxfhw.jpeg?q=70,https://www.flipkart.com/acer-aspire-3-intel-pentium-quad-core-n6000-12-gb-512-gb-ssd-windows-11-home-a325-45-thin-light-laptop/p/itm9ca67a1a3ea22?pid=COMH59ENQYHDYJGX&lid=LSTCOMH59ENQYHDYJGX9DSB95&marketplace=FLIPKART&q=laptop&store=6bo%2Fb5g&srno=s_1_19&otracker=search&fm=organic&iid=4fe9ca60-c544-4633-acda-f740cb2dcfd6.COMH59ENQYHDYJGX.SEARCH&ppt=sp&ppn=sp&ssid=u9bgjs8ug00000001781258259348&qH=312f91285e048e09&ov_redirect=true,flipkart
"Add to CompareASUS Vivobook 15 (2025) with Office 2024 + M365 Basic* Intel Core i3 13th Gen - (8 GB/512 GB SSD/Windo...4.31,270 Ratings&83 ReviewsIntel Core i3 Processor (13th Gen)8 GB DDR5 RAMWindows 11 Home Operating System512 GB SSD39.62 cm (15.6 Inch) DisplayMicrosoft Office Home 2024 + Microsoft 365 Basic1 Year Onsite Warranty₹40,990₹50,99019% offOnly 3 leftUpto₹28,800Off on Exchange",ASUS,40990.0,Intel Core I3 13Th,8.0,DDR5,512.0,SSD,Intel Iris Xe,Windows 11,15.6,1920,1080,1,https://rukminim2.flixcart.com/image/416/416/xif0q/computer/x/i/d/-original-imah8fzgxzjamzju.jpeg?q=70,https://www.flipkart.com/asus-vivobook-15-2025-office-2024-m365-basic-intel-core-i3-13th-gen-8-gb-512-gb-ssd-windows-11-home-x1504va-d5321ws-thin-light-laptop/p/itma044347a6922b?pid=COMHGWQY66YNGVFK&lid=LSTCOMHGWQY66YNGVFKYKVYYT&marketplace=FLIPKART&q=laptop&store=6bo%2Fb5g&srno=s_1_20&otracker=search&fm=organic&iid=4fe9ca60-c544-4633-acda-f740cb2dcfd6.COMHGWQY66YNGVFK.SEARCH&ppt=sp&ppn=sp&ssid=u9bgjs8ug00000001781258259348&qH=312f91285e048e09&ov_redirect=true,flipkart
"Add to CompareLenovo Chromebook 11IJL9 Intel Celeron Dual Core N4500 - (4 GB/64 GB EMMC Storage/Chrome OS) Chromeboo...485 Ratings&9 ReviewsIntel Celeron Dual Core Processor4 GB LPDDR4X RAMChrome Operating System29.46 cm (11.6 Inch) Display1 Year Onsite Warranty₹17,990₹31,42342% offSuper DealsUpto₹14,000Off on Exchange",Lenovo,17990.0,Intel Celeron Dual,4.0,LPDDR4X,512.0,SSD,Intel Iris Xe,Windows 11,11.6,1920,1080,1,https://rukminim2.flixcart.com/image/416/416/xif0q/computer/s/d/p/chromebook-11ijl9-chromebook-lenovo-original-imahczggpnn6tgge.jpeg?q=70,https://www.flipkart.com/lenovo-chromebook-11ijl9-intel-celeron-dual-core-n4500-4-gb-64-gb-emmc-storage-chrome-os/p/itmd2a376187074e?pid=COMHCYMG83BGNQHH&lid=LSTCOMHCYMG83BGNQHHQNGMKF&marketplace=FLIPKART&q=laptop&store=6bo%2Fb5g&srno=s_1_21&otracker=search&fm=organic&iid=en_J65c0L7W7mphJYu7LLT2WK8MyQhuFOfdxbn_KKT70Y5dROj-UTSdXoabtm-luXgjnXk0jz-k5kL3Wl7KSMSgvVJ91SKFHeIaOrm4YxeqrHUv0wDrahYxjvFIWp31V0Kj9QWMJPI4egdmz5nn89L_DQ%3D%3D&ppt=sp&ppn=sp&ssid=u9bgjs8ug00000001781258259348&qH=312f91285e048e09&ov_redirect=true,flipkart
"Add to CompareASUS Vivobook S14 (2025) with Office 2024 + M365 Basic*, Backlit Keyboard, Intel Core i7 13th Gen 1362...4.5273 Ratings&19 ReviewsIntel Core i7 Processor (13th Gen)16 GB DDR5 RAMWindows 11 Home Operating System512 GB SSD35.56 cm (14 Inch) DisplayMicrosoft Office Home 2024 (Lifetime Validity ) + Microsoft 365 Basic*(1-Year Validity), One-Month Membership of Adobe Creative Cloud All Apps, McAfee 1 year1 Year Onsite Warranty₹74,830₹98,90024% offOnly 5 leftBank Offer",ASUS,74830.0,Intel Core I7 13Th,16.0,DDR5,512.0,SSD,Intel Iris Xe,Windows 11,15.6,1920,1080,1,https://rukminim2.flixcart.com/image/416/416/xif0q/computer/r/g/n/-original-imahg4utfhsycghz.jpeg?q=70,https://www.flipkart.com/asus-vivobook-s14-2025-office-2024-m365-basic-backlit-keyboard-intel-core-i7-13th-gen-13620h-16-gb-512-gb-ssd-windows-11-home-s3407va-ly040ws-thin-light-laptop/p/itm0a98a172ca03e?pid=COMH9SJ96MZYJWMB&lid=LSTCOMH9SJ96MZYJWMBDWGCM6&marketplace=FLIPKART&q=laptop&store=6bo%2Fb5g&srno=s_1_23&otracker=search&fm=organic&iid=4fe9ca60-c544-4633-acda-f740cb2dcfd6.COMH9SJ96MZYJWMB.SEARCH&ppt=sp&ppn=sp&ssid=u9bgjs8ug00000001781258259348&qH=312f91285e048e09&ov_redirect=true,flipkart
"Add to CompareLenovo IdeaPad Slim 3 with 1Yr ADP Intel Core i5 12th Gen 12450H - (16 GB/512 GB SSD/Windows 11 Home) ...4.2915 Ratings&62 ReviewsIntel Core i5 Processor (12th Gen)16 GB DDR4 RAMWindows 11 Home Operating System512 GB SSD39.62 cm (15.6 Inch) Display1 Year Warranty₹56,990₹70,99019% offOnly few leftUpto₹37,050Off on Exchange",Lenovo,56990.0,Intel Core I5 12Th,16.0,DDR4,512.0,SSD,Intel Iris Xe,Windows 11,15.6,1920,1080,1,https://rukminim2.flixcart.com/image/416/416/xif0q/computer/m/y/s/-original-imahgfdy579hjvu8.jpeg?q=70,https://www.flipkart.com/lenovo-ideapad-slim-3-1yr-adp-intel-core-i5-12th-gen-12450h-16-gb-512-gb-ssd-windows-11-home-15iah8-thin-light-laptop/p/itma093617319422?pid=COMHCYGTDF5GYHFX&lid=LSTCOMHCYGTDF5GYHFXGCWAY7&marketplace=FLIPKART&q=laptop&store=6bo%2Fb5g&srno=s_1_24&otracker=search&fm=organic&iid=4fe9ca60-c544-4633-acda-f740cb2dcfd6.COMHCYGTDF5GYHFX.SEARCH&ppt=sp&ppn=sp&ssid=u9bgjs8ug00000001781258259348&qH=312f91285e048e09&ov_redirect=true,flipkart
"Add to CompareAcer Aspire 3 Intel Core i3 13th Gen 1305U - (8 GB/512 GB SSD/Windows 11 Home) A324-53 Thin and Light ...4.33,683 Ratings&262 ReviewsIntel Core i3 Processor (13th Gen)8 GB DDR4 RAMWindows 11 Operating System512 GB SSD35.56 cm (14 Inch) Display1 Year Carry-in Warranty₹24,990₹49,99950% offLowest price in the yearUpto₹20,000Off on Exchange",Acer,24990.0,Intel Core I3 13Th,8.0,DDR4,512.0,SSD,Intel Iris Xe,Windows 11,15.6,1920,1080,1,https://rukminim2.flixcart.com/image/416/416/xif0q/computer/r/p/w/-original-imahg5fxzmyzbkv8.jpeg?q=70,https://www.flipkart.com/acer-aspire-3-intel-core-i3-13th-gen-1305u-8-gb-512-gb-ssd-windows-11-home-a324-53-thin-light-laptop/p/itma6a6812aa712e?pid=COMH4B6CGTPNVJW9&lid=LSTCOMH4B6CGTPNVJW9JOF4ZC&marketplace=FLIPKART&q=laptop&store=6bo%2Fb5g&srno=s_2_25&otracker=search&fm=organic&iid=074baf9e-4352-4cec-bd53-f35363a56b82.COMH4B6CGTPNVJW9.SEARCH&ppt=sp&ppn=sp&ssid=b10lb9bvpc0000001781258266488&qH=312f91285e048e09&ov_redirect=true,flipkart
"Add to CompareASUS ExpertBook P1 (i5 14th Gen) with 1 Yr ADP Intel Core 5 210H - (32 GB/512 GB SSD/Windows 11 Home) ...4.4808 Ratings&81 ReviewsIntel Core 5 Processor32 GB DDR5 RAM64 bit Windows 11 Home Operating System512 GB SSD39.62 cm (15.6 Inch) Display1 Year Limited Warranty₹69,990₹1,14,99039% offHot DealUpto₹42,600Off on Exchange",ASUS,69990.0,Intel Core i5,32.0,DDR5,512.0,SSD,Intel Iris Xe,Windows 11,15.6,1920,1080,1,https://rukminim2.flixcart.com/image/416/416/xif0q/computer/z/y/n/-original-imahj7yfhp8hgvvs.jpeg?q=70,https://www.flipkart.com/asus-expertbook-p1-i5-14th-gen-1-yr-adp-intel-core-5-210h-32-gb-512-gb-ssd-windows-11-home-p1503cva-s72288ws-laptop/p/itm30538466342b3?pid=COMHGYAFZHQVGG9C&lid=LSTCOMHGYAFZHQVGG9CXLLRQM&marketplace=FLIPKART&q=laptop&store=6bo%2Fb5g&srno=s_2_26&otracker=search&fm=organic&iid=074baf9e-4352-4cec-bd53-f35363a56b82.COMHGYAFZHQVGG9C.SEARCH&ppt=sp&ppn=sp&ssid=b10lb9bvpc0000001781258266488&qH=312f91285e048e09&ov_redirect=true,flipkart
"Add to CompareASUS Vivobook 15 (2026) with Office 2024 + M365 Basic*, AMD Ryzen 7 Octa Core 170 - (16 GB/512 GB SSD/...55 Ratings&2 ReviewsAMD Ryzen 7 Octa Core Processor16 GB DDR5 RAMWindows 11 Home Operating System512 GB SSD39.62 cm (15.6 inch) DisplayMSO 2024 for lifetime + Microsoft 365 Basic with 100GB Cloud Storage for 1 Year, One-Month Membership of Adobe Creative Cloud All Apps, McAfee 1 year1 Year Onsite Warranty₹66,990₹1,07,99037% offOnly few leftUpto₹42,600Off on Exchange",ASUS,66990.0,Intel Core i5,16.0,DDR5,512.0,SSD,Intel Iris Xe,Windows 11,15.6,1920,1080,1,https://rukminim2.flixcart.com/image/416/416/xif0q/computer/g/i/w/-original-imahknwxtgkrb67h.jpeg?q=70,https://www.flipkart.com/asus-vivobook-15-2026-office-2024-m365-basic-amd-ryzen-7-octa-core-170-16-gb-512-gb-ssd-windows-11-home-m1502naq-bq121ws-thin-light-laptop/p/itmfd4d7978b0424?pid=COMHJJ2HRFHC6RYT&lid=LSTCOMHJJ2HRFHC6RYTLMHDSF&marketplace=FLIPKART&q=laptop&store=6bo%2Fb5g&srno=s_2_30&otracker=search&fm=organic&iid=074baf9e-4352-4cec-bd53-f35363a56b82.COMHJJ2HRFHC6RYT.SEARCH&ppt=sp&ppn=sp&ssid=b10lb9bvpc0000001781258266488&qH=312f91285e048e09&ov_redirect=true,flipkart
"Add to CompareAcer Aspire 3 Intel Celeron Dual Core - (8 GB/256 GB SSD/Windows 11 Home) A311-45 Thin and Light Lapto...3.89,606 Ratings&815 ReviewsIntel Celeron Dual Core Processor8 GB DDR4 RAM64 bit Windows 11 Home Operating System256 GB SSD29.46 cm (11.6 Inch) Display1 Year Warranty₹39,200₹44,99912% offOnly 5 leftBank Offer",Acer,39200.0,Intel Celeron Dual,8.0,DDR4,256.0,SSD,Intel Iris Xe,Windows 11,11.6,1920,1080,1,https://rukminim2.flixcart.com/image/416/416/xif0q/computer/d/s/x/-original-imahg5ftu2dzvyu8.jpeg?q=70,https://www.flipkart.com/acer-aspire-3-intel-celeron-dual-core-8-gb-256-gb-ssd-windows-11-home-a311-45-thin-light-laptop/p/itmad38595c5a902?pid=COMH7NCZ8BARKXFF&lid=LSTCOMH7NCZ8BARKXFFSLKD7A&marketplace=FLIPKART&q=laptop&store=6bo%2Fb5g&srno=s_2_33&otracker=search&fm=organic&iid=074baf9e-4352-4cec-bd53-f35363a56b82.COMH7NCZ8BARKXFF.SEARCH&ppt=sp&ppn=sp&ssid=b10lb9bvpc0000001781258266488&qH=312f91285e048e09&ov_redirect=true,flipkart
"Add to CompareAcer Aspire 3 Intel Celeron Dual Core - (8 GB/128 GB SSD/Windows 11 Home) A311-45 Thin and Light Lapto...3.89,606 Ratings&815 ReviewsIntel Celeron Dual Core Processor8 GB DDR4 RAM64 bit Windows 11 Home Operating System128 GB SSD29.46 cm (11.6 Inch) Display1 Year Warranty₹34,990₹42,99018% offOnly 3 leftBank Offer",Acer,34990.0,Intel Celeron Dual,8.0,DDR4,128.0,SSD,Intel Iris Xe,Windows 11,11.6,1920,1080,1,https://rukminim2.flixcart.com/image/416/416/xif0q/computer/d/s/x/-original-imahg5ftu2dzvyu8.jpeg?q=70,https://www.flipkart.com/acer-aspire-3-intel-celeron-dual-core-8-gb-128-gb-ssd-windows-11-home-a311-45-thin-light-laptop/p/itmad38595c5a902?pid=COMH7NCZGGGWQC4W&lid=LSTCOMH7NCZGGGWQC4WJEDQIL&marketplace=FLIPKART&q=laptop&store=6bo%2Fb5g&srno=s_2_34&otracker=search&fm=organic&iid=074baf9e-4352-4cec-bd53-f35363a56b82.COMH7NCZGGGWQC4W.SEARCH&ppt=sp&ppn=sp&ssid=b10lb9bvpc0000001781258266488&qH=312f91285e048e09&ov_redirect=true,flipkart
"Add to CompareAcer Aspire 14 Office 2024 + M365 Basic Intel Core i7 13th Gen 13620H - (16 GB/512 GB SSD/Windows 11 H...4.3190 Ratings&18 ReviewsIntel Core i7 Processor (13th Gen)16 GB LPDDR5 RAM64 bit Windows 11 Home Operating System512 GB SSD35.56 cm (14 Inch) Display1 Year Warranty₹65,990₹84,99922% offUpto₹42,600Off on ExchangeBank Offer",Acer,65990.0,Intel Core I7 13Th,16.0,LPDDR5,512.0,SSD,Intel Iris Xe,Windows 11,15.6,1920,1080,1,https://rukminim2.flixcart.com/image/416/416/xif0q/computer/l/c/9/-original-imahgfypjsabxvbz.jpeg?q=70,https://www.flipkart.com/acer-aspire-14-office-2024-m365-basic-intel-core-i7-13th-gen-13620h-16-gb-512-gb-ssd-windows-11-home-as14h-53-thin-light-laptop/p/itm15451b45334fc?pid=COMHEWCQSNXSZZGK&lid=LSTCOMHEWCQSNXSZZGKGIDZJH&marketplace=FLIPKART&q=laptop&store=6bo%2Fb5g&srno=s_2_35&otracker=search&fm=organic&iid=074baf9e-4352-4cec-bd53-f35363a56b82.COMHEWCQSNXSZZGK.SEARCH&ppt=sp&ppn=sp&ssid=b10lb9bvpc0000001781258266488&qH=312f91285e048e09&ov_redirect=true,flipkart
"Add to CompareASUS Expertbook P3 Metal High-performance processor with 1 Yr ADP Intel Core i5 13th Gen 13420H - (16 ...4.4595 Ratings&59 ReviewsIntel Core i5 Processor (13th Gen)16 GB DDR5 RAMWindows 11 Home Operating System512 GB SSD35.56 cm (14 Inch) DisplayIncluded Software- Microsoft Office Home 2024(includes Word, Excel, PowerPoint, and OneNote) (Lifetime Validity ) + Microsoft 365 Basic*(1-Year Validity), McAfee+TM Premium (1 year Validity)1 Year Onsite Warranty₹63,990₹95,99033% offHot DealUpto₹42,600Off on Exchange",ASUS,63990.0,Intel Core I5 13Th,16.0,DDR5,512.0,SSD,Intel Iris Xe,Windows 11,15.6,1920,1080,1,https://rukminim2.flixcart.com/image/416/416/xif0q/computer/8/v/f/-original-imahg52nyvh4qnzt.jpeg?q=70,https://www.flipkart.com/asus-expertbook-p3-metal-high-performance-processor-1-yr-adp-intel-core-i5-13th-gen-13420h-16-gb-512-gb-ssd-windows-11-home-p3405cva-ly0015ws-thin-light-laptop/p/itm09459c3a8fab7?pid=COMHB7VNHHRQYPFJ&lid=LSTCOMHB7VNHHRQYPFJ6FCSRI&marketplace=FLIPKART&q=laptop&store=6bo%2Fb5g&srno=s_2_40&otracker=search&fm=organic&iid=074baf9e-4352-4cec-bd53-f35363a56b82.COMHB7VNHHRQYPFJ.SEARCH&ppt=sp&ppn=sp&ssid=b10lb9bvpc0000001781258266488&qH=312f91285e048e09&ov_redirect=true,flipkart
"Add to CompareASUS Vivobook S16 OLED (2025) with Backlit Keyboard, Metal Body*, Snapdragon X - (16 GB/512 GB SSD/Win...4.51,222 Ratings&101 ReviewsSnapdragon X Processor16 GB LPDDR5X RAMWindows 11 Home Operating System512 GB SSD40.64 cm (16 Inch) DisplayMicrosoft Office Home 2024 (Lifetime Validity ) + Microsoft 365 Basic*(1-Year Validity), One-Month Membership of Adobe Creative Cloud All Apps1 Year Onsite Warranty₹69,990₹98,99029% offUpto₹42,600Off on ExchangeBank Offer",ASUS,69990.0,Snapdragon X,16.0,LPDDR5X,512.0,SSD,Intel Iris Xe,Windows 11,15.6,1920,1080,1,https://rukminim2.flixcart.com/image/416/416/xif0q/computer/w/a/q/-original-imahfn3gvhymmzsa.jpeg?q=70,https://www.flipkart.com/asus-vivobook-s16-oled-2025-backlit-keyboard-metal-body-snapdragon-x-16-gb-512-gb-ssd-windows-11-home-s3607qa-sh079ws-thin-light-laptop/p/itma802a754ee9ca?pid=COMHCQ5EYFADM4PZ&lid=LSTCOMHCQ5EYFADM4PZEX9VZJ&marketplace=FLIPKART&q=laptop&store=6bo%2Fb5g&srno=s_2_43&otracker=search&fm=organic&iid=074baf9e-4352-4cec-bd53-f35363a56b82.COMHCQ5EYFADM4PZ.SEARCH&ppt=sp&ppn=sp&ssid=b10lb9bvpc0000001781258266488&qH=312f91285e048e09&ov_redirect=true,flipkart
"Add to CompareAcer Aspire 3 Intel Celeron Dual Core - (8 GB/512 GB SSD/Windows 11 Home) A311-45 Thin and Light Lapto...3.89,606 Ratings&815 ReviewsIntel Celeron Dual Core Processor8 GB DDR4 RAM64 bit Windows 11 Home Operating System512 GB SSD29.46 cm (11.6 Inch) Display1 Year Warranty₹34,990₹35,9992% offUpto₹24,700Off on ExchangeBank Offer",Acer,34990.0,Intel Celeron Dual,8.0,DDR4,512.0,SSD,Intel Iris Xe,Windows 11,11.6,1920,1080,1,https://rukminim2.flixcart.com/image/416/416/xif0q/computer/d/s/x/-original-imahg5ftu2dzvyu8.jpeg?q=70,https://www.flipkart.com/acer-aspire-3-intel-celeron-dual-core-8-gb-512-gb-ssd-windows-11-home-a311-45-thin-light-laptop/p/itmad38595c5a902?pid=COMH7NCZY2QDJ5Z4&lid=LSTCOMH7NCZY2QDJ5Z4RHDRWI&marketplace=FLIPKART&q=laptop&store=6bo%2Fb5g&srno=s_2_44&otracker=search&fm=organic&iid=074baf9e-4352-4cec-bd53-f35363a56b82.COMH7NCZY2QDJ5Z4.SEARCH&ppt=sp&ppn=sp&ssid=b10lb9bvpc0000001781258266488&qH=312f91285e048e09&ov_redirect=true,flipkart
"Add to CompareASUS Expertbook P1 with 1 Yr ADP Intel Core 3 13th Gen 1315U - (8 GB/512 GB SSD/Windows 11 Home) P1403...4.36,185 Ratings&497 ReviewsIntel Core 3 Processor (13th Gen)8 GB DDR5 RAMWindows 11 Home Operating System512 GB SSD35.56 cm (14 Inch) DisplayIncluded Software- Microsoft Office Home 2024(includes Word, Excel, PowerPoint, and OneNote) (Lifetime Validity ) + Microsoft 365 Basic*(1-Year Validity), McAfee+TM Premium (1 year Validity)1 Year Onsite Warranty₹45,990₹69,99034% offUpto₹32,950Off on ExchangeBank Offer",ASUS,45990.0,Intel Core i5,8.0,DDR5,512.0,SSD,Intel Iris Xe,Windows 11,15.6,1920,1080,1,https://rukminim2.flixcart.com/image/416/416/xif0q/computer/p/i/a/-original-imahg53uwgmhzfcd.jpeg?q=70,https://www.flipkart.com/asus-expertbook-p1-1-yr-adp-intel-core-3-13th-gen-1315u-8-gb-512-gb-ssd-windows-11-home-p1403cva-s60343ws-thin-light-laptop/p/itm275e21a6deac0?pid=COMH8Z2QRWQQZTCJ&lid=LSTCOMH8Z2QRWQQZTCJ7QVQUG&marketplace=FLIPKART&q=laptop&store=6bo%2Fb5g&srno=s_2_46&otracker=search&fm=organic&iid=074baf9e-4352-4cec-bd53-f35363a56b82.COMH8Z2QRWQQZTCJ.SEARCH&ppt=sp&ppn=sp&ssid=b10lb9bvpc0000001781258266488&qH=312f91285e048e09&ov_redirect=true,flipkart
"Add to CompareASUS Vivobook 15 (2025) with Touchscreen & Backlit Keyboard, Intel Core i3 13th Gen 1315U - (8 GB/512 ...4.3261 Ratings&22 ReviewsIntel Core i3 Processor (13th Gen)8 GB DDR4 RAMWindows 11 Home Operating System512 GB SSD39.62 cm (15.6 Inch) Touchscreen DisplayMicrosoft Office Home 2024 (Lifetime Validity ) + Microsoft 365 Basic*(1-Year Validity), One-Month Membership of Adobe Creative Cloud All Apps, McAfee 1 year1 Year Onsite Warranty₹40,990₹51,99021% offOnly few leftUpto₹28,800Off on Exchange",ASUS,40990.0,Intel Core I3 13Th,8.0,DDR4,512.0,SSD,Intel Iris Xe,Windows 11,15.6,1920,1080,1,https://rukminim2.flixcart.com/image/416/416/xif0q/computer/416/416/s/-original-imah2ger8qjev3sj.jpeg?q=70,https://www.flipkart.com/asus-vivobook-15-2025-touchscreen-backlit-keyboard-intel-core-i3-13th-gen-1315u-8-gb-512-gb-ssd-windows-11-home-x1504va-e81599ws-2-1-laptop/p/itm72fc7af14df5e?pid=COMH9SJ9Q8ZZHFN7&lid=LSTCOMH9SJ9Q8ZZHFN7V5EST1&marketplace=FLIPKART&q=laptop&store=6bo%2Fb5g&srno=s_3_50&otracker=search&fm=organic&iid=a14dc461-ac99-404f-bf95-83c70182769c.COMH9SJ9Q8ZZHFN7.SEARCH&ppt=sp&ppn=sp&ssid=6i6ii8njgg0000001781258276162&qH=312f91285e048e09&ov_redirect=true,flipkart
"Add to CompareASUS Vivobook 16 (2025) with Office 2024 + M365 Basic, AI PC Intel Core Ultra 5 (Series 2) 225H - (16 ...4.285 Ratings&4 ReviewsIntel Core Ultra 5 (Series 2) Processor16 GB DDR5 RAMWindows 11 Home Operating System512 GB SSD40.64 cm (16 Inch) DisplayMicrosoft Office Home 2024 + Microsoft 365 Basic1 Year Onsite warranty₹67,499₹92,90027% offOnly 1 leftBank Offer",ASUS,67499.0,Intel Core Ultra 5,16.0,DDR5,512.0,SSD,Intel Iris Xe,Windows 11,15.6,1920,1080,1,https://rukminim2.flixcart.com/image/416/416/xif0q/computer/l/t/h/-original-imah9d7pgrdmv858.jpeg?q=70,https://www.flipkart.com/asus-vivobook-16-2025-office-2024-m365-basic-ai-pc-intel-core-ultra-5-series-2-225h-16-gb-512-gb-ssd-windows-11-home-x1607ca-mb139ws-thin-light-laptop/p/itm2c73093a3141d?pid=COMH89EBZSTVX3EU&lid=LSTCOMH89EBZSTVX3EUBKWBS4&marketplace=FLIPKART&q=laptop&store=6bo%2Fb5g&srno=s_3_54&otracker=search&fm=organic&iid=a14dc461-ac99-404f-bf95-83c70182769c.COMH89EBZSTVX3EU.SEARCH&ppt=sp&ppn=sp&ssid=6i6ii8njgg0000001781258276162&qH=312f91285e048e09&ov_redirect=true,flipkart
"Add to CompareASUS Vivobook Go 15 AMD Ryzen 3 Quad Core 7320U - (8 GB/512 GB SSD/Windows 11 Home) E1504FA-NJ130WS | ...4.32,208 Ratings&145 ReviewsAMD Ryzen 3 Quad Core Processor8 GB LPDDR5 RAMWindows 11 Home Operating System512 GB SSD39.62 cm (15.6 Inch) DisplayMicrosoft Office Home 2024 + Microsoft 365 Basic1 Year Onsite Warranty₹39,990₹43,9909% offOnly 1 leftUpto₹27,550Off on Exchange",ASUS,39990.0,Intel Core i5,8.0,LPDDR5,512.0,SSD,Intel Iris Xe,Windows 11,15.6,1920,1080,1,https://rukminim2.flixcart.com/image/416/416/xif0q/computer/m/y/o/-original-imahg5fxjta7gns7.jpeg?q=70,https://www.flipkart.com/asus-vivobook-go-15-amd-ryzen-3-quad-core-7320u-8-gb-512-gb-ssd-windows-11-home-e1504fa-nj130ws-e1504fa-bq2322ws-thin-light-laptop/p/itm9af4f3b5de2ff?pid=COMH94992SQ8HYGZ&lid=LSTCOMH94992SQ8HYGZI7SK3K&marketplace=FLIPKART&q=laptop&store=6bo%2Fb5g&srno=s_3_55&otracker=search&fm=organic&iid=a14dc461-ac99-404f-bf95-83c70182769c.COMH94992SQ8HYGZ.SEARCH&ppt=sp&ppn=sp&ssid=6i6ii8njgg0000001781258276162&qH=312f91285e048e09&ov_redirect=true,flipkart
"Add to CompareASUS Vivobook 15, with Backlit Keyboard, Intel Core i3 13th Gen 1315U - (16 GB/512 GB SSD/Windows 11 H...4.33,074 Ratings&190 ReviewsIntel Core i3 Processor (13th Gen)16 GB DDR4 RAMWindows 11 Home Operating System512 GB SSD39.62 cm (15.6 Inch) DisplayMicrosoft Office Home 2024 + Microsoft 365 Basic1 Year Onsite Warranty₹51,990₹54,9905% offOnly 3 leftUpto₹22,000Off on Exchange",ASUS,51990.0,Intel Core I3 13Th,16.0,DDR4,512.0,SSD,Intel Iris Xe,Windows 11,15.6,1920,1080,1,https://rukminim2.flixcart.com/image/416/416/xif0q/computer/y/k/g/-original-imahg5fyefftefqt.jpeg?q=70,https://www.flipkart.com/asus-vivobook-15-backlit-keyboard-intel-core-i3-13th-gen-1315u-16-gb-512-gb-ssd-windows-11-home-x1504va-nj2325ws-x1504va-bq342ws-thin-light-laptop/p/itmb44a032e58491?pid=COMH9499CDEZTNHX&lid=LSTCOMH9499CDEZTNHXMW7ATK&marketplace=FLIPKART&q=laptop&store=6bo%2Fb5g&srno=s_3_56&otracker=search&fm=organic&iid=a14dc461-ac99-404f-bf95-83c70182769c.COMH9499CDEZTNHX.SEARCH&ppt=sp&ppn=sp&ssid=6i6ii8njgg0000001781258276162&qH=312f91285e048e09&ov_redirect=true,flipkart
"Add to CompareLenovo IdeaPad Slim 3 15ABR8 AMD Ryzen 5 Hexa Core 5625U - (16 GB/512 GB SSD/Windows 11 Home) 82XM00QD...4.569 Ratings&6 ReviewsAMD Ryzen 5 Hexa Core Processor16 GB DDR4 RAMWindows 11 Home Operating System512 GB SSD39.62 cm (15.6 Inch) DisplayOffice Home 20241 Year Carry-in Warranty₹55,990₹61,9909% offOnly few leftBank Offer",Lenovo,55990.0,Intel Core i5,16.0,DDR4,512.0,SSD,Intel Iris Xe,Windows 11,15.6,1920,1080,1,https://rukminim2.flixcart.com/image/416/416/xif0q/computer/x/o/t/-original-imahg5ftqabejyhk.jpeg?q=70,https://www.flipkart.com/lenovo-ideapad-slim-3-15abr8-amd-ryzen-5-hexa-core-5625u-16-gb-512-gb-ssd-windows-11-home-82xm00qdin-thin-light-laptop/p/itm1728625e47c8e?pid=COMHA9FKHGD4RUXN&lid=LSTCOMHA9FKHGD4RUXNCJKFH1&marketplace=FLIPKART&q=laptop&store=6bo%2Fb5g&srno=s_3_59&otracker=search&fm=organic&iid=a14dc461-ac99-404f-bf95-83c70182769c.COMHA9FKHGD4RUXN.SEARCH&ppt=sp&ppn=sp&ssid=6i6ii8njgg0000001781258276162&qH=312f91285e048e09&ov_redirect=true,flipkart
"Add to CompareASUS Vivobook Go 15 (2025) with Office 2024 + M365 Basic AMD Ryzen 3 Quad Core 30 - (8 GB/512 GB SSD/W...4.515 Ratings&1 ReviewsAMD Ryzen 3 Quad Core Processor8 GB DDR5 RAMWindows 11 Home Operating System512 GB SSD39.62 cm (15.6 inch) DisplayMSO 2024 for lifetime + Microsoft 365 Basic with 100GB Cloud Storage for 1 Year, One-Month Membership of Adobe Creative Cloud All Apps, McAfee 1 year1 Year Onsite Warranty₹48,990Bank Offer",ASUS,48990.0,Intel Core i5,8.0,DDR5,512.0,SSD,Intel Iris Xe,Windows 11,15.6,1920,1080,1,https://rukminim2.flixcart.com/image/416/416/xif0q/computer/r/t/b/-original-imahmeb3tamfvgfp.jpeg?q=70,https://www.flipkart.com/asus-vivobook-go-15-2025-office-2024-m365-basic-amd-ryzen-3-quad-core-30-8-gb-512-gb-ssd-windows-11-home-e1504fa-bq2114ws-thin-light-laptop/p/itm1dbfd91b9e36d?pid=COMHKDXBRJJG5JH7&lid=LSTCOMHKDXBRJJG5JH71RFLWK&marketplace=FLIPKART&q=laptop&store=6bo%2Fb5g&srno=s_3_60&otracker=search&fm=organic&iid=a14dc461-ac99-404f-bf95-83c70182769c.COMHKDXBRJJG5JH7.SEARCH&ppt=sp&ppn=sp&ssid=6i6ii8njgg0000001781258276162&qH=312f91285e048e09&ov_redirect=true,flipkart
"Add to CompareASUS Vivobook 15 (2025) with Office 2024 + M365 Basic*, Intel Core i3 13th Gen 1315U - (16 GB/512 GB S...4.5107 Ratings&12 ReviewsIntel Core i3 Processor (13th Gen)16 GB DDR4 RAMWindows 11 Home Operating System512 GB SSD39.62 cm (15.6 Inch) DisplayMicrosoft Office Home 2024 (Lifetime Validity ) + Microsoft 365 Basic*(1-Year Validity), One-Month Membership of Adobe Creative Cloud All Apps, McAfee 1 year1 Year Onsite Warranty₹42,990₹54,99021% offOnly 1 leftUpto₹29,450Off on Exchange",ASUS,42990.0,Intel Core I3 13Th,16.0,DDR4,512.0,SSD,Intel Iris Xe,Windows 11,15.6,1920,1080,1,https://rukminim2.flixcart.com/image/416/416/xif0q/computer/q/y/3/-original-imahfcztmzr9wkhd.jpeg?q=70,https://www.flipkart.com/asus-vivobook-15-2025-office-2024-m365-basic-intel-core-i3-13th-gen-1315u-16-gb-512-gb-ssd-windows-11-home-x1504va-nj2324ws-x1504va-bq341ws-thin-light-laptop/p/itmf0e6514a56cbf?pid=COMHEZZTHYZ3DUK5&lid=LSTCOMHEZZTHYZ3DUK5GYZOBP&marketplace=FLIPKART&q=laptop&store=6bo%2Fb5g&srno=s_3_70&otracker=search&fm=organic&iid=a14dc461-ac99-404f-bf95-83c70182769c.COMHEZZTHYZ3DUK5.SEARCH&ppt=sp&ppn=sp&ssid=6i6ii8njgg0000001781258276162&qH=312f91285e048e09&ov_redirect=true,flipkart
"Add to CompareHP 255 R G10 AMD Ryzen 5 Hexa Core 7535U - (8 GB/512 GB SSD/Windows 11 Home) 255 R G10 Business Laptop3.719 Ratings&1 ReviewsAMD Ryzen 5 Hexa Core Processor8 GB DDR5 RAM64 bit Windows 11 Operating System512 GB SSD39.62 cm (15.6 inch) Display1 Year Onsite Hardware Service₹48,800₹59,99918% offOnly few leftBank Offer",HP,48800.0,Intel Core i5,8.0,DDR5,512.0,SSD,Intel Iris Xe,Windows 11,15.6,1920,1080,1,https://rukminim2.flixcart.com/image/416/416/xif0q/computer/o/k/7/-original-imahjpdbr5dhjbvk.jpeg?q=70,https://www.flipkart.com/hp-255-r-g10-amd-ryzen-5-hexa-core-7535u-8-gb-512-gb-ssd-windows-11-home-business-laptop/p/itmfbb6f5232de2f?pid=COMHJGXFZE5GEWET&lid=LSTCOMHJGXFZE5GEWET4Z3LQF&marketplace=FLIPKART&q=laptop&store=6bo%2Fb5g&srno=s_4_73&otracker=search&fm=organic&iid=ed218552-2669-447c-969d-221b85aaa4b4.COMHJGXFZE5GEWET.SEARCH&ppt=sp&ppn=sp&ssid=u4xex5q8280000001781258281678&qH=312f91285e048e09&ov_redirect=true,flipkart
"Add to CompareASUS Vivobook Go 15 Intel Celeron Dual Core N4500 - (8 GB/512 GB SSD/Windows 11 Home) E510KA-EJ9011WS ...3.91,571 Ratings&139 ReviewsIntel Celeron Dual Core Processor8 GB DDR4 RAMWindows 11 Home Operating System512 GB SSD39.62 cm (15.6 Inch) DisplayMicrosoft Office Home 2024 + Microsoft 365 Basic1 Year Onsite Warranty₹43,990₹47,9908% offOnly 5 leftBank Offer",ASUS,43990.0,Intel Celeron Dual,8.0,DDR4,512.0,SSD,Intel Iris Xe,Windows 11,15.6,1920,1080,1,https://rukminim2.flixcart.com/image/416/416/xif0q/computer/l/q/r/-original-imahg4utyrwfkqve.jpeg?q=70,https://www.flipkart.com/asus-vivobook-go-15-intel-celeron-dual-core-n4500-8-gb-512-gb-ssd-windows-11-home-e510ka-ej9011ws-thin-light-laptop/p/itm1826f3fec8f97?pid=COMH9499YSMWDGTM&lid=LSTCOMH9499YSMWDGTMYXJNEN&marketplace=FLIPKART&q=laptop&store=6bo%2Fb5g&spotlightTagId=default_TrendingId_6bo%2Fb5g&srno=s_4_75&otracker=search&fm=organic&iid=ed218552-2669-447c-969d-221b85aaa4b4.COMH9499YSMWDGTM.SEARCH&ppt=sp&ppn=sp&ssid=u4xex5q8280000001781258281678&qH=312f91285e048e09&ov_redirect=true,flipkart
"Add to CompareASUS Expertbook P1 High-performance processor with 1 Yr ADP Intel Core i7 13th Gen 13620H - (32 GB/512...4.3966 Ratings&78 ReviewsIntel Core i7 Processor (13th Gen)32 GB DDR5 RAMWindows 11 Home Operating System512 GB SSD35.56 cm (14 Inch) DisplayIncluded Software- Microsoft Office Home 2024(includes Word, Excel, PowerPoint, and OneNote) (Lifetime Validity ) + Microsoft 365 Basic*(1-Year Validity), McAfee+TM Premium (1 year Validity)1 Year Onsite Warranty₹73,990₹1,29,99043% offUpto₹42,600Off on ExchangeBank Offer",ASUS,73990.0,Intel Core I7 13Th,32.0,DDR5,512.0,SSD,Intel Iris Xe,Windows 11,15.6,1920,1080,1,https://rukminim2.flixcart.com/image/416/416/xif0q/computer/x/0/p/-original-imahg53ukzn9grvv.jpeg?q=70,https://www.flipkart.com/asus-expertbook-p1-high-performance-processor-1-yr-adp-intel-core-i7-13th-gen-13620h-32-gb-512-gb-ssd-windows-11-home-p1403cva-s60940ws-thin-light-laptop/p/itmc8b94112958cf?pid=COMH8Z2QT98FWRGH&lid=LSTCOMH8Z2QT98FWRGH3QRD3U&marketplace=FLIPKART&q=laptop&store=6bo%2Fb5g&srno=s_4_76&otracker=search&fm=organic&iid=ed218552-2669-447c-969d-221b85aaa4b4.COMH8Z2QT98FWRGH.SEARCH&ppt=sp&ppn=sp&ssid=u4xex5q8280000001781258281678&qH=312f91285e048e09&ov_redirect=true,flipkart
"Add to CompareASUS Chromebook CX15 Intel Celeron Dual Core N50 - (4 GB/128 GB EMMC Storage/Chrome OS) CX1505CTA-S702...4.184 Ratings&10 ReviewsIntel Celeron Dual Core Processor4 GB LPDDR5 RAMChrome Operating System39.62 cm (15.6 inch) DisplayMyASUS1 Year Onsite Warranty₹21,990₹26,99018% offSuper DealsOnly few left",ASUS,21990.0,Intel Celeron Dual,4.0,LPDDR5,128.0,SSD,Intel Iris Xe,Windows 11,15.6,1920,1080,1,https://rukminim2.flixcart.com/image/416/416/xif0q/computer/z/y/b/-original-imahmhhnndrzhwtz.jpeg?q=70,https://www.flipkart.com/asus-chromebook-cx15-intel-celeron-dual-core-n50-4-gb-128-gb-emmc-storage-chrome-os-cx1505cta-s70257-laptop/p/itm4119a57f911bf?pid=COMHKQA34NZEYCRY&lid=LSTCOMHKQA34NZEYCRYGZAOYM&marketplace=FLIPKART&q=laptop&store=6bo%2Fb5g&srno=s_4_78&otracker=search&fm=organic&iid=en_2onoO_Tl7TzfRxENXZCGbAo2N_kKquKeDxr8m5kLQEPCcY_GLa92fPnxputBqKZ9buIjyVDUsvFBwQmBNBzxE-qcA-BXgbs1keCOfZ6q4aeBbbB6RxpR2eYm3YwLWma-&ppt=sp&ppn=sp&ssid=u4xex5q8280000001781258281678&qH=312f91285e048e09&ov_redirect=true,flipkart
"Add to CompareASUS Vivobook 14 (2025) with Office 2024 + M365 Basic*, Backlit Keyboard, Intel Core Ultra 5 225H - (1...4.332 Ratings&5 ReviewsIntel Core Ultra 5 Processor16 GB DDR5 RAMWindows 11 Home Operating System1 TB SSD35.56 cm (14 Inch) DisplayMicrosoft Office Home 2024 (Lifetime Validity ) + Microsoft 365 Basic*(1-Year Validity), One-Month Membership of Adobe Creative Cloud All Apps, McAfee 1 year1 Year Onsite Warranty₹69,990₹74,9906% offOnly few leftUpto₹42,600Off on Exchange",ASUS,69990.0,Intel Core Ultra 5,16.0,DDR5,512.0,SSD,Intel Iris Xe,Windows 11,15.6,1920,1080,1,https://rukminim2.flixcart.com/image/416/416/xif0q/computer/f/p/d/-original-imahgfdft2e4zkc5.jpeg?q=70,https://www.flipkart.com/asus-vivobook-14-2025-office-2024-m365-basic-backlit-keyboard-intel-core-ultra-5-225h-16-gb-1-tb-ssd-windows-11-home-x1407ca-ly1581ws-thin-light-laptop/p/itm3747a23544888?pid=COMHCQ5EAUHHZW4D&lid=LSTCOMHCQ5EAUHHZW4DT133UG&marketplace=FLIPKART&q=laptop&store=6bo%2Fb5g&srno=s_4_79&otracker=search&fm=organic&iid=ed218552-2669-447c-969d-221b85aaa4b4.COMHCQ5EAUHHZW4D.SEARCH&ppt=sp&ppn=sp&ssid=u4xex5q8280000001781258281678&qH=312f91285e048e09&ov_redirect=true,flipkart
"Add to ComparePrimebook 2 Neo (2025) in-Built AI MediaTek Helio G99 (MT8781) - (6 GB/128 GB/Android 15) PBG9911128#B...4.3370 Ratings&109 ReviewsMediaTek Helio G99 (MT8781) Processor6 GB LPDDR4 RAM64 bit Android Operating System29.46 cm (11.6 Inch) Display1 Year Onsite Warranty₹19,990₹29,99033% offUpto₹14,000Off on ExchangeBank Offer",Add,19990.0,Intel Core i5,6.0,LPDDR4,128.0,SSD,Intel Iris Xe,Windows 11,11.6,1920,1080,1,https://rukminim2.flixcart.com/image/416/416/xif0q/computer/416/416/j/-original-imahfyg9aes9fskz.jpeg?q=70,https://www.flipkart.com/primebook-2-neo-2025-in-built-ai-mediatek-helio-g99-mt8781-6-gb-128-gb-android-15-pbg9911128-b7b7b7-thin-light-laptop/p/itmbf605949ab673?pid=COMHDGD5AJEV875Y&lid=LSTCOMHDGD5AJEV875YGWNEQP&marketplace=FLIPKART&q=laptop&store=6bo%2Fb5g&srno=s_4_80&otracker=search&fm=organic&iid=ed218552-2669-447c-969d-221b85aaa4b4.COMHDGD5AJEV875Y.SEARCH&ppt=sp&ppn=sp&ssid=u4xex5q8280000001781258281678&qH=312f91285e048e09&ov_redirect=true,flipkart
"Add to CompareASUS Vivobook 14 (2025) with Office 2024 + M365 Basic*, AI PC, Backlit Keyboard, Intel Core Ultra 5 22...4.4281 Ratings&30 ReviewsIntel Core Ultra 5 Processor16 GB DDR5 RAMWindows 11 Home Operating System512 GB SSD35.56 cm (14 Inch) DisplayMicrosoft Office Home 2024 (Lifetime Validity ) + Microsoft 365 Basic*(1-Year Validity), 
McAfee? 1 year, One-Month Membership of Adobe Creative Cloud All Apps1 Year Onsite warranty₹66,990₹92,99027% offUpto₹42,600Off on ExchangeBank Offer",ASUS,66990.0,Intel Core Ultra 5,16.0,DDR5,512.0,SSD,Intel Iris Xe,Windows 11,15.6,1920,1080,1,https://rukminim2.flixcart.com/image/416/416/xif0q/computer/d/3/f/-original-imahg53xftgnzucy.jpeg?q=70,https://www.flipkart.com/asus-vivobook-14-2025-office-2024-m365-basic-ai-pc-backlit-keyboard-intel-core-ultra-5-225h-16-gb-512-gb-ssd-windows-11-home-x1407ca-ly102ws-thin-light-laptop/p/itm46931df73e192?pid=COMH89EBSHZAG9ZE&lid=LSTCOMH89EBSHZAG9ZEFVUQUB&marketplace=FLIPKART&q=laptop&store=6bo%2Fb5g&srno=s_4_83&otracker=search&fm=organic&iid=ed218552-2669-447c-969d-221b85aaa4b4.COMH89EBSHZAG9ZE.SEARCH&ppt=sp&ppn=sp&ssid=u4xex5q8280000001781258281678&qH=312f91285e048e09&ov_redirect=true,flipkart
"Add to CompareASUS ExpertBook P1 (i5 14th Gen) with 1 Yr ADP Intel Core 5 210H - (32 GB/512 GB SSD/Windows 11 Home) ...4.155 Ratings&7 ReviewsIntel Core 5 Processor32 GB DDR5 RAM64 bit Windows 11 Home Operating System512 GB SSD35.56 cm (14 Inch) Display1 Year Limited Warranty₹69,990₹1,14,99039% offUpto₹42,600Off on ExchangeBank Offer",ASUS,69990.0,Intel Core i5,32.0,DDR5,512.0,SSD,Intel Iris Xe,Windows 11,15.6,1920,1080,1,https://rukminim2.flixcart.com/image/416/416/xif0q/computer/e/0/l/-original-imahj7yyn8nzgdcw.jpeg?q=70,https://www.flipkart.com/asus-expertbook-p1-i5-14th-gen-1-yr-adp-intel-core-5-210h-32-gb-512-gb-ssd-windows-11-home-p1403cva-s61638ws-laptop/p/itm21e8b41dc3a90?pid=COMHGYAFC2VGTZGY&lid=LSTCOMHGYAFC2VGTZGYCIHXPC&marketplace=FLIPKART&q=laptop&store=6bo%2Fb5g&srno=s_4_84&otracker=search&fm=organic&iid=ed218552-2669-447c-969d-221b85aaa4b4.COMHGYAFC2VGTZGY.SEARCH&ppt=sp&ppn=sp&ssid=u4xex5q8280000001781258281678&qH=312f91285e048e09&ov_redirect=true,flipkart
"Add to CompareLenovo IdeaPad Slim 1 AMD Ryzen 5 Hexa Core 5500U - (16 GB/512 GB SSD/Windows 11 Home) 15ALC7 / 15ALC6...4.27,232 Ratings&585 ReviewsAMD Ryzen 5 Hexa Core Processor16 GB DDR4 RAMWindows 11 Operating System512 GB SSD39.62 cm (15.6 Inch) DisplayMicrosoft Office Home & Student 20211 Year Onsite Warranty₹53,900₹83,23835% offOnly few leftBank Offer",Lenovo,53900.0,Intel Core i5,16.0,DDR4,512.0,SSD,Intel Iris Xe,Windows 11,15.6,1920,1080,1,https://rukminim2.flixcart.com/image/416/416/xif0q/computer/m/o/u/-original-imahg5fxhyfzpqwy.jpeg?q=70,https://www.flipkart.com/lenovo-ideapad-slim-1-amd-ryzen-5-hexa-core-5500u-16-gb-512-gb-ssd-windows-11-home-15alc7-15alc6-thin-light-laptop/p/itm3680fb576eb7b?pid=COMGN2YDSFGGXYG3&lid=LSTCOMGN2YDSFGGXYG3WNMJCY&marketplace=FLIPKART&q=laptop&store=6bo%2Fb5g&srno=s_4_86&otracker=search&fm=organic&iid=ed218552-2669-447c-969d-221b85aaa4b4.COMGN2YDSFGGXYG3.SEARCH&ppt=sp&ppn=sp&ssid=u4xex5q8280000001781258281678&qH=312f91285e048e09&ov_redirect=true,flipkart
"Add to CompareAcer Aspire 3 Intel Celeron Dual Core - (8 GB/256 GB SSD/Windows 11 Home) A311-45 Thin and Light Lapto...3.89,606 Ratings&815 ReviewsIntel Celeron Dual Core Processor8 GB DDR4 RAM64 bit Windows 11 Home Operating System256 GB SSD29.46 cm (11.6 Inch) Display1 Year Warranty₹32,990₹49,99034% offUpto₹23,350Off on ExchangeBank Offer",Acer,32990.0,Intel Celeron Dual,8.0,DDR4,256.0,SSD,Intel Iris Xe,Windows 11,11.6,1920,1080,1,https://rukminim2.flixcart.com/image/416/416/xif0q/computer/g/u/6/aspire-3-notebook-acer-original-imah8nrabh9wzrcn.jpeg?q=70,https://www.flipkart.com/acer-aspire-3-intel-celeron-dual-core-8-gb-256-gb-ssd-windows-11-home-a311-45-thin-light-laptop/p/itm0a262382dc927?pid=COMHCC7ADKEWZPSJ&lid=LSTCOMHCC7ADKEWZPSJ9IZNXQ&marketplace=FLIPKART&q=laptop&store=6bo%2Fb5g&srno=s_4_89&otracker=search&fm=organic&iid=ed218552-2669-447c-969d-221b85aaa4b4.COMHCC7ADKEWZPSJ.SEARCH&ppt=sp&ppn=sp&ssid=u4xex5q8280000001781258281678&qH=312f91285e048e09&ov_redirect=true,flipkart
"Add to CompareASUS Vivobook 15 (2025) (i5 14th Gen) with MSO 2024 + M365 Basic*, Backlit Keyboard, Intel Core 5 120U...4.31,656 Ratings&112 ReviewsIntel Core 5 Processor16 GB DDR4 RAMWindows 11 Home Operating System512 GB SSD39.62 cm (15.6 Inch) DisplayMicrosoft Office Home 2024 (Lifetime Validity ) + Microsoft 365 Basic*(1-Year Validity), One-Month Membership of Adobe Creative Cloud All Apps, McAfee 1 year1 Year Onsite Warranty₹59,000₹75,00021% offOnly few leftBank Offer",ASUS,59000.0,Intel Core i5,16.0,DDR4,512.0,SSD,Intel Iris Xe,Windows 11,15.6,1920,1080,1,https://rukminim2.flixcart.com/image/416/416/xif0q/computer/k/u/e/-original-imahcd8gzqjnp2vv.jpeg?q=70,https://www.flipkart.com/asus-vivobook-15-2025-i5-14th-gen-mso-2024-m365-basic-backlit-keyboard-intel-core-5-120u-16-gb-512-gb-ssd-windows-11-home-x1504vap-nj2862ws-x1504vap-bq224ws-thin-light-laptop/p/itm774438efecaf0?pid=COMHDG7CFDWVKYMZ&lid=LSTCOMHDG7CFDWVKYMZSGRBRE&marketplace=FLIPKART&q=laptop&store=6bo%2Fb5g&srno=s_4_90&otracker=search&fm=organic&iid=ed218552-2669-447c-969d-221b85aaa4b4.COMHDG7CFDWVKYMZ.SEARCH&ppt=sp&ppn=sp&ssid=u4xex5q8280000001781258281678&qH=312f91285e048e09&ov_redirect=true,flipkart
"Add to CompareAcer Aspire 15 AMD Ryzen 5 Hexa Core 7430U - (16 GB/512 GB SSD/Windows 11 Home) Aspire AS15-42 Thin an...4.24,016 Ratings&377 ReviewsAMD Ryzen 5 Hexa Core Processor16 GB DDR4 RAMWindows 11 Operating System512 GB SSD39.62 cm (15.6 Inch) Display1 Year Carry-in Warranty₹57,990₹85,99932% offOnly few leftUpto₹37,050Off on Exchange",Acer,57990.0,Intel Core i5,16.0,DDR4,512.0,SSD,Intel Iris Xe,Windows 11,15.6,1920,1080,1,https://rukminim2.flixcart.com/image/416/416/xif0q/computer/p/c/z/-original-imahg5fusry5atvm.jpeg?q=70,https://www.flipkart.com/acer-aspire-15-amd-ryzen-5-hexa-core-7430u-16-gb-512-gb-ssd-windows-11-home-as15-42-thin-light-laptop/p/itmdaf15e01a1d1a?pid=COMH397XW36HUXB8&lid=LSTCOMH397XW36HUXB8LCSOPU&marketplace=FLIPKART&q=laptop&store=6bo%2Fb5g&srno=s_4_93&otracker=search&fm=organic&iid=ed218552-2669-447c-969d-221b85aaa4b4.COMH397XW36HUXB8.SEARCH&ppt=sp&ppn=sp&ssid=u4xex5q8280000001781258281678&qH=312f91285e048e09&ov_redirect=true,flipkart
"Add to CompareAcer Aspire Lite with Backlit Keyboard, Intel Core i7 12th Gen 1255U - (16 GB/512 GB SSD/Windows 11 Ho...4.490 Ratings&6 ReviewsIntel Core i7 Processor (12th Gen)16 GB DDR4 RAMWindows 11 Operating System512 GB SSD39.62 cm (15.6 Inch) Display1 Year Carry-in Warranty₹49,499₹74,99934% offOnly few leftBank Offer",Acer,49499.0,Intel Core I7 12Th,16.0,DDR4,512.0,SSD,Intel Iris Xe,Windows 11,15.6,1920,1080,1,https://rukminim2.flixcart.com/image/416/416/xif0q/computer/u/p/m/-original-imah2pf2u98xefzx.jpeg?q=70,https://www.flipkart.com/acer-aspire-lite-backlit-keyboard-intel-core-i7-12th-gen-1255u-16-gb-512-gb-ssd-windows-11-home-al15-52-thin-light-laptop/p/itm1bc0bcb4598e7?pid=COMH2TPS6EYHZMHF&lid=LSTCOMH2TPS6EYHZMHFTBUVEF&marketplace=FLIPKART&q=laptop&store=6bo%2Fb5g&srno=s_4_95&otracker=search&fm=organic&iid=ed218552-2669-447c-969d-221b85aaa4b4.COMH2TPS6EYHZMHF.SEARCH&ppt=sp&ppn=sp&ssid=u4xex5q8280000001781258281678&qH=312f91285e048e09&ov_redirect=true,flipkart
"Add to CompareASUS Vivobook S14 Flip (2025) with Office 2024 + M365 Basic*, Metallic Design, Intel Core i5 13th Gen ...4.41,119 Ratings&94 ReviewsIntel Core i5 Processor (13th Gen)16 GB DDR4 RAMWindows 11 Home Operating System512 GB SSD35.56 cm (14 Inch) Touchscreen DisplayMicrosoft Office Home 2024 (Lifetime Validity ) + Microsoft 365 Basic*(1-Year Validity), One-Month Membership of Adobe Creative Cloud All Apps, McAfee 1 year1 Year Onsite Warranty₹63,990₹86,99026% offOnly 1 leftUpto₹42,600Off on Exchange",ASUS,63990.0,Intel Core I5 13Th,16.0,DDR4,512.0,SSD,Intel Iris Xe,Windows 11,15.6,1920,1080,1,https://rukminim2.flixcart.com/image/416/416/xif0q/computer/416/416/e/-original-imahgfdypkndramu.jpeg?q=70,https://www.flipkart.com/asus-vivobook-s14-flip-2025-office-2024-m365-basic-metallic-design-intel-core-i5-13th-gen-13420h-16-gb-512-gb-ssd-windows-11-home-tp3402vao-lz619ws-2-1-laptop/p/itm1f8488dce4bb0?pid=COMHEGTK9FWGGZ6Q&lid=LSTCOMHEGTK9FWGGZ6QOB5NLC&marketplace=FLIPKART&q=laptop&store=6bo%2Fb5g&srno=s_5_99&otracker=search&fm=organic&iid=637cbf54-2913-45b4-89f2-b8386c23e9dc.COMHEGTK9FWGGZ6Q.SEARCH&ppt=sp&ppn=sp&ssid=g7vio2isdc0000001781258289157&qH=312f91285e048e09&ov_redirect=true,flipkart
"Add to CompareHP OmniBook 5(Previously Pavilion) Intel Core i5 13th Gen 1334U - (16 GB/512 GB SSD/Windows 11 Home) 1...4.4194 Ratings&18 ReviewsIntel Core i5 Processor (13th Gen)16 GB LPDDR5X RAMWindows 11 Operating System512 GB SSD40.64 cm (16 Inch) Display1 Year Onsite Service₹64,990₹78,77817% offUpto₹42,600Off on ExchangeBank Offer",HP,64990.0,Intel Core I5 13Th,16.0,LPDDR5X,512.0,SSD,Intel Iris Xe,Windows 11,15.6,1920,1080,1,https://rukminim2.flixcart.com/image/416/416/xif0q/computer/j/q/y/-original-imahk44qgcfybyjf.jpeg?q=70,https://www.flipkart.com/hp-omnibook-5-previously-pavilion-intel-core-i5-13th-gen-1334u-16-gb-512-gb-ssd-windows-11-home-16-ba1123tu-thin-light-laptop/p/itm17c7ddcf83e55?pid=COMHA9GUP3FPVRJ2&lid=LSTCOMHA9GUP3FPVRJ2SKNIPP&marketplace=FLIPKART&q=laptop&store=6bo%2Fb5g&srno=s_5_105&otracker=search&fm=organic&iid=637cbf54-2913-45b4-89f2-b8386c23e9dc.COMHA9GUP3FPVRJ2.SEARCH&ppt=sp&ppn=sp&ssid=g7vio2isdc0000001781258289157&qH=312f91285e048e09&ov_redirect=true,flipkart
"Add to CompareAcer Intel Core i5 - (8 GB/512 GB SSD/Windows 11 Home) TL04-51M Laptop4.68 Ratings&1 ReviewsIntel Core i5 Processor8 GB DDR4 RAMWindows 11 Operating System512 GB SSD35.56 cm (14 inch) Display1 Year Onsite Service₹45,990₹58,99922% offHot DealUpto₹32,950Off on Exchange",Acer,45990.0,Intel Core i5,8.0,DDR4,512.0,SSD,Intel Iris Xe,Windows 11,15.6,1920,1080,1,https://rukminim2.flixcart.com/image/416/416/xif0q/computer/m/8/z/-original-imahh6uufrcxfruf.jpeg?q=70,https://www.flipkart.com/acer-intel-core-i5-8-gb-512-gb-ssd-windows-11-home-tl04-51m-laptop/p/itm5195940ec1f6d?pid=COMHHF7VFBKFA5MS&lid=LSTCOMHHF7VFBKFA5MSNSCMZD&marketplace=FLIPKART&q=laptop&store=6bo%2Fb5g&srno=s_5_106&otracker=search&fm=organic&iid=637cbf54-2913-45b4-89f2-b8386c23e9dc.COMHHF7VFBKFA5MS.SEARCH&ppt=sp&ppn=sp&ssid=g7vio2isdc0000001781258289157&qH=312f91285e048e09&ov_redirect=true,flipkart
"Add to CompareAcer Aspire Lite Intel Core i3 12th Gen 1215U - (16 GB/512 GB SSD/Windows 11 Home) AL15-52 Thin and Li...4.11,084 Ratings&86 ReviewsIntel Core i3 Processor (12th Gen)16 GB DDR4 RAMWindows 11 Operating System512 GB SSD39.62 cm (15.6 Inch) Display1 Year Onsite Warranty₹49,990₹55,99010% offUpto₹32,950Off on ExchangeBank Offer",Acer,49990.0,Intel Core I3 12Th,16.0,DDR4,512.0,SSD,Intel Iris Xe,Windows 11,15.6,1920,1080,1,https://rukminim2.flixcart.com/image/416/416/xif0q/computer/7/n/r/al15-51-thin-and-light-laptop-acer-original-imagrtakqhprf7eu.jpeg?q=70,https://www.flipkart.com/acer-aspire-lite-intel-core-i3-12th-gen-1215u-16-gb-512-gb-ssd-windows-11-home-al15-52-thin-light-laptop/p/itm130746bcc0e38?pid=COMGWKF2QYG6XNCZ&lid=LSTCOMGWKF2QYG6XNCZRHWCKU&marketplace=FLIPKART&q=laptop&store=6bo%2Fb5g&srno=s_5_109&otracker=search&fm=organic&iid=637cbf54-2913-45b4-89f2-b8386c23e9dc.COMGWKF2QYG6XNCZ.SEARCH&ppt=sp&ppn=sp&ssid=g7vio2isdc0000001781258289157&qH=312f91285e048e09&ov_redirect=true,flipkart
"Add to CompareASUS Vivobook 15, with Backlit Keyboard, Intel Core i3 13th Gen 1315U - (8 GB/512 GB SSD/Windows 11 Ho...4.33,074 Ratings&190 ReviewsIntel Core i3 Processor (13th Gen)8 GB DDR4 RAMWindows 11 Operating System512 GB SSD39.62 cm (15.6 Inch) Display1 Year Onsite warranty₹49,990₹50,9901% offOnly few leftUpto₹32,950Off on Exchange",ASUS,49990.0,Intel Core I3 13Th,8.0,DDR4,512.0,SSD,Intel Iris Xe,Windows 11,15.6,1920,1080,1,https://rukminim2.flixcart.com/image/416/416/xif0q/computer/w/h/g/-original-imahg5fuxuw5afvh.jpeg?q=70,https://www.flipkart.com/asus-vivobook-15-backlit-keyboard-intel-core-i3-13th-gen-1315u-8-gb-512-gb-ssd-windows-11-home-x1504va-nj320ws-x1504va-bq321ws-thin-light-laptop/p/itm200184e4e0443?pid=COMGYSFGRDEFFPY6&lid=LSTCOMGYSFGRDEFFPY6O9VORD&marketplace=FLIPKART&q=laptop&store=6bo%2Fb5g&srno=s_5_113&otracker=search&fm=organic&iid=637cbf54-2913-45b4-89f2-b8386c23e9dc.COMGYSFGRDEFFPY6.SEARCH&ppt=sp&ppn=sp&ssid=g7vio2isdc0000001781258289157&qH=312f91285e048e09&ov_redirect=true,flipkart
"Add to CompareAcer Aspire 3 Intel Celeron Dual Core - (8 GB/256 GB SSD/Windows 11 Home) A311-45 Thin and Light Lapto...3.89,606 Ratings&815 ReviewsIntel Celeron Dual Core Processor8 GB DDR4 RAM64 bit Windows 11 Home Operating System256 GB SSD29.46 cm (11.6 Inch) Display1 Year Warranty₹37,900₹39,9905% offOnly 1 leftBank Offer",Acer,37900.0,Intel Celeron Dual,8.0,DDR4,256.0,SSD,Intel Iris Xe,Windows 11,11.6,1920,1080,1,https://rukminim2.flixcart.com/image/416/416/xif0q/computer/d/z/q/-original-imahgfdfhza3fb8n.jpeg?q=70,https://www.flipkart.com/acer-aspire-3-intel-celeron-dual-core-8-gb-256-gb-ssd-windows-11-home-a311-45-thin-light-laptop/p/itmb96484525b977?pid=COMHCC7ATSYH5GPA&lid=LSTCOMHCC7ATSYH5GPAPY6TNI&marketplace=FLIPKART&q=laptop&store=6bo%2Fb5g&srno=s_5_114&otracker=search&fm=organic&iid=637cbf54-2913-45b4-89f2-b8386c23e9dc.COMHCC7ATSYH5GPA.SEARCH&ppt=sp&ppn=sp&ssid=g7vio2isdc0000001781258289157&qH=312f91285e048e09&ov_redirect=true,flipkart
"Add to CompareASUS Vivobook 14 (2025) with Office 2024 + M365 Basic*, Backlit Keyboard, Intel Core i3 13th Gen 1315U...4.33,074 Ratings&190 ReviewsIntel Core i3 Processor (13th Gen)8 GB DDR4 RAMWindows 11 Home Operating System512 GB SSD35.56 cm (14 Inch) DisplayMicrosoft Office Home 2024 (Lifetime Validity ) + Microsoft 365 Basic*(1-Year Validity), One-Month Membership of Adobe Creative Cloud All Apps, McAfee 1 year1 Year Onsite Warranty₹49,990₹50,9901% offOnly few leftUpto₹32,950Off on Exchange",ASUS,49990.0,Intel Core I3 13Th,8.0,DDR4,512.0,SSD,Intel Iris Xe,Windows 11,15.6,1920,1080,1,https://rukminim2.flixcart.com/image/416/416/xif0q/computer/u/u/d/-original-imahfcztzmftpy9u.jpeg?q=70,https://www.flipkart.com/asus-vivobook-14-2025-office-2024-m365-basic-backlit-keyboard-intel-core-i3-13th-gen-1315u-8-gb-512-gb-ssd-windows-11-home-x1404va-eb321ws-thin-light-laptop/p/itm86b2575a66c73?pid=COMHEZZTACFZCGWF&lid=LSTCOMHEZZTACFZCGWFFCUHCO&marketplace=FLIPKART&q=laptop&store=6bo%2Fb5g&srno=s_5_115&otracker=search&fm=organic&iid=637cbf54-2913-45b4-89f2-b8386c23e9dc.COMHEZZTACFZCGWF.SEARCH&ppt=sp&ppn=sp&ssid=g7vio2isdc0000001781258289157&qH=312f91285e048e09&ov_redirect=true,flipkart
"Add to CompareLenovo IdeaPad Slim 3 WUXGA IPS Intel Core i5 13th Gen 13420H - (16 GB/512 GB SSD/Windows 11 Home) 15I...4.3274 Ratings&18 ReviewsIntel Core i5 Processor (13th Gen)16 GB DDR5 RAMWindows 11 Home Operating System512 GB SSD38.86 cm (15.3 Inch) DisplayMicrosoft Office Home 20241 Year Carry-in Warranty₹68,999₹85,00018% offOnly few leftBank Offer",Lenovo,68999.0,Intel Core I5 13Th,16.0,DDR5,512.0,SSD,Intel Iris Xe,Windows 11,15.3,1920,1080,1,https://rukminim2.flixcart.com/image/416/416/xif0q/computer/v/p/0/-original-imahex3ugzs2fhzj.jpeg?q=70,https://www.flipkart.com/lenovo-ideapad-slim-3-wuxga-ips-intel-core-i5-13th-gen-13420h-16-gb-512-gb-ssd-windows-11-home-15irh10-thin-light-laptop/p/itm141f9075d4f0c?pid=COMHCQ52RHHN92ZF&lid=LSTCOMHCQ52RHHN92ZFY76IAW&marketplace=FLIPKART&q=laptop&store=6bo%2Fb5g&srno=s_5_120&otracker=search&fm=organic&iid=637cbf54-2913-45b4-89f2-b8386c23e9dc.COMHCQ52RHHN92ZF.SEARCH&ppt=sp&ppn=sp&ssid=g7vio2isdc0000001781258289157&qH=312f91285e048e09&ov_redirect=true,flipkart
"Add to CompareASUS ExpertBook P3 Intel Core Ultra 7 255H - (16 GB/512 GB SSD/Windows 11 Home) P3606CCAP-MB1007WS Thi...4.79 Ratings&1 ReviewsIntel Core Ultra 7 Processor16 GB DDR5 RAMWindows 11 Home Operating System512 GB SSD40.64 cm (16 inch) DisplayMicrosoft Office Home 2024 + Microsoft 365 Basic1 Year Onsite Service₹99,990₹1,92,99048% offLowest price since launchUpto₹42,600Off on Exchange",ASUS,99990.0,Intel Core Ultra 7,16.0,DDR5,512.0,SSD,Intel Iris Xe,Windows 11,15.6,1920,1080,1,https://rukminim2.flixcart.com/image/416/416/xif0q/computer/k/l/h/-original-imahmpp8df8gk4pb.jpeg?q=70,https://www.flipkart.com/asus-expertbook-p3-intel-core-ultra-7-255h-16-gb-512-gb-ssd-windows-11-home-p3606ccap-mb1007ws-thin-light-laptop/p/itm50b719d53d28e?pid=COMHHT9GVDKS6AZF&lid=LSTCOMHHT9GVDKS6AZFYJOIVT&marketplace=FLIPKART&q=laptop&store=6bo%2Fb5g&srno=s_6_123&otracker=search&fm=organic&iid=1fec85bb-1802-47ee-af67-9e7593720667.COMHHT9GVDKS6AZF.SEARCH&ppt=sp&ppn=sp&ssid=8mxfxiwhsw0000001781258294136&qH=312f91285e048e09&ov_redirect=true,flipkart
"Add to CompareASUS ExpertBook P1 (i7 14th Gen) with 1 Yr ADP Intel Core 7 240H - (32 GB/512 GB SSD/Windows 11 Home) ...4.722 Ratings&3 ReviewsIntel Core 7 Processor32 GB DDR5 RAM64 bit Windows 11 Home Operating System512 GB SSD35.56 cm (14 Inch) Display1 Year Limited Warranty₹79,990₹1,29,99038% offUpto₹42,600Off on ExchangeBank Offer",ASUS,79990.0,Intel Core i5,32.0,DDR5,512.0,SSD,Intel Iris Xe,Windows 11,15.6,1920,1080,1,https://rukminim2.flixcart.com/image/416/416/xif0q/computer/k/9/v/-original-imahj7yfzdhzyeu4.jpeg?q=70,https://www.flipkart.com/asus-expertbook-p1-i7-14th-gen-1-yr-adp-intel-core-7-240h-32-gb-512-gb-ssd-windows-11-home-p1403cva-s61493ws-laptop/p/itm155fbf2a1d91c?pid=COMHGYAFJ4ZM8ZHQ&lid=LSTCOMHGYAFJ4ZM8ZHQ7E9OU1&marketplace=FLIPKART&q=laptop&store=6bo%2Fb5g&srno=s_6_124&otracker=search&fm=organic&iid=1fec85bb-1802-47ee-af67-9e7593720667.COMHGYAFJ4ZM8ZHQ.SEARCH&ppt=sp&ppn=sp&ssid=8mxfxiwhsw0000001781258294136&qH=312f91285e048e09&ov_redirect=true,flipkart
"Add to CompareAcer Aspire 14 Office 2024 + M365 Basic (i5 14th Gen) Intel Core 5 210 H - (16 GB/512 GB SSD/Windows 1...4.312 Ratings&1 ReviewsIntel Core 5 Processor16 GB LPDDR5 RAM64 bit Windows 11 Home Operating System512 GB SSD35.56 cm (14 Inch) Display1 Year Warranty₹59,990₹77,99923% offBank Offer",Acer,59990.0,Intel Core i5,16.0,LPDDR5,512.0,SSD,Intel Iris Xe,Windows 11,15.6,1920,1080,1,https://rukminim2.flixcart.com/image/416/416/xif0q/computer/i/m/i/-original-imahgevsset9ymhh.jpeg?q=70,https://www.flipkart.com/acer-aspire-14-office-2024-m365-basic-i5-14th-gen-intel-core-5-210-h-16-gb-512-gb-ssd-windows-11-home-as14h-53-notebook/p/itm11ee2353aa374?pid=COMHHPF4D9FMHKXH&lid=LSTCOMHHPF4D9FMHKXHCGJWPE&marketplace=FLIPKART&q=laptop&store=6bo%2Fb5g&srno=s_6_125&otracker=search&fm=organic&iid=1fec85bb-1802-47ee-af67-9e7593720667.COMHHPF4D9FMHKXH.SEARCH&ppt=sp&ppn=sp&ssid=8mxfxiwhsw0000001781258294136&qH=312f91285e048e09&ov_redirect=true,flipkart
"Add to CompareLenovo Chromebook MediaTek Kompanio 520 - (4 GB/128 GB EMMC Storage/Chrome OS) 14M868 Chromebook3.93,979 Ratings&341 ReviewsMediaTek Kompanio 520 Processor4 GB LPDDR4X RAMChrome Operating System35.56 cm (14 Inch) Display1 Year Carry-in Warranty₹22,990₹28,69019% offUpto₹17,000Off on ExchangeBank Offer",Lenovo,22990.0,Intel Core i5,4.0,LPDDR4X,128.0,SSD,Intel Iris Xe,Windows 11,15.6,1920,1080,1,https://rukminim2.flixcart.com/image/416/416/xif0q/computer/k/3/v/-original-imahgfdfysyznaan.jpeg?q=70,https://www.flipkart.com/lenovo-chromebook-mediatek-kompanio-520-4-gb-128-gb-emmc-storage-chrome-os-14m868/p/itm4dc67999fe3de?pid=COMGSYYSHRSUEGMG&lid=LSTCOMGSYYSHRSUEGMGMC9HLZ&marketplace=FLIPKART&q=laptop&store=6bo%2Fb5g&srno=s_6_129&otracker=search&fm=organic&iid=1fec85bb-1802-47ee-af67-9e7593720667.COMGSYYSHRSUEGMG.SEARCH&ppt=sp&ppn=sp&ssid=8mxfxiwhsw0000001781258294136&qH=312f91285e048e09&ov_redirect=true,flipkart
"Add to CompareMOTOROLA Motobook 60 Full Metal OLED (i7 14th Gen) Intel Core 7 (Series 2) 240H - (16 GB/1 TB SSD/Wind...4.41,095 Ratings&126 ReviewsIntel Core 7 (Series 2) Processor16 GB DDR5 RAM64 bit Windows 11 Operating System1 TB SSD35.56 cm (14 Inch) DisplayOffice Home 20241 Year Onsite Warranty₹71,990₹1,10,49034% offUpto₹42,600Off on ExchangeBank Offer",Add,71990.0,Intel Core i5,16.0,DDR5,512.0,SSD,Intel Iris Xe,Windows 11,15.6,1920,1080,1,https://rukminim2.flixcart.com/image/416/416/xif0q/computer/r/n/a/-original-imahg5fxjexyhuge.jpeg?q=70,https://www.flipkart.com/motorola-motobook-60-full-metal-oled-i7-14th-gen-intel-core-7-series-2-240h-16-gb-1-tb-ssd-windows-11-home-14irh10r-thin-light-laptop/p/itme38d212ff500c?pid=COMHAUZWZGRD8HHC&lid=LSTCOMHAUZWZGRD8HHCQXWCOA&marketplace=FLIPKART&q=laptop&store=6bo%2Fb5g&srno=s_6_134&otracker=search&fm=organic&iid=1fec85bb-1802-47ee-af67-9e7593720667.COMHAUZWZGRD8HHC.SEARCH&ppt=sp&ppn=sp&ssid=8mxfxiwhsw0000001781258294136&qH=312f91285e048e09&ov_redirect=true,flipkart
"Add to CompareApple Macbook Neo A18 Pro(2026) A18 Pro - (8 GB/256 GB SSD/Tahoe) MHFD4HN/A4.7417 Ratings&37 ReviewsApple A18 Pro Processor8 GB Unified Memory RAMMac OS Operating System256 GB SSD33.02 cm (13 inch) DisplayBuilt-in Apps: App Store, Books, Calendar, Contacts, FaceTime, Find My, Freeform, GarageBand, Home, iMovie, iPhone Mirroring, Keynote, Mail, Maps, Messages, Music, Notes, Numbers, Pages, Passwords, Photo Booth, Photos, Podcasts, Preview, QuickTime Player, Reminders, Safari, Shortcuts, Stocks, Time Machine, Tips, TV, Voice Memos, Weather1 Year Limited Warranty₹65,000₹69,9007% offUpto₹42,600Off on ExchangeBank Offer",Apple,65000.0,Intel Core i5,8.0,DDR4,256.0,SSD,Intel Iris Xe,macOS,15.6,1920,1080,1,https://rukminim2.flixcart.com/image/416/416/xif0q/computer/h/8/r/-original-imahh9yhrnaeb78u.jpeg?q=70,https://www.flipkart.com/apple-macbook-neo-a18-pro-2026-pro-8-gb-256-gb-ssd-tahoe-mhfd4hn-a/p/itm31e1db14c31e1?pid=COMHH8C56MMKZBM4&lid=LSTCOMHH8C56MMKZBM4GRZJKN&marketplace=FLIPKART&q=laptop&store=6bo%2Fb5g&srno=s_6_140&otracker=search&fm=organic&iid=1fec85bb-1802-47ee-af67-9e7593720667.COMHH8C56MMKZBM4.SEARCH&ppt=sp&ppn=sp&ssid=8mxfxiwhsw0000001781258294136&qH=312f91285e048e09&ov_redirect=true,flipkart
"Add to CompareInfinix ZEROBOOK 13 Intel Intel Core i7 13th Gen 13700H - (16 GB/512 GB SSD/Windows 11 Home) ZL513 Thi...4.2362 Ratings&56 ReviewsIntel Core i7 Processor (13th Gen)16 GB LPDDR5X RAMWindows 11 Operating System512 GB SSD38.86 cm (15.3 Inch) Display1 Year Onsite Warranty₹54,990₹99,99045% offSuper DealsOnly 3 left",Infinix,54990.0,Intel Core I7 13Th,16.0,LPDDR5X,512.0,SSD,Intel Iris Xe,Windows 11,15.3,1920,1080,1,https://rukminim2.flixcart.com/image/416/416/xif0q/computer/j/r/c/-original-imahg53x5n2zk5gq.jpeg?q=70,https://www.flipkart.com/infinix-zerobook-13-intel-core-i7-13th-gen-13700h-16-gb-512-gb-ssd-windows-11-home-zl513-thin-light-laptop/p/itmad7e026e8b8c5?pid=COMGRFPGDHCJWAMX&lid=LSTCOMGRFPGDHCJWAMXVUROLP&marketplace=FLIPKART&q=laptop&store=6bo%2Fb5g&srno=s_7_149&otracker=search&fm=organic&iid=19f88580-f904-4248-b7c0-7b50628de0e1.COMGRFPGDHCJWAMX.SEARCH&ppt=sp&ppn=sp&ssid=g5gk8dqxog0000001781258300161&qH=312f91285e048e09&ov_redirect=true,flipkart
"Add to CompareMOTOROLA Motobook 60 Full Metal OLED (i7 14th Gen) Intel Core 7 (Series 2) 240H - (16 GB/512 GB SSD/Wi...4.41,095 Ratings&126 ReviewsIntel Core 7 (Series 2) Processor16 GB DDR5 RAM64 bit Windows 11 Operating System512 GB SSD35.56 cm (14 Inch) DisplayOffice Home 20241 Year Onsite Warranty₹67,990₹1,04,89035% offUpto₹42,600Off on ExchangeBank Offer",Add,67990.0,Intel Core i5,16.0,DDR5,512.0,SSD,Intel Iris Xe,Windows 11,15.6,1920,1080,1,https://rukminim2.flixcart.com/image/416/416/xif0q/computer/b/a/v/-original-imahg5fxgntg3thz.jpeg?q=70,https://www.flipkart.com/motorola-motobook-60-full-metal-oled-i7-14th-gen-intel-core-7-series-2-240h-16-gb-512-gb-ssd-windows-11-home-14irh10r-thin-light-laptop/p/itm96df72a170b7f?pid=COMHAUZWRPCKAGKZ&lid=LSTCOMHAUZWRPCKAGKZOGJOIN&marketplace=FLIPKART&q=laptop&store=6bo%2Fb5g&srno=s_7_150&otracker=search&fm=organic&iid=19f88580-f904-4248-b7c0-7b50628de0e1.COMHAUZWRPCKAGKZ.SEARCH&ppt=sp&ppn=sp&ssid=g5gk8dqxog0000001781258300161&qH=312f91285e048e09&ov_redirect=true,flipkart
"Add to CompareInfinix ZERO BOOK ULTRA Series Laptop Intel Intel Core i9 12th Gen 12900H - (16 GB/512 GB SSD/Windows ...4.176 Ratings&13 ReviewsIntel Core i9 Processor (12th Gen)16 GB LPDDR5 RAMWindows 11 Operating System512 GB SSD39.62 cm (15.6 Inch) Display1 Year Onsite Warranty₹73,490₹1,29,99043% offOnly few leftUpto₹42,600Off on Exchange",Infinix,73490.0,Intel Core I9 12Th,16.0,LPDDR5,512.0,SSD,Intel Iris Xe,Windows 11,15.6,1920,1080,1,https://rukminim2.flixcart.com/image/416/416/xif0q/computer/8/t/6/-original-imahg5ftzfmy7zhp.jpeg?q=70,https://www.flipkart.com/infinix-zero-book-ultra-series-laptop-intel-core-i9-12th-gen-12900h-16-gb-512-gb-ssd-windows-11-home-zl12-business/p/itmad7e026e8b8c5?pid=COMGMFK7B6FTNA4X&lid=LSTCOMGMFK7B6FTNA4XRZ631X&marketplace=FLIPKART&q=laptop&store=6bo%2Fb5g&srno=s_7_155&otracker=search&fm=organic&iid=19f88580-f904-4248-b7c0-7b50628de0e1.COMGMFK7B6FTNA4X.SEARCH&ppt=sp&ppn=sp&ssid=g5gk8dqxog0000001781258300161&qH=312f91285e048e09&ov_redirect=true,flipkart
"Add to CompareAcer Aspire Intel Core i5 12th Gen 12450H - (16 GB/512 GB SSD/Windows 11 Home) AL15-52H Thin and Light...4.12,479 Ratings&215 ReviewsIntel Core i5 Processor (12th Gen)16 GB LPDDR5 RAMWindows 11 Home Operating System512 GB SSD39.62 cm (15.6 Inch) Display1 Year Carry-in Warranty₹59,990Upto₹42,600Off on ExchangeBank Offer",Acer,59990.0,Intel Core I5 12Th,16.0,LPDDR5,512.0,SSD,Intel Iris Xe,Windows 11,15.6,1920,1080,1,https://rukminim2.flixcart.com/image/416/416/xif0q/computer/a/a/o/-original-imah7tknwg7brmfv.jpeg?q=70,https://www.flipkart.com/acer-aspire-intel-core-i5-12th-gen-12450h-16-gb-512-gb-ssd-windows-11-home-al15-52h-thin-light-laptop/p/itmc262e2fa338ce?pid=COMH59E4SZYVDQUU&lid=LSTCOMH59E4SZYVDQUU1KQHXN&marketplace=FLIPKART&q=laptop&store=6bo%2Fb5g&srno=s_7_163&otracker=search&fm=organic&iid=19f88580-f904-4248-b7c0-7b50628de0e1.COMH59E4SZYVDQUU.SEARCH&ppt=sp&ppn=sp&ssid=g5gk8dqxog0000001781258300161&qH=312f91285e048e09&ov_redirect=true,flipkart
"Add to CompareSamsung Galaxy Book3 Pro 360 EVO AMOLED Intel Core i5 13th Gen 1340P - (16 GB/512 GB SSD/Windows 11 Ho...55 Ratings&0 ReviewsIntel Core i5 Processor (13th Gen)16 GB DDR5 RAMWindows 11 Operating System512 GB SSD40.64 cm (16 Inch) Touchscreen Display1 Year Onsite Warranty₹84,990₹1,72,21450% offLowest price in the yearOnly 1 left",Samsung,84990.0,Intel Core I5 13Th,16.0,DDR5,512.0,SSD,Intel Iris Xe,Windows 11,15.6,1920,1080,1,https://rukminim2.flixcart.com/image/416/416/xif0q/computer/i/b/c/-original-imahg5fubyjzcqag.jpeg?q=70,https://www.flipkart.com/samsung-galaxy-book3-pro-360-evo-amoled-intel-core-i5-13th-gen-1340p-16-gb-512-gb-ssd-windows-11-home-np960qfg-ka2in-thin-light-laptop/p/itm5c25f62dc7f48?pid=COMGPXFFBGVJEEEY&lid=LSTCOMGPXFFBGVJEEEYINVYSU&marketplace=FLIPKART&q=laptop&store=6bo%2Fb5g&srno=s_7_166&otracker=search&fm=organic&iid=19f88580-f904-4248-b7c0-7b50628de0e1.COMGPXFFBGVJEEEY.SEARCH&ppt=sp&ppn=sp&ssid=g5gk8dqxog0000001781258300161&qH=312f91285e048e09&ov_redirect=true,flipkart
"Add to CompareLenovo Yoga Book 9 Intel Evo with 1Yr ADP Intel Core i7 13th Gen 1355U - (16 GB/1 TB SSD/Windows 11 Ho...4.49 Ratings&0 ReviewsIntel Core i7 Processor (13th Gen)16 GB LPDDR5X RAMWindows 11 Operating System1 TB SSD33.78 cm (13.3 Inch) Touchscreen Display1 Year Carry-in Warranty₹1,45,990₹3,14,89053% offLowest price since launchOnly 1 left",Lenovo,145990.0,Intel Core I7 13Th,16.0,LPDDR5X,512.0,SSD,Intel Iris Xe,Windows 11,13.3,1920,1080,1,https://rukminim2.flixcart.com/image/416/416/xif0q/computer/3/b/t/-original-imahg4usgqpqkpun.jpeg?q=70,https://www.flipkart.com/lenovo-yoga-book-9-intel-evo-1yr-adp-core-i7-13th-gen-1355u-16-gb-1-tb-ssd-windows-11-home-13iru8-2-1-laptop/p/itm94ad8163feb26?pid=COMGRT5DGKBAED3Q&lid=LSTCOMGRT5DGKBAED3QUPXXHT&marketplace=FLIPKART&q=laptop&store=6bo%2Fb5g&srno=s_8_169&otracker=search&fm=organic&iid=9eb36c24-c1ca-476d-9a5e-a2ca08c35e48.COMGRT5DGKBAED3Q.SEARCH&ppt=sp&ppn=sp&ssid=5epbpc772o0000001781258305290&qH=312f91285e048e09&ov_redirect=true,flipkart
"Add to CompareAcer Chromebook Intel Celeron Dual Core N4500 - (8 GB/64 GB EMMC Storage/Chrome OS) CB314-3H-C5QE/ CB3...3.8663 Ratings&50 ReviewsIntel Celeron Dual Core Processor8 GB LPDDR4X RAMChrome Operating System35.56 cm (14 Inch) Display1 Year Onsite Warranty₹16,990₹35,99952% offHot DealOnly few left",Acer,16990.0,Intel Celeron Dual,8.0,LPDDR4X,512.0,SSD,Intel Iris Xe,Windows 11,15.6,1920,1080,1,https://rukminim2.flixcart.com/image/416/416/xif0q/computer/a/416/416/-original-imagvrefuybuvbe5.jpeg?q=70,https://www.flipkart.com/acer-chromebook-intel-celeron-dual-core-n4500-8-gb-64-gb-emmc-storage-chrome-os-cb314-3h-c5qe-cb314-3h-cobz/p/itm04458b376eefa?pid=COMGSV3GZYUDG6NP&lid=LSTCOMGSV3GZYUDG6NP2QWBZA&marketplace=FLIPKART&q=laptop&store=6bo%2Fb5g&srno=s_8_173&otracker=search&fm=organic&iid=9eb36c24-c1ca-476d-9a5e-a2ca08c35e48.COMGSV3GZYUDG6NP.SEARCH&ppt=sp&ppn=sp&ssid=5epbpc772o0000001781258305290&qH=312f91285e048e09&ov_redirect=true,flipkart
"Add to CompareMOTOROLA Motobook 60 Full Metal OLED AI PC Intel Core Ultra 5 225H - (16 GB/512 GB SSD/Windows 11 Home...4.4938 Ratings&137 ReviewsIntel Core Ultra 5 Processor16 GB DDR5 RAM64 bit Windows 11 Operating System512 GB SSD35.56 cm (14 inch) DisplayOffice Home & Student 20241 Year Onsite Warranty₹69,990₹1,04,99033% offUpto₹42,600Off on ExchangeBank Offer",Add,69990.0,Intel Core Ultra 5,16.0,DDR5,512.0,SSD,Intel Iris Xe,Windows 11,15.6,1920,1080,1,https://rukminim2.flixcart.com/image/416/416/xif0q/computer/f/b/7/-original-imahmazjdpcgnkrq.jpeg?q=70,https://www.flipkart.com/motorola-motobook-60-full-metal-oled-ai-pc-intel-core-ultra-5-225h-16-gb-512-gb-ssd-windows-11-home-14iah10-thin-light-laptop/p/itm58b168bff5710?pid=COMHHPS975YQTYUN&lid=LSTCOMHHPS975YQTYUNPQC03I&marketplace=FLIPKART&q=laptop&store=6bo%2Fb5g&srno=s_8_174&otracker=search&fm=organic&iid=9eb36c24-c1ca-476d-9a5e-a2ca08c35e48.COMHHPS975YQTYUN.SEARCH&ppt=sp&ppn=sp&ssid=5epbpc772o0000001781258305290&qH=312f91285e048e09&ov_redirect=true,flipkart
"Add to CompareSamsung Galaxy Book3 Pro 360 EVO AMOLED Intel Core i7 13th Gen 1360P - (16 GB/512 GB SSD/Windows 11 Ho...4.537 Ratings&5 ReviewsIntel Core i7 Processor (13th Gen)16 GB DDR5 RAMWindows 11 Operating System512 GB SSD40.64 cm (16 Inch) Touchscreen Display1 Year Onsite Warranty₹94,990₹1,81,04647% offSuper DealsBank Offer",Samsung,94990.0,Intel Core I7 13Th,16.0,DDR5,512.0,SSD,Intel Iris Xe,Windows 11,15.6,1920,1080,1,https://rukminim2.flixcart.com/image/416/416/xif0q/computer/i/b/c/-original-imahg5fubyjzcqag.jpeg?q=70,https://www.flipkart.com/samsung-galaxy-book3-pro-360-evo-amoled-intel-core-i7-13th-gen-1360p-16-gb-512-gb-ssd-windows-11-home-np960qfg-ka1in-thin-light-laptop/p/itm5c25f62dc7f48?pid=COMGPXFFFXYTJ9MZ&lid=LSTCOMGPXFFFXYTJ9MZ966OGX&marketplace=FLIPKART&q=laptop&store=6bo%2Fb5g&srno=s_8_175&otracker=search&fm=organic&iid=9eb36c24-c1ca-476d-9a5e-a2ca08c35e48.COMGPXFFFXYTJ9MZ.SEARCH&ppt=sp&ppn=sp&ssid=5epbpc772o0000001781258305290&qH=312f91285e048e09&ov_redirect=true,flipkart
"Add to CompareApple Macbook Neo A18 Pro(2026) A18 Pro - (8 GB/512 GB SSD/Tahoe) MHFE4HN/A4.7417 Ratings&37 ReviewsApple A18 Pro Processor8 GB Unified Memory RAMMac OS Operating System512 GB SSD33.02 cm (13 inch) DisplayBuilt-in Apps: App Store, Books, Calendar, Contacts, FaceTime, Find My, Freeform, GarageBand, Home, iMovie, iPhone Mirroring, Keynote, Mail, Maps, Messages, Music, Notes, Numbers, Pages, Passwords, Photo Booth, Photos, Podcasts, Preview, QuickTime Player, Reminders, Safari, Shortcuts, Stocks, Time Machine, Tips, TV, Voice Memos, Weather1 Year Limited Warranty₹75,390₹79,9005% offUpto₹42,600Off on ExchangeBank Offer",Apple,75390.0,Intel Core i5,8.0,DDR4,512.0,SSD,Intel Iris Xe,macOS,15.6,1920,1080,1,https://rukminim2.flixcart.com/image/416/416/xif0q/computer/h/8/r/-original-imahh9yhrnaeb78u.jpeg?q=70,https://www.flipkart.com/apple-macbook-neo-a18-pro-2026-pro-8-gb-512-gb-ssd-tahoe-mhfe4hn-a/p/itm97a16be54dbaf?pid=COMHH8C5SFCGJFGD&lid=LSTCOMHH8C5SFCGJFGDK1ZS1R&marketplace=FLIPKART&q=laptop&store=6bo%2Fb5g&srno=s_8_180&otracker=search&fm=organic&iid=9eb36c24-c1ca-476d-9a5e-a2ca08c35e48.COMHH8C5SFCGJFGD.SEARCH&ppt=sp&ppn=sp&ssid=5epbpc772o0000001781258305290&qH=312f91285e048e09&ov_redirect=true,flipkart
"Add to CompareInfinix ZERO BOOK Series Laptop Intel Intel Core i7 12th Gen 12700H - (16 GB/512 GB SSD/Windows 11 Hom...3.728 Ratings&6 ReviewsIntel Core i7 Processor (12th Gen)16 GB LPDDR5 RAMWindows 11 Operating System512 GB SSD39.62 cm (15.6 Inch) Display1 Year Onsite Warranty₹59,990₹99,99040% offBank Offer",Infinix,59990.0,Intel Core I7 12Th,16.0,LPDDR5,512.0,SSD,Intel Iris Xe,Windows 11,15.6,1920,1080,1,https://rukminim2.flixcart.com/image/416/416/xif0q/computer/8/t/6/-original-imahg5ftzfmy7zhp.jpeg?q=70,https://www.flipkart.com/infinix-zero-book-series-laptop-intel-core-i7-12th-gen-12700h-16-gb-512-gb-ssd-windows-11-home-zl12-business/p/itmad7e026e8b8c5?pid=COMGMFK7UGEMRBEN&lid=LSTCOMGMFK7UGEMRBENA08QCS&marketplace=FLIPKART&q=laptop&store=6bo%2Fb5g&srno=s_8_189&otracker=search&fm=organic&iid=9eb36c24-c1ca-476d-9a5e-a2ca08c35e48.COMGMFK7UGEMRBEN.SEARCH&ppt=sp&ppn=sp&ssid=5epbpc772o0000001781258305290&qH=312f91285e048e09&ov_redirect=true,flipkart
"Add to CompareAcer Aspire Lite Intel Core i5 12th Gen 12450H - (16 GB/1 TB SSD/Windows 11 Home) AL15-52H Thin and Li...4.12,479 Ratings&215 ReviewsIntel Core i5 Processor (12th Gen)16 GB LPDDR5 RAM64 bit Windows 11 Home Operating System1 TB SSD39.62 cm (15.6 Inch) Display1 Year Onsite warranty₹64,990₹69,9907% offOnly few leftUpto₹42,600Off on Exchange",Acer,64990.0,Intel Core I5 12Th,16.0,LPDDR5,512.0,SSD,Intel Iris Xe,Windows 11,15.6,1920,1080,1,https://rukminim2.flixcart.com/image/416/416/xif0q/computer/a/a/o/-original-imah7tknwg7brmfv.jpeg?q=70,https://www.flipkart.com/acer-aspire-lite-intel-core-i5-12th-gen-12450h-16-gb-1-tb-ssd-windows-11-home-al15-52h-thin-light-laptop/p/itmc262e2fa338ce?pid=COMH883AGRXJD8SB&lid=LSTCOMH883AGRXJD8SBYSNBXS&marketplace=FLIPKART&q=laptop&store=6bo%2Fb5g&srno=s_9_193&otracker=search&fm=organic&iid=05b840c1-b25f-4a0f-ad77-f8a916bd6e3c.COMH883AGRXJD8SB.SEARCH&ppt=sp&ppn=sp&ssid=new9cdoydc0000001781258309646&qH=312f91285e048e09&ov_redirect=true,flipkart
"Add to CompareASUS Zenbook 14 OLED (2025) with Touch Screen, Backlit Keyboard, Full Metal Body, Intel Core Ultra 7 2...4.521 Ratings&3 ReviewsIntel Core Ultra 7 Processor32 GB LPDDR5X RAMWindows 11 Home Operating System1 TB SSD35.56 cm (14 Inch) Touchscreen DisplayMicrosoft Office Home 2024 (Lifetime Validity ) + Microsoft 365 Basic*(1-Year Validity),
McAfee? 1 year, One-Month Membership of Adobe Creative Cloud All Apps1 Year Onsite warranty₹1,19,990₹1,58,99024% offOnly few leftUpto₹42,600Off on Exchange",ASUS,119990.0,Intel Core Ultra 7,32.0,LPDDR5X,512.0,SSD,Intel Iris Xe,Windows 11,15.6,1920,1080,1,https://rukminim2.flixcart.com/image/416/416/xif0q/computer/a/q/i/-original-imahg4uspbyzpfpu.jpeg?q=70,https://www.flipkart.com/asus-zenbook-14-oled-2025-touch-screen-backlit-keyboard-full-metal-body-intel-core-ultra-7-255h-32-gb-1-tb-ssd-windows-11-home-ux3405ca-pz163ws-thin-light-laptop/p/itm387edb55403e3?pid=COMH89EBBZAJBHD4&lid=LSTCOMH89EBBZAJBHD4AY49YO&marketplace=FLIPKART&q=laptop&store=6bo%2Fb5g&srno=s_9_194&otracker=search&fm=organic&iid=05b840c1-b25f-4a0f-ad77-f8a916bd6e3c.COMH89EBBZAJBHD4.SEARCH&ppt=sp&ppn=sp&ssid=new9cdoydc0000001781258309646&qH=312f91285e048e09&ov_redirect=true,flipkart
"Add to CompareInfinix Intel Core i7 11th Gen 1195G7 - (16 GB/1 TB SSD/Windows 11 Home) INBook X2 Plus Core i7 Thin a...4.127 Ratings&1 ReviewsIntel Core i7 Processor (11th Gen)16 GB LPDDR4X RAMWindows 11 Operating System1 TB SSD39.62 cm (15.6 Inch) Display1 Year Onsite Warranty₹48,990₹89,99045% offOnly 4 leftUpto₹32,950Off on Exchange",Infinix,48990.0,Intel Core I7 11Th,16.0,LPDDR4X,512.0,SSD,Intel Iris Xe,Windows 11,15.6,1920,1080,1,https://rukminim2.flixcart.com/image/416/416/xif0q/computer/p/x/j/-original-imahg5fxy2syra2q.jpeg?q=70,https://www.flipkart.com/infinix-intel-core-i7-11th-gen-1195g7-16-gb-1-tb-ssd-windows-11-home-inbook-x2-plus-thin-light-laptop/p/itm71b517593ad13?pid=COMGNYAUGYPYSQX6&lid=LSTCOMGNYAUGYPYSQX6ZL8LZC&marketplace=FLIPKART&q=laptop&store=6bo%2Fb5g&srno=s_9_196&otracker=search&fm=organic&iid=05b840c1-b25f-4a0f-ad77-f8a916bd6e3c.COMGNYAUGYPYSQX6.SEARCH&ppt=sp&ppn=sp&ssid=new9cdoydc0000001781258309646&qH=312f91285e048e09&ov_redirect=true,flipkart
"Add to CompareApple MacBook Air (M5, 2026) M5 - (24 GB/1 TB SSD/Tahoe) MDHG4HN/A4.6434 Ratings&47 ReviewsApple M5 Processor24 GB Unified Memory RAMMac OS Operating System1 TB SSD34.54 cm (13.6 inch) DisplayBuilt-in Apps: App Store, Books, Calendar, Contacts, FaceTime, Find My, Freeform, GarageBand, Home, iMovie, iPhone Mirroring, Keynote, Mail, Maps, Messages, Music, Notes, Numbers, Pages, Passwords, Photo Booth, Photos, Podcasts, Preview, QuickTime Player, Reminders, Safari, Shortcuts, Stocks, Time Machine, Tips, TV, Voice Memos, Weather1 Year Limited Warranty₹1,52,990₹1,59,9004% offUpto₹42,600Off on ExchangeBank Offer",Apple,152990.0,Intel Core i5,8.0,DDR4,512.0,SSD,Intel Iris Xe,macOS,13.6,1920,1080,1,https://rukminim2.flixcart.com/image/416/416/xif0q/computer/i/l/c/-original-imahh84ydadhbsmq.jpeg?q=70,https://www.flipkart.com/apple-macbook-air-m5-2026-m5-24-gb-1-tb-ssd-tahoe-mdhg4hn-a/p/itm0b3c64c6090e7?pid=COMHH78YX779GGGQ&lid=LSTCOMHH78YX779GGGQD4N9JZ&marketplace=FLIPKART&q=laptop&store=6bo%2Fb5g&srno=s_9_200&otracker=search&fm=organic&iid=05b840c1-b25f-4a0f-ad77-f8a916bd6e3c.COMHH78YX779GGGQ.SEARCH&ppt=sp&ppn=sp&ssid=new9cdoydc0000001781258309646&qH=312f91285e048e09&ov_redirect=true,flipkart
"Add to CompareLenovo IdeaPad Slim 3 with 1Yr ADP AMD Ryzen 5 Quad Core 7520U - (16 GB/512 GB SSD/Windows 11 Home) 15...4.1344 Ratings&22 ReviewsAMD Ryzen 5 Quad Core Processor16 GB LPDDR5 RAMWindows 11 Operating System512 GB SSD39.62 cm (15.6 Inch) DisplayMicrosoft Office Home & Student 20211 Yr. Onsite + 1 Yr. Accidental Damage Protection₹55,990₹59,0905% offUpto₹37,050Off on ExchangeBank Offer",Lenovo,55990.0,Intel Core i5,16.0,LPDDR5,512.0,SSD,Intel Iris Xe,Windows 11,15.6,1920,1080,1,https://rukminim2.flixcart.com/image/416/416/xif0q/computer/i/x/d/-original-imahgk9zhrpnbfja.jpeg?q=70,https://www.flipkart.com/lenovo-ideapad-slim-3-1yr-adp-amd-ryzen-5-quad-core-7520u-16-gb-512-gb-ssd-windows-11-home-15amn8-thin-light-laptop/p/itm76f0e5d975817?pid=COMGRU9ZYEHC4H5K&lid=LSTCOMGRU9ZYEHC4H5KBXYPBM&marketplace=FLIPKART&q=laptop&store=6bo%2Fb5g&srno=s_9_204&otracker=search&fm=organic&iid=05b840c1-b25f-4a0f-ad77-f8a916bd6e3c.COMGRU9ZYEHC4H5K.SEARCH&ppt=sp&ppn=sp&ssid=new9cdoydc0000001781258309646&qH=312f91285e048e09&ov_redirect=true,flipkart
"Add to CompareHP OmniBook 5 OLED Next-Gen AI Laptop Snapdragon X - (16 GB/1 TB SSD/Windows 11 Home) 16-fb0001QU Thin...4.715 Ratings&2 ReviewsSnapdragon X Processor16 GB LPDDR5X RAMWindows 11 Home Operating System1 TB SSD40.64 cm (16 Inch) DisplayMS Office Home 2024 + MISC PC Game Pass DA 3M1 Year Onsite Warranty₹69,990₹1,05,29933% offUpto₹42,600Off on ExchangeBank Offer",HP,69990.0,Snapdragon X,16.0,LPDDR5X,512.0,SSD,Intel Iris Xe,Windows 11,15.6,1920,1080,1,https://rukminim2.flixcart.com/image/416/416/xif0q/computer/z/416/416/-original-imahkbffrc6ddqhg.jpeg?q=70,https://www.flipkart.com/hp-omnibook-5-oled-next-gen-ai-laptop-snapdragon-x-16-gb-1-tb-ssd-windows-11-home-16-fb0001qu-thin-light/p/itmb3931d2ae1ddf?pid=COMHGYBW4GEYPD9M&lid=LSTCOMHGYBW4GEYPD9MICXF4W&marketplace=FLIPKART&q=laptop&store=6bo%2Fb5g&srno=s_9_205&otracker=search&fm=organic&iid=05b840c1-b25f-4a0f-ad77-f8a916bd6e3c.COMHGYBW4GEYPD9M.SEARCH&ppt=sp&ppn=sp&ssid=new9cdoydc0000001781258309646&qH=312f91285e048e09&ov_redirect=true,flipkart
"Add to CompareAcer Aspire Lite AMD Ryzen 5 Hexa Core 5625U - (16 GB/512 GB SSD/Windows 11 Home) AL15-41 Thin and Lig...4.12,956 Ratings&220 ReviewsAMD Ryzen 5 Hexa Core Processor16 GB DDR4 RAMWindows 11 Operating System512 GB SSD39.62 cm (15.6 Inch) Display1 Year Carry-in Warranty₹54,990₹60,9999% offOnly 5 leftBank Offer",Acer,54990.0,Intel Core i5,16.0,DDR4,512.0,SSD,Intel Iris Xe,Windows 11,15.6,1920,1080,1,https://rukminim2.flixcart.com/image/416/416/xif0q/computer/b/k/d/-original-imahb2kbf2zdan3z.jpeg?q=70,https://www.flipkart.com/acer-aspire-lite-amd-ryzen-5-hexa-core-5625u-16-gb-512-gb-ssd-windows-11-home-al15-41-thin-light-laptop/p/itm0d8b84d052ad4?pid=COMGXPH6V5PZNMWU&lid=LSTCOMGXPH6V5PZNMWUOQHIOU&marketplace=FLIPKART&q=laptop&store=6bo%2Fb5g&srno=s_9_206&otracker=search&fm=organic&iid=05b840c1-b25f-4a0f-ad77-f8a916bd6e3c.COMGXPH6V5PZNMWU.SEARCH&ppt=sp&ppn=sp&ssid=new9cdoydc0000001781258309646&qH=312f91285e048e09&ov_redirect=true,flipkart
"Add to CompareAcer Aspire One Intel Celeron Dual Core N4500 - (12 GB/512 GB SSD/Windows 11 Home) A114-45 Notebook3.118 Ratings&4 ReviewsIntel Celeron Dual Core Processor12 GB LPDDR4X RAM64 bit Windows 11 Home Operating System512 GB SSD35.56 cm (14 inch) DisplayMSO1 Year Onsite Service₹39,990₹49,99020% offBank Offer",Acer,39990.0,Intel Celeron Dual,12.0,LPDDR4X,512.0,SSD,Intel Iris Xe,Windows 11,15.6,1920,1080,1,https://rukminim2.flixcart.com/image/416/416/xif0q/computer/h/j/o/-original-imahnfmm5ff87gfu.jpeg?q=70,https://www.flipkart.com/acer-aspire-one-intel-celeron-dual-core-n4500-12-gb-512-gb-ssd-windows-11-home-a114-45-notebook/p/itmb80971f8b2c27?pid=COMHMHYHZPXKCEGJ&lid=LSTCOMHMHYHZPXKCEGJP8DE9G&marketplace=FLIPKART&q=laptop&store=6bo%2Fb5g&srno=s_9_209&otracker=search&fm=organic&iid=05b840c1-b25f-4a0f-ad77-f8a916bd6e3c.COMHMHYHZPXKCEGJ.SEARCH&ppt=sp&ppn=sp&ssid=new9cdoydc0000001781258309646&qH=312f91285e048e09&ov_redirect=true,flipkart
"Add to CompareInfinix ZERO BOOK Series Intel Core i5 12th Gen 12500H - (16 GB/512 GB SSD/Windows 11 Home) ZL12 Busin...4.1142 Ratings&22 ReviewsIntel Core i5 Processor (12th Gen)16 GB LPDDR5 RAMWindows 11 Operating System512 GB SSD39.62 cm (15.6 Inch) Display1 Year Onsite Warranty₹53,990₹79,99032% offOnly few leftUpto₹37,050Off on Exchange",Infinix,53990.0,Intel Core I5 12Th,16.0,LPDDR5,512.0,SSD,Intel Iris Xe,Windows 11,15.6,1920,1080,1,https://rukminim2.flixcart.com/image/416/416/xif0q/computer/m/v/0/-original-imahg4utfgnxnumg.jpeg?q=70,https://www.flipkart.com/infinix-zero-book-series-intel-core-i5-12th-gen-12500h-16-gb-512-gb-ssd-windows-11-home-zl12-business-laptop/p/itmad7e026e8b8c5?pid=COMGMFK7MHZWV5YY&lid=LSTCOMGMFK7MHZWV5YYZF2TNE&marketplace=FLIPKART&q=laptop&store=6bo%2Fb5g&srno=s_9_215&otracker=search&fm=organic&iid=05b840c1-b25f-4a0f-ad77-f8a916bd6e3c.COMGMFK7MHZWV5YY.SEARCH&ppt=sp&ppn=sp&ssid=new9cdoydc0000001781258309646&qH=312f91285e048e09&ov_redirect=true,flipkart
"Add to CompareSamsung Galaxy Book6 Pro Intel Core Ultra X7 (Series 3) - (32 GB/1 TB SSD/Windows 11 Home) NP940XJG Th...55 Ratings&0 ReviewsIntel Core Ultra X7 (Series 3) Processor32 GB LPDDR5X RAM64 bit Windows 11 Home Operating System1 TB SSD35.56 cm (14 inch) Touchscreen Display1 Year Manufacturer Warranty for Laptop and 6 Months for In-Box Accessories₹1,94,990₹2,91,19033% offLowest price since launchOnly 3 left",Samsung,194990.0,Intel Core i5,32.0,LPDDR5X,512.0,SSD,Intel Iris Xe,Windows 11,15.6,1920,1080,1,https://rukminim2.flixcart.com/image/416/416/xif0q/computer/7/h/r/-original-imahhvjr3yrkz3ze.jpeg?q=70,https://www.flipkart.com/samsung-galaxy-book6-pro-intel-core-ultra-x7-series-3-32-gb-1-tb-ssd-windows-11-home-np940xjg-thin-light-laptop/p/itm694809ae8e415?pid=COMHHPK4JTHTH4TG&lid=LSTCOMHHPK4JTHTH4TGCLJ7IE&marketplace=FLIPKART&q=laptop&store=6bo%2Fb5g&srno=s_9_216&otracker=search&fm=organic&iid=05b840c1-b25f-4a0f-ad77-f8a916bd6e3c.COMHHPK4JTHTH4TG.SEARCH&ppt=sp&ppn=sp&ssid=new9cdoydc0000001781258309646&qH=312f91285e048e09&ov_redirect=true,flipkart
"Add to CompareLenovo IdeaPad Slim 5 WUXGA IPS Office 2024 Full Metal Body AMD Ryzen 7 Octa Core 7735HS - (16 GB/512 ...4.1110 Ratings&12 ReviewsAMD Ryzen 7 Octa Core Processor16 GB LPDDR5X RAMWindows 11 Home Operating System512 GB SSD33.78 cm (13.3 Inch) Display1 Year Onsite Warranty₹77,990₹79,8902% offUpto₹42,600Off on ExchangeBank Offer",Lenovo,77990.0,Intel Core i5,16.0,LPDDR5X,512.0,SSD,Intel Iris Xe,Windows 11,13.3,1920,1080,1,https://rukminim2.flixcart.com/image/416/416/xif0q/computer/k/d/o/-original-imahfkh3hurxyvtf.jpeg?q=70,https://www.flipkart.com/lenovo-ideapad-slim-5-wuxga-ips-office-2024-full-metal-body-amd-ryzen-7-octa-core-7735hs-16-gb-512-gb-ssd-windows-11-home-13arp10-thin-light-laptop/p/itmce73e91ed2bfc?pid=COMH8ZYXDKUYTDW9&lid=LSTCOMH8ZYXDKUYTDW9OQ5RDT&marketplace=FLIPKART&q=laptop&store=6bo%2Fb5g&srno=s_10_219&otracker=search&fm=organic&iid=f7cb15ab-d937-4250-9070-dbe127a4d32d.COMH8ZYXDKUYTDW9.SEARCH&ppt=sp&ppn=sp&ssid=3id6sahyio0000001781258316066&qH=312f91285e048e09&ov_redirect=true,flipkart
"Add to CompareAcer Aspire Lite Intel Core i3 13th Gen 1305U - (16 GB/512 GB SSD/Windows 11 Home) AL15-53 Notebook4.2316 Ratings&22 ReviewsIntel Core i3 Processor (13th Gen)16 GB DDR4 RAM64 bit Windows 11 Home Operating System512 GB SSD39.62 cm (15.6 Inch) Display1 Year Warranty₹48,990₹54,99010% offOnly few leftUpto₹32,950Off on Exchange",Acer,48990.0,Intel Core I3 13Th,16.0,DDR4,512.0,SSD,Intel Iris Xe,Windows 11,15.6,1920,1080,1,https://rukminim2.flixcart.com/image/416/416/xif0q/computer/i/y/m/-original-imahcqeynxxzdhcy.jpeg?q=70,https://www.flipkart.com/acer-aspire-lite-intel-core-i3-13th-gen-1305u-16-gb-512-gb-ssd-windows-11-home-al15-53-notebook/p/itm1bc0bcb4598e7?pid=COMH5WHPWD7GUWGT&lid=LSTCOMH5WHPWD7GUWGTDLXKRU&marketplace=FLIPKART&q=laptop&store=6bo%2Fb5g&srno=s_10_220&otracker=search&fm=organic&iid=f7cb15ab-d937-4250-9070-dbe127a4d32d.COMH5WHPWD7GUWGT.SEARCH&ppt=sp&ppn=sp&ssid=3id6sahyio0000001781258316066&qH=312f91285e048e09&ov_redirect=true,flipkart
"Add to CompareApple MacBook Air (M5, 2026) M5 - (24 GB/1 TB SSD/Tahoe) MDHK4HN/A4.6434 Ratings&47 ReviewsApple M5 Processor24 GB Unified Memory RAMMac OS Operating System1 TB SSD34.54 cm (13.6 inch) DisplayBuilt-in Apps: App Store, Books, Calendar, Contacts, FaceTime, Find My, Freeform, GarageBand, Home, iMovie, iPhone Mirroring, Keynote, Mail, Maps, Messages, Music, Notes, Numbers, Pages, Passwords, Photo Booth, Photos, Podcasts, Preview, QuickTime Player, Reminders, Safari, Shortcuts, Stocks, Time Machine, Tips, TV, Voice Memos, Weather1 Year Limited Warranty₹1,52,990₹1,59,9004% offUpto₹42,600Off on ExchangeBank Offer",Apple,152990.0,Intel Core i5,8.0,DDR4,512.0,SSD,Intel Iris Xe,macOS,13.6,1920,1080,1,https://rukminim2.flixcart.com/image/416/416/xif0q/computer/z/o/p/-original-imahh84yyx45j7gp.jpeg?q=70,https://www.flipkart.com/apple-macbook-air-m5-2026-m5-24-gb-1-tb-ssd-tahoe-mdhk4hn-a/p/itm81706d46d2612?pid=COMHH78Y96RHTWCP&lid=LSTCOMHH78Y96RHTWCPMCGSUX&marketplace=FLIPKART&q=laptop&store=6bo%2Fb5g&srno=s_10_223&otracker=search&fm=organic&iid=f7cb15ab-d937-4250-9070-dbe127a4d32d.COMHH78Y96RHTWCP.SEARCH&ppt=sp&ppn=sp&ssid=3id6sahyio0000001781258316066&qH=312f91285e048e09&ov_redirect=true,flipkart
"Add to CompareAcer Aspire 7 Intel Core i7 13th Gen 13620H - (16 GB/512 GB SSD/Windows 11 Home/6 GB Graphics/NVIDIA G...4.2128 Ratings&10 ReviewsIntel Core i7 Processor (13th Gen)16 GB DDR4 RAM64 bit Windows 11 Home Operating System512 GB SSD39.62 cm (15.6 Inch) Display1 Year Warranty₹84,990₹94,99910% offUpto₹42,600Off on ExchangeBank Offer",Acer,84990.0,Intel Core I7 13Th,16.0,DDR4,512.0,SSD,Intel Iris Xe,Windows 11,15.6,1920,1080,1,https://rukminim2.flixcart.com/image/416/416/xif0q/computer/r/416/416/-original-imahgfdf2pqgc5nq.jpeg?q=70,https://www.flipkart.com/acer-aspire-7-intel-core-i7-13th-gen-13620h-16-gb-512-gb-ssd-windows-11-home-6-graphics-nvidia-geforce-rtx-4050-a715-79g-gaming-laptop/p/itm8875899548153?pid=COMHEYV9HG3USKPH&lid=LSTCOMHEYV9HG3USKPH3TQAHT&marketplace=FLIPKART&q=laptop&store=6bo%2Fb5g&srno=s_10_224&otracker=search&fm=organic&iid=f7cb15ab-d937-4250-9070-dbe127a4d32d.COMHEYV9HG3USKPH.SEARCH&ppt=sp&ppn=sp&ssid=3id6sahyio0000001781258316066&qH=312f91285e048e09&ov_redirect=true,flipkart
"Add to CompareSamsung Galaxy Book5 AI Metal Intel Core Ultra 5 225U - (16 GB/512 GB SSD/Windows 11 Home) NP750XHD Th...4.6772 Ratings&103 ReviewsIntel Core Ultra 5 Processor16 GB LPDDR5X RAM64 bit Windows 11 Operating System512 GB SSD39.62 cm (15.6 Inch) DisplayMS Office Home and Student 20241 Year Manufacturer Warranty for Laptop and 6 Months for In-Box Accessories₹99,990Upto₹42,600Off on ExchangeBank Offer",Samsung,99990.0,Intel Core Ultra 5,16.0,LPDDR5X,512.0,SSD,Intel Iris Xe,Windows 11,15.6,1366,768,1,https://rukminim2.flixcart.com/image/416/416/xif0q/computer/i/n/q/-original-imahgwkqrdsdqfqz.jpeg?q=70,https://www.flipkart.com/samsung-galaxy-book5-ai-metal-intel-core-ultra-5-225u-16-gb-512-gb-ssd-windows-11-home-np750xhd-thin-light-laptop/p/itmc33d2563d0ffc?pid=COMHE4ATPCZ9FXRP&lid=LSTCOMHE4ATPCZ9FXRP7N1GVG&marketplace=FLIPKART&q=laptop&store=6bo%2Fb5g&srno=s_10_226&otracker=search&fm=organic&iid=f7cb15ab-d937-4250-9070-dbe127a4d32d.COMHE4ATPCZ9FXRP.SEARCH&ppt=sp&ppn=sp&ssid=3id6sahyio0000001781258316066&qH=312f91285e048e09&ov_redirect=true,flipkart
"Add to CompareLenovo IdeaPad Slim 3 Intel Core i5 13th Gen 13420H - (16 GB/512 GB SSD/Windows 11 Home) 15IRH8 Thin a...4.3847 Ratings&50 ReviewsIntel Core i5 Processor (13th Gen)16 GB LPDDR5 RAMWindows 11 Operating System512 GB SSD39.62 cm (15.6 Inch) Display1 Yr. Onsite + 1 Yr. Accidental Damage Protection₹54,990₹86,59036% offOnly 1 leftUpto₹37,050Off on Exchange",Lenovo,54990.0,Intel Core I5 13Th,16.0,LPDDR5,512.0,SSD,Intel Iris Xe,Windows 11,15.6,1920,1080,1,https://rukminim2.flixcart.com/image/416/416/xif0q/computer/d/n/9/-original-imahg4uttsgjbwez.jpeg?q=70,https://www.flipkart.com/lenovo-ideapad-slim-3-intel-core-i5-13th-gen-13420h-16-gb-512-gb-ssd-windows-11-home-15irh8-thin-light-laptop/p/itm460c3a65056e4?pid=COMGVQ2YB9SU8KMF&lid=LSTCOMGVQ2YB9SU8KMF2MGQ5W&marketplace=FLIPKART&q=laptop&store=6bo%2Fb5g&srno=s_10_229&otracker=search&fm=organic&iid=f7cb15ab-d937-4250-9070-dbe127a4d32d.COMGVQ2YB9SU8KMF.SEARCH&ppt=sp&ppn=sp&ssid=3id6sahyio0000001781258316066&qH=312f91285e048e09&ov_redirect=true,flipkart
"Add to CompareASUS Vivobook 14 (2025) with Office 2024 + M365 Basic*, Backlit Keyboard, Snapdragon X - (16 GB/512 GB...4.4588 Ratings&54 ReviewsSnapdragon X Processor16 GB LPDDR5X RAMWindows 11 Home Operating System512 GB SSD35.56 cm (14 Inch) DisplayMicrosoft Office Home 2024 (Lifetime Validity ) + Microsoft 365 Basic*(1-Year Validity), One-Month Membership of Adobe Creative Cloud All Apps1 Year Onsite Warranty₹57,990₹1,14,99049% offOnly few leftUpto₹37,050Off on Exchange",ASUS,57990.0,Snapdragon X,16.0,LPDDR5X,512.0,SSD,Intel Iris Xe,Windows 11,15.6,1920,1080,1,https://rukminim2.flixcart.com/image/416/416/xif0q/computer/z/r/b/-original-imahgfdfczhas5eg.jpeg?q=70,https://www.flipkart.com/asus-vivobook-14-2025-office-2024-m365-basic-backlit-keyboard-snapdragon-x-16-gb-512-gb-ssd-windows-11-home-x1407qa-ly058ws-thin-light-laptop/p/itmdd8d45d692530?pid=COMHCQ5ED4R4MAEX&lid=LSTCOMHCQ5ED4R4MAEXMLWR80&marketplace=FLIPKART&q=laptop&store=6bo%2Fb5g&srno=s_10_233&otracker=search&fm=organic&iid=f7cb15ab-d937-4250-9070-dbe127a4d32d.COMHCQ5ED4R4MAEX.SEARCH&ppt=sp&ppn=sp&ssid=3id6sahyio0000001781258316066&qH=312f91285e048e09&ov_redirect=true,flipkart
"Add to CompareLenovo Legion 5 WQXGA OLED Intel Core Ultra 7 255 HX - (32 GB/1 TB SSD/Windows 11 Home/8 GB Graphics/N...4.37 Ratings&0 ReviewsIntel Core Ultra 7 Processor32 GB DDR5 RAMWindows 11 Home Operating System1 TB SSD38.35 cm (15.1 inch) Display1 Year Onsite Warranty₹2,01,490₹2,30,89012% offOnly 3 leftUpto₹42,600Off on Exchange",Lenovo,201490.0,Intel Core Ultra 7,32.0,DDR5,512.0,SSD,Intel Iris Xe,Windows 11,15.1,1920,1080,1,https://rukminim2.flixcart.com/image/416/416/xif0q/computer/z/h/e/-original-imahkbpezqzchmvn.jpeg?q=70,https://www.flipkart.com/lenovo-legion-5-wqxga-oled-intel-core-ultra-7-255-hx-32-gb-1-tb-ssd-windows-11-home-8-gb-graphics-nvidia-geforce-rtx-5060-15iax10-gaming-laptop/p/itm5380aeb5644c6?pid=COMHJS2R6ZNF2AEG&lid=LSTCOMHJS2R6ZNF2AEG0TMYRM&marketplace=FLIPKART&q=laptop&store=6bo%2Fb5g&srno=s_10_236&otracker=search&fm=organic&iid=f7cb15ab-d937-4250-9070-dbe127a4d32d.COMHJS2R6ZNF2AEG.SEARCH&ppt=sp&ppn=sp&ssid=3id6sahyio0000001781258316066&qH=312f91285e048e09&ov_redirect=true,flipkart
"Add to CompareASUS Zenbook A14 OLED (2025), MSO 2024 + M365 Basic, Metal Body, Backlit Keyboard, Snapdragon X - (16 ...428 Ratings&2 ReviewsSnapdragon X Processor16 GB LPDDR5X RAMWindows 11 Home Operating System512 GB SSD35.56 cm (14 Inch) DisplayMicrosoft Office Home 2024 (Lifetime Validity ) + Microsoft 365 Basic*(1-Year Validity), McAfee 1 year1 Year Onsite Warranty₹86,990₹1,22,99029% offLowest price since launchUpto₹42,600Off on Exchange",ASUS,86990.0,Snapdragon X,16.0,LPDDR5X,512.0,SSD,Intel Iris Xe,Windows 11,15.6,1920,1080,1,https://rukminim2.flixcart.com/image/416/416/xif0q/computer/c/6/j/-original-imahg53u6c6uhq3m.jpeg?q=70,https://www.flipkart.com/asus-zenbook-a14-oled-2025-mso-2024-m365-basic-metal-body-backlit-keyboard-snapdragon-x-16-gb-512-gb-ssd-windows-11-home-ux3407qa-qd258ws-thin-light-laptop/p/itm6a33abcf085c4?pid=COMH9499G7K92GDJ&lid=LSTCOMH9499G7K92GDJ5TLYYU&marketplace=FLIPKART&q=laptop&store=6bo%2Fb5g&srno=s_11_244&otracker=search&fm=organic&iid=f63d2080-fc9f-407d-bedb-9c68ce9d82dd.COMH9499G7K92GDJ.SEARCH&ppt=sp&ppn=sp&ssid=7qqgml7b9c0000001781258320855&qH=312f91285e048e09&ov_redirect=true,flipkart
"Add to CompareASUS ExpertBook Ultra Copilot+ PC Intel Core Ultra X7 358H - (32 GB/1 TB SSD/Windows 11 Home) B9406CAA...4.98 Ratings&0 ReviewsIntel Core Ultra X7 Processor32 GB LPDDR5X RAMWindows 11 Home Operating System1 TB SSD35.56 cm (14 inch) Touchscreen DisplayMicrosoft Office Home 2024 + Microsoft 365 Basic3 Years Onsite Service₹2,39,990₹4,49,99046% offUpto₹42,600Off on ExchangeBank Offer",ASUS,239990.0,Intel Core i5,32.0,LPDDR5X,512.0,SSD,Intel Iris Xe,Windows 11,15.6,1920,1080,1,https://rukminim2.flixcart.com/image/416/416/xif0q/computer/1/o/j/-original-imahmpfsvkhwfzgg.jpeg?q=70,https://www.flipkart.com/asus-expertbook-ultra-copilot-pc-intel-core-x7-358h-32-gb-1-tb-ssd-windows-11-home-b9406caa-th1205ws-thin-light-laptop/p/itm8f6006a76d8bf?pid=COMHM9URJR7BV3HY&lid=LSTCOMHM9URJR7BV3HYEBIZAD&marketplace=FLIPKART&q=laptop&store=6bo%2Fb5g&srno=s_11_245&otracker=search&fm=organic&iid=f63d2080-fc9f-407d-bedb-9c68ce9d82dd.COMHM9URJR7BV3HY.SEARCH&ppt=sp&ppn=sp&ssid=7qqgml7b9c0000001781258320855&qH=312f91285e048e09&ov_redirect=true,flipkart
"Add to CompareASUS Vivobook 16 (2025), Copilot + PC with Backlit Keyboard, AI PC, Snapdragon X - (16 GB/512 GB SSD/W...4.1156 Ratings&11 ReviewsSnapdragon X Processor16 GB LPDDR5X RAMWindows 11 Home Operating System512 GB SSD40.64 cm (16 Inch) DisplayMicrosoft Office Home 2024 (Lifetime Validity ) + Microsoft 365 Basic*(1-Year Validity), One-Month Membership of Adobe Creative Cloud All Apps1 Year Onsite Warranty₹58,990₹84,99030% offUpto₹42,600Off on ExchangeBank Offer",ASUS,58990.0,Snapdragon X,16.0,LPDDR5X,512.0,SSD,Intel Iris Xe,Windows 11,15.6,1920,1080,1,https://rukminim2.flixcart.com/image/416/416/xif0q/computer/k/y/l/-original-imahg5fyupzr6ekm.jpeg?q=70,https://www.flipkart.com/asus-vivobook-16-2025-copilot-pc-backlit-keyboard-ai-pc-snapdragon-x-16-gb-512-gb-ssd-windows-11-home-x1607qa-mb050ws-thin-light-laptop/p/itm027fd729972e0?pid=COMH9EVGYMHA7TK4&lid=LSTCOMH9EVGYMHA7TK4HYXTKP&marketplace=FLIPKART&q=laptop&store=6bo%2Fb5g&srno=s_11_250&otracker=search&fm=organic&iid=f63d2080-fc9f-407d-bedb-9c68ce9d82dd.COMH9EVGYMHA7TK4.SEARCH&ppt=sp&ppn=sp&ssid=7qqgml7b9c0000001781258320855&qH=312f91285e048e09&ov_redirect=true,flipkart
"Add to CompareLenovo IdeaPad Slim 3 with Microsoft 365 Basic + Office 2024 1Year ADP AMD Ryzen 5 40 - (16 GB/512 GB ...4.511 Ratings&1 ReviewsAMD Ryzen 5 Processor16 GB LPDDR5 RAMWindows 11 Home Operating System512 GB SSD39.62 cm (15.6 inch) DisplayOffice Home 20241 Year Onsite Service₹52,990₹72,29026% offBank Offer",Lenovo,52990.0,Amd Ryzen 5 40,16.0,LPDDR5,512.0,SSD,Intel Iris Xe,Windows 11,15.6,1920,1080,1,https://rukminim2.flixcart.com/image/416/416/xif0q/computer/k/z/e/-original-imahmgepwnhgxan2.jpeg?q=70,https://www.flipkart.com/lenovo-ideapad-slim-3-microsoft-365-basic-office-2024-1year-adp-amd-ryzen-5-40-16-gb-512-gb-ssd-windows-11-home-15amn8-laptop/p/itmab007bf5f82a8?pid=COMHHNNZKTNAND2A&lid=LSTCOMHHNNZKTNAND2AMY5PET&marketplace=FLIPKART&q=laptop&store=6bo%2Fb5g&srno=s_11_253&otracker=search&fm=organic&iid=f63d2080-fc9f-407d-bedb-9c68ce9d82dd.COMHHNNZKTNAND2A.SEARCH&ppt=sp&ppn=sp&ssid=7qqgml7b9c0000001781258320855&qH=312f91285e048e09&ov_redirect=true,flipkart
"Add to CompareLenovo Chromebook Duet 11M889 MediaTek MediaTek Kompanio 838 - (8 GB/128 GB EMMC Storage/Chrome OS) Ch...4.21,542 Ratings&132 ReviewsMediaTek MediaTek Kompanio 838 Processor8 GB LPDDR4X RAMChrome Operating System70.64 cm (27.81 cm) Touchscreen Display1 Year Onsite Warranty₹24,990₹37,69033% offHot DealUpto₹17,000Off on Exchange",Lenovo,24990.0,Intel Core i5,8.0,LPDDR4X,128.0,SSD,Intel Iris Xe,Windows 11,15.6,1920,1080,1,https://rukminim2.flixcart.com/image/416/416/xif0q/computer/g/j/9/-original-imahgfdfgchekzvf.jpeg?q=70,https://www.flipkart.com/lenovo-chromebook-duet-11m889-mediatek-kompanio-838-8-gb-128-gb-emmc-storage-chrome-os/p/itm666780c0be940?pid=COMHBCAFZGVNEDTK&lid=LSTCOMHBCAFZGVNEDTKUGILYO&marketplace=FLIPKART&q=laptop&store=6bo%2Fb5g&srno=s_11_255&otracker=search&fm=organic&iid=f63d2080-fc9f-407d-bedb-9c68ce9d82dd.COMHBCAFZGVNEDTK.SEARCH&ppt=sp&ppn=sp&ssid=7qqgml7b9c0000001781258320855&qH=312f91285e048e09&ov_redirect=true,flipkart
"Add to CompareASUS Vivobook S14 (2025) with Backlit Keyboard, Metallic Design*, Intel Core Ultra 7 255H - (16 GB/512...4.436 Ratings&3 ReviewsIntel Core Ultra 7 Processor16 GB DDR5 RAMWindows 11 Home Operating System512 GB SSD35.56 cm (14 Inch) DisplayMicrosoft Office Home 2024 (Lifetime Validity ) + Microsoft 365 Basic*(1-Year Validity), One-Month Membership of Adobe Creative Cloud All Apps, McAfee 1 year1 Year Onsite Warranty₹83,990₹1,65,99049% offUpto₹42,600Off on ExchangeBank Offer",ASUS,83990.0,Intel Core Ultra 7,16.0,DDR5,512.0,SSD,Intel Iris Xe,Windows 11,15.6,1920,1080,1,https://rukminim2.flixcart.com/image/416/416/xif0q/computer/5/q/j/-original-imahgfdfajym4wuf.jpeg?q=70,https://www.flipkart.com/asus-vivobook-s14-2025-backlit-keyboard-metallic-design-intel-core-ultra-7-255h-16-gb-512-gb-ssd-windows-11-home-s3407ca-ly083ws-thin-light-laptop/p/itm52b33faa17e6b?pid=COMHCQ5ERBQSFJY3&lid=LSTCOMHCQ5ERBQSFJY3SIGIST&marketplace=FLIPKART&q=laptop&store=6bo%2Fb5g&srno=s_11_256&otracker=search&fm=organic&iid=f63d2080-fc9f-407d-bedb-9c68ce9d82dd.COMHCQ5ERBQSFJY3.SEARCH&ppt=sp&ppn=sp&ssid=7qqgml7b9c0000001781258320855&qH=312f91285e048e09&ov_redirect=true,flipkart
"Add to CompareAcer Aspire 7 Intel Core i7 13th Gen 13620H - (16 GB/512 GB SSD/Windows 11 Home/6 GB Graphics/NVIDIA G...4.3355 Ratings&30 ReviewsIntel Core i7 Processor (13th Gen)16 GB DDR4 RAM64 bit Windows 11 Home Operating System512 GB SSD39.62 cm (15.6 Inch) Display1 Year Onsite Warranty₹73,990₹99,99926% offUpto₹42,600Off on ExchangeBank Offer",Acer,73990.0,Intel Core I7 13Th,16.0,DDR4,512.0,SSD,Intel Iris Xe,Windows 11,15.6,1920,1080,1,https://rukminim2.flixcart.com/image/416/416/xif0q/computer/m/i/m/-original-imahgfdfnayhh5h4.jpeg?q=70,https://www.flipkart.com/acer-aspire-7-intel-core-i7-13th-gen-13620h-16-gb-512-gb-ssd-windows-11-home-6-graphics-nvidia-geforce-rtx-3050-144-hz-a715-79g-gaming-laptop/p/itm0f412dd7943ad?pid=COMHD5WWFAGFXGN2&lid=LSTCOMHD5WWFAGFXGN2GWZ7AB&marketplace=FLIPKART&q=laptop&store=6bo%2Fb5g&srno=s_11_259&otracker=search&fm=organic&iid=f63d2080-fc9f-407d-bedb-9c68ce9d82dd.COMHD5WWFAGFXGN2.SEARCH&ppt=sp&ppn=sp&ssid=7qqgml7b9c0000001781258320855&qH=312f91285e048e09&ov_redirect=true,flipkart
"Add to CompareHP Laptop Intel Core i3 13th Gen 1315U - (8 GB/512 GB SSD/Windows 11 Home) 15-fd0129TU / 15-fd0568TU T...4.23,211 Ratings&187 ReviewsIntel Core i3 Processor (13th Gen)8 GB DDR4 RAMWindows 11 Home Operating System512 GB SSD39.62 cm (15.6 Inch) Display1 Year Carry-in Warranty₹49,990₹50,9031% offUpto₹32,950Off on ExchangeBank Offer",HP,49990.0,Intel Core I3 13Th,8.0,DDR4,512.0,SSD,Intel Iris Xe,Windows 11,15.6,1920,1080,1,https://rukminim2.flixcart.com/image/416/416/xif0q/computer/a/q/u/15-fd0668tu-thin-and-light-laptop-hp-original-imahest3rdkyruss.jpeg?q=70,https://www.flipkart.com/hp-laptop-intel-core-i3-13th-gen-1315u-8-gb-512-gb-ssd-windows-11-home-15-fd0129tu-15-fd0568tu-thin-light/p/itmcf7c16556a324?pid=COMHF6WAGPZCBQVZ&lid=LSTCOMHF6WAGPZCBQVZPP4MLX&marketplace=FLIPKART&q=laptop&store=6bo%2Fb5g&srno=s_11_264&otracker=search&fm=organic&iid=f63d2080-fc9f-407d-bedb-9c68ce9d82dd.COMHF6WAGPZCBQVZ.SEARCH&ppt=sp&ppn=sp&ssid=7qqgml7b9c0000001781258320855&qH=312f91285e048e09&ov_redirect=true,flipkart
"Add to CompareAcer Aspire 14 AI Office 2024 + M365 Basic Snapdragon X - (16 GB/512 GB SSD/Windows 11 Home) A14-11M T...4.4166 Ratings&32 ReviewsSnapdragon X Processor16 GB LPDDR5X RAM64 bit Windows 11 Home Operating System512 GB SSD35.56 cm (14 Inch) Display1 Year Warranty₹59,990₹91,99934% offUpto₹42,600Off on ExchangeBank Offer",Acer,59990.0,Snapdragon X,16.0,LPDDR5X,512.0,SSD,Intel Iris Xe,Windows 11,15.6,1920,1080,1,https://rukminim2.flixcart.com/image/416/416/xif0q/computer/c/p/l/-original-imahg4wgbhqj5teq.jpeg?q=70,https://www.flipkart.com/acer-aspire-14-ai-office-2024-m365-basic-snapdragon-x-16-gb-512-gb-ssd-windows-11-home-a14-11m-thin-light-laptop/p/itm08730687919bb?pid=COMHFSHUTDFXBZKR&lid=LSTCOMHFSHUTDFXBZKRBKC09Q&marketplace=FLIPKART&q=laptop&store=6bo%2Fb5g&srno=s_12_265&otracker=search&fm=organic&iid=79951cb0-23e5-4ec7-9029-61a2da260789.COMHFSHUTDFXBZKR.SEARCH&ppt=sp&ppn=sp&ssid=01c8nncqb40000001781258327336&qH=312f91285e048e09&ov_redirect=true,flipkart
"Add to CompareASUS Vivobook 15 (2025) with Office 2024 + M365 Basic*, Intel Core i3 13th Gen 1315U - (16 GB/512 GB S...4.5107 Ratings&12 ReviewsIntel Core i3 Processor (13th Gen)16 GB DDR4 RAMWindows 11 Home Operating System512 GB SSD39.62 cm (15.6 Inch) DisplayMicrosoft Office Home 2024 (Lifetime Validity ) + Microsoft 365 Basic*(1-Year Validity), One-Month Membership of Adobe Creative Cloud All Apps, McAfee 1 year1 Year Onsite Warranty₹42,990₹54,99021% offUpto₹29,450Off on ExchangeBank Offer",ASUS,42990.0,Intel Core I3 13Th,16.0,DDR4,512.0,SSD,Intel Iris Xe,Windows 11,15.6,1920,1080,1,https://rukminim2.flixcart.com/image/416/416/xif0q/computer/q/y/3/-original-imahfcztmzr9wkhd.jpeg?q=70,https://www.flipkart.com/asus-vivobook-15-2025-office-2024-m365-basic-intel-core-i3-13th-gen-1315u-16-gb-512-gb-ssd-windows-11-home-x1504va-nj2324ws-x1504va-bq341ws-thin-light-laptop/p/itmf0e6514a56cbf?pid=COMHEZZTHYZ3DUK5&lid=LSTCOMHEZZTHYZ3DUK5GYZOBP&marketplace=FLIPKART&q=laptop&store=6bo%2Fb5g&srno=s_12_266&otracker=search&fm=organic&iid=79951cb0-23e5-4ec7-9029-61a2da260789.COMHEZZTHYZ3DUK5.SEARCH&ppt=sp&ppn=sp&ssid=01c8nncqb40000001781258327336&qH=312f91285e048e09&ov_redirect=true,flipkart
"Add to CompareDELL 14 Snapdragon X Plus - (16 GB/1 TB SSD/Windows 11 Home) 7441 Thin and Light LaptopSnapdragon X Plus Processor16 GB LPDDR5 RAMWindows 11 Operating System1 TB SSD35.56 cm (14 Inch) Touchscreen DisplayMy Dell (Dell Power Manager,Dell Support Assist)1 Year Onsite Warranty₹97,990₹1,40,63730% offSuper DealsUpto₹42,600Off on Exchange",Dell,97990.0,Snapdragon X Plus,16.0,LPDDR5,512.0,SSD,Intel Iris Xe,Windows 11,15.6,1920,1080,1,https://rukminim2.flixcart.com/image/416/416/xif0q/computer/1/a/i/-original-imahgx8whtuswh7q.jpeg?q=70,https://www.flipkart.com/dell-14-snapdragon-x-plus-16-gb-1-tb-ssd-windows-11-home-7441-thin-light-laptop/p/itm7e42086c31581?pid=COMH9PZFRMX7YHRD&lid=LSTCOMH9PZFRMX7YHRDOJEG1P&marketplace=FLIPKART&q=laptop&store=6bo%2Fb5g&srno=s_12_270&otracker=search&fm=organic&iid=79951cb0-23e5-4ec7-9029-61a2da260789.COMH9PZFRMX7YHRD.SEARCH&ppt=sp&ppn=sp&ssid=01c8nncqb40000001781258327336&qH=312f91285e048e09&ov_redirect=true,flipkart
"Add to CompareLenovo IdeaPad Slim 5 (Gen 11) Next-Gen AI PC Intel Core Ultra 7 355 - (16 GB/512 GB SSD/Windows 11 Ho...NAIntel Core Ultra 7 Processor16 GB DDR5 RAMWindows 11 Home Operating System512 GB SSD35.56 cm (14 inch) DisplayMicrosoft 365 Basic + Office Home 20241 Year Onsite Service₹1,36,990₹2,39,29042% offUpto₹37,000Off on ExchangeBank Offer",Lenovo,136990.0,Intel Core Ultra 7,16.0,DDR5,512.0,SSD,Intel Iris Xe,Windows 11,15.6,1920,1080,1,https://rukminim2.flixcart.com/image/416/416/xif0q/computer/q/x/v/-original-imahz3gzugyhhsry.jpeg?q=70,https://www.flipkart.com/lenovo-ideapad-slim-5-gen-11-next-gen-ai-pc-intel-core-ultra-7-355-16-gb-512-gb-ssd-windows-11-home-14iph11-thin-light-laptop/p/itm503b66be00834?pid=COMHNSC6B6PADGGS&lid=LSTCOMHNSC6B6PADGGSXDVBZG&marketplace=FLIPKART&q=laptop&store=6bo%2Fb5g&srno=s_12_273&otracker=search&fm=organic&iid=79951cb0-23e5-4ec7-9029-61a2da260789.COMHNSC6B6PADGGS.SEARCH&ppt=sp&ppn=sp&ssid=01c8nncqb40000001781258327336&qH=312f91285e048e09&ov_redirect=true,flipkart
"Add to CompareHP Envy x360 AMD Ryzen 5 Hexa Core 7530U - (16 GB/512 GB SSD/Windows 11 Home) 15-fh0015AU Laptop3.816 Ratings&1 ReviewsAMD Ryzen 5 Hexa Core Processor16 GB LPDDR5 RAMWindows 11 Operating System512 GB SSD39.62 cm (15.6 Inch) Touchscreen Display1 Year Onsite Warranty₹65,990₹87,76324% offLowest price in the yearUpto₹42,600Off on Exchange",HP,65990.0,Intel Core i5,16.0,LPDDR5,512.0,SSD,Intel Iris Xe,Windows 11,15.6,1920,1080,1,https://rukminim2.flixcart.com/image/416/416/xif0q/computer/e/p/e/-original-imahg532yhhpty9e.jpeg?q=70,https://www.flipkart.com/hp-envy-x360-amd-ryzen-5-hexa-core-7530u-16-gb-512-gb-ssd-windows-11-home-15-fh0015au-laptop/p/itmc3c086a1fc34b?pid=COMGQTFCNHFRVXKB&lid=LSTCOMGQTFCNHFRVXKB6TW5HX&marketplace=FLIPKART&q=laptop&store=6bo%2Fb5g&srno=s_12_274&otracker=search&fm=organic&iid=79951cb0-23e5-4ec7-9029-61a2da260789.COMGQTFCNHFRVXKB.SEARCH&ppt=sp&ppn=sp&ssid=01c8nncqb40000001781258327336&qH=312f91285e048e09&ov_redirect=true,flipkart
"Add to CompareApple MacBook Air M4 - (24 GB/512 GB SSD/macOS Sequoia) MC6L4HN/A4.68 Ratings&1 ReviewsApple M4 Processor24 GB Unified Memory RAMMac OS Operating System512 GB SSD38.86 cm (15.3 Inch) DisplayBuilt-in Apps: App Store, Books, Calendar, Contacts, FaceTime, Find My, Freeform, GarageBand, Home, iMovie, iPhone Mirroring, Keynote, Mail, Maps, Messages, Music, Notes, Numbers, Pages, Passwords, Photo Booth, Photos, Podcasts, Preview, QuickTime Player, Reminders, Safari, Shortcuts, Stocks, Time Machine, Tips, TV, Voice Memos, Weather1 Year Limited Warranty₹1,40,990₹1,51,9007% offUpto₹42,600Off on ExchangeBank Offer",Apple,140990.0,Intel Core i5,8.0,DDR4,512.0,SSD,Intel Iris Xe,macOS,15.3,1920,1080,1,https://rukminim2.flixcart.com/image/416/416/xif0q/computer/r/b/8/-original-imahayjp9agdpfhz.jpeg?q=70,https://www.flipkart.com/apple-macbook-air-m4-24-gb-512-gb-ssd-macos-sequoia-mc6l4hn-a/p/itm6ff26e315ebd8?pid=COMH9ZWQMDBWPXHR&lid=LSTCOMH9ZWQMDBWPXHRMLWYDO&marketplace=FLIPKART&q=laptop&store=6bo%2Fb5g&srno=s_12_275&otracker=search&fm=organic&iid=79951cb0-23e5-4ec7-9029-61a2da260789.COMH9ZWQMDBWPXHR.SEARCH&ppt=sp&ppn=sp&ssid=01c8nncqb40000001781258327336&qH=312f91285e048e09&ov_redirect=true,flipkart
"Add to CompareASUS Vivobook 15 (2025) with Office 2024 + M365 Basic*, Backlit Keyboard, Intel Core i3 13th Gen 1315U...4.31,270 Ratings&83 ReviewsIntel Core i3 Processor (13th Gen)16 GB DDR5 RAMWindows 11 Home Operating System512 GB SSD39.62 cm (15.6 Inch) DisplayMicrosoft Office Home 2024 (Lifetime Validity ) + Microsoft 365 Basic*(1-Year Validity), One-Month Membership of Adobe Creative Cloud All Apps, McAfee 1 year1 Year Onsite Warranty₹52,890₹54,9903% offUpto₹37,050Off on ExchangeBank Offer",ASUS,52890.0,Intel Core I3 13Th,16.0,DDR5,512.0,SSD,Intel Iris Xe,Windows 11,15.6,1920,1080,1,https://rukminim2.flixcart.com/image/416/416/xif0q/computer/w/h/g/-original-imahg5fuxuw5afvh.jpeg?q=70,https://www.flipkart.com/asus-vivobook-15-2025-office-2024-m365-basic-backlit-keyboard-intel-core-i3-13th-gen-1315u-16-gb-512-gb-ssd-windows-11-home-x1504va-nj2324ws-x1504va-bq341ws-thin-light-laptop/p/itmf0e6514a56cbf?pid=COMH9SJ95TXH5PYE&lid=LSTCOMH9SJ95TXH5PYEBCC32F&marketplace=FLIPKART&q=laptop&store=6bo%2Fb5g&srno=s_12_280&otracker=search&fm=organic&iid=79951cb0-23e5-4ec7-9029-61a2da260789.COMH9SJ95TXH5PYE.SEARCH&ppt=sp&ppn=sp&ssid=01c8nncqb40000001781258327336&qH=312f91285e048e09&ov_redirect=true,flipkart
"Add to CompareASUS Vivobook 14 Flip OLED (2025) with Touch Screen, Backlit Keyboard, Intel Core Ultra 5 226V - (16 G...4.345 Ratings&6 ReviewsIntel Core Ultra 5 Processor16 GB LPDDR5X RAMWindows 11 Home Operating System512 GB SSD35.56 cm (14 Inch) Touchscreen DisplayMicrosoft Office Home 2024 (Lifetime Validity ) + Microsoft 365 Basic*(1-Year Validity), 
McAfee? 1 year, One-Month Membership of Adobe Creative Cloud All Apps1 Year Onsite warranty₹92,990₹1,22,99024% offBank Offer",ASUS,92990.0,Intel Core Ultra 5,16.0,LPDDR5X,512.0,SSD,Intel Iris Xe,Windows 11,15.6,1920,1080,1,https://rukminim2.flixcart.com/image/416/416/xif0q/computer/t/m/4/-original-imahg52mgyswgggu.jpeg?q=70,https://www.flipkart.com/asus-vivobook-14-flip-oled-2025-touch-screen-backlit-keyboard-intel-core-ultra-5-226v-16-gb-512-gb-ssd-windows-11-home-tp3407sa-ql024ws-2-1-laptop/p/itm7f344f86d1b13?pid=COMH89EBRZGZABHF&lid=LSTCOMH89EBRZGZABHFZTNYKV&marketplace=FLIPKART&q=laptop&store=6bo%2Fb5g&srno=s_12_284&otracker=search&fm=organic&iid=79951cb0-23e5-4ec7-9029-61a2da260789.COMH89EBRZGZABHF.SEARCH&ppt=sp&ppn=sp&ssid=01c8nncqb40000001781258327336&qH=312f91285e048e09&ov_redirect=true,flipkart
"Add to CompareAcer Aspire Lite AMD Ryzen 3 Quad Core 7330U - (16 GB/512 GB SSD/Windows 11 Home) AL15-41 Thin and Lig...3.9132 Ratings&16 ReviewsAMD Ryzen 3 Quad Core Processor16 GB DDR4 RAMWindows 11 Operating System512 GB SSD39.62 cm (15.6 Inch) Display1 Year Carry-in Warranty₹46,990₹49,9906% offUpto₹32,950Off on ExchangeBank Offer",Acer,46990.0,Intel Core i5,16.0,DDR4,512.0,SSD,Intel Iris Xe,Windows 11,15.6,1920,1080,1,https://rukminim2.flixcart.com/image/416/416/xif0q/computer/u/p/m/-original-imah2pf2u98xefzx.jpeg?q=70,https://www.flipkart.com/acer-aspire-lite-amd-ryzen-3-quad-core-7330u-16-gb-512-gb-ssd-windows-11-home-al15-41-thin-light-laptop/p/itm1bc0bcb4598e7?pid=COMH2TPSHCGSZY44&lid=LSTCOMH2TPSHCGSZY44YKMZCU&marketplace=FLIPKART&q=laptop&store=6bo%2Fb5g&srno=s_12_286&otracker=search&fm=organic&iid=79951cb0-23e5-4ec7-9029-61a2da260789.COMH2TPSHCGSZY44.SEARCH&ppt=sp&ppn=sp&ssid=01c8nncqb40000001781258327336&qH=312f91285e048e09&ov_redirect=true,flipkart
"Add to CompareASUS Vivobook 15, with Backlit Keyboard, Intel Core i3 13th Gen 1315U - (8 GB/512 GB SSD/Windows 11 Ho...4.33,074 Ratings&190 ReviewsIntel Core i3 Processor (13th Gen)8 GB DDR4 RAMWindows 11 Operating System512 GB SSD39.62 cm (15.6 Inch) Display1 Year Onsite warranty₹49,990₹50,9901% offUpto₹32,950Off on ExchangeBank Offer",ASUS,49990.0,Intel Core I3 13Th,8.0,DDR4,512.0,SSD,Intel Iris Xe,Windows 11,15.6,1920,1080,1,https://rukminim2.flixcart.com/image/416/416/xif0q/computer/w/h/g/-original-imahg5fuxuw5afvh.jpeg?q=70,https://www.flipkart.com/asus-vivobook-15-backlit-keyboard-intel-core-i3-13th-gen-1315u-8-gb-512-gb-ssd-windows-11-home-x1504va-nj320ws-x1504va-bq321ws-thin-light-laptop/p/itm200184e4e0443?pid=COMGYSFGRDEFFPY6&lid=LSTCOMGYSFGRDEFFPY6O9VORD&marketplace=FLIPKART&q=laptop&store=6bo%2Fb5g&srno=s_13_294&otracker=search&fm=organic&iid=5f22633c-205c-4b3b-b94b-5e5b8c2c7c70.COMGYSFGRDEFFPY6.SEARCH&ppt=sp&ppn=sp&ssid=q9licaztm80000001781258333176&qH=312f91285e048e09&ov_redirect=true,flipkart
"Add to CompareASUS Vivobook Go 15 Intel Celeron Dual Core N4500 - (8 GB/512 GB SSD/Windows 11 Home) E510KA-EJ9011WS ...3.91,571 Ratings&139 ReviewsIntel Celeron Dual Core Processor8 GB DDR4 RAMWindows 11 Home Operating System512 GB SSD39.62 cm (15.6 Inch) DisplayMicrosoft Office Home 2024 + Microsoft 365 Basic1 Year Onsite Warranty₹43,990₹47,9908% offBank Offer",ASUS,43990.0,Intel Celeron Dual,8.0,DDR4,512.0,SSD,Intel Iris Xe,Windows 11,15.6,1920,1080,1,https://rukminim2.flixcart.com/image/416/416/xif0q/computer/l/q/r/-original-imahg4utyrwfkqve.jpeg?q=70,https://www.flipkart.com/asus-vivobook-go-15-intel-celeron-dual-core-n4500-8-gb-512-gb-ssd-windows-11-home-e510ka-ej9011ws-thin-light-laptop/p/itm1826f3fec8f97?pid=COMH9499YSMWDGTM&lid=LSTCOMH9499YSMWDGTMYXJNEN&marketplace=FLIPKART&q=laptop&store=6bo%2Fb5g&srno=s_13_300&otracker=search&fm=organic&iid=5f22633c-205c-4b3b-b94b-5e5b8c2c7c70.COMH9499YSMWDGTM.SEARCH&ppt=sp&ppn=sp&ssid=q9licaztm80000001781258333176&qH=312f91285e048e09&ov_redirect=true,flipkart
"Add to CompareASUS Chromebook Intel Celeron Dual Core N4500 - (4 GB/64 GB EMMC Storage/Chrome OS) CX1500CKA-NJ0393 C...3.83,068 Ratings&262 ReviewsIntel Celeron Dual Core Processor4 GB LPDDR4X RAMChrome Operating System39.62 cm (15.6 Inch) Display1 Year Onsite Warranty₹17,990₹32,99045% offHot DealUpto₹14,000Off on Exchange",ASUS,17990.0,Intel Celeron Dual,4.0,LPDDR4X,512.0,SSD,Intel Iris Xe,Windows 11,15.6,1920,1080,1,https://rukminim2.flixcart.com/image/416/416/xif0q/computer/t/n/3/cx1500cka-ej0275-chromebook-asus-original-imah2mw8nykenzdx.jpeg?q=70,https://www.flipkart.com/asus-chromebook-intel-celeron-dual-core-n4500-4-gb-64-gb-emmc-storage-chrome-os-cx1500cka-nj0393/p/itmc1d20ec9ce589?pid=COMGSHM3XESWZ6AT&lid=LSTCOMGSHM3XESWZ6ATVEMMNA&marketplace=FLIPKART&q=laptop&store=6bo%2Fb5g&srno=s_13_303&otracker=search&fm=organic&iid=5f22633c-205c-4b3b-b94b-5e5b8c2c7c70.COMGSHM3XESWZ6AT.SEARCH&ppt=sp&ppn=sp&ssid=q9licaztm80000001781258333176&qH=312f91285e048e09&ov_redirect=true,flipkart
"Add to CompareASUS Vivobook 14 (2025) with Office 2024 + M365 Basic* (i5 14th Gen) Intel Core 5 120U - (16 GB/512 GB...4.336 Ratings&3 ReviewsIntel Core 5 Processor16 GB DDR4 RAMWindows 11 Home Operating System512 GB SSD35.56 cm (14 Inch) DisplayMicrosoft Office Home 2024 (Lifetime Validity ) + Microsoft 365 Basic*(1-Year Validity), One-Month Membership of Adobe Creative Cloud All Apps, McAfee 1 year1 Year Onsite Warranty₹64,490₹73,99012% offUpto₹42,600Off on ExchangeBank Offer",ASUS,64490.0,Intel Core i5,16.0,DDR4,512.0,SSD,Intel Iris Xe,Windows 11,15.6,1920,1080,1,https://rukminim2.flixcart.com/image/416/416/xif0q/computer/416/416/s/-original-imah2ger8qjev3sj.jpeg?q=70,https://www.flipkart.com/asus-vivobook-14-2025-office-2024-m365-basic-i5-14th-gen-intel-core-5-120u-16-gb-512-gb-ssd-windows-11-home-x1404vap-eb542ws-x1404vap-eb1542ws-thin-light-laptop/p/itm36dfaa305203e?pid=COMHEDHRGABJG29C&lid=LSTCOMHEDHRGABJG29CZC2TR1&marketplace=FLIPKART&q=laptop&store=6bo%2Fb5g&srno=s_13_304&otracker=search&fm=organic&iid=5f22633c-205c-4b3b-b94b-5e5b8c2c7c70.COMHEDHRGABJG29C.SEARCH&ppt=sp&ppn=sp&ssid=q9licaztm80000001781258333176&qH=312f91285e048e09&ov_redirect=true,flipkart
"Add to CompareASUS ROG Strix G16 (2025) with Office 2024 + M365 Basic* AMD Ryzen 9 16 Core 8940HX - (16 GB/1 TB SSD/...4.738 Ratings&4 ReviewsAMD Ryzen 9 16 Core Processor16 GB DDR5 RAMWindows 11 Home Operating System1 TB SSD40.64 cm (16 Inch) DisplayMicrosoft Office Home 2024 (Lifetime Validity ) + Microsoft 365 Basic*(1-Year Validity), , McAfee 1 year, Xbox Game Pass for 3 months1 Year Onsite Warranty₹1,69,990₹2,03,99016% offSuper DealsUpto₹42,600Off on Exchange",ASUS,169990.0,Amd Ryzen 9 16,16.0,DDR5,512.0,SSD,Intel Iris Xe,Windows 11,15.6,1920,1080,1,https://rukminim2.flixcart.com/image/416/416/xif0q/computer/a/x/c/-original-imahbrwgqgg6g3f4.jpeg?q=70,https://www.flipkart.com/asus-rog-strix-g16-2025-office-2024-m365-basic-amd-ryzen-9-16-core-8940hx-16-gb-1-tb-ssd-windows-11-home-8-gb-graphics-nvidia-geforce-rtx-5060-240-hz-g614pm-s5046ws-gaming-laptop/p/itm38304d3595c02?pid=COMHCQ4KUZS5KBUZ&lid=LSTCOMHCQ4KUZS5KBUZBY5ZOH&marketplace=FLIPKART&q=laptop&store=6bo%2Fb5g&srno=s_13_306&otracker=search&fm=organic&iid=5f22633c-205c-4b3b-b94b-5e5b8c2c7c70.COMHCQ4KUZS5KBUZ.SEARCH&ppt=sp&ppn=sp&ssid=q9licaztm80000001781258333176&qH=312f91285e048e09&ov_redirect=true,flipkart
"Add to CompareASUS Vivobook S14 (2025) with Office 2024 + M365 Basic*, AI PC, Backlit Keyboard, Intel Core Ultra 5 2...4.489 Ratings&11 ReviewsIntel Core Ultra 5 Processor16 GB DDR5 RAMWindows 11 Home Operating System512 GB SSD35.56 cm (14 Inch) DisplayMicrosoft Office Home 2024 (Lifetime Validity ) + Microsoft 365 Basic*(1-Year Validity), One-Month Membership of Adobe Creative Cloud All Apps, McAfee 1 year1 Year Onsite Warranty₹77,293₹98,99021% offBank Offer",ASUS,77293.0,Intel Core Ultra 5,16.0,DDR5,512.0,SSD,Intel Iris Xe,Windows 11,15.6,1920,1080,1,https://rukminim2.flixcart.com/image/416/416/xif0q/computer/k/416/416/-original-imahehkgrwfhkjtq.jpeg?q=70,https://www.flipkart.com/asus-vivobook-s14-2025-office-2024-m365-basic-ai-pc-backlit-keyboard-intel-core-ultra-5-225h-16-gb-512-gb-ssd-windows-11-home-s3407ca-ly057ws-thin-light-laptop/p/itma23ab93a3f665?pid=COMH9SJ9DFFGUEHU&lid=LSTCOMH9SJ9DFFGUEHUCNPFP6&marketplace=FLIPKART&q=laptop&store=6bo%2Fb5g&srno=s_13_309&otracker=search&fm=organic&iid=5f22633c-205c-4b3b-b94b-5e5b8c2c7c70.COMH9SJ9DFFGUEHU.SEARCH&ppt=sp&ppn=sp&ssid=q9licaztm80000001781258333176&qH=312f91285e048e09&ov_redirect=true,flipkart
"Add to CompareSamsung Galaxy Book5 360 Next Gen AI PC Full Metal Chasis Intel Core Ultra 5 226V - (16 GB/512 GB SSD/...4.569 Ratings&7 ReviewsIntel Core Ultra 5 Processor16 GB LPDDR5X RAMWindows 11 Operating System512 GB SSD39.62 cm (15.6 Inch) Touchscreen Display1 Year Onsite Warranty₹1,07,879₹1,37,98821% offUpto₹42,600Off on ExchangeBank Offer",Samsung,107879.0,Intel Core Ultra 5,16.0,LPDDR5X,512.0,SSD,Intel Iris Xe,Windows 11,15.6,1920,1080,1,https://rukminim2.flixcart.com/image/416/416/xif0q/computer/m/m/s/-original-imahg5fuwhshfdhk.jpeg?q=70,https://www.flipkart.com/samsung-galaxy-book5-360-next-gen-ai-pc-full-metal-chasis-intel-core-ultra-5-226v-16-gb-512-gb-ssd-windows-11-home-np750qha-2-1-laptop/p/itmc76ec3e8002b4?pid=COMH9PHPRY2KUCGG&lid=LSTCOMH9PHPRY2KUCGGLZSALD&marketplace=FLIPKART&q=laptop&store=6bo%2Fb5g&srno=s_13_310&otracker=search&fm=organic&iid=5f22633c-205c-4b3b-b94b-5e5b8c2c7c70.COMH9PHPRY2KUCGG.SEARCH&ppt=sp&ppn=sp&ssid=q9licaztm80000001781258333176&qH=312f91285e048e09&ov_redirect=true,flipkart
"Add to CompareLenovo IdeaPad Slim 3 WUXGA IPS Intel Core i5 13th Gen 13420H - (16 GB/512 GB SSD/Windows 11 Home) 15I...4.3274 Ratings&18 ReviewsIntel Core i5 Processor (13th Gen)16 GB DDR5 RAMWindows 11 Home Operating System512 GB SSD38.86 cm (15.3 Inch) DisplayMicrosoft Office Home 20241 Year Carry-in Warranty₹68,999₹85,00018% offBank Offer",Lenovo,68999.0,Intel Core I5 13Th,16.0,DDR5,512.0,SSD,Intel Iris Xe,Windows 11,15.3,1920,1080,1,https://rukminim2.flixcart.com/image/416/416/xif0q/computer/v/p/0/-original-imahex3ugzs2fhzj.jpeg?q=70,https://www.flipkart.com/lenovo-ideapad-slim-3-wuxga-ips-intel-core-i5-13th-gen-13420h-16-gb-512-gb-ssd-windows-11-home-15irh10-thin-light-laptop/p/itm141f9075d4f0c?pid=COMHCQ52RHHN92ZF&lid=LSTCOMHCQ52RHHN92ZFY76IAW&marketplace=FLIPKART&q=laptop&store=6bo%2Fb5g&srno=s_14_313&otracker=search&fm=organic&iid=10ce96dc-aaaf-49d9-9083-b4951c1a71e4.COMHCQ52RHHN92ZF.SEARCH&ppt=sp&ppn=sp&ssid=vp364pcav40000001781258338782&qH=312f91285e048e09&ov_redirect=true,flipkart
"Add to CompareASUS Vivobook 15 (2026) with Office 2024 + M365 Basic Intel Core 3 14th Gen 100U - (8 GB/512 GB SSD/Wi...Intel Core 3 Processor (14th Gen)8 GB DDR5 RAMWindows 11 Home Operating System512 GB SSD39.62 cm (15.6 inch) DisplayMicrosoft Office Home 2024 (Lifetime Validity ) + Microsoft 365 Basic(1-Year Validity), One-Month Membership of Adobe Creative Cloud All Apps, McAfee 1 year1 Year Onsite Service₹53,990₹84,99036% offUpto₹26,000Off on ExchangeBank Offer",ASUS,53990.0,Intel Core i5,8.0,DDR5,512.0,SSD,Intel Iris Xe,Windows 11,15.6,1920,1080,1,https://rukminim2.flixcart.com/image/416/416/xif0q/computer/f/y/v/-original-imahmbf8uqwbu72p.jpeg?q=70,https://www.flipkart.com/asus-vivobook-15-2026-office-2024-m365-basic-intel-core-3-14th-gen-100u-8-gb-512-gb-ssd-windows-11-home-x1504vap-bq1322ws-thin-light-laptop/p/itm8e8288a414a80?pid=COMHHAFFVHDWM5QB&lid=LSTCOMHHAFFVHDWM5QBI67SNE&marketplace=FLIPKART&q=laptop&store=6bo%2Fb5g&srno=s_14_314&otracker=search&fm=organic&iid=10ce96dc-aaaf-49d9-9083-b4951c1a71e4.COMHHAFFVHDWM5QB.SEARCH&ppt=sp&ppn=sp&ssid=vp364pcav40000001781258338782&qH=312f91285e048e09&ov_redirect=true,flipkart
"Add to CompareAcer Aspire 3 Intel Core i5 13th Gen 1334U - (16 GB/512 GB SSD/Windows 11 Home) A324-53 Thin and Light...4.31,719 Ratings&111 ReviewsIntel Core i5 Processor (13th Gen)16 GB DDR4 RAMWindows 11 Operating System512 GB SSD35.56 cm (14 Inch) Display1 Year Carry-in Warranty₹48,990₹66,99926% offUpto₹32,950Off on ExchangeBank Offer",Acer,48990.0,Intel Core I5 13Th,16.0,DDR4,512.0,SSD,Intel Iris Xe,Windows 11,15.6,1920,1080,1,https://rukminim2.flixcart.com/image/416/416/xif0q/computer/1/e/v/-original-imahg53ufd4jgtqw.jpeg?q=70,https://www.flipkart.com/acer-aspire-3-intel-core-i5-13th-gen-1334u-16-gb-512-gb-ssd-windows-11-home-a324-53-thin-light-laptop/p/itm707770fddc7e9?pid=COMH4B6CGZKHKUV3&lid=LSTCOMH4B6CGZKHKUV37HVWQK&marketplace=FLIPKART&q=laptop&store=6bo%2Fb5g&srno=s_14_315&otracker=search&fm=organic&iid=10ce96dc-aaaf-49d9-9083-b4951c1a71e4.COMH4B6CGZKHKUV3.SEARCH&ppt=sp&ppn=sp&ssid=vp364pcav40000001781258338782&qH=312f91285e048e09&ov_redirect=true,flipkart
"Add to CompareLenovo IdeaPad Slim 1 AMD Ryzen 5 Hexa Core 5500U - (16 GB/512 GB SSD/Windows 11 Home) 15ALC7 / 15ALC6...4.27,232 Ratings&585 ReviewsAMD Ryzen 5 Hexa Core Processor16 GB DDR4 RAMWindows 11 Operating System512 GB SSD39.62 cm (15.6 Inch) DisplayMicrosoft Office Home & Student 20211 Year Onsite Warranty₹53,900₹83,23835% offBank Offer",Lenovo,53900.0,Intel Core i5,16.0,DDR4,512.0,SSD,Intel Iris Xe,Windows 11,15.6,1920,1080,1,https://rukminim2.flixcart.com/image/416/416/xif0q/computer/m/o/u/-original-imahg5fxhyfzpqwy.jpeg?q=70,https://www.flipkart.com/lenovo-ideapad-slim-1-amd-ryzen-5-hexa-core-5500u-16-gb-512-gb-ssd-windows-11-home-15alc7-15alc6-thin-light-laptop/p/itm3680fb576eb7b?pid=COMGN2YDSFGGXYG3&lid=LSTCOMGN2YDSFGGXYG3WNMJCY&marketplace=FLIPKART&q=laptop&store=6bo%2Fb5g&srno=s_14_316&otracker=search&fm=organic&iid=10ce96dc-aaaf-49d9-9083-b4951c1a71e4.COMGN2YDSFGGXYG3.SEARCH&ppt=sp&ppn=sp&ssid=vp364pcav40000001781258338782&qH=312f91285e048e09&ov_redirect=true,flipkart
"Add to CompareASUS Vivobook 16 (2025), Copilot + PC with Backlit Keyboard, AI PC, Snapdragon X - (16 GB/512 GB SSD/W...4.1156 Ratings&11 ReviewsSnapdragon X Processor16 GB LPDDR5X RAMWindows 11 Home Operating System512 GB SSD40.64 cm (16 Inch) DisplayMicrosoft Office Home 2024 (Lifetime Validity ) + Microsoft 365 Basic*(1-Year Validity), One-Month Membership of Adobe Creative Cloud All Apps1 Year Onsite Warranty₹58,990₹84,99030% offBank Offer",ASUS,58990.0,Snapdragon X,16.0,LPDDR5X,512.0,SSD,Intel Iris Xe,Windows 11,15.6,1920,1080,1,https://rukminim2.flixcart.com/image/416/416/xif0q/computer/g/i/0/-original-imahg5fx22kacqjp.jpeg?q=70,https://www.flipkart.com/asus-vivobook-16-2025-copilot-pc-backlit-keyboard-ai-pc-snapdragon-x-16-gb-512-gb-ssd-windows-11-home-x1607qa-mb049ws-thin-light-laptop/p/itmaff92a0acb4ff?pid=COMH9EVGZHTHHPFH&lid=LSTCOMH9EVGZHTHHPFHXMYOFB&marketplace=FLIPKART&q=laptop&store=6bo%2Fb5g&srno=s_14_319&otracker=search&fm=organic&iid=10ce96dc-aaaf-49d9-9083-b4951c1a71e4.COMH9EVGZHTHHPFH.SEARCH&ppt=sp&ppn=sp&ssid=vp364pcav40000001781258338782&qH=312f91285e048e09&ov_redirect=true,flipkart
"Add to CompareAcer Aspire Lite AMD Ryzen 3 Quad Core 5300U - (16 GB/512 GB SSD/Windows 11 Home) AL15-41 Thin and Lig...4.11,586 Ratings&112 ReviewsAMD Ryzen 3 Quad Core Processor16 GB DDR4 RAMWindows 11 Operating System512 GB SSD39.62 cm (15.6 Inch) Display1 Year Carry-in Warranty₹48,990₹58,99016% offBank Offer",Acer,48990.0,Intel Core i5,16.0,DDR4,512.0,SSD,Intel Iris Xe,Windows 11,15.6,1920,1080,1,https://rukminim2.flixcart.com/image/416/416/xif0q/computer/b/k/d/-original-imahb2kbf2zdan3z.jpeg?q=70,https://www.flipkart.com/acer-aspire-lite-amd-ryzen-3-quad-core-5300u-16-gb-512-gb-ssd-windows-11-home-al15-41-thin-light-laptop/p/itm1bc0bcb4598e7?pid=COMH28U4WDFBUKP3&lid=LSTCOMH28U4WDFBUKP3NNYPNA&marketplace=FLIPKART&q=laptop&store=6bo%2Fb5g&srno=s_14_320&otracker=search&fm=organic&iid=10ce96dc-aaaf-49d9-9083-b4951c1a71e4.COMH28U4WDFBUKP3.SEARCH&ppt=sp&ppn=sp&ssid=vp364pcav40000001781258338782&qH=312f91285e048e09&ov_redirect=true,flipkart
"Add to CompareASUS Vivobook S14 (2025) with Office 2024 + M365 Basic*, AI PC, Backlit Keyboard, Snapdragon X - (16 G...4.51,222 Ratings&101 ReviewsSnapdragon X Processor16 GB LPDDR5X RAMWindows 11 Home Operating System512 GB SSD35.56 cm (14 Inch) DisplayMicrosoft Office Home 2024 (Lifetime Validity ) + Microsoft 365 Basic*(1-Year Validity), One-Month Membership of Adobe Creative Cloud All Apps1 Year Onsite Warranty₹65,990₹92,99029% offHot DealUpto₹42,600Off on Exchange",ASUS,65990.0,Snapdragon X,16.0,LPDDR5X,512.0,SSD,Intel Iris Xe,Windows 11,15.6,1920,1080,1,https://rukminim2.flixcart.com/image/416/416/xif0q/computer/y/l/y/-original-imahgfdfj7hkyhr6.jpeg?q=70,https://www.flipkart.com/asus-vivobook-s14-2025-office-2024-m365-basic-ai-pc-backlit-keyboard-snapdragon-x-16-gb-512-gb-ssd-windows-11-home-s3407qa-kp027ws-thin-light-laptop/p/itmafafdebe9e0fe?pid=COMH9SJ9R2XPUEKZ&lid=LSTCOMH9SJ9R2XPUEKZ5XQBHY&marketplace=FLIPKART&q=laptop&store=6bo%2Fb5g&srno=s_14_323&otracker=search&fm=organic&iid=10ce96dc-aaaf-49d9-9083-b4951c1a71e4.COMH9SJ9R2XPUEKZ.SEARCH&ppt=sp&ppn=sp&ssid=vp364pcav40000001781258338782&qH=312f91285e048e09&ov_redirect=true,flipkart
"Add to CompareASUS ExpertBook B9 Intel Core i5 10th Gen 10210U - (8 GB/512 GB SSD/Windows 10 Pro) ExpertBook B9 B945...Intel Core i5 Processor (10th Gen)8 GB LPDDR3 RAM64 bit Windows 10 Operating System512 GB SSD35.56 cm (14 Inch) Display3 Year Manufacturer Warranty on the Device and 6 Months Manufacturer Warranty on Included Accessories from the Date of Purchase₹60,999₹1,72,99064% offUpto₹42,600Off on ExchangeBank Offer",ASUS,60999.0,Intel Core I5 10Th,8.0,DDR4,512.0,SSD,Intel Iris Xe,Windows 10,15.6,1920,1080,1,https://rukminim2.flixcart.com/image/416/416/kf8kvbk0/computer/p/m/y/asus-original-imafvq2qyjm7humq.jpeg?q=70,https://www.flipkart.com/asus-expertbook-b9-intel-core-i5-10th-gen-10210u-8-gb-512-gb-ssd-windows-10-pro-b9450fa-thin-light-laptop/p/itmf985d86367b0e?pid=COMFVKZGDHAHQQ7Q&lid=LSTCOMFVKZGDHAHQQ7QOFMZZW&marketplace=FLIPKART&q=laptop&store=6bo%2Fb5g&srno=s_14_324&otracker=search&fm=organic&iid=10ce96dc-aaaf-49d9-9083-b4951c1a71e4.COMFVKZGDHAHQQ7Q.SEARCH&ppt=sp&ppn=sp&ssid=vp364pcav40000001781258338782&qH=312f91285e048e09&ov_redirect=true,flipkart
"Add to CompareAcer Aspire 15 AMD Ryzen 5 Hexa Core 7430U - (8 GB/512 GB SSD/Windows 11 Home) A325-42 Thin and Light ...4.24,016 Ratings&377 ReviewsAMD Ryzen 5 Hexa Core Processor8 GB DDR4 RAMWindows 11 Operating System512 GB SSD39.62 cm (15.6 Inch) Display1 Year Carry-in Warranty₹54,490₹68,99021% offBank Offer",Acer,54490.0,Intel Core i5,8.0,DDR4,512.0,SSD,Intel Iris Xe,Windows 11,15.6,1920,1080,1,https://rukminim2.flixcart.com/image/416/416/xif0q/computer/p/c/z/-original-imahg5fusry5atvm.jpeg?q=70,https://www.flipkart.com/acer-aspire-15-amd-ryzen-5-hexa-core-7430u-8-gb-512-gb-ssd-windows-11-home-a325-42-thin-light-laptop/p/itmdaf15e01a1d1a?pid=COMH397XVTZNMYGX&lid=LSTCOMH397XVTZNMYGXORKM4I&marketplace=FLIPKART&q=laptop&store=6bo%2Fb5g&srno=s_14_329&otracker=search&fm=organic&iid=10ce96dc-aaaf-49d9-9083-b4951c1a71e4.COMH397XVTZNMYGX.SEARCH&ppt=sp&ppn=sp&ssid=vp364pcav40000001781258338782&qH=312f91285e048e09&ov_redirect=true,flipkart
"Add to CompareLenovo IdeaPad Slim 1 AMD Ryzen 5 Hexa Core 5500U - (8 GB/512 GB SSD/Windows 11 Home) 15ACL6 | 15ALC7 ...4.27,232 Ratings&585 ReviewsAMD Ryzen 5 Hexa Core Processor8 GB DDR4 RAM64 bit Windows 11 Operating System512 GB SSD39.62 cm (15.6 Inch) DisplayOffice Home and Student 20211 Year Onsite + 1 Year Accidental Damage Protection₹51,997₹58,99011% offBank Offer",Lenovo,51997.0,Intel Core i5,8.0,DDR4,512.0,SSD,Intel Iris Xe,Windows 11,15.6,1920,1080,1,https://rukminim2.flixcart.com/image/416/416/xif0q/computer/m/o/u/-original-imahg5fxhyfzpqwy.jpeg?q=70,https://www.flipkart.com/lenovo-ideapad-slim-1-amd-ryzen-5-hexa-core-5500u-8-gb-512-gb-ssd-windows-11-home-15acl6-15alc7-2-thin-light-laptop/p/itm3680fb576eb7b?pid=COMG9VHHF6HVJPP9&lid=LSTCOMG9VHHF6HVJPP9W1OVC8&marketplace=FLIPKART&q=laptop&store=6bo%2Fb5g&srno=s_14_330&otracker=search&fm=organic&iid=10ce96dc-aaaf-49d9-9083-b4951c1a71e4.COMG9VHHF6HVJPP9.SEARCH&ppt=sp&ppn=sp&ssid=vp364pcav40000001781258338782&qH=312f91285e048e09&ov_redirect=true,flipkart
"Add to CompareDELL 14 Snapdragon X Plus - (16 GB/512 GB SSD/Windows 11 Home) 5441 Thin and Light LaptopSnapdragon X Plus Processor16 GB LPDDR5 RAMWindows 11 Operating System512 GB SSD35.56 cm (14 Inch) DisplayMy Dell (Dell Power Manager,Dell Support Assist)1 Year Onsite Hardware Service₹68,990₹1,06,53635% offLowest price in the yearUpto₹42,600Off on Exchange",Dell,68990.0,Snapdragon X Plus,16.0,LPDDR5,512.0,SSD,Intel Iris Xe,Windows 11,15.6,1920,1080,1,https://rukminim2.flixcart.com/image/416/416/xif0q/computer/z/5/v/-original-imahg4ut3hxbgygg.jpeg?q=70,https://www.flipkart.com/dell-14-snapdragon-x-plus-16-gb-512-gb-ssd-windows-11-home-5441-thin-light-laptop/p/itm26f7f5e804e70?pid=COMH9499QTDVVJXH&lid=LSTCOMH9499QTDVVJXH7PVXK2&marketplace=FLIPKART&q=laptop&store=6bo%2Fb5g&srno=s_14_334&otracker=search&fm=organic&iid=10ce96dc-aaaf-49d9-9083-b4951c1a71e4.COMH9499QTDVVJXH.SEARCH&ppt=sp&ppn=sp&ssid=vp364pcav40000001781258338782&qH=312f91285e048e09&ov_redirect=true,flipkart
"Add to CompareHP Envy x360 Intel Core i5 13th Gen 1335U - (16 GB/512 GB SSD/Windows 11 Home) 15-fe0028TU Laptop4.442 Ratings&7 ReviewsIntel Core i5 Processor (13th Gen)16 GB LPDDR5 RAMWindows 11 Operating System512 GB SSD39.62 cm (15.6 Inch) Touchscreen Display1 Year Onsite Warranty₹89,999₹1,10,24518% offHot DealUpto₹42,600Off on Exchange",HP,89999.0,Intel Core I5 13Th,16.0,LPDDR5,512.0,SSD,Intel Iris Xe,Windows 11,15.6,1920,1080,1,https://rukminim2.flixcart.com/image/416/416/xif0q/computer/y/p/y/-original-imahg5fvs8kzuhwx.jpeg?q=70,https://www.flipkart.com/hp-envy-x360-intel-core-i5-13th-gen-1335u-16-gb-512-gb-ssd-windows-11-home-15-fe0028tu-laptop/p/itm31dac27f786c9?pid=COMGQTFCQDKP8YNJ&lid=LSTCOMGQTFCQDKP8YNJGXLOUQ&marketplace=FLIPKART&q=laptop&store=6bo%2Fb5g&srno=s_14_335&otracker=search&fm=organic&iid=10ce96dc-aaaf-49d9-9083-b4951c1a71e4.COMGQTFCQDKP8YNJ.SEARCH&ppt=sp&ppn=sp&ssid=vp364pcav40000001781258338782&qH=312f91285e048e09&ov_redirect=true,flipkart
"Add to CompareAcer Swift 14 AI Intel Core Ultra 5 - (16 GB/512 GB SSD/Windows 11 Home) SF14-51 Thin and Light Laptop2.65 Ratings&1 ReviewsIntel Core Ultra 5 Processor16 GB LPDDR5X RAMWindows 11 Operating System512 GB SSD35.56 cm (14 Inch) Display1 Year Carry-in Warranty₹72,990₹1,11,99934% offUpto₹42,600Off on ExchangeBank Offer",Acer,72990.0,Intel Core Ultra 5,16.0,LPDDR5X,512.0,SSD,Intel Iris Xe,Windows 11,15.6,1920,1080,1,https://rukminim2.flixcart.com/image/416/416/xif0q/computer/6/y/c/-original-imahg5fxjwfvqskg.jpeg?q=70,https://www.flipkart.com/acer-swift-14-ai-intel-core-ultra-5-16-gb-512-gb-ssd-windows-11-home-sf14-51-thin-light-laptop/p/itm9114b2f8323b6?pid=COMH6ZKTEGY5RFCE&lid=LSTCOMH6ZKTEGY5RFCEIHVQRN&marketplace=FLIPKART&q=laptop&store=6bo%2Fb5g&srno=s_14_336&otracker=search&fm=organic&iid=10ce96dc-aaaf-49d9-9083-b4951c1a71e4.COMH6ZKTEGY5RFCE.SEARCH&ppt=sp&ppn=sp&ssid=vp364pcav40000001781258338782&qH=312f91285e048e09&ov_redirect=true,flipkart
"Add to CompareASUS ExpertBook B9 Intel Core i7 10th Gen 10510U - (16 GB/1 TB SSD/Windows 10 Pro) ExpertBook B9 B9450...33 Ratings&1 ReviewsIntel Core i7 Processor (10th Gen)16 GB LPDDR3 RAM64 bit Windows 10 Operating System1 TB SSD35.56 cm (14 Inch) Display3 Year Manufacturer Warranty on the Device and 6 Months Manufacturer Warranty on Included Accessories from the Date of Purchase₹76,999₹2,02,99062% offSuper DealsUpto₹42,600Off on Exchange",ASUS,76999.0,Intel Core I7 10Th,8.0,DDR4,512.0,SSD,Intel Iris Xe,Windows 10,15.6,1920,1080,1,https://rukminim2.flixcart.com/image/416/416/kf8kvbk0/computer/p/m/y/asus-original-imafvq2qyjm7humq.jpeg?q=70,https://www.flipkart.com/asus-expertbook-b9-intel-core-i7-10th-gen-10510u-16-gb-1-tb-ssd-windows-10-pro-b9450fa-thin-light-laptop/p/itmf985d86367b0e?pid=COMFVKZGHPRR8BKU&lid=LSTCOMFVKZGHPRR8BKU67VJDK&marketplace=FLIPKART&q=laptop&store=6bo%2Fb5g&srno=s_15_339&otracker=search&fm=organic&iid=e5b2eca7-21b1-4fcf-bc80-f731fe6f29ba.COMFVKZGHPRR8BKU.SEARCH&ppt=sp&ppn=sp&ssid=fl71lpdou80000001781258343621&qH=312f91285e048e09&ov_redirect=true,flipkart
"Add to CompareASUS Vivobook S14 OLED Intel EVO H-Series Backlit Keyboard, Intel Core i5 12th Gen 12500H - (16 GB/512...4.44,762 Ratings&445 ReviewsIntel Core i5 Processor (12th Gen)16 GB DDR4 RAM64 bit Windows 11 Operating System512 GB SSD35.56 cm (14 Inch) Display1 Year Onsite Warranty₹70,990₹98,99028% offUpto₹42,600Off on ExchangeBank Offer",ASUS,70990.0,Intel Core I5 12Th,16.0,DDR4,512.0,SSD,Intel Iris Xe,Windows 11,15.6,1920,1080,1,https://rukminim2.flixcart.com/image/416/416/xif0q/computer/g/a/h/-original-imahg533r37jz2wj.jpeg?q=70,https://www.flipkart.com/asus-vivobook-s14-oled-intel-evo-h-series-backlit-keyboard-core-i5-12th-gen-12500h-16-gb-512-gb-ssd-windows-11-home-s3402za-km501ws-thin-light-laptop/p/itm635eb6df61d1c?pid=COMGCG2GXUAAMYJF&lid=LSTCOMGCG2GXUAAMYJFOJKKYY&marketplace=FLIPKART&q=laptop&store=6bo%2Fb5g&srno=s_15_344&otracker=search&fm=organic&iid=e5b2eca7-21b1-4fcf-bc80-f731fe6f29ba.COMGCG2GXUAAMYJF.SEARCH&ppt=sp&ppn=sp&ssid=fl71lpdou80000001781258343621&qH=312f91285e048e09&ov_redirect=true,flipkart
"Add to CompareASUS Vivobook 15 (2025) (i5 14th Gen) with MSO 2024 + M365 Basic*, Backlit Keyboard, Intel Core 5 120U...4.31,656 Ratings&112 ReviewsIntel Core 5 Processor16 GB DDR4 RAMWindows 11 Home Operating System512 GB SSD39.62 cm (15.6 Inch) DisplayMicrosoft Office Home 2024 (Lifetime Validity ) + Microsoft 365 Basic*(1-Year Validity), One-Month Membership of Adobe Creative Cloud All Apps, McAfee 1 year1 Year Onsite Warranty₹59,000₹75,00021% offBank Offer",ASUS,59000.0,Intel Core i5,16.0,DDR4,512.0,SSD,Intel Iris Xe,Windows 11,15.6,1920,1080,1,https://rukminim2.flixcart.com/image/416/416/xif0q/computer/k/u/e/-original-imahcd8gzqjnp2vv.jpeg?q=70,https://www.flipkart.com/asus-vivobook-15-2025-i5-14th-gen-mso-2024-m365-basic-backlit-keyboard-intel-core-5-120u-16-gb-512-gb-ssd-windows-11-home-x1504vap-nj2862ws-x1504vap-bq224ws-thin-light-laptop/p/itm774438efecaf0?pid=COMHDG7CFDWVKYMZ&lid=LSTCOMHDG7CFDWVKYMZSGRBRE&marketplace=FLIPKART&q=laptop&store=6bo%2Fb5g&srno=s_15_345&otracker=search&fm=organic&iid=e5b2eca7-21b1-4fcf-bc80-f731fe6f29ba.COMHDG7CFDWVKYMZ.SEARCH&ppt=sp&ppn=sp&ssid=fl71lpdou80000001781258343621&qH=312f91285e048e09&ov_redirect=true,flipkart
"Add to CompareAcer Aspire 3 Intel Celeron Dual Core N4500 - (8 GB/256 GB SSD/Windows 11 Home) A325-45 Thin and Light...3.82,057 Ratings&188 ReviewsIntel Celeron Dual Core Processor8 GB LPDDR4X RAMWindows 11 Operating System256 GB SSD39.62 cm (15.6 Inch) Display1 Year Onsite Warranty₹39,500₹41,9905% offBank Offer",Acer,39500.0,Intel Celeron Dual,8.0,LPDDR4X,256.0,SSD,Intel Iris Xe,Windows 11,15.6,1920,1080,1,https://rukminim2.flixcart.com/image/416/416/xif0q/computer/d/6/p/-original-imah3yhqcgjtxfhw.jpeg?q=70,https://www.flipkart.com/acer-aspire-3-intel-celeron-dual-core-n4500-8-gb-256-gb-ssd-windows-11-home-a325-45-thin-light-laptop/p/itm9ca67a1a3ea22?pid=COMH2TPSHCGYHHH8&lid=LSTCOMH2TPSHCGYHHH8JQWNUB&marketplace=FLIPKART&q=laptop&store=6bo%2Fb5g&srno=s_15_346&otracker=search&fm=organic&iid=e5b2eca7-21b1-4fcf-bc80-f731fe6f29ba.COMH2TPSHCGYHHH8.SEARCH&ppt=sp&ppn=sp&ssid=fl71lpdou80000001781258343621&qH=312f91285e048e09&ov_redirect=true,flipkart
"Add to CompareApple MacBook Pro (M5 Pro, 2026) M5 Pro - (24 GB/1 TB SSD/Tahoe) MGDN4HN/AApple M5 Pro Processor24 GB Unified Memory RAMMac OS Operating System1 TB SSD35.56 cm (14 inch) DisplayBuilt-in Apps: App Store, Books, Calendar, Contacts, FaceTime, Find My, Freeform, GarageBand, Home, iMovie, iPhone Mirroring, Keynote, Mail, Maps, Messages, Music, Notes, Numbers, Pages, Passwords, Photo Booth, Photos, Podcasts, Preview, QuickTime Player, Reminders, Safari, Shortcuts, Stocks, Time Machine, Tips, TV, Voice Memos, Weather1 Year Limited Warranty₹2,45,990₹2,49,9001% offUpto₹42,600Off on ExchangeBank Offer",Apple,245990.0,Intel Core i5,8.0,DDR4,512.0,SSD,Intel Iris Xe,macOS,15.6,1920,1080,1,https://rukminim2.flixcart.com/image/416/416/xif0q/computer/i/g/v/-original-imahh84yn37kz3bf.jpeg?q=70,https://www.flipkart.com/apple-macbook-pro-m5-pro-2026-m5-24-gb-1-tb-ssd-tahoe-mgdn4hn-a/p/itma5bb4c395ac4b?pid=COMHH78YCT2QNTTC&lid=LSTCOMHH78YCT2QNTTCGWM32U&marketplace=FLIPKART&q=laptop&store=6bo%2Fb5g&srno=s_15_350&otracker=search&fm=organic&iid=e5b2eca7-21b1-4fcf-bc80-f731fe6f29ba.COMHH78YCT2QNTTC.SEARCH&ppt=sp&ppn=sp&ssid=fl71lpdou80000001781258343621&qH=312f91285e048e09&ov_redirect=true,flipkart
"Add to CompareHP Essential Intel Core 3 14th Gen 100U - (8 GB/512 GB SSD/Windows 11 Home) 15-FD0883TU LaptopIntel Core 3 Processor (14th Gen)8 GB DDR5 RAMWindows 11 Operating System512 GB SSD39.62 cm (15.6 inch) Display1 year on-site repair.₹50,680₹59,99015% offBank Offer",HP,50680.0,Intel Core i5,8.0,DDR5,512.0,SSD,Intel Iris Xe,Windows 11,15.6,1920,1080,1,https://rukminim2.flixcart.com/image/416/416/xif0q/computer/a/g/x/15-fd0883tu-laptop-hp-original-imahm6gzfqgydy7t.jpeg?q=70,https://www.flipkart.com/hp-essential-intel-core-3-14th-gen-100u-8-gb-512-gb-ssd-windows-11-home-15-fd0883tu-laptop/p/itmc40f050c45530?pid=COMHM6GZKBHHPWQG&lid=LSTCOMHM6GZKBHHPWQGWQRM8G&marketplace=FLIPKART&q=laptop&store=6bo%2Fb5g&srno=s_15_353&otracker=search&fm=organic&iid=e5b2eca7-21b1-4fcf-bc80-f731fe6f29ba.COMHM6GZKBHHPWQG.SEARCH&ppt=sp&ppn=sp&ssid=fl71lpdou80000001781258343621&qH=312f91285e048e09&ov_redirect=true,flipkart
"Add to CompareApple MacBook Air (M5, 2026) M5 - (16 GB/1 TB SSD/Tahoe) MDHJ4HN/A4.6434 Ratings&47 ReviewsApple M5 Processor16 GB Unified Memory RAMMac OS Operating System1 TB SSD34.54 cm (13.6 inch) DisplayBuilt-in Apps: App Store, Books, Calendar, Contacts, FaceTime, Find My, Freeform, GarageBand, Home, iMovie, iPhone Mirroring, Keynote, Mail, Maps, Messages, Music, Notes, Numbers, Pages, Passwords, Photo Booth, Photos, Podcasts, Preview, QuickTime Player, Reminders, Safari, Shortcuts, Stocks, Time Machine, Tips, TV, Voice Memos, Weather1 Year Limited Warranty₹1,34,990₹1,39,9003% offUpto₹42,600Off on ExchangeBank Offer",Apple,134990.0,Intel Core i5,8.0,DDR4,512.0,SSD,Intel Iris Xe,macOS,13.6,1920,1080,1,https://rukminim2.flixcart.com/image/416/416/xif0q/computer/z/o/p/-original-imahh84yyx45j7gp.jpeg?q=70,https://www.flipkart.com/apple-macbook-air-m5-2026-m5-16-gb-1-tb-ssd-tahoe-mdhj4hn-a/p/itmb44260ca18723?pid=COMHH78YD4WDTXZH&lid=LSTCOMHH78YD4WDTXZH1IK1GA&marketplace=FLIPKART&q=laptop&store=6bo%2Fb5g&srno=s_15_355&otracker=search&fm=organic&iid=e5b2eca7-21b1-4fcf-bc80-f731fe6f29ba.COMHH78YD4WDTXZH.SEARCH&ppt=sp&ppn=sp&ssid=fl71lpdou80000001781258343621&qH=312f91285e048e09&ov_redirect=true,flipkart
"Add to CompareAcer Aspire 7 (i5 14th Gen) Intel Core 5 210H - (16 GB/512 GB SSD/Windows 11 Home/6 GB Graphics/NVIDIA...4.4126 Ratings&12 ReviewsIntel Core 5 Processor16 GB DDR4 RAM64 bit Windows 11 Home Operating System512 GB SSD39.62 cm (15.6 Inch) Display1 Year Warranty₹83,990₹84,9991% offUpto₹42,600Off on ExchangeBank Offer",Acer,83990.0,Intel Core i5,16.0,DDR4,512.0,SSD,Intel Iris Xe,Windows 11,15.6,1920,1080,1,https://rukminim2.flixcart.com/image/416/416/xif0q/computer/x/r/h/-original-imahgfdfymbzq8ym.jpeg?q=70,https://www.flipkart.com/acer-aspire-7-i5-14th-gen-intel-core-5-210h-16-gb-512-gb-ssd-windows-11-home-6-graphics-nvidia-geforce-rtx-4050-a715-79g-gaming-laptop/p/itm96c08ed7d9792?pid=COMHEYV9AZZXC8PC&lid=LSTCOMHEYV9AZZXC8PCE20HTI&marketplace=FLIPKART&q=laptop&store=6bo%2Fb5g&srno=s_15_359&otracker=search&fm=organic&iid=e5b2eca7-21b1-4fcf-bc80-f731fe6f29ba.COMHEYV9AZZXC8PC.SEARCH&ppt=sp&ppn=sp&ssid=fl71lpdou80000001781258343621&qH=312f91285e048e09&ov_redirect=true,flipkart
"Add to CompareAcer Aspire Lite Intel Core i7 13th Gen 13620H - (16 GB/512 GB SSD/Windows 11 Home) AL15-52H Thin and ...4.351 Ratings&6 ReviewsIntel Core i7 Processor (13th Gen)16 GB LPDDR5 RAM64 bit Windows 11 Home Operating System512 GB SSD39.62 cm (15.6 Inch) Display1 Year Warranty₹68,391₹73,9907% offBank Offer",Acer,68391.0,Intel Core I7 13Th,16.0,LPDDR5,512.0,SSD,Intel Iris Xe,Windows 11,15.6,1920,1080,1,https://rukminim2.flixcart.com/image/416/416/xif0q/computer/416/416/b/al15-52h-thin-and-light-laptop-acer-original-imahduacyhfvb8m8.jpeg?q=70,https://www.flipkart.com/acer-aspire-lite-intel-core-i7-13th-gen-13620h-16-gb-512-gb-ssd-windows-11-home-al15-52h-thin-light-laptop/p/itmca7fe5d3a4b0e?pid=COMHDTEFTKBNYNYE&lid=LSTCOMHDTEFTKBNYNYEJJG5HI&marketplace=FLIPKART&q=laptop&store=6bo%2Fb5g&srno=s_15_360&otracker=search&fm=organic&iid=e5b2eca7-21b1-4fcf-bc80-f731fe6f29ba.COMHDTEFTKBNYNYE.SEARCH&ppt=sp&ppn=sp&ssid=fl71lpdou80000001781258343621&qH=312f91285e048e09&ov_redirect=true,flipkart
"Add to CompareAcer Aspire 7 (i5 14th Gen) Intel Core 5 210H - (16 GB/512 GB SSD/Windows 11 Home/6 GB Graphics/NVIDIA...4.347 Ratings&3 ReviewsIntel Core 5 Processor16 GB DDR4 RAM64 bit Windows 11 Home Operating System512 GB SSD39.62 cm (15.6 Inch) Display1 Year Warranty₹70,990₹94,99925% offBank Offer",Acer,70990.0,Intel Core i5,16.0,DDR4,512.0,SSD,Intel Iris Xe,Windows 11,15.6,1920,1080,1,https://rukminim2.flixcart.com/image/416/416/xif0q/computer/d/v/b/-original-imahjjyhfquyb7dv.jpeg?q=70,https://www.flipkart.com/acer-aspire-7-i5-14th-gen-intel-core-5-210h-16-gb-512-gb-ssd-windows-11-home-6-graphics-nvidia-geforce-rtx-3050-a715-79g-gaming-laptop/p/itm356d6c17565ef?pid=COMHGEUYN3UZFJRM&lid=LSTCOMHGEUYN3UZFJRM4GHADL&marketplace=FLIPKART&q=gaming+laptop&store=4rr%2Ftz1&srno=s_1_6&otracker=search&fm=organic&iid=en_zch-VOhLWbDjL1y5X8Edgc6hFSnBvNdgzxs3mPK5z4PTBaTNHc0Nxf5fpBUCIG3OeRGgOAlKCrrilPhgsIrDHdWey_wbzHAhPoT0DQzugO31X0FL9lyWuJgHUJ3WtaTX&ppt=sp&ppn=sp&ssid=mmkfjav2rk0000001781258348905&qH=da5ee6f53d84b3c2&ov_redirect=true,flipkart
"Add to CompareAcer Aspire 7 AMD Ryzen 5 Hexa Core 5500U - (8 GB/512 GB SSD/Windows 11 Home/4 GB Graphics/NVIDIA GeFo...4.46,680 Ratings&772 ReviewsFree upgrade to Windows 11 when availableAMD Ryzen 5 Hexa Core Processor8 GB DDR4 RAM64 bit Windows 11 Operating System512 GB SSD39.62 cm (15.6 Inch) DisplayAcer Collection , Acer Product Registration, Acer Care Center, Quick Access1 Year International Travelers Warranty (ITW)₹58,938₹88,99033% offOnly 1 leftBank Offer",Acer,58938.0,Intel Core i5,8.0,DDR4,512.0,SSD,Intel Iris Xe,Windows 11,15.6,1920,1080,1,https://rukminim2.flixcart.com/image/416/416/xif0q/computer/t/d/n/-original-imahg4uthhqjw7ur.jpeg?q=70,https://www.flipkart.com/acer-aspire-7-amd-ryzen-5-hexa-core-5500u-8-gb-512-gb-ssd-windows-11-home-4-graphics-nvidia-geforce-gtx-1650-a715-42g-a715-42g-r2ne-gaming-laptop/p/itmaae437ea23dce?pid=COMGYCG8ZBXWPYUU&lid=LSTCOMGYCG8ZBXWPYUUJOVZCC&marketplace=FLIPKART&q=gaming+laptop&store=4rr%2Ftz1&srno=s_1_7&otracker=search&fm=organic&iid=c5e28d54-57d5-4f7c-80c1-2e4ece6b4fba.COMGYCG8ZBXWPYUU.SEARCH&ppt=sp&ppn=sp&ssid=mmkfjav2rk0000001781258348905&qH=da5ee6f53d84b3c2&ov_redirect=true,flipkart
"Add to CompareASUS ROG Strix SCAR 18 (2025) AI PC with Office 2024 + M365 Basic* Intel Core Ultra 9 275HX - (64 GB/2...4.84 Ratings&1 ReviewsIntel Core Ultra 9 Processor64 GB DDR5 RAMWindows 11 Home Operating System2 TB SSD45.72 cm (18 Inch) DisplayMicrosoft Office Home 2024 (Lifetime Validity) + Microsoft 365 Basic*(1 Year Validity), McAfee 1 Year1 Year Onsite Warranty₹4,42,900₹5,09,90013% offOnly 1 leftBank Offer",ASUS,442900.0,Intel Core Ultra 9,64.0,DDR5,512.0,SSD,Intel Iris Xe,Windows 11,15.6,1920,1080,1,https://rukminim2.flixcart.com/image/416/416/xif0q/computer/g/z/h/-original-imahcymx2wza76gh.jpeg?q=70,https://www.flipkart.com/asus-rog-strix-scar-18-2025-ai-pc-office-2024-m365-basic-intel-core-ultra-9-275hx-64-gb-2-tb-ssd-windows-11-home-24-gb-graphics-nvidia-geforce-rtx-5090-240-hz-175-w-g835lx-sa187ws-gaming-laptop/p/itmaa7765cdca66e?pid=COMHBGQ4MGKVHJC8&lid=LSTCOMHBGQ4MGKVHJC8BRCF8N&marketplace=FLIPKART&q=gaming+laptop&store=4rr%2Ftz1&srno=s_1_10&otracker=search&fm=organic&iid=c5e28d54-57d5-4f7c-80c1-2e4ece6b4fba.COMHBGQ4MGKVHJC8.SEARCH&ppt=sp&ppn=sp&ssid=mmkfjav2rk0000001781258348905&qH=da5ee6f53d84b3c2&ov_redirect=true,flipkart
"Add to CompareAcer Aspire 7 Intel Core 7 240H - (16 GB/512 GB SSD/Windows 11 Home/6 GB Graphics/NVIDIA GeForce RTX 3...Intel Core 7 Processor16 GB DDR4 RAM64 bit Windows 11 Home Operating System512 GB SSD39.62 cm (15.6 inch) Display1 Year Onsite Service₹99,990₹1,49,99033% offBank Offer",Acer,99990.0,Intel Core i5,16.0,DDR4,512.0,SSD,Nvidia Geforce Rtx 3,Windows 11,15.6,1920,1080,1,https://rukminim2.flixcart.com/image/416/416/xif0q/computer/f/f/s/-original-imahgguvgsswtu7p.jpeg?q=70,https://www.flipkart.com/acer-aspire-7-intel-core-240h-16-gb-512-gb-ssd-windows-11-home-6-graphics-nvidia-geforce-rtx-3050-a715-79g-gaming-laptop/p/itm87344d76c81f6?pid=COMHMQGHMFBMGSBY&lid=LSTCOMHMQGHMFBMGSBY7TLEQG&marketplace=FLIPKART&q=gaming+laptop&store=4rr%2Ftz1&srno=s_1_17&otracker=search&fm=organic&iid=en_zch-VOhLWbDjL1y5X8Edgc6hFSnBvNdgzxs3mPK5z4MjxlmwjEEjErdN8z_zi6OAZ4o4MPHfr9cT6pMrh-IsOXJ_sqBu27Vy_CgbCoGNELL1X0FL9lyWuJgHUJ3WtaTX&ppt=sp&ppn=sp&ssid=mmkfjav2rk0000001781258348905&qH=da5ee6f53d84b3c2&ov_redirect=true,flipkart
"Add to CompareAcer Aspire 7 Intel Core 5 210H - (16 GB/512 GB SSD/Windows 11 Home/6 GB Graphics/NVIDIA GeForce RTX 3...Intel Core 5 Processor16 GB DDR4 RAM64 bit Windows 11 Home Operating System512 GB SSD39.62 cm (15.6 inch) Display1 Year Onsite Service₹84,000₹1,29,99035% offBank Offer",Acer,84000.0,Intel Core i5,16.0,DDR4,512.0,SSD,Nvidia Geforce Rtx 3,Windows 11,15.6,1920,1080,1,https://rukminim2.flixcart.com/image/416/416/xif0q/computer/m/q/e/-original-imahgguvkfxrbnxy.jpeg?q=70,https://www.flipkart.com/acer-aspire-7-intel-core-5-210h-16-gb-512-gb-ssd-windows-11-home-6-graphics-nvidia-geforce-rtx-3050-a715-79g-gaming-laptop/p/itma76d4e57926fd?pid=COMHMQGHHGBCAG4Z&lid=LSTCOMHMQGHHGBCAG4ZMUGEAB&marketplace=FLIPKART&q=gaming+laptop&store=4rr%2Ftz1&srno=s_1_22&otracker=search&fm=organic&iid=en_zch-VOhLWbDjL1y5X8Edgc6hFSnBvNdgzxs3mPK5z4MClLtor8L6HckXo3dQQwN5Q--RXoGREZJP9zuFiWuQpPmFjnVsYgrfUV_nUAz1eib1X0FL9lyWuJgHUJ3WtaTX&ppt=sp&ppn=sp&ssid=mmkfjav2rk0000001781258348905&qH=da5ee6f53d84b3c2&ov_redirect=true,flipkart
"Add to CompareAcer Aspire 7 (i7 14th Gen) Intel Core 7 240H - (16 GB/512 GB SSD/Windows 11 Home/6 GB Graphics/NVIDIA...4.223 Ratings&2 ReviewsIntel Core 7 Processor16 GB DDR4 RAM64 bit Windows 11 Home Operating System512 GB SSD39.62 cm (15.6 Inch) Display1 Year Warranty₹83,990₹99,99916% offBank Offer",Acer,83990.0,Intel Core i5,16.0,DDR4,512.0,SSD,Intel Iris Xe,Windows 11,15.6,1920,1080,1,https://rukminim2.flixcart.com/image/416/416/xif0q/computer/f/f/s/-original-imahgguvgsswtu7p.jpeg?q=70,https://www.flipkart.com/acer-aspire-7-i7-14th-gen-intel-core-240h-16-gb-512-gb-ssd-windows-11-home-6-graphics-nvidia-geforce-rtx-4050-a715-79g-gaming-laptop/p/itm8644855564b16?pid=COMHGEUYS4ZYZU3R&lid=LSTCOMHGEUYS4ZYZU3RVLUMJZ&marketplace=FLIPKART&q=gaming+laptop&store=4rr%2Ftz1&srno=s_2_33&otracker=search&fm=organic&iid=03dc550f-00e7-4a5e-84a5-97e9b58d5e30.COMHGEUYS4ZYZU3R.SEARCH&ppt=sp&ppn=sp&ssid=5fcvzi1jb40000001781258354932&qH=da5ee6f53d84b3c2&ov_redirect=true,flipkart
"Add to CompareLenovo Legion 5 2025 AMD Ryzen 7 Octa Core 260 - (16 GB/1 TB SSD/Windows 11 Home/8 GB Graphics/NVIDIA ...4.545 Ratings&12 ReviewsAMD Ryzen 7 Octa Core Processor16 GB DDR5 RAM64 bit Windows 11 Home Operating System1 TB SSD39.62 cm (15.6 Inch) DisplayOffice Home 2024 + Lenovo AI Now1 Year Limited Warranty₹1,69,990₹1,92,39011% offBank Offer",Lenovo,169990.0,Intel Core i5,16.0,DDR5,512.0,SSD,Intel Iris Xe,Windows 11,15.6,1920,1080,1,https://rukminim2.flixcart.com/image/416/416/xif0q/computer/r/2/m/-original-imahhmfydkmzrhej.jpeg?q=70,https://www.flipkart.com/lenovo-legion-5-2025-amd-ryzen-7-octa-core-260-16-gb-1-tb-ssd-windows-11-home-8-gb-graphics-nvidia-geforce-rtx-5050-165-hz-15ahp10-gaming-laptop/p/itm3a446b6477fd2?pid=COMHHE2YY9XRFGFP&lid=LSTCOMHHE2YY9XRFGFPX5DZKF&marketplace=FLIPKART&q=gaming+laptop&store=4rr%2Ftz1&srno=s_2_39&otracker=search&fm=organic&iid=03dc550f-00e7-4a5e-84a5-97e9b58d5e30.COMHHE2YY9XRFGFP.SEARCH&ppt=sp&ppn=sp&ssid=5fcvzi1jb40000001781258354932&qH=da5ee6f53d84b3c2&ov_redirect=true,flipkart
"Add to CompareAcer Aspire 7 (i5 14th Gen) Intel Core 5 210H - (16 GB/512 GB SSD/Windows 11 Home/6 GB Graphics/NVIDIA...4.4126 Ratings&12 ReviewsIntel Core 5 Processor16 GB DDR4 RAM64 bit Windows 11 Home Operating System512 GB SSD39.62 cm (15.6 Inch) Display1 Year Warranty₹83,990₹84,9991% offBank Offer",Acer,83990.0,Intel Core i5,16.0,DDR4,512.0,SSD,Intel Iris Xe,Windows 11,15.6,1920,1080,1,https://rukminim2.flixcart.com/image/416/416/xif0q/computer/x/r/h/-original-imahgfdfymbzq8ym.jpeg?q=70,https://www.flipkart.com/acer-aspire-7-i5-14th-gen-intel-core-5-210h-16-gb-512-gb-ssd-windows-11-home-6-graphics-nvidia-geforce-rtx-4050-a715-79g-gaming-laptop/p/itm96c08ed7d9792?pid=COMHEYV9AZZXC8PC&lid=LSTCOMHEYV9AZZXC8PCE20HTI&marketplace=FLIPKART&q=gaming+laptop&store=4rr%2Ftz1&srno=s_2_43&otracker=search&fm=organic&iid=03dc550f-00e7-4a5e-84a5-97e9b58d5e30.COMHEYV9AZZXC8PC.SEARCH&ppt=sp&ppn=sp&ssid=5fcvzi1jb40000001781258354932&qH=da5ee6f53d84b3c2&ov_redirect=true,flipkart
"Add to CompareAcer Aspire 7 Intel Core i5 12th Gen 12450H - (8 GB/512 GB SSD/Windows 11 Home/4 GB Graphics/NVIDIA Ge...4.23,927 Ratings&308 ReviewsIntel Core i5 Processor (12th Gen)8 GB DDR4 RAMWindows 11 Operating System512 GB SSD39.62 cm (15.6 Inch) Display1 Year Onsite Warranty₹41,990₹83,99950% offLowest price in the yearOnly 3 left",Acer,41990.0,Intel Core I5 12Th,8.0,DDR4,512.0,SSD,Intel Iris Xe,Windows 11,15.6,1920,1080,1,https://rukminim2.flixcart.com/image/416/416/xif0q/computer/c/i/q/-original-imahg5fxrxmyynwg.jpeg?q=70,https://www.flipkart.com/acer-aspire-7-intel-core-i5-12th-gen-12450h-8-gb-512-gb-ssd-windows-11-home-4-graphics-nvidia-geforce-rtx-2050-a715-76g-59wg-gaming-laptop/p/itm45fad0c290245?pid=COMGRHJUAHMRWTHH&lid=LSTCOMGRHJUAHMRWTHHCS64PV&marketplace=FLIPKART&q=gaming+laptop&store=4rr%2Ftz1&srno=s_3_59&otracker=search&fm=organic&iid=fa8379f8-6fb4-40ae-81f4-a8f79b66657f.COMGRHJUAHMRWTHH.SEARCH&ppt=sp&ppn=sp&ssid=8aaa7rf1yo0000001781258359299&qH=da5ee6f53d84b3c2&ov_redirect=true,flipkart
"Add to CompareASUS ROG Strix SCAR 16 (2025) with Office 2024 + M365 Basic* Intel Core Ultra 9 275HX - (32 GB/2 TB SS...4.84 Ratings&1 ReviewsIntel Core Ultra 9 Processor32 GB DDR5 RAMWindows 11 Home Operating System2 TB SSD40.64 cm (16 Inch) DisplayMicrosoft Office Home 2024 (Lifetime Validity) + Microsoft 365 Basic*(1 Year Validity), McAfee 1 Year1 Year Onsite Warranty₹4,49,990₹4,79,9906% offOnly few leftBank Offer",ASUS,449990.0,Intel Core Ultra 9,32.0,DDR5,512.0,SSD,Intel Iris Xe,Windows 11,15.6,1920,1080,1,https://rukminim2.flixcart.com/image/416/416/xif0q/computer/3/u/z/-original-imahcymxpf6nkhxr.jpeg?q=70,https://www.flipkart.com/asus-rog-strix-scar-16-2025-office-2024-m365-basic-intel-core-ultra-9-275hx-32-gb-2-tb-ssd-windows-11-home-24-gb-graphics-nvidia-geforce-rtx-5090-240-hz-175-w-g635lx-rw158ws-gaming-laptop/p/itm6e6ad258bd7a5?pid=COMHBGQ4J2UVNKX8&lid=LSTCOMHBGQ4J2UVNKX8ALTCTL&marketplace=FLIPKART&q=gaming+laptop&store=4rr%2Ftz1&srno=s_3_64&otracker=search&fm=organic&iid=fa8379f8-6fb4-40ae-81f4-a8f79b66657f.COMHBGQ4J2UVNKX8.SEARCH&ppt=sp&ppn=sp&ssid=8aaa7rf1yo0000001781258359299&qH=da5ee6f53d84b3c2&ov_redirect=true,flipkart
"TrendingAdd to CompareInfinix GT Book Intel Core i5 12th Gen 12450H - (16 GB/512 GB SSD/Windows 11 Home/6 GB Graphics/NVIDIA...4.3716 Ratings&107 ReviewsIntel Core i5 Processor (12th Gen)16 GB LPDDR5 RAMWindows 11 Operating System512 GB SSD40.64 cm (16 Inch) DisplayControl Center1 Year Domestic Onsite Warranty On Laptop and 6 Months On Adapter₹64,990₹99,99035% offOnly 1 leftBank Offer",Infinix,64990.0,Intel Core I5 12Th,16.0,LPDDR5,512.0,SSD,Intel Iris Xe,Windows 11,15.6,1920,1080,1,https://rukminim2.flixcart.com/image/416/416/xif0q/computer/s/8/w/-original-imahg4uv8htxfdpx.jpeg?q=70,https://www.flipkart.com/infinix-gt-book-intel-core-i5-12th-gen-12450h-16-gb-512-gb-ssd-windows-11-home-6-graphics-nvidia-geforce-rtx-3050-80-w-gl613-gaming-laptop/p/itmc9e44d5a9f6c4?pid=COMHYS44DKVFUFVS&lid=LSTCOMHYS44DKVFUFVS2KZG86&marketplace=FLIPKART&q=gaming+laptop&store=4rr%2Ftz1&spotlightTagId=default_TrendingId_4rr%2Ftz1&srno=s_4_73&otracker=search&fm=organic&iid=6c8dcfaa-ece3-4dd8-9b0a-db542b72a6dc.COMHYS44DKVFUFVS.SEARCH&ppt=sp&ppn=sp&ssid=70rx5705400000001781258366192&qH=da5ee6f53d84b3c2&ov_redirect=true,flipkart
"Add to CompareLenovo Legion Pro 5 WQXGA OLED Intel Core Ultra 9 275HX - (32 GB/1 TB SSD/Windows 11 Home/12 GB Graphi...55 Ratings&0 ReviewsIntel Core Ultra 9 Processor32 GB DDR5 RAMWindows 11 Home Operating System1 TB SSD40.64 cm (16 inch) DisplayOffice Home 2024 + Lenovo AI Now1 Year Onsite Service₹2,80,990₹3,14,19010% offBank Offer",Lenovo,280990.0,Intel Core Ultra 9,32.0,DDR5,512.0,SSD,Intel Iris Xe,Windows 11,15.6,1920,1080,1,https://rukminim2.flixcart.com/image/416/416/xif0q/computer/t/k/f/-original-imahhvcvhvhtzwrx.jpeg?q=70,https://www.flipkart.com/lenovo-legion-pro-5-wqxga-oled-intel-core-ultra-9-275hx-32-gb-1-tb-ssd-windows-11-home-12-gb-graphics-nvidia-geforce-rtx-5070-ti-16iax10h-gaming-laptop/p/itmde4f9c636b66d?pid=COMHHDHYZZTRYPT9&lid=LSTCOMHHDHYZZTRYPT92YCDJD&marketplace=FLIPKART&q=gaming+laptop&store=4rr%2Ftz1&srno=s_4_85&otracker=search&fm=organic&iid=6c8dcfaa-ece3-4dd8-9b0a-db542b72a6dc.COMHHDHYZZTRYPT9.SEARCH&ppt=sp&ppn=sp&ssid=70rx5705400000001781258366192&qH=da5ee6f53d84b3c2&ov_redirect=true,flipkart
"Add to CompareASUS ROG Strix G16 Intel Core i7 13th Gen 13650HX - (16 GB/1 TB SSD/Windows 11 Home/6 GB Graphics/NVID...4.5178 Ratings&16 ReviewsIntel Core i7 Processor (13th Gen)16 GB DDR5 RAMWindows 11 Home Operating System1 TB SSD40.64 cm (16 Inch) DisplayMicrosoft Office Home 2024 + Microsoft 365 Basic1 Year Onsite Warranty₹1,38,900₹1,53,9909% offOnly 1 leftBank Offer",ASUS,138900.0,Intel Core I7 13Th,16.0,DDR5,512.0,SSD,Intel Iris Xe,Windows 11,15.6,1920,1080,1,https://rukminim2.flixcart.com/image/416/416/xif0q/computer/n/8/r/-original-imahg53u88btf8ny.jpeg?q=70,https://www.flipkart.com/asus-rog-strix-g16-intel-core-i7-13th-gen-13650hx-16-gb-1-tb-ssd-windows-11-home-6-gb-graphics-nvidia-geforce-rtx-4050-165-hz-g614ju-n4200ws-gaming-laptop/p/itmba9dc9051be27?pid=COMH9499GG8CVCXM&lid=LSTCOMH9499GG8CVCXMELIXVX&marketplace=FLIPKART&q=gaming+laptop&store=4rr%2Ftz1&srno=s_4_89&otracker=search&fm=organic&iid=6c8dcfaa-ece3-4dd8-9b0a-db542b72a6dc.COMH9499GG8CVCXM.SEARCH&ppt=sp&ppn=sp&ssid=70rx5705400000001781258366192&qH=da5ee6f53d84b3c2&ov_redirect=true,flipkart
"Add to CompareLenovo Legion 7 WQXGA OLED Intel Core Ultra 9 275HX - (32 GB/1 TB SSD/Windows 11 Home/8 GB Graphics/NV...Intel Core Ultra 9 Processor32 GB DDR5 RAMWindows 11 Home Operating System1 TB SSD40.64 cm (16 inch) DisplayOffice Home 2024 + Lenovo AI Now1 Year Onsite Service₹2,42,490₹2,86,19015% offBank Offer",Lenovo,242490.0,Intel Core Ultra 9,32.0,DDR5,512.0,SSD,Intel Iris Xe,Windows 11,15.6,1920,1080,1,https://rukminim2.flixcart.com/image/416/416/xif0q/computer/s/d/k/-original-imahm8e9z5frjmbh.jpeg?q=70,https://www.flipkart.com/lenovo-legion-7-wqxga-oled-intel-core-ultra-9-275hx-32-gb-1-tb-ssd-windows-11-home-8-gb-graphics-nvidia-geforce-rtx-5060-16iax10-gaming-laptop/p/itmfec58f35c0189?pid=COMHHDHYREGWYFHX&lid=LSTCOMHHDHYREGWYFHX3BK5UL&marketplace=FLIPKART&q=gaming+laptop&store=4rr%2Ftz1&srno=s_4_93&otracker=search&fm=organic&iid=6c8dcfaa-ece3-4dd8-9b0a-db542b72a6dc.COMHHDHYREGWYFHX.SEARCH&ppt=sp&ppn=sp&ssid=70rx5705400000001781258366192&qH=da5ee6f53d84b3c2&ov_redirect=true,flipkart
"Add to CompareASUS ROG Zephyrus G14 (2025) with Office 2024 + M365 Basic* AMD Ryzen 9 Octa Core - (16 GB/1 TB SSD/Wi...4.115 Ratings&0 ReviewsAMD Ryzen 9 Octa Core Processor16 GB LPDDR5X RAMWindows 11 Home Operating System1 TB SSD35.56 cm (14 Inch) DisplayMicrosoft Office Home 2024 (Lifetime Validity ) + Microsoft 365 Basic*(1-Year Validity), , McAfee 1 year, Xbox Game Pass for 3 months1 Year Onsite Warranty₹1,72,990₹2,21,99022% offSuper DealsBank Offer",ASUS,172990.0,Intel Core i5,16.0,LPDDR5X,512.0,SSD,Intel Iris Xe,Windows 11,15.6,1920,1080,1,https://rukminim2.flixcart.com/image/416/416/xif0q/computer/s/m/t/-original-imahgfdfqypk5r4f.jpeg?q=70,https://www.flipkart.com/asus-rog-zephyrus-g14-2025-office-2024-m365-basic-amd-ryzen-9-octa-core-16-gb-1-tb-ssd-windows-11-home-8-gb-graphics-nvidia-geforce-rtx-5060-120-hz-ga403um-qs007ws-gaming-laptop/p/itmc27e5f0f69f3c?pid=COMHCQ4KNHF9Q8AY&lid=LSTCOMHCQ4KNHF9Q8AYA9R8S2&marketplace=FLIPKART&q=gaming+laptop&store=4rr%2Ftz1&srno=s_4_96&otracker=search&fm=organic&iid=6c8dcfaa-ece3-4dd8-9b0a-db542b72a6dc.COMHCQ4KNHF9Q8AY.SEARCH&ppt=sp&ppn=sp&ssid=70rx5705400000001781258366192&qH=da5ee6f53d84b3c2&ov_redirect=true,flipkart
"Add to CompareASUS ROG Strix G16 (2025) with Office 2024 + M365 Basic* AMD Ryzen 9 16 Core 8940HX - (16 GB/1 TB SSD/...4.738 Ratings&4 ReviewsAMD Ryzen 9 16 Core Processor16 GB DDR5 RAMWindows 11 Home Operating System1 TB SSD40.64 cm (16 Inch) DisplayMicrosoft Office Home 2024 (Lifetime Validity) + Microsoft 365 Basic*(1 Year Validity), McAfee 1 Year1 Year Onsite Warranty₹2,39,990Only few leftBank Offer",ASUS,239990.0,Amd Ryzen 9 16,16.0,DDR5,512.0,SSD,Intel Iris Xe,Windows 11,15.6,1920,1080,1,https://rukminim2.flixcart.com/image/416/416/xif0q/computer/e/m/7/-original-imahcymx2h6teg2g.jpeg?q=70,https://www.flipkart.com/asus-rog-strix-g16-2025-office-2024-m365-basic-amd-ryzen-9-16-core-8940hx-16-gb-1-tb-ssd-windows-11-home-12-gb-graphics-nvidia-geforce-rtx-5070-ti-165-hz-140-w-g614pr-rv032ws-gaming-laptop/p/itm2ba68f87808a6?pid=COMHBGQ4EJZZCR3C&lid=LSTCOMHBGQ4EJZZCR3CXTJZB9&marketplace=FLIPKART&q=gaming+laptop&store=4rr%2Ftz1&srno=s_5_104&otracker=search&fm=organic&iid=aaf3a7fd-a283-4e0b-b35a-7f578889606d.COMHBGQ4EJZZCR3C.SEARCH&ppt=sp&ppn=sp&ssid=4a2omgnvyo0000001781258372628&qH=da5ee6f53d84b3c2&ov_redirect=true,flipkart
"Add to CompareASUS ROG Strix G15 AMD Ryzen 7 Octa Core 6800HS - (16 GB/512 GB SSD/Windows 11 Home/4 GB Graphics/NVID...4.4276 Ratings&33 ReviewsAMD Ryzen 7 Octa Core Processor16 GB DDR5 RAM64 bit Windows 11 Operating System512 GB SSD39.62 cm (15.6 Inch) Display1 Year Onsite Warranty₹99,990₹1,28,99022% offOnly 1 leftBank Offer",ASUS,99990.0,Intel Core i5,16.0,DDR5,512.0,SSD,Intel Iris Xe,Windows 11,15.6,1920,1080,1,https://rukminim2.flixcart.com/image/416/416/l0vbukw0/computer/8/e/j/-original-imagckcffymgykfd.jpeg?q=70,https://www.flipkart.com/asus-rog-strix-g15-amd-ryzen-7-octa-core-6800hs-16-gb-512-gb-ssd-windows-11-home-4-graphics-nvidia-geforce-rtx-3050-144-hz-g513rc-hn062w-gaming-laptop/p/itm469d69cbde96c?pid=COMGCYCEGHGCPEDJ&lid=LSTCOMGCYCEGHGCPEDJ3ACAUE&marketplace=FLIPKART&q=gaming+laptop&store=4rr%2Ftz1&srno=s_5_119&otracker=search&fm=organic&iid=aaf3a7fd-a283-4e0b-b35a-7f578889606d.COMGCYCEGHGCPEDJ.SEARCH&ppt=sp&ppn=sp&ssid=4a2omgnvyo0000001781258372628&qH=da5ee6f53d84b3c2&ov_redirect=true,flipkart
"Add to CompareASUS Vivobook 16X (2025) with Office 2024 + M365 Basic* Intel Core i5 13th Gen 13420H - (16 GB/512 GB ...4.31,641 Ratings&97 ReviewsIntel Core i5 Processor (13th Gen)16 GB DDR4 RAMWindows 11 Home Operating System512 GB SSD40.64 cm (16 Inch) DisplayMicrosoft Office Home 2024 (Lifetime Validity ) + Microsoft 365 Basic*(1-Year Validity), One-Month Membership of Adobe Creative Cloud All Apps, McAfee 1 year1 Year Onsite Warranty₹82,657₹89,9908% offOnly 2 leftBank Offer",ASUS,82657.0,Intel Core I5 13Th,16.0,DDR4,512.0,SSD,Intel Iris Xe,Windows 11,15.6,1920,1080,1,https://rukminim2.flixcart.com/image/416/416/xif0q/computer/k/1/o/-original-imahgfdf5f9uyzwh.jpeg?q=70,https://www.flipkart.com/asus-vivobook-16x-2025-office-2024-m365-basic-intel-core-i5-13th-gen-13420h-16-gb-512-gb-ssd-windows-11-home-4-graphics-nvidia-geforce-rtx-3050-144-hz-k3605vc-rp412ws-gaming-laptop/p/itm9e70454315f97?pid=COMH9SJ93FGQFGAW&lid=LSTCOMH9SJ93FGQFGAWOYLNCC&marketplace=FLIPKART&q=gaming+laptop&store=4rr%2Ftz1&srno=s_6_123&otracker=search&fm=organic&iid=3531f32e-173e-47e4-9766-e563f18181e4.COMH9SJ93FGQFGAW.SEARCH&ppt=sp&ppn=sp&ssid=wpgke3efhc0000001781258378172&qH=da5ee6f53d84b3c2&ov_redirect=true,flipkart
"Add to CompareLenovo Ideapad Gaming 3 AMD Ryzen 5 4600H - (12 GB/512 GB SSD/Windows 11 Home/4 GB Graphics/NVIDIA GeF...AMD Ryzen 5 Processor12 GB LPDDR5 RAM64 bit Windows 11 Operating System512 GB SSD39.62 cm (15.6 Inch) DisplayOFFICE H&S 20241 Year Onsite Warranty₹73,990₹83,99011% offOnly 2 leftBank Offer",Lenovo,73990.0,Amd Ryzen 5 4600H,12.0,LPDDR5,512.0,SSD,Intel Iris Xe,Windows 11,15.6,1920,1080,1,https://rukminim2.flixcart.com/image/416/416/xif0q/computer/416/416/a/15arp9-gaming-laptop-lenovo-original-imahk325aawg9tjh.jpeg?q=70,https://www.flipkart.com/lenovo-ideapad-gaming-3-amd-ryzen-5-4600h-12-gb-512-gb-ssd-windows-11-home-4-graphics-nvidia-geforce-gtx-3050a-60-hz-15arp9-laptop/p/itm4e1df4acad000?pid=COMHK325DRFTGSFH&lid=LSTCOMHK325DRFTGSFHNZKVGL&marketplace=FLIPKART&q=gaming+laptop&store=4rr%2Ftz1&srno=s_6_124&otracker=search&fm=organic&iid=3531f32e-173e-47e4-9766-e563f18181e4.COMHK325DRFTGSFH.SEARCH&ppt=sp&ppn=sp&ssid=wpgke3efhc0000001781258378172&qH=da5ee6f53d84b3c2&ov_redirect=true,flipkart
"Add to CompareASUS Vivobook Pro 15 For Creator, AMD Ryzen 7 Octa Core 5800HS - (16 GB/512 GB SSD/Windows 11 Home/4 G...AMD Ryzen 7 Octa Core Processor16 GB DDR4 RAMWindows 11 Operating System512 GB SSD39.62 cm (15.6 inch) Display1 Year Onsite Warranty₹69,900₹89,99022% offOnly 1 leftBank Offer",ASUS,69900.0,Intel Core i5,16.0,DDR4,512.0,SSD,Intel Iris Xe,Windows 11,15.6,1920,1080,1,https://rukminim2.flixcart.com/image/416/416/xif0q/computer/9/k/t/m6500qf-hn741ws-gaming-laptop-asus-original-imahhwcjpfqjbd5n.jpeg?q=70,https://www.flipkart.com/asus-vivobook-pro-15-creator-amd-ryzen-7-octa-core-5800hs-16-gb-512-gb-ssd-windows-11-home-4-graphics-nvidia-geforce-rtx-2050-144-hz-50-w-m6500qf-hn741ws-gaming-laptop/p/itmf62d6f5927429?pid=COMHHWCKAWMUJSGA&lid=LSTCOMHHWCKAWMUJSGAHIZYPX&marketplace=FLIPKART&q=gaming+laptop&store=4rr%2Ftz1&srno=s_6_125&otracker=search&fm=organic&iid=3531f32e-173e-47e4-9766-e563f18181e4.COMHHWCKAWMUJSGA.SEARCH&ppt=sp&ppn=sp&ssid=wpgke3efhc0000001781258378172&qH=da5ee6f53d84b3c2&ov_redirect=true,flipkart
"Add to CompareAcer Aspire 7 Intel Core i5 13th Gen 13420H - (8 GB/512 GB SSD/Windows 11 Home/4 GB Graphics/NVIDIA Ge...4.32,478 Ratings&173 ReviewsIntel Core i5 Processor (13th Gen)8 GB DDR4 RAMWindows 11 Operating System512 GB SSD39.62 cm (15.6 Inch) Display1 Year Onsite Warranty₹57,990₹79,99927% offOnly 1 leftBank Offer",Acer,57990.0,Intel Core I5 13Th,8.0,DDR4,512.0,SSD,Intel Iris Xe,Windows 11,15.6,1920,1080,1,https://rukminim2.flixcart.com/image/416/416/xif0q/computer/q/r/y/-original-imahg53uzqygvzdc.jpeg?q=70,https://www.flipkart.com/acer-aspire-7-intel-core-i5-13th-gen-13420h-8-gb-512-gb-ssd-windows-11-home-4-graphics-nvidia-geforce-rtx-2050-a715-79g-gaming-laptop/p/itm8208102c97f99?pid=COMH3G96CZNHARJZ&lid=LSTCOMH3G96CZNHARJZXFO1SF&marketplace=FLIPKART&q=gaming+laptop&store=4rr%2Ftz1&srno=s_6_129&otracker=search&fm=organic&iid=3531f32e-173e-47e4-9766-e563f18181e4.COMH3G96CZNHARJZ.SEARCH&ppt=sp&ppn=sp&ssid=wpgke3efhc0000001781258378172&qH=da5ee6f53d84b3c2&ov_redirect=true,flipkart
"Add to CompareASUS ROG Strix SCAR 16 with 90WHr Battery Intel HX-Series Intel Core i9 13th Gen 13980HX - (32 GB/1 TB...Intel Core i9 Processor (13th Gen)32 GB DDR5 RAMWindows 11 Operating System1 TB SSD40.64 cm (16 Inch) Display1 Year Onsite Warranty₹3,35,451₹4,07,99017% offLowest price since launchOnly 1 left",ASUS,335451.0,Intel Core I9 13Th,32.0,DDR5,512.0,SSD,Intel Iris Xe,Windows 11,15.6,1920,1080,1,https://rukminim2.flixcart.com/image/416/416/xif0q/computer/p/7/p/-original-imahcyp6tdbzxehq.jpeg?q=70,https://www.flipkart.com/asus-rog-strix-scar-16-90whr-battery-intel-hx-series-core-i9-13th-gen-13980hx-32-gb-1-tb-ssd-windows-11-home-16-gb-graphics-nvidia-geforce-rtx-4090-240-hz-175-tgp-g634jy-nm054ws-gaming-laptop/p/itm3fb7e1656ad58?pid=COMGMXGVHCR5GR96&lid=LSTCOMGMXGVHCR5GR96Y1H7H4&marketplace=FLIPKART&q=gaming+laptop&store=4rr%2Ftz1&srno=s_6_134&otracker=search&fm=organic&iid=3531f32e-173e-47e4-9766-e563f18181e4.COMGMXGVHCR5GR96.SEARCH&ppt=sp&ppn=sp&ssid=wpgke3efhc0000001781258378172&qH=da5ee6f53d84b3c2&ov_redirect=true,flipkart
"Add to CompareASUS ROG Strix G15 AMD Ryzen 7 Octa Core 4800H - (8 GB/512 GB SSD/Windows 11 Home/4 GB Graphics/NVIDIA...4.51,385 Ratings&170 ReviewsAMD Ryzen 7 Octa Core Processor8 GB DDR4 RAM64 bit Windows 11 Operating System512 GB SSD39.62 cm (15.6 Inch) Display1 Year Onsite Warranty₹85,990₹1,08,00020% offOnly 1 leftBank Offer",ASUS,85990.0,Intel Core i5,8.0,DDR4,512.0,SSD,Intel Iris Xe,Windows 11,15.6,1920,1080,1,https://rukminim2.flixcart.com/image/416/416/xif0q/computer/a/z/4/-original-imahg4uthgfhjrxq.jpeg?q=70,https://www.flipkart.com/asus-rog-strix-g15-amd-ryzen-7-octa-core-4800h-8-gb-512-gb-ssd-windows-11-home-4-graphics-nvidia-geforce-rtx-3050-144-hz-g513ic-hn025w-gaming-laptop/p/itm6c78207201c3f?pid=COMGAD9VKCWK8CZU&lid=LSTCOMGAD9VKCWK8CZUUNQ7SM&marketplace=FLIPKART&q=gaming+laptop&store=4rr%2Ftz1&srno=s_6_135&otracker=search&fm=organic&iid=3531f32e-173e-47e4-9766-e563f18181e4.COMGAD9VKCWK8CZU.SEARCH&ppt=sp&ppn=sp&ssid=wpgke3efhc0000001781258378172&qH=da5ee6f53d84b3c2&ov_redirect=true,flipkart
"Add to CompareASUS ROG Zephyrus G16 (2024) - AI PC, with 90W battery, AMD Ryzen AI 9 12 Core HX 370 - (32 GB/2 TB SS...2.77 Ratings&0 ReviewsAMD Ryzen AI 9 12 Core Processor32 GB LPDDR5X RAMWindows 11 Operating System2 TB SSD40.64 cm (16 Inch) DisplayMicrosoft Office Home & Student 2021, McAfee® 1 year, Xbox Game Pass Ultimate_3 months1 Year Onsite Warranty₹1,99,900₹2,99,90033% offOnly 1 leftBank Offer",ASUS,199900.0,Intel Core i5,32.0,LPDDR5X,512.0,SSD,Intel Iris Xe,Windows 11,15.6,1920,1080,1,https://rukminim2.flixcart.com/image/416/416/xif0q/computer/a/k/p/-original-imahg4utzg7j7zpd.jpeg?q=70,https://www.flipkart.com/asus-rog-zephyrus-g16-2024-ai-pc-90w-battery-amd-ryzen-9-12-core-hx-370-32-gb-2-tb-ssd-windows-11-home-8-gb-graphics-nvidia-geforce-rtx-4070-240-hz-105-w-ga605wi-qr067ws-gaming-laptop/p/itm05cd7892062fa?pid=COMH2XBQSK8VGX54&lid=LSTCOMH2XBQSK8VGX54LA33EL&marketplace=FLIPKART&q=gaming+laptop&store=4rr%2Ftz1&srno=s_6_140&otracker=search&fm=organic&iid=3531f32e-173e-47e4-9766-e563f18181e4.COMH2XBQSK8VGX54.SEARCH&ppt=sp&ppn=sp&ssid=wpgke3efhc0000001781258378172&qH=da5ee6f53d84b3c2&ov_redirect=true,flipkart
"Add to CompareASUS ROG Zephyrus M16 with 90Whr Battery Intel Core i9 12th Gen 12900H - (32 GB/2 TB SSD/Windows 11 Ho...Intel Core i9 Processor (12th Gen)32 GB DDR5 RAM64 bit Windows 11 Operating System2 TB SSD40.64 cm (16 Inch) Display1 Year Onsite Warranty₹3,05,243₹3,95,99022% offOnly 1 leftBank Offer",ASUS,305243.0,Intel Core I9 12Th,32.0,DDR5,512.0,SSD,Intel Iris Xe,Windows 11,15.6,1920,1080,1,https://rukminim2.flixcart.com/image/416/416/l1dwknk0/computer/9/h/w/-original-imagcyqrxezssnue.jpeg?q=70,https://www.flipkart.com/asus-rog-zephyrus-m16-90whr-battery-intel-core-i9-12th-gen-12900h-32-gb-2-tb-ssd-windows-11-home-16-gb-graphics-nvidia-geforce-rtx-3080-ti-165-hz-gu603zx-k8024ws-gaming-laptop/p/itm4308b4345bc81?pid=COMGCRV6RZ4TEEDK&lid=LSTCOMGCRV6RZ4TEEDKHMHFSF&marketplace=FLIPKART&q=gaming+laptop&store=4rr%2Ftz1&srno=s_7_159&otracker=search&fm=organic&iid=3b895368-16b0-43d9-a68e-f0cf2fa05aea.COMGCRV6RZ4TEEDK.SEARCH&ppt=sp&ppn=sp&ssid=aoqsu6u57k0000001781258383119&qH=da5ee6f53d84b3c2&ov_redirect=true,flipkart
"Add to CompareASUS ROG Strix G18 with 90WHr Battery Intel HX-Series Intel Core i7 13th Gen 13650HX - (16 GB/1 TB SSD...4.610 Ratings&1 ReviewsIntel Core i7 Processor (13th Gen)16 GB DDR5 RAMWindows 11 Operating System1 TB SSD45.72 cm (18 Inch) Display1 Year Onsite Warranty₹1,79,900₹2,03,99011% offOnly 1 leftBank Offer",ASUS,179900.0,Intel Core I7 13Th,16.0,DDR5,512.0,SSD,Intel Iris Xe,Windows 11,15.6,1920,1080,1,https://rukminim2.flixcart.com/image/416/416/xif0q/computer/v/6/k/-original-imahcyp7h9f6hjd6.jpeg?q=70,https://www.flipkart.com/asus-rog-strix-g18-90whr-battery-intel-hx-series-core-i7-13th-gen-13650hx-16-gb-1-tb-ssd-windows-11-home-8-gb-graphics-nvidia-geforce-rtx-4060-165-hz-140-tgp-g814jv-n5063ws-gaming-laptop/p/itmb7399d7906069?pid=COMGPFPCRZKCNTZT&lid=LSTCOMGPFPCRZKCNTZTC0ZCFW&marketplace=FLIPKART&q=gaming+laptop&store=4rr%2Ftz1&srno=s_7_163&otracker=search&fm=organic&iid=3b895368-16b0-43d9-a68e-f0cf2fa05aea.COMGPFPCRZKCNTZT.SEARCH&ppt=sp&ppn=sp&ssid=aoqsu6u57k0000001781258383119&qH=da5ee6f53d84b3c2&ov_redirect=true,flipkart
"Add to CompareASUS ROG Strix SCAR 15 (2021) AMD Ryzen 9 Octa Core 5900HX - (32 GB/1 TB SSD/Windows 10 Home/8 GB Grap...4.812 Ratings&2 ReviewsAMD Ryzen 9 Octa Core Processor32 GB DDR4 RAM64 bit Windows 10 Operating System1 TB SSD39.62 cm (15.6 Inch) DisplayMicrosoft Office Home and Student 20191 Year Onsite Warranty₹1,84,990₹2,27,99018% offOnly 1 leftBank Offer",ASUS,184990.0,Intel Core i5,32.0,DDR4,512.0,SSD,Intel Iris Xe,Windows 10,15.6,1920,1080,1,https://rukminim2.flixcart.com/image/416/416/knoxnrk0/computer/k/c/y/na-gaming-laptop-asus-original-imag2besvwkhg8xc.jpeg?q=70,https://www.flipkart.com/asus-rog-strix-scar-15-2021-amd-ryzen-9-octa-core-5900hx-32-gb-1-tb-ssd-windows-10-home-8-gb-graphics-nvidia-geforce-rtx-3070-300-hz-g533qr-hf122ts-gaming-laptop/p/itmb6b81c66b34e4?pid=COMG3D7C8YU4VMCY&lid=LSTCOMG3D7C8YU4VMCYYFIJXN&marketplace=FLIPKART&q=gaming+laptop&store=4rr%2Ftz1&srno=s_8_170&otracker=search&fm=organic&iid=04963a03-aba2-4631-8259-53e550ca0a76.COMG3D7C8YU4VMCY.SEARCH&ppt=sp&ppn=sp&ssid=k0wy9jhsq80000001781258387545&qH=da5ee6f53d84b3c2&ov_redirect=true,flipkart
"Add to CompareASUS ROG Strix G15 AMD Ryzen 7 Octa Core 6800HS - (16 GB/512 GB SSD/Windows 11 Home/4 GB Graphics/NVID...3.727 Ratings&5 ReviewsAMD Ryzen 7 Octa Core Processor16 GB DDR5 RAMWindows 11 Operating System512 GB SSD39.62 cm (15.6 Inch) DisplayMcAfee1 Year Onsite Warranty₹93,500₹1,32,99029% offOnly 1 leftBank Offer",ASUS,93500.0,Intel Core i5,16.0,DDR5,512.0,SSD,Intel Iris Xe,Windows 11,15.6,1920,1080,1,https://rukminim2.flixcart.com/image/416/416/l0vbukw0/computer/t/z/j/-original-imagckcfkvspp9ga.jpeg?q=70,https://www.flipkart.com/asus-rog-strix-g15-amd-ryzen-7-octa-core-6800hs-16-gb-512-gb-ssd-windows-11-home-4-graphics-nvidia-geforce-rtx-3050-144-hz-g513rc-hn063w-gaming-laptop/p/itma1a8d92315681?pid=COMGCYCEPDZFZB9S&lid=LSTCOMGCYCEPDZFZB9SFC9MNY&marketplace=FLIPKART&q=gaming+laptop&store=4rr%2Ftz1&srno=s_9_193&otracker=search&fm=organic&iid=b6208506-0aa4-4852-84a1-24b4a62fc8ac.COMGCYCEPDZFZB9S.SEARCH&ppt=sp&ppn=sp&ssid=r6l267b3r40000001781258393310&qH=da5ee6f53d84b3c2&ov_redirect=true,flipkart
"Add to CompareAcer Aspire 3D 15 SpatialLabs Edition Intel Core i5 13th Gen 13420H - (16 GB/512 GB SSD/Windows 11 Hom...Intel Core i5 Processor (13th Gen)16 GB DDR5 RAMWindows 11 Operating System512 GB SSD39.62 cm (15.6 Inch) Display1 Year Carry-in Warranty₹98,990₹1,51,00034% offOnly 1 leftBank Offer",Acer,98990.0,Intel Core I5 13Th,16.0,DDR5,512.0,SSD,Intel Iris Xe,Windows 11,15.6,1920,1080,1,https://rukminim2.flixcart.com/image/416/416/xif0q/computer/q/v/y/-original-imahg5fvkc53mqpq.jpeg?q=70,https://www.flipkart.com/acer-aspire-3d-15-spatiallabs-intel-core-i5-13th-gen-13420h-16-gb-512-gb-ssd-windows-11-home-4-graphics-nvidia-geforce-rtx-2050-a3d15-71gm-gaming-laptop/p/itm4dd8ce8dcf5b5?pid=COMH2D392ARXG8FR&lid=LSTCOMH2D392ARXG8FRQJUSXB&marketplace=FLIPKART&q=gaming+laptop&store=4rr%2Ftz1&srno=s_9_200&otracker=search&fm=organic&iid=b6208506-0aa4-4852-84a1-24b4a62fc8ac.COMH2D392ARXG8FR.SEARCH&ppt=sp&ppn=sp&ssid=r6l267b3r40000001781258393310&qH=da5ee6f53d84b3c2&ov_redirect=true,flipkart
"Add to CompareASUS ROG Flow Z13 (2025) for Creator with Touch Screen, MSO 2024 + M365 Basic ,AI PC AMD Ryzen AI Max ...AMD Ryzen AI Max Processor64 GB LPDDR5X RAMWindows 11 Home Operating System1 TB SSD34.04 cm (13.4 Inch) Touchscreen DisplayMicrosoft Office Home 2024 (Lifetime Validity ) + Microsoft 365 Basic*(1-Year Validity), McAfee 1 year, Xbox Game Pass for 3 months1 Year Onsite Warranty₹2,99,990Only 2 leftBank Offer",ASUS,299990.0,Intel Core i5,64.0,LPDDR5X,512.0,SSD,Intel Iris Xe,Windows 11,13.4,1920,1080,1,https://rukminim2.flixcart.com/image/416/416/xif0q/computer/d/l/4/-original-imahmaqyhecduphs.jpeg?q=70,https://www.flipkart.com/asus-rog-flow-z13-2025-creator-touch-screen-mso-2024-m365-basic-ai-pc-amd-ryzen-ai-max-64-gb-1-tb-ssd-windows-11-home-amd-radeon-8060s-180-ghz-gz302ea-ru193ws-gaming-laptop/p/itm58205987c08ce?pid=COMHGSA9HATFREUF&lid=LSTCOMHGSA9HATFREUF6ASBFX&marketplace=FLIPKART&q=gaming+laptop&store=4rr%2Ftz1&srno=s_9_204&otracker=search&fm=organic&iid=b6208506-0aa4-4852-84a1-24b4a62fc8ac.COMHGSA9HATFREUF.SEARCH&ppt=sp&ppn=sp&ssid=r6l267b3r40000001781258393310&qH=da5ee6f53d84b3c2&ov_redirect=true,flipkart
"Add to CompareASUS ROG Zephyrus G14 (2025) with Office 2024 + M365 Basic* AMD Ryzen AI 9 12 Core HX 370 - (32 GB/2 T...4.38 Ratings&1 ReviewsAMD Ryzen AI 9 12 Core Processor32 GB LPDDR5X RAMWindows 11 Home Operating System2 TB SSD35.56 cm (14 Inch) DisplayMicrosoft Office Home 2024 (Lifetime Validity) + Microsoft 365 Basic*(1 Year Validity), McAfee 1 Year1 Year Onsite Warranty₹2,79,990₹2,99,9906% offOnly few leftBank Offer",ASUS,279990.0,Intel Core i5,32.0,LPDDR5X,512.0,SSD,Intel Iris Xe,Windows 11,15.6,1920,1080,1,https://rukminim2.flixcart.com/image/416/416/xif0q/computer/v/z/m/-original-imahcymxkux5q3af.jpeg?q=70,https://www.flipkart.com/asus-rog-zephyrus-g14-2025-office-2024-m365-basic-amd-ryzen-ai-9-12-core-hx-370-32-gb-2-tb-ssd-windows-11-home-12-gb-graphics-nvidia-geforce-rtx-5070-ti-120-hz-120-w-ga403wr-qs123ws-gaming-laptop/p/itmbc252f9d7aae4?pid=COMHBGQ4YJHKMMPM&lid=LSTCOMHBGQ4YJHKMMPMZPTJXT&marketplace=FLIPKART&q=gaming+laptop&store=4rr%2Ftz1&srno=s_10_223&otracker=search&fm=organic&iid=52b5d153-b5bd-4f2d-a063-4dff7d5d1409.COMHBGQ4YJHKMMPM.SEARCH&ppt=sp&ppn=sp&ssid=11bdvdggvk0000001781258399565&qH=da5ee6f53d84b3c2&ov_redirect=true,flipkart
"Add to CompareASUS Vivobook 16X For Creator, Intel H Series Intel Core i5 12th Gen 12450H - (16 GB/512 GB SSD/Window...4.2686 Ratings&53 ReviewsIntel Core i5 Processor (12th Gen)16 GB DDR4 RAMWindows 11 Operating System512 GB SSD40.64 cm (16 Inch) Display1 Year Onsite Warranty₹77,990₹98,99021% offOnly 1 leftBank Offer",ASUS,77990.0,Intel Core I5 12Th,16.0,DDR4,512.0,SSD,Intel Iris Xe,Windows 11,15.6,1920,1080,1,https://rukminim2.flixcart.com/image/416/416/xif0q/computer/f/b/g/-original-imahg4uvczkrjvh5.jpeg?q=70,https://www.flipkart.com/asus-vivobook-16x-creator-intel-h-series-core-i5-12th-gen-12450h-16-gb-512-gb-ssd-windows-11-home-4-graphics-nvidia-geforce-rtx-3050-60-hz-50-tgp-k3605zc-mbn541ws-gaming-laptop/p/itmbe4f3a5e6d4c9?pid=COMGPNG4GUFZYZ7W&lid=LSTCOMGPNG4GUFZYZ7WYB9DTW&marketplace=FLIPKART&q=gaming+laptop&store=4rr%2Ftz1&srno=s_10_224&otracker=search&fm=organic&iid=52b5d153-b5bd-4f2d-a063-4dff7d5d1409.COMGPNG4GUFZYZ7W.SEARCH&ppt=sp&ppn=sp&ssid=11bdvdggvk0000001781258399565&qH=da5ee6f53d84b3c2&ov_redirect=true,flipkart
"Add to CompareAcer Aspire 7 Intel Core i7 9th Gen 9750H - (8 GB/512 GB SSD/Windows 10 Home/4 GB Graphics/NVIDIA GeFo...4.4151 Ratings&30 ReviewsIntel Core i7 Processor (9th Gen)8 GB DDR4 RAM64 bit Windows 10 Operating System512 GB SSD39.62 cm (15.6 Inch) DisplayAcer Collection, Acer Care Center, Quick Access, Acer Product Registration1 Year International Travelers Warranty (ITW)₹72,439₹99,99927% offOnly 2 leftBank Offer",Acer,72439.0,Intel Core I7 9Th,8.0,DDR4,512.0,SSD,Intel Iris Xe,Windows 10,15.6,1920,1080,1,https://rukminim2.flixcart.com/image/416/416/kcc9q4w0/computer/h/t/g/acer-na-gaming-laptop-original-imafthr8aa4rsjpn.jpeg?q=70,https://www.flipkart.com/acer-aspire-7-intel-core-i7-9th-gen-9750h-8-gb-512-gb-ssd-windows-10-home-4-graphics-nvidia-geforce-gtx-1650-a715-75g-793n-gaming-laptop/p/itm46034d1af5b73?pid=COMFS9YWABNEEUYS&lid=LSTCOMFS9YWABNEEUYS9MAIBF&marketplace=FLIPKART&q=gaming+laptop&store=4rr%2Ftz1&srno=s_10_226&otracker=search&fm=organic&iid=52b5d153-b5bd-4f2d-a063-4dff7d5d1409.COMFS9YWABNEEUYS.SEARCH&ppt=sp&ppn=sp&ssid=11bdvdggvk0000001781258399565&qH=da5ee6f53d84b3c2&ov_redirect=true,flipkart
"Add to CompareASUS ROG Flow Z13 (2025) for Creator with Touch Screen, MSO 2024 + M365 Basic ,AI PC AMD Ryzen AI Max ...AMD Ryzen AI Max Processor32 GB LPDDR5X RAMWindows 11 Home Operating System1 TB SSD34.04 cm (13.4 Inch) Touchscreen DisplayMicrosoft Office Home 2024 (Lifetime Validity ) + Microsoft 365 Basic*(1-Year Validity), McAfee 1 year, Xbox Game Pass for 3 months1 Year Onsite Warranty₹2,59,990₹2,69,9903% offOnly 2 leftBank Offer",ASUS,259990.0,Intel Core i5,32.0,LPDDR5X,512.0,SSD,Intel Iris Xe,Windows 11,13.4,1920,1080,1,https://rukminim2.flixcart.com/image/416/416/xif0q/computer/d/l/4/-original-imahmaqyhecduphs.jpeg?q=70,https://www.flipkart.com/asus-rog-flow-z13-2025-creator-touch-screen-mso-2024-m365-basic-ai-pc-amd-ryzen-ai-max-32-gb-1-tb-ssd-windows-11-home-amd-radeon-8060s-180-ghz-gz302ea-ru520ws-gaming-laptop/p/itmc0aad1912b042?pid=COMHGSA9UF6EQFNF&lid=LSTCOMHGSA9UF6EQFNF79PWMI&marketplace=FLIPKART&q=gaming+laptop&store=4rr%2Ftz1&srno=s_10_235&otracker=search&fm=organic&iid=52b5d153-b5bd-4f2d-a063-4dff7d5d1409.COMHGSA9UF6EQFNF.SEARCH&ppt=sp&ppn=sp&ssid=11bdvdggvk0000001781258399565&qH=da5ee6f53d84b3c2&ov_redirect=true,flipkart
"Add to CompareASUS ROG Strix G16 (2025) with Office 2024 + M365 Basic* Intel Core Ultra 9 275HX - (32 GB/1 TB SSD/Wi...4.836 Ratings&1 ReviewsIntel Core Ultra 9 Processor32 GB DDR5 RAMWindows 11 Home Operating System1 TB SSD40.64 cm (16 Inch) DisplayMicrosoft Office Home 2024 (Lifetime Validity) + Microsoft 365 Basic*(1 Year Validity), McAfee 1 Year1 Year Onsite Warranty₹3,29,990₹3,83,99014% offOnly 4 leftBank Offer",ASUS,329990.0,Intel Core Ultra 9,32.0,DDR5,512.0,SSD,Intel Iris Xe,Windows 11,15.6,1920,1080,1,https://rukminim2.flixcart.com/image/416/416/xif0q/computer/o/n/w/-original-imahbrwgqwneh8xk.jpeg?q=70,https://www.flipkart.com/asus-rog-strix-g16-2025-office-2024-m365-basic-intel-core-ultra-9-275hx-32-gb-1-tb-ssd-windows-11-home-16-gb-graphics-nvidia-geforce-rtx-5080-165-hz-175-w-g615lw-rv148ws-gaming-laptop/p/itm20b5d68f8b36e?pid=COMHBGQ4KHERYNBA&lid=LSTCOMHBGQ4KHERYNBA0UOAKY&marketplace=FLIPKART&q=gaming+laptop&store=4rr%2Ftz1&srno=s_10_239&otracker=search&fm=organic&iid=52b5d153-b5bd-4f2d-a063-4dff7d5d1409.COMHBGQ4KHERYNBA.SEARCH&ppt=sp&ppn=sp&ssid=11bdvdggvk0000001781258399565&qH=da5ee6f53d84b3c2&ov_redirect=true,flipkart
"Add to CompareASUS ROG Strix G16 with 90WHr Battery Intel HX-Series Intel Core i7 13th Gen 13650HX - (16 GB/1 TB SSD...4.5178 Ratings&16 ReviewsIntel Core i7 Processor (13th Gen)16 GB DDR5 RAMWindows 11 Operating System1 TB SSD40.64 cm (16 Inch) Display1 Year Onsite Warranty₹1,39,990₹1,96,99028% offBank Offer",ASUS,139990.0,Intel Core I7 13Th,16.0,DDR5,512.0,SSD,Intel Iris Xe,Windows 11,15.6,1920,1080,1,https://rukminim2.flixcart.com/image/416/416/xif0q/computer/n/8/r/-original-imahg53u88btf8ny.jpeg?q=70,https://www.flipkart.com/asus-rog-strix-g16-90whr-battery-intel-hx-series-core-i7-13th-gen-13650hx-16-gb-1-tb-ssd-windows-11-home-6-gb-graphics-nvidia-geforce-rtx-4050-165-hz-140-tgp-g614ju-n3200ws-gaming-laptop/p/itm8c3acca540452?pid=COMGPFPCQW8GCUF7&lid=LSTCOMGPFPCQW8GCUF7BO7NYZ&marketplace=FLIPKART&q=gaming+laptop&store=4rr%2Ftz1&srno=s_11_243&otracker=search&fm=organic&iid=77d3349c-0b83-4dab-b4db-4e144c959c02.COMGPFPCQW8GCUF7.SEARCH&ppt=sp&ppn=sp&ssid=11d0tgnfyo0000001781258405354&qH=da5ee6f53d84b3c2&ov_redirect=true,flipkart
"Add to CompareASUS ROG Strix Scar 16 Intel Core i9 14th Gen 14900HX - (32 GB/2 TB SSD/Windows 11 Home/12 GB Graphics...3.98 Ratings&1 ReviewsIntel Core i9 Processor (14th Gen)32 GB DDR5 RAMWindows 11 Operating System2 TB SSD40.64 cm (16 Inch) Display1 Year Onsite warranty₹2,79,990₹3,47,99019% offBank Offer",ASUS,279990.0,Intel Core I9 14Th,32.0,DDR5,512.0,SSD,Intel Iris Xe,Windows 11,15.6,1920,1080,1,https://rukminim2.flixcart.com/image/416/416/xif0q/computer/m/b/o/-original-imahg5fuj4rxdzzg.jpeg?q=70,https://www.flipkart.com/asus-rog-strix-scar-16-intel-core-i9-14th-gen-14900hx-32-gb-2-tb-ssd-windows-11-home-12-gb-graphics-nvidia-geforce-rtx-4080-g634jzr-cm932ws-gaming-laptop/p/itm51c647c5f1bcb?pid=COMGXN9ZWYKZZS3P&lid=LSTCOMGXN9ZWYKZZS3P9Q3G9X&marketplace=FLIPKART&q=gaming+laptop&store=4rr%2Ftz1&srno=s_11_254&otracker=search&fm=organic&iid=77d3349c-0b83-4dab-b4db-4e144c959c02.COMGXN9ZWYKZZS3P.SEARCH&ppt=sp&ppn=sp&ssid=11d0tgnfyo0000001781258405354&qH=da5ee6f53d84b3c2&ov_redirect=true,flipkart
"Add to CompareLenovo Legion 7 Intel Core Ultra 9 275HX - (32 GB/1 TB SSD/Windows 11 Home/12 GB Graphics/NVIDIA GeFor...Intel Core Ultra 9 Processor32 GB DDR5 RAMWindows 11 Home Operating System1 TB SSD40.64 cm (16 Inch) Display1 Year Onsite Warranty₹3,14,990₹3,39,3907% offBank Offer",Lenovo,314990.0,Intel Core Ultra 9,32.0,DDR5,512.0,SSD,Intel Iris Xe,Windows 11,15.6,1920,1080,1,https://rukminim2.flixcart.com/image/416/416/xif0q/computer/m/e/c/legion-pro-7-16iax10h-gaming-laptop-lenovo-original-imahf8jhq84rhkdh.jpeg?q=70,https://www.flipkart.com/lenovo-legion-7-intel-core-ultra-9-275hx-32-gb-1-tb-ssd-windows-11-home-12-gb-graphics-nvidia-geforce-rtx-5070-ti-pro-16iax10h-gaming-laptop/p/itm85d80715e0258?pid=COMHF8G9597WEQBZ&lid=LSTCOMHF8G9597WEQBZS2D2ZC&marketplace=FLIPKART&q=gaming+laptop&store=4rr%2Ftz1&srno=s_11_260&otracker=search&fm=organic&iid=77d3349c-0b83-4dab-b4db-4e144c959c02.COMHF8G9597WEQBZ.SEARCH&ppt=sp&ppn=sp&ssid=11d0tgnfyo0000001781258405354&qH=da5ee6f53d84b3c2&ov_redirect=true,flipkart
"Add to CompareAcer Aspire 7 Intel Core i5 12th Gen 12450H - (16 GB/512 GB SSD/Windows 11 Home/4 GB Graphics/NVIDIA G...4.22,736 Ratings&216 ReviewsIntel Core i5 Processor (12th Gen)16 GB DDR4 RAMWindows 11 Operating System512 GB SSD39.62 cm (15.6 Inch) Display1 Year Onsite Warranty₹45,990₹84,99945% offBank Offer",Acer,45990.0,Intel Core I5 12Th,16.0,DDR4,512.0,SSD,Intel Iris Xe,Windows 11,15.6,1920,1080,1,https://rukminim2.flixcart.com/image/416/416/xif0q/computer/416/416/2/-original-imahg5fxb7mgjemc.jpeg?q=70,https://www.flipkart.com/acer-aspire-7-intel-core-i5-12th-gen-12450h-16-gb-512-gb-ssd-windows-11-home-4-graphics-nvidia-geforce-rtx-3050-144-hz-a715-76g-548j-gaming-laptop/p/itm20708ce5793f7?pid=COMGP8QVTK3EQDXE&lid=LSTCOMGP8QVTK3EQDXEDMBVDN&marketplace=FLIPKART&q=gaming+laptop&store=4rr%2Ftz1&srno=s_11_264&otracker=search&fm=organic&iid=77d3349c-0b83-4dab-b4db-4e144c959c02.COMGP8QVTK3EQDXE.SEARCH&ppt=sp&ppn=sp&ssid=11d0tgnfyo0000001781258405354&qH=da5ee6f53d84b3c2&ov_redirect=true,flipkart
"Add to CompareAcer Aspire 7 Intel Core 7 240H - (16 GB/512 GB SSD/Windows 11 Home/6 GB Graphics/NVIDIA GeForce RTX 4...Intel Core 7 Processor16 GB DDR4 RAM64 bit Windows 11 Home Operating System512 GB SSD39.62 cm (15.6 inch) Display1 Year Onsite Service₹1,09,990₹1,49,99926% offBank Offer",Acer,109990.0,Intel Core i5,16.0,DDR4,512.0,SSD,Nvidia Geforce Rtx 4,Windows 11,15.6,1920,1080,1,https://rukminim2.flixcart.com/image/416/416/xif0q/computer/f/f/s/-original-imahgguvgsswtu7p.jpeg?q=70,https://www.flipkart.com/acer-aspire-7-intel-core-240h-16-gb-512-gb-ssd-windows-11-home-6-graphics-nvidia-geforce-rtx-4050-a715-79g-gaming-laptop/p/itm911c8433d782e?pid=COMHMQGHAV23UGHF&lid=LSTCOMHMQGHAV23UGHF347NXF&marketplace=FLIPKART&q=gaming+laptop&store=4rr%2Ftz1&srno=s_12_266&otracker=search&fm=organic&iid=10da9d70-e093-4297-bc3a-0beb90537d6c.COMHMQGHAV23UGHF.SEARCH&ppt=sp&ppn=sp&ssid=vwl6ls55a80000001781258409478&qH=da5ee6f53d84b3c2&ov_redirect=true,flipkart
"Add to CompareLenovo Legion 7i Intel Core i7 10th Gen 10875H - (16 GB/1 TB SSD/Windows 10 Home/8 GB Graphics/NVIDIA ...2.34 Ratings&0 ReviewsIntel Core i7 Processor (10th Gen)16 GB DDR4 RAM64 bit Windows 10 Operating System1 TB SSD39.62 cm (15.6 Inch) DisplayMicrosoft Office Home and Student 20193 Years Warranty + 1 Year Legion Ultimate Support + 1 Year ADP₹1,59,990₹3,49,89054% offBank Offer",Lenovo,159990.0,Intel Core I7 10Th,16.0,DDR4,512.0,SSD,Intel Iris Xe,Windows 10,15.6,1920,1080,1,https://rukminim2.flixcart.com/image/416/416/kdyus280/computer/t/w/3/lenovo-na-gaming-laptop-original-imafuqwpncg3bzhx.jpeg?q=70,https://www.flipkart.com/lenovo-legion-7i-intel-core-i7-10th-gen-10875h-16-gb-1-tb-ssd-windows-10-home-8-gb-graphics-nvidia-geforce-rtx-2080-super-max-q-144-hz-15imhg05-gaming-laptop/p/itm48b72e2122ecd?pid=COMFU7ANQZYJGA9N&lid=LSTCOMFU7ANQZYJGA9N1SLYFW&marketplace=FLIPKART&q=gaming+laptop&store=4rr%2Ftz1&srno=s_12_273&otracker=search&fm=organic&iid=10da9d70-e093-4297-bc3a-0beb90537d6c.COMFU7ANQZYJGA9N.SEARCH&ppt=sp&ppn=sp&ssid=vwl6ls55a80000001781258409478&qH=da5ee6f53d84b3c2&ov_redirect=true,flipkart
"Add to CompareASUS ROG Strix SCAR 16 (2025) with Office 2024 + M365 Basic* Intel Core Ultra 9 275HX - (32 GB/2 TB SS...4.84 Ratings&1 ReviewsIntel Core Ultra 9 Processor32 GB DDR5 RAMWindows 11 Home Operating System2 TB SSD40.64 cm (16 Inch) DisplayMicrosoft Office Home 2024 (Lifetime Validity) + Microsoft 365 Basic*(1 Year Validity), McAfee 1 Year1 Year Onsite Warranty₹4,49,990₹4,79,9906% offBank Offer",ASUS,449990.0,Intel Core Ultra 9,32.0,DDR5,512.0,SSD,Intel Iris Xe,Windows 11,15.6,1920,1080,1,https://rukminim2.flixcart.com/image/416/416/xif0q/computer/3/u/z/-original-imahcymxpf6nkhxr.jpeg?q=70,https://www.flipkart.com/asus-rog-strix-scar-16-2025-office-2024-m365-basic-intel-core-ultra-9-275hx-32-gb-2-tb-ssd-windows-11-home-24-gb-graphics-nvidia-geforce-rtx-5090-240-hz-175-w-g635lx-rw158ws-gaming-laptop/p/itm6e6ad258bd7a5?pid=COMHBGQ4J2UVNKX8&lid=LSTCOMHBGQ4J2UVNKX8ALTCTL&marketplace=FLIPKART&q=gaming+laptop&store=4rr%2Ftz1&srno=s_12_280&otracker=search&fm=organic&iid=10da9d70-e093-4297-bc3a-0beb90537d6c.COMHBGQ4J2UVNKX8.SEARCH&ppt=sp&ppn=sp&ssid=vwl6ls55a80000001781258409478&qH=da5ee6f53d84b3c2&ov_redirect=true,flipkart
"Add to CompareASUS ROG Strix G16 (2025) with Office 2024 + M365 Basic* Intel Core Ultra 9 275HX - (16 GB/1 TB SSD/Wi...4.836 Ratings&1 ReviewsIntel Core Ultra 9 Processor16 GB DDR5 RAMWindows 11 Home Operating System1 TB SSD40.64 cm (16 Inch) DisplayMicrosoft Office Home 2024 (Lifetime Validity ) + Microsoft 365 Basic*(1-Year Validity), , McAfee 1 year, Xbox Game Pass for 3 months1 Year Onsite Warranty₹1,99,990₹2,27,99012% offHot DealBank Offer",ASUS,199990.0,Intel Core Ultra 9,16.0,DDR5,512.0,SSD,Intel Iris Xe,Windows 11,15.6,1920,1080,1,https://rukminim2.flixcart.com/image/416/416/xif0q/computer/o/n/w/-original-imahbrwgqwneh8xk.jpeg?q=70,https://www.flipkart.com/asus-rog-strix-g16-2025-office-2024-m365-basic-intel-core-ultra-9-275hx-16-gb-1-tb-ssd-windows-11-home-8-gb-graphics-nvidia-geforce-rtx-5060-240-hz-g615lm-s5128ws-gaming-laptop/p/itm9486b8549da35?pid=COMHCQ4KMQUGFQBG&lid=LSTCOMHCQ4KMQUGFQBGXRLSMQ&marketplace=FLIPKART&q=gaming+laptop&store=4rr%2Ftz1&srno=s_13_304&otracker=search&fm=organic&iid=074f6ae5-c096-4d9a-80f0-7726d30152ef.COMHCQ4KMQUGFQBG.SEARCH&ppt=sp&ppn=sp&ssid=kmmljpmkao0000001781258414327&qH=da5ee6f53d84b3c2&ov_redirect=true,flipkart
"Add to CompareLenovo IdeaPad Gaming 3 Intel Core i5 11th Gen 11320H - (8 GB/512 GB SSD/Windows 11 Home/4 GB Graphics...4.1698 Ratings&60 ReviewsIntel Core i5 Processor (11th Gen)8 GB DDR4 RAMWindows 11 Operating System512 GB SSD39.62 cm (15.6 Inch) DisplayNA1 Year Onsite Warranty₹53,990₹74,99028% offBank Offer",Lenovo,53990.0,Intel Core I5 11Th,8.0,DDR4,512.0,SSD,Intel Iris Xe,Windows 11,15.6,1920,1080,1,https://rukminim2.flixcart.com/image/416/416/xif0q/computer/z/h/x/-original-imahg5fxg64mpqxr.jpeg?q=70,https://www.flipkart.com/lenovo-ideapad-gaming-3-intel-core-i5-11th-gen-11320h-8-gb-512-gb-ssd-windows-11-home-4-graphics-nvidia-geforce-rtx-2050-15ihu6-laptop/p/itmc4612af4ab758?pid=COMGSVFEZVYANHGF&lid=LSTCOMGSVFEZVYANHGFH5NRFL&marketplace=FLIPKART&q=gaming+laptop&store=4rr%2Ftz1&srno=s_14_313&otracker=search&fm=organic&iid=13a2c972-0131-4e2a-a122-2c9f8e622533.COMGSVFEZVYANHGF.SEARCH&ppt=sp&ppn=sp&ssid=ho6if2qxdc0000001781258419286&qH=da5ee6f53d84b3c2&ov_redirect=true,flipkart
"Currently unavailableAdd to CompareLenovo IdeaPad Gaming 3 AMD Ryzen 7 Octa Core 7735HS - (16 GB/512 GB SSD/Windows 11 Home/6 GB Graphics...3.719 Ratings&4 ReviewsAMD Ryzen 7 Octa Core Processor16 GB DDR5 RAMWindows 11 Operating System512 GB SSD39.62 cm (15.6 Inch) Display1 Year Carry-in Warranty₹99,990₹1,18,89015% offBank Offer",Lenovo,99990.0,Intel Core i5,16.0,DDR5,512.0,SSD,Intel Iris Xe,Windows 11,15.6,1920,1080,1,https://rukminim2.flixcart.com/image/416/416/xif0q/computer/c/x/w/-original-imahex3u3nzvacmh.jpeg?q=70,https://www.flipkart.com/lenovo-ideapad-gaming-3-amd-ryzen-7-octa-core-7735hs-16-gb-512-gb-ssd-windows-11-home-6-graphics-nvidia-geforce-rtx-3050-15arh7-laptop/p/itmb9bd6a559e686?pid=COMH2D64W2NEQBNT&lid=LSTCOMH2D64W2NEQBNTP5JIBG&marketplace=FLIPKART&q=gaming+laptop&store=4rr%2Ftz1&srno=s_14_330&otracker=search&fm=organic&iid=13a2c972-0131-4e2a-a122-2c9f8e622533.COMH2D64W2NEQBNT.SEARCH&ppt=sp&ppn=sp&ssid=ho6if2qxdc0000001781258419286&qH=da5ee6f53d84b3c2&ov_redirect=true,flipkart
"Add to CompareASUS ROG Strix G16 (2025) with Office 2024 + M365 Basic* AMD Ryzen 9 16 Core 8940HX - (16 GB/1 TB SSD/...AMD Ryzen 9 16 Core Processor16 GB DDR5 RAMWindows 11 Home Operating System1 TB SSD40.64 cm (16 Inch) DisplayMicrosoft Office Home 2024 (Lifetime Validity ) + Microsoft 365 Basic*(1-Year Validity), , McAfee 1 year, Xbox Game Pass for 3 months1 Year Onsite Warranty₹1,49,990₹1,73,99013% offLowest price since launchBank Offer",ASUS,149990.0,Amd Ryzen 9 16,16.0,DDR5,512.0,SSD,Intel Iris Xe,Windows 11,15.6,1920,1080,1,https://rukminim2.flixcart.com/image/416/416/xif0q/computer/a/x/c/-original-imahbrwgqgg6g3f4.jpeg?q=70,https://www.flipkart.com/asus-rog-strix-g16-2025-office-2024-m365-basic-amd-ryzen-9-16-core-8940hx-16-gb-1-tb-ssd-windows-11-home-8-gb-graphics-nvidia-geforce-rtx-5050-165-hz-g614ph-rv033ws-gaming-laptop/p/itm88160627252e9?pid=COMHCQ4K6JJV3NPR&lid=LSTCOMHCQ4K6JJV3NPRC4XNQE&marketplace=FLIPKART&q=gaming+laptop&store=4rr%2Ftz1&srno=s_14_333&otracker=search&fm=organic&iid=13a2c972-0131-4e2a-a122-2c9f8e622533.COMHCQ4K6JJV3NPR.SEARCH&ppt=sp&ppn=sp&ssid=ho6if2qxdc0000001781258419286&qH=da5ee6f53d84b3c2&ov_redirect=true,flipkart
"Add to CompareASUS ROG Strix G16 AMD Ryzen 9 16 Core 8940HX - (16 GB/1 TB SSD/Windows 11 Home/8 GB Graphics/NVIDIA G...AMD Ryzen 9 16 Core Processor16 GB DDR5 RAMWindows 11 Home Operating System1 TB SSD40.64 cm (16 Inch) DisplayMicrosoft 365 Basic with 100GB Cloud Storage for 1 Year + Office Home 2024 with lifetime validity1 Year Warranty and Only 6 Months Warranty on Battery and Adaptor₹1,48,900₹1,99,00025% offBank Offer",ASUS,148900.0,Amd Ryzen 9 16,16.0,DDR5,100.0,SSD,Intel Iris Xe,Windows 11,15.6,1920,1080,1,https://rukminim2.flixcart.com/image/416/416/xif0q/computer/a/p/d/-original-imahfsjyvur7gs6h.jpeg?q=70,https://www.flipkart.com/asus-rog-strix-g16-amd-ryzen-9-16-core-8940hx-16-gb-1-tb-ssd-windows-11-home-8-gb-graphics-nvidia-geforce-rtx-5050-g614ph-rv033ws-gaming-laptop/p/itmce786eb3e716c?pid=COMHFKPVMFJXZRJW&lid=LSTCOMHFKPVMFJXZRJWC8L1UH&marketplace=FLIPKART&q=gaming+laptop&store=4rr%2Ftz1&srno=s_14_335&otracker=search&fm=organic&iid=13a2c972-0131-4e2a-a122-2c9f8e622533.COMHFKPVMFJXZRJW.SEARCH&ppt=sp&ppn=sp&ssid=ho6if2qxdc0000001781258419286&qH=da5ee6f53d84b3c2&ov_redirect=true,flipkart
"Pre OrderAdd to CompareASUS ROG Zephyrus G14 OLED (2026) Intel Core Ultra 9 386H - (32 GB/1 TB SSD/Windows 11 Home/8 GB Graph...Intel Core Ultra 9 Processor32 GB LPDDR5X RAMWindows 11 Home Operating System1 TB SSD35.56 cm (14 inch) DisplayMicrosoft Office Home 2024 (Lifetime Validity ) + Microsoft 365 Basic with 100GB Cloud Storage for 1 Year, McAfee 1 year, Xbox Game Pass for 2 months1 Year Onsite Service₹3,69,990₹4,43,99016% off",ASUS,369990.0,Intel Core Ultra 9,32.0,LPDDR5X,100.0,SSD,Intel Iris Xe,Windows 11,15.6,1920,1080,1,https://rukminim2.flixcart.com/image/416/416/xif0q/computer/3/s/n/-original-imahz8zfaebganyg.jpeg?q=70,https://www.flipkart.com/asus-rog-zephyrus-g14-oled-2026-intel-core-ultra-9-386h-32-gb-1-tb-ssd-windows-11-home-8-gb-graphics-nvidia-geforce-rtx-5070-120-hz-gu405ap-sy041ws-gaming-laptop/p/itmb2318ae116edf?pid=COMHNHH8TX4FSXFT&lid=LSTCOMHNHH8TX4FSXFTEW7BBX&marketplace=FLIPKART&q=gaming+laptop&store=4rr%2Ftz1&srno=s_15_346&otracker=search&fm=organic&iid=31923e12-7845-425f-9ba8-01c440bd7a39.COMHNHH8TX4FSXFT.SEARCH&ppt=sp&ppn=sp&ssid=gtxpcybmxs0000001781258425480&qH=da5ee6f53d84b3c2&ov_redirect=true,flipkart
"BestsellerAdd to CompareSamsung Galaxy Book4 Metal Intel Core i5 13th Gen 1335U - (16 GB/512 GB SSD/Windows 11 Home) NP750XGJ ...4.419,125 Ratings&1,801 ReviewsIntel Core i5 Processor (13th Gen)16 GB LPDDR4X RAMWindows 11 Operating System512 GB SSD39.62 cm (15.6 Inch) Display1 Year Manufacturer Warranty for Laptop and 6 Months for In-Box Accessories₹58,990₹82,78928% offUpto₹42,600Off on ExchangeBank Offer",Samsung,58990.0,Intel Core I5 13Th,16.0,LPDDR4X,512.0,SSD,Intel Iris Xe,Windows 11,15.6,1920,1080,1,https://rukminim2.flixcart.com/image/416/416/xif0q/computer/k/t/y/-original-imahg53xspmfrsdd.jpeg?q=70,https://www.flipkart.com/samsung-galaxy-book4-metal-intel-core-i5-13th-gen-1335u-16-gb-512-gb-ssd-windows-11-home-np750xgj-thin-light-laptop/p/itm1df5212efb9fc?pid=COMGZUYDGFJGHZR4&lid=LSTCOMGZUYDGFJGHZR4JPVIN2&marketplace=FLIPKART&q=i5+laptop&store=6bo%2Fb5g&spotlightTagId=default_BestsellerId_6bo%2Fb5g&srno=s_1_2&otracker=search&fm=organic&iid=3db560ac-c130-47e1-92a7-8752ab86fdcd.COMGZUYDGFJGHZR4.SEARCH&ppt=sp&ppn=sp&ssid=c2pion7nf40000001781258430985&qH=b24ed56a5348ed79&ov_redirect=true,flipkart
"Add to CompareAcer Aspire 3 Intel Core i5 13th Gen 1334U - (16 GB/512 GB SSD/Windows 11 Home) A324-53 Thin and Light...4.31,719 Ratings&111 ReviewsIntel Core i5 Processor (13th Gen)16 GB DDR4 RAMWindows 11 Operating System512 GB SSD35.56 cm (14 Inch) Display1 Year Carry-in Warranty₹48,990₹66,99926% offOnly 3 leftUpto₹32,950Off on Exchange",Acer,48990.0,Intel Core I5 13Th,16.0,DDR4,512.0,SSD,Intel Iris Xe,Windows 11,15.6,1920,1080,1,https://rukminim2.flixcart.com/image/416/416/xif0q/computer/1/e/v/-original-imahg53ufd4jgtqw.jpeg?q=70,https://www.flipkart.com/acer-aspire-3-intel-core-i5-13th-gen-1334u-16-gb-512-gb-ssd-windows-11-home-a324-53-thin-light-laptop/p/itm707770fddc7e9?pid=COMH4B6CGZKHKUV3&lid=LSTCOMH4B6CGZKHKUV37HVWQK&marketplace=FLIPKART&q=i5+laptop&store=6bo%2Fb5g&srno=s_1_5&otracker=search&fm=organic&iid=3db560ac-c130-47e1-92a7-8752ab86fdcd.COMH4B6CGZKHKUV3.SEARCH&ppt=sp&ppn=sp&ssid=c2pion7nf40000001781258430985&qH=b24ed56a5348ed79&ov_redirect=true,flipkart
"Add to CompareLenovo IdeaPad Slim 3 with 1Yr ADP Intel Core i5 12th Gen 12450H - (8 GB/512 GB SSD/Windows 11 Home) 1...4.22,695 Ratings&132 ReviewsIntel Core i5 Processor (12th Gen)8 GB LPDDR5 RAMWindows 11 Operating System512 GB SSD35.56 cm (14 Inch) Display1 Yr. Onsite₹36,990₹66,09044% offLowest price in the yearUpto₹26,400Off on Exchange",Lenovo,36990.0,Intel Core I5 12Th,8.0,LPDDR5,512.0,SSD,Intel Iris Xe,Windows 11,15.6,1920,1080,1,https://rukminim2.flixcart.com/image/416/416/xif0q/computer/c/g/r/-original-imahg5fu4pgmgf6u.jpeg?q=70,https://www.flipkart.com/lenovo-ideapad-slim-3-1yr-adp-intel-core-i5-12th-gen-12450h-8-gb-512-gb-ssd-windows-11-home-14iah8-thin-light-laptop/p/itm726ac134d0530?pid=COMHFYZ3GZVH37GY&lid=LSTCOMHFYZ3GZVH37GYBMASJU&marketplace=FLIPKART&q=i5+laptop&store=6bo%2Fb5g&srno=s_1_8&otracker=search&fm=organic&iid=3db560ac-c130-47e1-92a7-8752ab86fdcd.COMHFYZ3GZVH37GY.SEARCH&ppt=sp&ppn=sp&ssid=c2pion7nf40000001781258430985&qH=b24ed56a5348ed79&ov_redirect=true,flipkart
"Add to CompareAcer Aspire 3 Backlit Intel Core i5 12th Gen 1235U - (16 GB/512 GB SSD/Windows 11 Home) A324-51 Thin a...4.23,225 Ratings&215 ReviewsIntel Core i5 Processor (12th Gen)16 GB DDR4 RAM64 bit Windows 11 Operating System512 GB SSD35.56 cm (14 Inch) Display1 Year Domestic Warranty₹37,990₹53,00028% offUpto₹26,950Off on ExchangeBank Offer",Acer,37990.0,Intel Core I5 12Th,16.0,DDR4,512.0,SSD,Intel Iris Xe,Windows 11,15.6,1920,1080,1,https://rukminim2.flixcart.com/image/416/416/xif0q/computer/a/j/t/-original-imahg5fuh3kgzfnp.jpeg?q=70,https://www.flipkart.com/acer-aspire-3-backlit-intel-core-i5-12th-gen-1235u-16-gb-512-gb-ssd-windows-11-home-a324-51-thin-light-laptop/p/itm4fa0fcf0e2e15?pid=COMHY24RMZ8PUDTT&lid=LSTCOMHY24RMZ8PUDTT6GAEHA&marketplace=FLIPKART&q=i5+laptop&store=6bo%2Fb5g&srno=s_1_11&otracker=search&fm=organic&iid=3db560ac-c130-47e1-92a7-8752ab86fdcd.COMHY24RMZ8PUDTT.SEARCH&ppt=sp&ppn=sp&ssid=c2pion7nf40000001781258430985&qH=b24ed56a5348ed79&ov_redirect=true,flipkart
"Add to CompareASUS Vivobook 15, with Backlit Keyboard, Intel Core i5 12th Gen 1235U - (8 GB/512 GB SSD/Windows 11 Ho...4.28,893 Ratings&492 ReviewsIntel Core i5 Processor (12th Gen)8 GB DDR4 RAMWindows 11 Operating System512 GB SSD39.62 cm (15.6 Inch) Display1 Year Onsite Warranty₹39,990₹69,99042% offUpto₹27,550Off on ExchangeBank Offer",ASUS,39990.0,Intel Core I5 12Th,8.0,DDR4,512.0,SSD,Intel Iris Xe,Windows 11,15.6,1920,1080,1,https://rukminim2.flixcart.com/image/416/416/xif0q/computer/l/y/8/-original-imahg53x72vqbvwg.jpeg?q=70,https://www.flipkart.com/asus-vivobook-15-backlit-keyboard-intel-core-i5-12th-gen-1235u-8-gb-512-gb-ssd-windows-11-home-x1504za-nj521ws-x1504za-nj520ws-x1504za-nj528ws-thin-light-laptop/p/itmff0e170cb596e?pid=COMHYWSWMFQQBCG3&lid=LSTCOMHYWSWMFQQBCG3ZA9JEY&marketplace=FLIPKART&q=i5+laptop&store=6bo%2Fb5g&srno=s_1_12&otracker=search&fm=organic&iid=3db560ac-c130-47e1-92a7-8752ab86fdcd.COMHYWSWMFQQBCG3.SEARCH&ppt=sp&ppn=sp&ssid=c2pion7nf40000001781258430985&qH=b24ed56a5348ed79&ov_redirect=true,flipkart
"Add to CompareLenovo IdeaPad Slim 3 Intel Core i5 12th Gen 12450H - (16 GB/512 GB SSD/Windows 11 Home) 14IAH8 Thin a...4.22,695 Ratings&132 ReviewsIntel Core i5 Processor (12th Gen)16 GB LPDDR5 RAMWindows 11 Operating System512 GB SSD35.56 cm (14 Inch) Display1 Year Onsite Warranty.₹48,999₹69,89029% offSuper DealsOnly 2 left",Lenovo,48999.0,Intel Core I5 12Th,16.0,LPDDR5,512.0,SSD,Intel Iris Xe,Windows 11,15.6,1920,1080,1,https://rukminim2.flixcart.com/image/416/416/xif0q/computer/c/g/r/-original-imahg5fu4pgmgf6u.jpeg?q=70,https://www.flipkart.com/lenovo-ideapad-slim-3-intel-core-i5-12th-gen-12450h-16-gb-512-gb-ssd-windows-11-home-14iah8-thin-light-laptop/p/itm726ac134d0530?pid=COMGYHP5ZB4AGZH6&lid=LSTCOMGYHP5ZB4AGZH6FHRJ3V&marketplace=FLIPKART&q=i5+laptop&store=6bo%2Fb5g&srno=s_1_13&otracker=search&fm=organic&iid=3db560ac-c130-47e1-92a7-8752ab86fdcd.COMGYHP5ZB4AGZH6.SEARCH&ppt=sp&ppn=sp&ssid=c2pion7nf40000001781258430985&qH=b24ed56a5348ed79&ov_redirect=true,flipkart
"Add to CompareAcer Aspire 7 Intel Core i5 12th Gen 12450H - (16 GB/512 GB SSD/Windows 11 Home/4 GB Graphics/NVIDIA G...4.22,736 Ratings&216 ReviewsIntel Core i5 Processor (12th Gen)16 GB DDR4 RAMWindows 11 Operating System512 GB SSD39.62 cm (15.6 Inch) Display1 Year Onsite Warranty₹45,990₹84,99945% offUpto₹32,950Off on ExchangeBank Offer",Acer,45990.0,Intel Core I5 12Th,16.0,DDR4,512.0,SSD,Intel Iris Xe,Windows 11,15.6,1920,1080,1,https://rukminim2.flixcart.com/image/416/416/xif0q/computer/416/416/2/-original-imahg5fxb7mgjemc.jpeg?q=70,https://www.flipkart.com/acer-aspire-7-intel-core-i5-12th-gen-12450h-16-gb-512-gb-ssd-windows-11-home-4-graphics-nvidia-geforce-rtx-3050-144-hz-a715-76g-548j-gaming-laptop/p/itm20708ce5793f7?pid=COMGP8QVTK3EQDXE&lid=LSTCOMGP8QVTK3EQDXEDMBVDN&marketplace=FLIPKART&q=i5+laptop&store=6bo%2Fb5g&srno=s_1_14&otracker=search&fm=organic&iid=3db560ac-c130-47e1-92a7-8752ab86fdcd.COMGP8QVTK3EQDXE.SEARCH&ppt=sp&ppn=sp&ssid=c2pion7nf40000001781258430985&qH=b24ed56a5348ed79&ov_redirect=true,flipkart
"Add to CompareASUS Vivobook 15, with Backlit Keyboard, Intel Core i5 12th Gen 1235U - (16 GB/512 GB SSD/Windows 11 H...4.28,893 Ratings&492 ReviewsIntel Core i5 Processor (12th Gen)16 GB DDR4 RAMWindows 11 Operating System512 GB SSD39.62 cm (15.6 Inch) Display1 Year Onsite Warranty₹59,490₹69,90014% offOnly 1 leftBank Offer",ASUS,59490.0,Intel Core I5 12Th,16.0,DDR4,512.0,SSD,Intel Iris Xe,Windows 11,15.6,1920,1080,1,https://rukminim2.flixcart.com/image/416/416/xif0q/computer/s/n/e/-original-imahg5fudk6zhjfc.jpeg?q=70,https://www.flipkart.com/asus-vivobook-15-backlit-keyboard-intel-core-i5-12th-gen-1235u-16-gb-512-gb-ssd-windows-11-home-x1504za-nj540ws-x1504za-nj542ws-thin-light-laptop/p/itm200184e4e0443?pid=COMHYG8ZSP9DC2GZ&lid=LSTCOMHYG8ZSP9DC2GZHA8OZ0&marketplace=FLIPKART&q=i5+laptop&store=6bo%2Fb5g&srno=s_1_18&otracker=search&fm=organic&iid=3db560ac-c130-47e1-92a7-8752ab86fdcd.COMHYG8ZSP9DC2GZ.SEARCH&ppt=sp&ppn=sp&ssid=c2pion7nf40000001781258430985&qH=b24ed56a5348ed79&ov_redirect=true,flipkart
"Add to CompareAcer Aspire Intel Core i5 12th Gen 12450H - (12 GB/512 GB SSD/Windows 11 Home) AL15-52H Thin and Light...4.12,479 Ratings&215 ReviewsIntel Core i5 Processor (12th Gen)12 GB LPDDR5 RAMWindows 11 Home Operating System512 GB SSD39.62 cm (15.6 Inch) Display1 Year Carry-in Warranty₹56,990₹59,9905% offOnly few leftBank Offer",Acer,56990.0,Intel Core I5 12Th,12.0,LPDDR5,512.0,SSD,Intel Iris Xe,Windows 11,15.6,1920,1080,1,https://rukminim2.flixcart.com/image/416/416/xif0q/computer/a/a/o/-original-imah7tknwg7brmfv.jpeg?q=70,https://www.flipkart.com/acer-aspire-intel-core-i5-12th-gen-12450h-12-gb-512-gb-ssd-windows-11-home-al15-52h-thin-light-laptop/p/itmc262e2fa338ce?pid=COMH59E4MRQZEJEH&lid=LSTCOMH59E4MRQZEJEHZ9JQUS&marketplace=FLIPKART&q=i5+laptop&store=6bo%2Fb5g&srno=s_1_21&otracker=search&fm=organic&iid=3db560ac-c130-47e1-92a7-8752ab86fdcd.COMH59E4MRQZEJEH.SEARCH&ppt=sp&ppn=sp&ssid=c2pion7nf40000001781258430985&qH=b24ed56a5348ed79&ov_redirect=true,flipkart
"Add to CompareHP Intel Core i5 13th Gen 1334U - (12 GB/512 GB SSD/Windows 11 Home) 15-fd0575TU Thin and Light Laptop4.21,971 Ratings&98 ReviewsIntel Core i5 Processor (13th Gen)12 GB DDR4 RAMWindows 11 Home Operating System512 GB SSD39.62 cm (15.6 Inch) DisplayMS Office Home 2024 + MISC PC Game Pass DA 3M1 Year Onsite Warranty₹62,912₹80,00021% offOnly 2 leftBank Offer",HP,62912.0,Intel Core I5 13Th,12.0,DDR4,512.0,SSD,Intel Iris Xe,Windows 11,15.6,1920,1080,1,https://rukminim2.flixcart.com/image/416/416/xif0q/computer/l/b/b/-original-imahgx8wueq7t5ua.jpeg?q=70,https://www.flipkart.com/hp-intel-core-i5-13th-gen-1334u-12-gb-512-gb-ssd-windows-11-home-15-fd0575tu-thin-light-laptop/p/itm9dd69f3a98da6?pid=COMHBFRJRKZQBFNG&lid=LSTCOMHBFRJRKZQBFNGVTWZOP&marketplace=FLIPKART&q=i5+laptop&store=6bo%2Fb5g&srno=s_1_23&otracker=search&fm=organic&iid=3db560ac-c130-47e1-92a7-8752ab86fdcd.COMHBFRJRKZQBFNG.SEARCH&ppt=sp&ppn=sp&ssid=c2pion7nf40000001781258430985&qH=b24ed56a5348ed79&ov_redirect=true,flipkart
"Add to CompareLenovo IdeaPad Slim 3 Intel Core i5 12th Gen 12450H - (16 GB/512 GB SSD/Windows 11 Home) 15IAH8 Thin a...4.161 Ratings&2 ReviewsIntel Core i5 Processor (12th Gen)16 GB LPDDR5 RAMWindows 11 Home Operating System512 GB SSD39.62 cm (15.6 Inch) Display1 Year Onsite Warranty₹65,990₹76,69013% offOnly 3 leftBank Offer",Lenovo,65990.0,Intel Core I5 12Th,16.0,LPDDR5,512.0,SSD,Intel Iris Xe,Windows 11,15.6,1920,1080,1,https://rukminim2.flixcart.com/image/416/416/xif0q/computer/j/r/x/15iah8-thin-and-light-laptop-lenovo-original-imahec4t4evmeba4.jpeg?q=70,https://www.flipkart.com/lenovo-ideapad-slim-3-intel-core-i5-12th-gen-12450h-16-gb-512-gb-ssd-windows-11-home-15iah8-thin-light-laptop/p/itm8dd83f96f8d79?pid=COMHEARFBRJHJCA4&lid=LSTCOMHEARFBRJHJCA4UQ1ZWF&marketplace=FLIPKART&q=i5+laptop&store=6bo%2Fb5g&srno=s_1_24&otracker=search&fm=organic&iid=3db560ac-c130-47e1-92a7-8752ab86fdcd.COMHEARFBRJHJCA4.SEARCH&ppt=sp&ppn=sp&ssid=c2pion7nf40000001781258430985&qH=b24ed56a5348ed79&ov_redirect=true,flipkart
"Add to CompareASUS Vivobook 15, with Backlit Keyboard, Intel Core i5 12th Gen 1235U - (16 GB/512 GB SSD/Windows 11 H...4.28,893 Ratings&492 ReviewsIntel Core i5 Processor (12th Gen)16 GB DDR4 RAMWindows 11 Operating System512 GB SSD39.62 cm (15.6 Inch) Display1 Year Onsite Warranty₹43,990₹73,99040% offUpto₹31,200Off on ExchangeBank Offer",ASUS,43990.0,Intel Core I5 12Th,16.0,DDR4,512.0,SSD,Intel Iris Xe,Windows 11,15.6,1920,1080,1,https://rukminim2.flixcart.com/image/416/416/xif0q/computer/l/y/8/-original-imahg53x72vqbvwg.jpeg?q=70,https://www.flipkart.com/asus-vivobook-15-backlit-keyboard-intel-core-i5-12th-gen-1235u-16-gb-512-gb-ssd-windows-11-home-x1504za-nj549ws-thin-light-laptop/p/itmff0e170cb596e?pid=COMHYG8ZPYAZAFTY&lid=LSTCOMHYG8ZPYAZAFTYGCGEBA&marketplace=FLIPKART&q=i5+laptop&store=6bo%2Fb5g&srno=s_2_26&otracker=search&fm=organic&iid=63ccbd7d-f18e-47d9-886f-d6200bd40ecf.COMHYG8ZPYAZAFTY.SEARCH&ppt=sp&ppn=sp&ssid=bnrb3h25eo0000001781258435860&qH=b24ed56a5348ed79&ov_redirect=true,flipkart
"Add to ComparePrittec Intel Core i5 12th Gen intel i5 12th gen - (8 GB/512 GB SSD/8 GB EMMC Storage/Windows 11 Home)...Intel Core i5 Processor (12th Gen)8 GB DDR4 RAMWindows 11 Operating System512 GB SSD38.1 cm (15 inch) Touchscreen DisplayWarranty Summary1 YEARCovered in WarrantylaptopNot Covered in WarrantyDAMAGE WILL NOT BE RECOVERED UNDER WARRANTYWarranty Service Type1 YEAR ON SITE₹39,058₹64,99039% offOnly few leftBank Offer",Add,39058.0,Intel Core I5 12Th,8.0,DDR4,512.0,SSD,Intel Iris Xe,Windows 11,15.6,1920,1080,1,https://rukminim2.flixcart.com/image/416/416/xif0q/computer/5/k/7/maxbook-laptop-prittec-original-imahhh6m2z3ya76s.jpeg?q=70,https://www.flipkart.com/prittec-intel-core-i5-12th-gen-8-gb-512-gb-ssd-8-emmc-storage-windows-11-home-n156p31-laptop/p/itm6b930b441a07c?pid=COMHMD8PSXNG73DF&lid=LSTCOMHMD8PSXNG73DFYYLUBC&marketplace=FLIPKART&q=i5+laptop&store=6bo%2Fb5g&srno=s_2_27&otracker=search&fm=organic&iid=63ccbd7d-f18e-47d9-886f-d6200bd40ecf.COMHMD8PSXNG73DF.SEARCH&ppt=sp&ppn=sp&ssid=bnrb3h25eo0000001781258435860&qH=b24ed56a5348ed79&ov_redirect=true,flipkart
"Add to ComparePrittec Intel Core i5 12th Gen 12th Gen - (16 GB/512 GB SSD/Windows 11 Home) N156P516512 LaptopIntel Core i5 Processor (12th Gen)16 GB DDR4 RAMWindows 11 Operating System512 GB SSD39.62 cm (15.6 inch) Display1 Year Manufacturer Warranty₹46,006₹64,99029% offOnly few leftBank Offer",Add,46006.0,Intel Core I5 12Th,16.0,DDR4,512.0,SSD,Intel Iris Xe,Windows 11,15.6,1920,1080,1,https://rukminim2.flixcart.com/image/416/416/xif0q/computer/5/k/7/maxbook-laptop-prittec-original-imahhh6m2z3ya76s.jpeg?q=70,https://www.flipkart.com/prittec-intel-core-i5-12th-gen-16-gb-512-gb-ssd-windows-11-home-n156p516512-laptop/p/itm328b03a7bbed6?pid=COMHMHRPPGWFGQAX&lid=LSTCOMHMHRPPGWFGQAXKIHZEH&marketplace=FLIPKART&q=i5+laptop&store=6bo%2Fb5g&srno=s_2_30&otracker=search&fm=organic&iid=63ccbd7d-f18e-47d9-886f-d6200bd40ecf.COMHMHRPPGWFGQAX.SEARCH&ppt=sp&ppn=sp&ssid=bnrb3h25eo0000001781258435860&qH=b24ed56a5348ed79&ov_redirect=true,flipkart
"Add to CompareAcer Aspire 14 Office 2024 + M365 Basic Intel Core i5 13th Gen 13500H - (16 GB/512 GB SSD/Windows 11 H...4.36,336 Ratings&531 ReviewsIntel Core i5 Processor (13th Gen)16 GB LPDDR5 RAM64 bit Windows 11 Home Operating System512 GB SSD35.56 cm (14 Inch) Display1 Year Warranty₹63,500₹65,9903% offOnly 2 leftBank Offer",Acer,63500.0,Intel Core I5 13Th,16.0,LPDDR5,512.0,SSD,Intel Iris Xe,Windows 11,15.6,1920,1080,1,https://rukminim2.flixcart.com/image/416/416/xif0q/computer/k/i/d/-original-imahgfdfs7cvjxkg.jpeg?q=70,https://www.flipkart.com/acer-aspire-14-office-2024-m365-basic-intel-core-i5-13th-gen-13500h-16-gb-512-gb-ssd-windows-11-home-as14h-53-thin-light-laptop/p/itm6d9e21bde5a56?pid=COMHEWCQJGXCFPP4&lid=LSTCOMHEWCQJGXCFPP4MN6ASW&marketplace=FLIPKART&q=i5+laptop&store=6bo%2Fb5g&srno=s_2_33&otracker=search&fm=organic&iid=63ccbd7d-f18e-47d9-886f-d6200bd40ecf.COMHEWCQJGXCFPP4.SEARCH&ppt=sp&ppn=sp&ssid=bnrb3h25eo0000001781258435860&qH=b24ed56a5348ed79&ov_redirect=true,flipkart
"Add to CompareASUS Vivobook 15 Intel Core i5 12th Gen 1235U - (16 GB/512 GB SSD/Windows 11 Home) X1502ZA-EJ545WS Thi...4.28,893 Ratings&492 ReviewsIntel Core i5 Processor (12th Gen)16 GB DDR4 RAMWindows 11 Operating System512 GB SSD39.62 cm (15.6 Inch) Display1 Year Onsite Warranty₹51,990₹74,99030% offOnly 1 leftUpto₹37,050Off on Exchange",ASUS,51990.0,Intel Core I5 12Th,16.0,DDR4,512.0,SSD,Intel Iris Xe,Windows 11,15.6,1920,1080,1,https://rukminim2.flixcart.com/image/416/416/xif0q/computer/c/3/a/-original-imahg5fxdapjw9dk.jpeg?q=70,https://www.flipkart.com/asus-vivobook-15-intel-core-i5-12th-gen-1235u-16-gb-512-gb-ssd-windows-11-home-x1502za-ej545ws-thin-light-laptop/p/itm3b11f9400fcd8?pid=COMGR5QEDDTGGUBX&lid=LSTCOMGR5QEDDTGGUBXOVXZAO&marketplace=FLIPKART&q=i5+laptop&store=6bo%2Fb5g&srno=s_2_34&otracker=search&fm=organic&iid=63ccbd7d-f18e-47d9-886f-d6200bd40ecf.COMGR5QEDDTGGUBX.SEARCH&ppt=sp&ppn=sp&ssid=bnrb3h25eo0000001781258435860&qH=b24ed56a5348ed79&ov_redirect=true,flipkart
"Add to CompareAcer Aspire 7 Intel Core i5 13th Gen 13420H - (16 GB/512 GB SSD/Windows 11 Home/4 GB Graphics/NVIDIA G...4.32,478 Ratings&173 ReviewsIntel Core i5 Processor (13th Gen)16 GB DDR4 RAMWindows 11 Operating System512 GB SSD39.62 cm (15.6 Inch) Display1 Year Onsite Warranty₹57,990₹84,99931% offUpto₹37,050Off on ExchangeBank Offer",Acer,57990.0,Intel Core I5 13Th,16.0,DDR4,512.0,SSD,Intel Iris Xe,Windows 11,15.6,1920,1080,1,https://rukminim2.flixcart.com/image/416/416/xif0q/computer/q/r/y/-original-imahg53uzqygvzdc.jpeg?q=70,https://www.flipkart.com/acer-aspire-7-intel-core-i5-13th-gen-13420h-16-gb-512-gb-ssd-windows-11-home-4-graphics-nvidia-geforce-rtx-2050-a715-79g-gaming-laptop/p/itm8208102c97f99?pid=COMH3G96J7CE6ZPH&lid=LSTCOMH3G96J7CE6ZPHSFRCM4&marketplace=FLIPKART&q=i5+laptop&store=6bo%2Fb5g&srno=s_2_36&otracker=search&fm=organic&iid=63ccbd7d-f18e-47d9-886f-d6200bd40ecf.COMH3G96J7CE6ZPH.SEARCH&ppt=sp&ppn=sp&ssid=bnrb3h25eo0000001781258435860&qH=b24ed56a5348ed79&ov_redirect=true,flipkart
"Add to CompareASUS Vivobook 15, with Backlit Keyboard, Intel Core i5 12th Gen 1235U - (8 GB/512 GB SSD/Windows 11 Ho...4.28,893 Ratings&492 ReviewsIntel Core i5 Processor (12th Gen)8 GB DDR4 RAMWindows 11 Operating System512 GB SSD39.62 cm (15.6 Inch) Display1 Year Onsite Warranty₹58,947₹69,99015% offOnly 3 leftBank Offer",ASUS,58947.0,Intel Core I5 12Th,8.0,DDR4,512.0,SSD,Intel Iris Xe,Windows 11,15.6,1920,1080,1,https://rukminim2.flixcart.com/image/416/416/xif0q/computer/s/n/e/-original-imahg5fudk6zhjfc.jpeg?q=70,https://www.flipkart.com/asus-vivobook-15-backlit-keyboard-intel-core-i5-12th-gen-1235u-8-gb-512-gb-ssd-windows-11-home-x1504za-nj527ws-x1504za-nj522ws-thin-light-laptop/p/itm200184e4e0443?pid=COMH4Y6KZGGKYCGP&lid=LSTCOMH4Y6KZGGKYCGP611LZ6&marketplace=FLIPKART&q=i5+laptop&store=6bo%2Fb5g&srno=s_2_38&otracker=search&fm=organic&iid=63ccbd7d-f18e-47d9-886f-d6200bd40ecf.COMH4Y6KZGGKYCGP.SEARCH&ppt=sp&ppn=sp&ssid=bnrb3h25eo0000001781258435860&qH=b24ed56a5348ed79&ov_redirect=true,flipkart
"Add to CompareHP Laptop Intel Core i5 12th Gen 1235U - (8 GB/512 GB SSD/Windows 11 Home) 15s-fq5329TU Thin and Light...4.2470 Ratings&21 ReviewsIntel Core i5 Processor (12th Gen)8 GB DDR4 RAM64 bit Windows 11 Operating System512 GB SSD39.62 cm (15.6 Inch) Display1 Year Onsite Warranty₹58,607₹65,90011% offOnly few leftBank Offer",HP,58607.0,Intel Core I5 12Th,8.0,DDR4,512.0,SSD,Intel Iris Xe,Windows 11,15.6,1920,1080,1,https://rukminim2.flixcart.com/image/416/416/xif0q/computer/g/w/f/-original-imahg52jgcpks9zf.jpeg?q=70,https://www.flipkart.com/hp-laptop-intel-core-i5-12th-gen-1235u-8-gb-512-gb-ssd-windows-11-home-15s-fq5329tu-thin-light/p/itm7d7024d1947e9?pid=COMGYZVFY8MFJ8QA&lid=LSTCOMGYZVFY8MFJ8QAOV7IMA&marketplace=FLIPKART&q=i5+laptop&store=6bo%2Fb5g&srno=s_2_39&otracker=search&fm=organic&iid=63ccbd7d-f18e-47d9-886f-d6200bd40ecf.COMGYZVFY8MFJ8QA.SEARCH&ppt=sp&ppn=sp&ssid=bnrb3h25eo0000001781258435860&qH=b24ed56a5348ed79&ov_redirect=true,flipkart
"Add to CompareAcer Intel Core i5 13th Gen - (16 GB/512 GB SSD/Windows 11 Home) UN.34ESI.00K Laptop2.912 Ratings&1 ReviewsIntel Core i5 Processor (13th Gen)16 GB LPDDR4 RAMWindows 11 Home Operating System512 GB SSD39.62 cm (15.6 Inch) Display1 Year Warranty₹56,990₹59,9905% offOnly few leftBank Offer",Acer,56990.0,Intel Core I5 13Th,16.0,LPDDR4,512.0,SSD,Intel Iris Xe,Windows 11,15.6,1920,1080,1,https://rukminim2.flixcart.com/image/416/416/xif0q/computer/x/a/x/aspire-lite-laptop-acer-original-imahbxrvvzuhnky7.jpeg?q=70,https://www.flipkart.com/acer-intel-core-i5-13th-gen-16-gb-512-gb-ssd-windows-11-home-un-34esi-00k-laptop/p/itm440b56b07cd6c?pid=COMHBXRV79MHMRXZ&lid=LSTCOMHBXRV79MHMRXZ223REH&marketplace=FLIPKART&q=i5+laptop&store=6bo%2Fb5g&srno=s_2_46&otracker=search&fm=organic&iid=63ccbd7d-f18e-47d9-886f-d6200bd40ecf.COMHBXRV79MHMRXZ.SEARCH&ppt=sp&ppn=sp&ssid=bnrb3h25eo0000001781258435860&qH=b24ed56a5348ed79&ov_redirect=true,flipkart
"Add to CompareASUS Vivobook 15, with Backlit Keyboard, Intel Core i5 13th Gen 1334U - (8 GB/512 GB SSD/Windows 11 Ho...4.31,139 Ratings&74 ReviewsIntel Core i5 Processor (13th Gen)8 GB DDR4 RAMWindows 11 Home Operating System512 GB SSD39.62 cm (15.6 Inch) DisplayMicrosoft Office Home 2024 + Microsoft 365 Basic1 Year Onsite Warranty₹61,031₹75,99019% offOnly 2 leftBank Offer",ASUS,61031.0,Intel Core I5 13Th,8.0,DDR4,512.0,SSD,Intel Iris Xe,Windows 11,15.6,1920,1080,1,https://rukminim2.flixcart.com/image/416/416/xif0q/computer/l/2/f/-original-imahg53uspk4gg4j.jpeg?q=70,https://www.flipkart.com/asus-vivobook-15-backlit-keyboard-intel-core-i5-13th-gen-1334u-8-gb-512-gb-ssd-windows-11-home-x1504va-nj1765ws-thin-light-laptop/p/itme9833882f198b?pid=COMH9499ZWZ3RU9Y&lid=LSTCOMH9499ZWZ3RU9YHQATEX&marketplace=FLIPKART&q=i5+laptop&store=6bo%2Fb5g&srno=s_2_48&otracker=search&fm=organic&iid=63ccbd7d-f18e-47d9-886f-d6200bd40ecf.COMH9499ZWZ3RU9Y.SEARCH&ppt=sp&ppn=sp&ssid=bnrb3h25eo0000001781258435860&qH=b24ed56a5348ed79&ov_redirect=true,flipkart
"Add to CompareDELL 15 Intel Core i5 12th Gen 1235U - (16 GB/512 GB SSD/Windows 11 Home) 3520 Thin and Light Laptop4.2720 Ratings&32 ReviewsIntel Core i5 Processor (12th Gen)16 GB DDR4 RAMWindows 11 Operating System512 GB SSD39.62 cm (15.6 Inch) DisplayMy Dell (Dell Power Manager,Dell Support Assist)1 Year Onsite Warranty₹65,999₹69,9905% offOnly few leftBank Offer",Dell,65999.0,Intel Core I5 12Th,16.0,DDR4,512.0,SSD,Intel Iris Xe,Windows 11,15.6,1920,1080,1,https://rukminim2.flixcart.com/image/416/416/xif0q/computer/t/x/u/-original-imahg533qbfzvyrc.jpeg?q=70,https://www.flipkart.com/dell-15-intel-core-i5-12th-gen-1235u-16-gb-512-gb-ssd-windows-11-home-3520-thin-light-laptop/p/itm86b6eb68a0ca0?pid=COMH8EPFRSEP9Q6M&lid=LSTCOMH8EPFRSEP9Q6MJIHHTQ&marketplace=FLIPKART&q=i5+laptop&store=6bo%2Fb5g&srno=s_3_49&otracker=search&fm=organic&iid=7c557337-cf4f-4cd2-bf08-53a3127b02f5.COMH8EPFRSEP9Q6M.SEARCH&ppt=sp&ppn=sp&ssid=3t833cbegw0000001781258441766&qH=b24ed56a5348ed79&ov_redirect=true,flipkart
"Add to CompareDELL Intel Core i5 12th Gen 1235U - (8 GB/512 GB SSD/Windows 11 Home) New Inspiron 15 Laptop Thin and ...4.1695 Ratings&46 ReviewsProcessor: Intel i5-1235U (Base- 3.30 GHz & Turbo up to 4.40 GHz) 10 CoresRAM & Storage: 8GB DDR4 & 512GB SSDGraphics & Keyboard: Integrated & Standard KeyboardDisplay: 15.6"" FHD WVA AG 120Hz 250 nits Narrow BorderIntel Core i5 Processor (12th Gen)8 GB DDR4 RAM64 bit Windows 11 Operating System512 GB SSD38.0 cm (14.96 Inch) Display1 Year Onsite Hardware Service₹59,900₹70,00014% offOnly few leftBank Offer",Dell,59900.0,Intel Core I5 12Th,8.0,DDR4,512.0,SSD,Intel Iris Xe,Windows 11,15.6,1920,1080,1,https://rukminim2.flixcart.com/image/416/416/xif0q/computer/r/k/c/-original-imahg4pa5r6wg5xt.jpeg?q=70,https://www.flipkart.com/dell-intel-core-i5-12th-gen-1235u-8-gb-512-gb-ssd-windows-11-home-new-inspiron-15-laptop-thin-light/p/itmbb62f4fcc7145?pid=COMGJ75HAXTTTV58&lid=LSTCOMGJ75HAXTTTV58WNSZUC&marketplace=FLIPKART&q=i5+laptop&store=6bo%2Fb5g&srno=s_3_50&otracker=search&fm=organic&iid=7c557337-cf4f-4cd2-bf08-53a3127b02f5.COMGJ75HAXTTTV58.SEARCH&ppt=sp&ppn=sp&ssid=3t833cbegw0000001781258441766&qH=b24ed56a5348ed79&ov_redirect=true,flipkart
"Add to CompareLenovo IdeaPad Slim 3 Intel Core i5 12th Gen 12450H - (16 GB/512 GB SSD/Windows 11 Home) 15IAH8 Thin a...4.159 Ratings&4 ReviewsIntel Core i5 Processor (12th Gen)16 GB LPDDR5 RAMWindows 11 Operating System512 GB SSD39.62 cm (15.6 Inch) Display1 Yr. Onsite + 1 Yr. Accidental Damage Protection₹61,895₹75,00017% offOnly few leftBank Offer",Lenovo,61895.0,Intel Core I5 12Th,16.0,LPDDR5,512.0,SSD,Intel Iris Xe,Windows 11,15.6,1920,1080,1,https://rukminim2.flixcart.com/image/416/416/xif0q/computer/h/l/i/-original-imahex3u7rhsva6n.jpeg?q=70,https://www.flipkart.com/lenovo-ideapad-slim-3-intel-core-i5-12th-gen-12450h-16-gb-512-gb-ssd-windows-11-home-15iah8-thin-light-laptop/p/itm76f0e5d975817?pid=COMGX2XUHXRRPTG9&lid=LSTCOMGX2XUHXRRPTG99CFVLD&marketplace=FLIPKART&q=i5+laptop&store=6bo%2Fb5g&srno=s_3_56&otracker=search&fm=organic&iid=7c557337-cf4f-4cd2-bf08-53a3127b02f5.COMGX2XUHXRRPTG9.SEARCH&ppt=sp&ppn=sp&ssid=3t833cbegw0000001781258441766&qH=b24ed56a5348ed79&ov_redirect=true,flipkart
"Add to CompareSamsung Galaxy Book2 Intel Core i5 12th Gen 1235U - (8 GB/256 GB SSD/Windows 11 Home) NP750XED-KB1IN T...4.4252 Ratings&35 ReviewsIntel Core i5 Processor (12th Gen)8 GB LPDDR4X RAM64 bit Windows 11 Operating System256 GB SSD39.62 cm (15.6 Inch) Display1 Year Onsite Warranty₹59,999₹79,99024% offOnly 1 leftBank Offer",Samsung,59999.0,Intel Core I5 12Th,8.0,LPDDR4X,256.0,SSD,Intel Iris Xe,Windows 11,15.6,1920,1080,1,https://rukminim2.flixcart.com/image/416/416/xif0q/computer/d/j/s/-original-imahg5ftsdtzznhg.jpeg?q=70,https://www.flipkart.com/samsung-galaxy-book2-intel-core-i5-12th-gen-1235u-8-gb-256-gb-ssd-windows-11-home-np750xed-kb1in-thin-light-laptop/p/itm2822d57f3725d?pid=COMGE82NKVHVFM7H&lid=LSTCOMGE82NKVHVFM7H0YDQUZ&marketplace=FLIPKART&q=i5+laptop&store=6bo%2Fb5g&srno=s_3_57&otracker=search&fm=organic&iid=7c557337-cf4f-4cd2-bf08-53a3127b02f5.COMGE82NKVHVFM7H.SEARCH&ppt=sp&ppn=sp&ssid=3t833cbegw0000001781258441766&qH=b24ed56a5348ed79&ov_redirect=true,flipkart
"Add to CompareSamsung Galaxy Book2 Intel Core i5 12th Gen 1240P - (8 GB/512 GB SSD/Windows 11 Home/4 GB Graphics) NP...4.459 Ratings&10 ReviewsIntel Core i5 Processor (12th Gen)8 GB LPDDR4X RAM64 bit Windows 11 Operating System512 GB SSD39.62 cm (15.6 Inch) Display1 Year Onsite Warranty₹64,180₹1,03,49037% offSuper DealsOnly 1 left",Samsung,64180.0,Intel Core I5 12Th,8.0,LPDDR4X,512.0,SSD,Intel Iris Xe,Windows 11,15.6,1920,1080,1,https://rukminim2.flixcart.com/image/416/416/xif0q/computer/j/h/b/-original-imahfu5nnp9rxxrg.jpeg?q=70,https://www.flipkart.com/samsung-galaxy-book2-intel-core-i5-12th-gen-1240p-8-gb-512-gb-ssd-windows-11-home-4-graphics-np750xee-xb1in-thin-light-laptop/p/itm7409a1e16a0c1?pid=COMGE82NVCH5UYM4&lid=LSTCOMGE82NVCH5UYM4SDJJTR&marketplace=FLIPKART&q=i5+laptop&store=6bo%2Fb5g&srno=s_3_59&otracker=search&fm=organic&iid=7c557337-cf4f-4cd2-bf08-53a3127b02f5.COMGE82NVCH5UYM4.SEARCH&ppt=sp&ppn=sp&ssid=3t833cbegw0000001781258441766&qH=b24ed56a5348ed79&ov_redirect=true,flipkart
"Add to CompareHP Intel Core i5 13th Gen 1340P - (16 GB/512 GB SSD/Windows 11 Home) 15-eg3027TU Thin and Light Laptop3.613 Ratings&4 ReviewsIntel Core i5 Processor (13th Gen)16 GB DDR4 RAM64 bit Windows 11 Operating System512 GB SSD39.62 cm (15.6 Inch) Display1 Year Onsite Warranty₹76,800₹85,80010% offOnly 1 leftBank Offer",HP,76800.0,Intel Core I5 13Th,16.0,DDR4,512.0,SSD,Intel Iris Xe,Windows 11,15.6,1920,1080,1,https://rukminim2.flixcart.com/image/416/416/xif0q/computer/n/y/u/-original-imahg5ftgqwdgcnf.jpeg?q=70,https://www.flipkart.com/hp-intel-core-i5-13th-gen-1340p-16-gb-512-gb-ssd-windows-11-home-15-eg3027tu-thin-light-laptop/p/itma5bc84556fdc9?pid=COMGPRSXHCG7YUGF&lid=LSTCOMGPRSXHCG7YUGF7H9JG7&marketplace=FLIPKART&q=i5+laptop&store=6bo%2Fb5g&srno=s_3_60&otracker=search&fm=organic&iid=7c557337-cf4f-4cd2-bf08-53a3127b02f5.COMGPRSXHCG7YUGF.SEARCH&ppt=sp&ppn=sp&ssid=3t833cbegw0000001781258441766&qH=b24ed56a5348ed79&ov_redirect=true,flipkart
"Add to CompareDELL Inspiron 15 Intel Core i5 1334U - (16 GB/512 GB SSD/Windows 11 Home) 3530 Thin and Light Laptop4.2100 Ratings&6 ReviewsIntel Core i5 Processor16 GB DDR4 RAMWindows 11 Operating System512 GB SSD39.62 cm (15.6 Inch) DisplayMy Dell (Dell Power Manager,Dell Support Assist)1 Year Onsite Warranty₹69,990₹79,99012% offOnly few leftBank Offer",Dell,69990.0,Intel Core I5 1334U,16.0,DDR4,512.0,SSD,Intel Iris Xe,Windows 11,15.6,1920,1080,1,https://rukminim2.flixcart.com/image/416/416/xif0q/computer/x/s/6/-original-imahg5fxhacwyhjy.jpeg?q=70,https://www.flipkart.com/dell-inspiron-15-intel-core-i5-1334u-16-gb-512-gb-ssd-windows-11-home-3530-thin-light-laptop/p/itmd9735b628eb7e?pid=COMH8EPFHZ6H2F6X&lid=LSTCOMH8EPFHZ6H2F6XTNUJZ6&marketplace=FLIPKART&q=i5+laptop&store=6bo%2Fb5g&srno=s_3_62&otracker=search&fm=organic&iid=7c557337-cf4f-4cd2-bf08-53a3127b02f5.COMH8EPFHZ6H2F6X.SEARCH&ppt=sp&ppn=sp&ssid=3t833cbegw0000001781258441766&qH=b24ed56a5348ed79&ov_redirect=true,flipkart
"Add to CompareLenovo Ideapad Intel Core i5 12th Gen 12450H - (16 GB/512 GB SSD/Windows 11 Home/4 GB Graphics) 15IAH8...4.1153 Ratings&11 ReviewsIntel Core i5 Processor (12th Gen)16 GB LPDDR5 RAMWindows 11 Operating System512 GB SSD39.62 cm (15.6 Inch) DisplayOffice Home & Student 20211 Yr. Onsite + 1 Yr. Accidental Damage Protection₹69,900₹75,0006% offOnly few leftBank Offer",Lenovo,69900.0,Intel Core I5 12Th,16.0,LPDDR5,512.0,SSD,Intel Iris Xe,Windows 11,15.6,1920,1080,1,https://rukminim2.flixcart.com/image/416/416/xif0q/computer/z/p/f/-original-imahex3uzm8x2gsk.jpeg?q=70,https://www.flipkart.com/lenovo-ideapad-intel-core-i5-12th-gen-12450h-16-gb-512-gb-ssd-windows-11-home-4-graphics-15iah8-thin-light-laptop/p/itm76f0e5d975817?pid=COMGYSFGJKSCNDDC&lid=LSTCOMGYSFGJKSCNDDCSM4ZIU&marketplace=FLIPKART&q=i5+laptop&store=6bo%2Fb5g&srno=s_3_64&otracker=search&fm=organic&iid=7c557337-cf4f-4cd2-bf08-53a3127b02f5.COMGYSFGJKSCNDDC.SEARCH&ppt=sp&ppn=sp&ssid=3t833cbegw0000001781258441766&qH=b24ed56a5348ed79&ov_redirect=true,flipkart
"Add to CompareAcer Aspire Lite with Backlit Keyboard, Intel Core i5 12th Gen 1235U - (16 GB/512 GB SSD/Windows 11 Ho...4.380 Ratings&7 ReviewsIntel Core i5 Processor (12th Gen)16 GB DDR4 RAMWindows 11 Operating System512 GB SSD39.62 cm (15.6 Inch) Display1 Year Carry-in Warranty₹56,800₹64,99012% offOnly 2 leftBank Offer",Acer,56800.0,Intel Core I5 12Th,16.0,DDR4,512.0,SSD,Intel Iris Xe,Windows 11,15.6,1920,1080,1,https://rukminim2.flixcart.com/image/416/416/xif0q/computer/u/p/m/-original-imah2pf2u98xefzx.jpeg?q=70,https://www.flipkart.com/acer-aspire-lite-backlit-keyboard-intel-core-i5-12th-gen-1235u-16-gb-512-gb-ssd-windows-11-home-al15-52-thin-light-laptop/p/itm1bc0bcb4598e7?pid=COMH28U48ANJF7HZ&lid=LSTCOMH28U48ANJF7HZBYXVOZ&marketplace=FLIPKART&q=i5+laptop&store=6bo%2Fb5g&srno=s_3_65&otracker=search&fm=organic&iid=7c557337-cf4f-4cd2-bf08-53a3127b02f5.COMH28U48ANJF7HZ.SEARCH&ppt=sp&ppn=sp&ssid=3t833cbegw0000001781258441766&qH=b24ed56a5348ed79&ov_redirect=true,flipkart
"Add to ComparePrittec Intel Core i5 12th Gen - (16 GB/512 GB SSD/Windows 11 Home/128 MB Graphics) N156P16512 LaptopIntel Core i5 Processor (12th Gen)16 GB DDR4 RAMWindows 11 Operating System512 GB SSD39.62 cm (15.6 Inch) Display1 YEAR₹49,899₹64,99023% offOnly few leftBank Offer",Add,49899.0,Intel Core I5 12Th,16.0,DDR4,512.0,SSD,Intel Iris Xe,Windows 11,15.6,1920,1080,1,https://rukminim2.flixcart.com/image/416/416/xif0q/computer/5/k/7/maxbook-laptop-prittec-original-imahhh6m2z3ya76s.jpeg?q=70,https://www.flipkart.com/prittec-intel-core-i5-12th-gen-16-gb-512-gb-ssd-windows-11-home-128-mb-graphics-n156p16512-laptop/p/itmc7ed42a6b1f45?pid=COMHJ6MQGNFC6TDZ&lid=LSTCOMHJ6MQGNFC6TDZQPSDDF&marketplace=FLIPKART&q=i5+laptop&store=6bo%2Fb5g&srno=s_3_66&otracker=search&fm=organic&iid=7c557337-cf4f-4cd2-bf08-53a3127b02f5.COMHJ6MQGNFC6TDZ.SEARCH&ppt=sp&ppn=sp&ssid=3t833cbegw0000001781258441766&qH=b24ed56a5348ed79&ov_redirect=true,flipkart
"Add to CompareASUS Intel Core i5 12th Gen - (8 GB/512 GB SSD/Windows 11 Home) X1502ZA-EJ531WS LaptopIntel Core i5 Processor (12th Gen)8 GB DDR4 RAMWindows 11 Operating System512 GB SSD39.62 cm (15.6 Inch) Display1 YEAR INTERNATIONAL₹55,999₹65,99015% offOnly 1 leftBank Offer",ASUS,55999.0,Intel Core I5 12Th,8.0,DDR4,512.0,SSD,Intel Iris Xe,Windows 11,15.6,1920,1080,1,https://rukminim2.flixcart.com/image/416/416/xif0q/computer/g/n/u/vivobook-15-laptop-asus-original-imagt8amwj7psxuq.jpeg?q=70,https://www.flipkart.com/asus-intel-core-i5-12th-gen-8-gb-512-gb-ssd-windows-11-home-x1502za-ej531ws-laptop/p/itm092dfbb4f7bf4?pid=COMGT8AMEXH3GFHZ&lid=LSTCOMGT8AMEXH3GFHZAILYSY&marketplace=FLIPKART&q=i5+laptop&store=6bo%2Fb5g&srno=s_3_69&otracker=search&fm=organic&iid=7c557337-cf4f-4cd2-bf08-53a3127b02f5.COMGT8AMEXH3GFHZ.SEARCH&ppt=sp&ppn=sp&ssid=3t833cbegw0000001781258441766&qH=b24ed56a5348ed79&ov_redirect=true,flipkart
"Add to CompareAcer Aspire 5 Intel Core i5 8th Gen 8265U - (8 GB/1 TB HDD/Windows 10 Home/2 GB Graphics) A515-52G Thi...4.180 Ratings&21 ReviewsIntel Core i5 Processor (8th Gen)8 GB DDR4 RAM64 bit Windows 10 Operating System1 TB HDD39.62 cm (15.6 Inch) DisplayAcer Care Center, Acer Configuration Manager, Acer Quick Access, Acer Product Registration1 Year International Travelers Warranty (ITW)₹56,990₹62,5498% offOnly 1 leftUpto₹37,050Off on Exchange",Acer,56990.0,Intel Core I5 8Th,8.0,DDR4,512.0,HDD,Intel Iris Xe,Windows 10,15.6,1366,768,1,https://rukminim2.flixcart.com/image/416/416/k7w8eq80/computer/e/h/q/acer-na-thin-and-light-laptop-original-imafqyy6dg98t3ym.jpeg?q=70,https://www.flipkart.com/acer-aspire-5-intel-core-i5-8th-gen-8265u-8-gb-1-tb-hdd-windows-10-home-2-gb-graphics-a515-52g-thin-light-laptop/p/itm293f58481f43a?pid=COMFJZ92VCCE5EHQ&lid=LSTCOMFJZ92VCCE5EHQG4ZNHT&marketplace=FLIPKART&q=i5+laptop&store=6bo%2Fb5g&srno=s_4_76&otracker=search&fm=organic&iid=7a95c38c-7629-4db0-b39c-f0c699d1daab.COMFJZ92VCCE5EHQ.SEARCH&ppt=sp&ppn=sp&ssid=v8coxp9bxs0000001781258446938&qH=b24ed56a5348ed79&ov_redirect=true,flipkart
"Add to CompareAcer Aspire 14 with Backlit Keyboard Intel Core i5 13th Gen 13500H - (16 GB/512 GB SSD/Windows 11 Home...4.36,336 Ratings&531 ReviewsIntel Core i5 Processor (13th Gen)16 GB LPDDR5 RAMWindows 11 Operating System512 GB SSD35.56 cm (14 Inch) Display1 Year Onsite Warranty₹49,990₹93,99946% offOnly few leftUpto₹32,950Off on Exchange",Acer,49990.0,Intel Core I5 13Th,16.0,LPDDR5,512.0,SSD,Intel Iris Xe,Windows 11,15.6,1920,1080,1,https://rukminim2.flixcart.com/image/416/416/xif0q/computer/g/l/u/-original-imahg5fxzqngdhnf.jpeg?q=70,https://www.flipkart.com/acer-aspire-14-backlit-keyboard-intel-core-i5-13th-gen-13500h-16-gb-512-gb-ssd-windows-11-home-sfg14-71-58ub-thin-light-laptop/p/itm0a080194d6dd1?pid=COMGZKGGAHZBA3WY&lid=LSTCOMGZKGGAHZBA3WYZB7HUL&marketplace=FLIPKART&q=i5+laptop&store=6bo%2Fb5g&srno=s_4_78&otracker=search&fm=organic&iid=7a95c38c-7629-4db0-b39c-f0c699d1daab.COMGZKGGAHZBA3WY.SEARCH&ppt=sp&ppn=sp&ssid=v8coxp9bxs0000001781258446938&qH=b24ed56a5348ed79&ov_redirect=true,flipkart
"Add to CompareASUS Vivobook 15, with Backlit Keyboard, Intel Core i5 13th Gen 1335U - (8 GB/512 GB SSD/Windows 11 Ho...4.2151 Ratings&7 ReviewsIntel Core i5 Processor (13th Gen)8 GB DDR4 RAMWindows 11 Operating System512 GB SSD39.62 cm (15.6 Inch) Display1 Year Onsite Warranty₹60,396₹79,90024% offOnly 1 leftBank Offer",ASUS,60396.0,Intel Core I5 13Th,8.0,DDR4,512.0,SSD,Intel Iris Xe,Windows 11,15.6,1920,1080,1,https://rukminim2.flixcart.com/image/416/416/xif0q/computer/l/q/4/-original-imahg4pamwhstxhn.jpeg?q=70,https://www.flipkart.com/asus-vivobook-15-backlit-keyboard-intel-core-i5-13th-gen-1335u-8-gb-512-gb-ssd-windows-11-home-x1504va-nj521ws-thin-light-laptop/p/itmff0e170cb596e?pid=COMGZDQJ8RVSQZE8&lid=LSTCOMGZDQJ8RVSQZE8G5WCGJ&marketplace=FLIPKART&q=i5+laptop&store=6bo%2Fb5g&srno=s_4_79&otracker=search&fm=organic&iid=7a95c38c-7629-4db0-b39c-f0c699d1daab.COMGZDQJ8RVSQZE8.SEARCH&ppt=sp&ppn=sp&ssid=v8coxp9bxs0000001781258446938&qH=b24ed56a5348ed79&ov_redirect=true,flipkart
"Add to CompareASUS Vivobook 15, with Backlit Keyboard, Intel Core i5 13th Gen 1334U - (8 GB/512 GB SSD/Windows 11 Ho...4.31,139 Ratings&74 ReviewsIntel Core i5 Processor (13th Gen)8 GB DDR4 RAMWindows 11 Home Operating System512 GB SSD39.62 cm (15.6 Inch) DisplayMicrosoft Office Home 2024 + Microsoft 365 Basic1 Year Onsite Warranty₹65,990₹79,99017% offOnly 5 leftBank Offer",ASUS,65990.0,Intel Core I5 13Th,8.0,DDR4,512.0,SSD,Intel Iris Xe,Windows 11,15.6,1920,1080,1,https://rukminim2.flixcart.com/image/416/416/xif0q/computer/v/x/8/-original-imahg4uv5kqwn9dw.jpeg?q=70,https://www.flipkart.com/asus-vivobook-15-backlit-keyboard-intel-core-i5-13th-gen-1334u-8-gb-512-gb-ssd-windows-11-home-x1504va-nj1766ws-thin-light-laptop/p/itmb8beee48281dd?pid=COMH9499RA9ACAE9&lid=LSTCOMH9499RA9ACAE9KOXLEX&marketplace=FLIPKART&q=i5+laptop&store=6bo%2Fb5g&srno=s_4_83&otracker=search&fm=organic&iid=7a95c38c-7629-4db0-b39c-f0c699d1daab.COMH9499RA9ACAE9.SEARCH&ppt=sp&ppn=sp&ssid=v8coxp9bxs0000001781258446938&qH=b24ed56a5348ed79&ov_redirect=true,flipkart
"Add to CompareHP Intel Core i5 13th Gen 1334U - (16 GB/512 GB SSD/Windows 11 Home) 15-fd0315TU Thin and Light Laptop4.1343 Ratings&15 ReviewsIntel Core i5 Processor (13th Gen)16 GB DDR4 RAMWindows 11 Operating System512 GB SSD39.37 cm (15.5 Inch) Display1 Year Onsite Warranty₹62,999₹70,99011% offOnly 1 leftBank Offer",HP,62999.0,Intel Core I5 13Th,16.0,DDR4,512.0,SSD,Intel Iris Xe,Windows 11,15.5,1920,1080,1,https://rukminim2.flixcart.com/image/416/416/xif0q/computer/w/t/5/-original-imahg4us8gjdpstx.jpeg?q=70,https://www.flipkart.com/hp-intel-core-i5-13th-gen-1334u-16-gb-512-gb-ssd-windows-11-home-15-fd0315tu-thin-light-laptop/p/itm01c07721bb10b?pid=COMH2FFGSTXTR8ZB&lid=LSTCOMH2FFGSTXTR8ZBCWNLJX&marketplace=FLIPKART&q=i5+laptop&store=6bo%2Fb5g&srno=s_4_84&otracker=search&fm=organic&iid=7a95c38c-7629-4db0-b39c-f0c699d1daab.COMH2FFGSTXTR8ZB.SEARCH&ppt=sp&ppn=sp&ssid=v8coxp9bxs0000001781258446938&qH=b24ed56a5348ed79&ov_redirect=true,flipkart
"Add to CompareASUS Vivobook 15 Touch Intel Core i5 11th Gen 1135G7 - (8 GB/512 GB SSD/Windows 11 Home) X515EA-EZ501W...4.2256 Ratings&27 ReviewsIntel Core i5 Processor (11th Gen)8 GB DDR4 RAMWindows 11 Operating System512 GB SSD39.62 cm (15.6 Inch) Touchscreen DisplayMicrosoft Office Home & Student 20211 Year Onsite Warranty₹63,000₹75,00016% offOnly 1 leftBank Offer",ASUS,63000.0,Intel Core I5 11Th,8.0,DDR4,512.0,SSD,Intel Iris Xe,Windows 11,15.6,1920,1080,1,https://rukminim2.flixcart.com/image/416/416/xif0q/computer/g/s/f/-original-imagpxgqt7f6u5zj.jpeg?q=70,https://www.flipkart.com/asus-vivobook-15-touch-intel-core-i5-11th-gen-1135g7-8-gb-512-gb-ssd-windows-11-home-x515ea-ez501ws-thin-light-laptop/p/itmb24b72260b2c9?pid=COMGEFDUTSJZGPRS&lid=LSTCOMGEFDUTSJZGPRSAINPVF&marketplace=FLIPKART&q=i5+laptop&store=6bo%2Fb5g&srno=s_4_85&otracker=search&fm=organic&iid=7a95c38c-7629-4db0-b39c-f0c699d1daab.COMGEFDUTSJZGPRS.SEARCH&ppt=sp&ppn=sp&ssid=v8coxp9bxs0000001781258446938&qH=b24ed56a5348ed79&ov_redirect=true,flipkart
"Add to CompareHP Intel Core i5 13th Gen 1334U - (16 GB/512 GB SSD/Windows 11 Home) 15-fd0221TU Thin and Light Laptop4.1263 Ratings&15 ReviewsIntel Core i5 Processor (13th Gen)16 GB DDR4 RAMWindows 11 Operating System512 GB SSD39.62 cm (15.6 Inch) Display1 Year Onsite warranty₹65,992₹70,9907% offOnly 4 leftBank Offer",HP,65992.0,Intel Core I5 13Th,16.0,DDR4,512.0,SSD,Intel Iris Xe,Windows 11,15.6,1920,1080,1,https://rukminim2.flixcart.com/image/416/416/xif0q/computer/o/w/z/-original-imahg5fxz6dgqwzq.jpeg?q=70,https://www.flipkart.com/hp-intel-core-i5-13th-gen-1334u-16-gb-512-gb-ssd-windows-11-home-15-fd0221tu-thin-light-laptop/p/itm35a5d83544c54?pid=COMGXNZGBJUZ6B6Z&lid=LSTCOMGXNZGBJUZ6B6Z48B5EE&marketplace=FLIPKART&q=i5+laptop&store=6bo%2Fb5g&srno=s_4_86&otracker=search&fm=organic&iid=7a95c38c-7629-4db0-b39c-f0c699d1daab.COMGXNZGBJUZ6B6Z.SEARCH&ppt=sp&ppn=sp&ssid=v8coxp9bxs0000001781258446938&qH=b24ed56a5348ed79&ov_redirect=true,flipkart
"Add to CompareASUS Vivobook 15, with Backlit Keyboard, Intel Core i5 12th Gen 1235U - (8 GB/512 GB SSD/Windows 11 Ho...4.3102 Ratings&6 ReviewsIntel Core i5 Processor (12th Gen)8 GB DDR4 RAMWindows 11 Operating System512 GB SSD39.62 cm (15.6 Inch) Display1 Year Onsite Warranty₹69,448₹89,90022% offLowest price since launchOnly 5 left",ASUS,69448.0,Intel Core I5 12Th,8.0,DDR4,512.0,SSD,Intel Iris Xe,Windows 11,15.6,1920,1080,1,https://rukminim2.flixcart.com/image/416/416/xif0q/computer/q/n/j/-original-imahg5fugdzwshfd.jpeg?q=70,https://www.flipkart.com/asus-vivobook-15-backlit-keyboard-intel-core-i5-12th-gen-1235u-8-gb-512-gb-ssd-windows-11-home-x1504za-nj520ws-thin-light-laptop/p/itmff0e170cb596e?pid=COMH2D4GHZZGSHDP&lid=LSTCOMH2D4GHZZGSHDPYWSDGB&marketplace=FLIPKART&q=i5+laptop&store=6bo%2Fb5g&srno=s_4_88&otracker=search&fm=organic&iid=7a95c38c-7629-4db0-b39c-f0c699d1daab.COMH2D4GHZZGSHDP.SEARCH&ppt=sp&ppn=sp&ssid=v8coxp9bxs0000001781258446938&qH=b24ed56a5348ed79&ov_redirect=true,flipkart
"Add to CompareLenovo Intel Core i5 12th Gen 1235U - (8 GB/512 GB SSD/Windows 11 Home) G3 IAP Thin and Light Laptop4.3106 Ratings&7 ReviewsIntel Core i5 Processor (12th Gen)8 GB DDR4 RAMWindows 11 Home Operating System512 GB SSD39.62 cm (15.6 Inch) DisplayMicrosoft Office Home & Student 20211 Year Onsite Warranty₹59,999₹85,00029% offOnly few leftBank Offer",Lenovo,59999.0,Intel Core I5 12Th,8.0,DDR4,512.0,SSD,Intel Iris Xe,Windows 11,15.6,1920,1080,1,https://rukminim2.flixcart.com/image/416/416/xif0q/computer/h/e/g/v15-thin-and-light-laptop-lenovo-original-imah86y2fsvhjvex.jpeg?q=70,https://www.flipkart.com/lenovo-intel-core-i5-12th-gen-1235u-8-gb-512-gb-ssd-windows-11-home-g3-iap-thin-light-laptop/p/itm930d2b10f8362?pid=COMH7NDQBYSCBGNF&lid=LSTCOMH7NDQBYSCBGNF0BUX3P&marketplace=FLIPKART&q=i5+laptop&store=6bo%2Fb5g&srno=s_4_89&otracker=search&fm=organic&iid=7a95c38c-7629-4db0-b39c-f0c699d1daab.COMH7NDQBYSCBGNF.SEARCH&ppt=sp&ppn=sp&ssid=v8coxp9bxs0000001781258446938&qH=b24ed56a5348ed79&ov_redirect=true,flipkart
"Add to CompareASUS Vivobook 15 Intel Core i5 12th Gen 1235U - (8 GB/512 GB SSD/Windows 11 Home) X1504ZA-NJ521WS Thin...4.187 Ratings&6 ReviewsIntel Core i5 Processor (12th Gen)8 GB DDR4 RAMWindows 11 Operating System512 GB SSD39.62 cm (15.6 Inch) Display1 Year Onsite Warranty₹59,990₹75,99021% offOnly 3 leftBank Offer",ASUS,59990.0,Intel Core I5 12Th,8.0,DDR4,512.0,SSD,Intel Iris Xe,Windows 11,15.6,1920,1080,1,https://rukminim2.flixcart.com/image/416/416/xif0q/computer/r/h/d/x1504va-nj321ws-thin-and-light-laptop-asus-original-imagznwnfrnptnxd.jpeg?q=70,https://www.flipkart.com/asus-vivobook-15-intel-core-i5-12th-gen-1235u-8-gb-512-gb-ssd-windows-11-home-x1504za-nj521ws-thin-light-laptop/p/itmfee59c6fc485f?pid=COMGQKNYK3S4BZAK&lid=LSTCOMGQKNYK3S4BZAKBL8XP6&marketplace=FLIPKART&q=i5+laptop&store=6bo%2Fb5g&srno=s_4_90&otracker=search&fm=organic&iid=7a95c38c-7629-4db0-b39c-f0c699d1daab.COMGQKNYK3S4BZAK.SEARCH&ppt=sp&ppn=sp&ssid=v8coxp9bxs0000001781258446938&qH=b24ed56a5348ed79&ov_redirect=true,flipkart
"Add to CompareLenovo IdeaPad Slim 5 WUXGA IPS Intel Core i5 12th Gen 12450H - (16 GB/512 GB SSD/Windows 11 Home) 16I...4.2748 Ratings&62 ReviewsIntel Core i5 Processor (12th Gen)16 GB LPDDR5 RAMWindows 11 Operating System512 GB SSD40.64 cm (16 Inch) Display1Yr Warranty + 1 Yr Premium Care and 1 Yr Accidental Damage Protection₹64,999₹84,29022% offOnly 1 leftBank Offer",Lenovo,64999.0,Intel Core I5 12Th,16.0,LPDDR5,512.0,SSD,Intel Iris Xe,Windows 11,15.6,1920,1080,1,https://rukminim2.flixcart.com/image/416/416/xif0q/computer/u/n/z/-original-imahg5fxj9gtgmw2.jpeg?q=70,https://www.flipkart.com/lenovo-ideapad-slim-5-wuxga-ips-intel-core-i5-12th-gen-12450h-16-gb-512-gb-ssd-windows-11-home-16iah8-thin-light-laptop/p/itma68dba42368d2?pid=COMGSC4EZAPZHGTY&lid=LSTCOMGSC4EZAPZHGTYK5VB3B&marketplace=FLIPKART&q=i5+laptop&store=6bo%2Fb5g&srno=s_4_92&otracker=search&fm=organic&iid=7a95c38c-7629-4db0-b39c-f0c699d1daab.COMGSC4EZAPZHGTY.SEARCH&ppt=sp&ppn=sp&ssid=v8coxp9bxs0000001781258446938&qH=b24ed56a5348ed79&ov_redirect=true,flipkart
"Add to CompareDELL 15 Intel Core i5 13th Gen 1334U - (16 GB/512 GB SSD/Windows 11 Home) 3530 Thin and Light Laptop447 Ratings&4 ReviewsIntel Core i5 Processor (13th Gen)16 GB DDR4 RAM64 bit Windows 11 Operating System512 GB SSD39.62 cm (15.6 Inch) DisplayMy Dell (Dell Power Manager,Dell Support Assist)1 Year Onsite Hardware Service₹65,790₹88,99926% offOnly few leftBank Offer",Dell,65790.0,Intel Core I5 13Th,16.0,DDR4,512.0,SSD,Intel Iris Xe,Windows 11,15.6,1920,1080,1,https://rukminim2.flixcart.com/image/416/416/xif0q/computer/u/j/d/inspiron-thin-and-light-laptop-dell-original-imahc6j98rwqkedz.jpeg?q=70,https://www.flipkart.com/dell-15-intel-core-i5-13th-gen-1334u-16-gb-512-gb-ssd-windows-11-home-3530-thin-light-laptop/p/itm2878edc74d8e4?pid=COMHC6JVNYD9ZUAV&lid=LSTCOMHC6JVNYD9ZUAVECBFV6&marketplace=FLIPKART&q=i5+laptop&store=6bo%2Fb5g&srno=s_4_93&otracker=search&fm=organic&iid=7a95c38c-7629-4db0-b39c-f0c699d1daab.COMHC6JVNYD9ZUAV.SEARCH&ppt=sp&ppn=sp&ssid=v8coxp9bxs0000001781258446938&qH=b24ed56a5348ed79&ov_redirect=true,flipkart
"Add to CompareASUS Vivobook 15, with Backlit Keyboard, Intel Core i5 12th Gen 1235U - (16 GB/512 GB SSD/Windows 11 H...4.280 Ratings&6 ReviewsIntel Core i5 Processor (12th Gen)16 GB DDR4 RAMWindows 11 Operating System512 GB SSD39.62 cm (15.6 Inch) Display1 Year Onsite Warranty₹65,990Only 2 leftBank Offer",ASUS,65990.0,Intel Core I5 12Th,16.0,DDR4,512.0,SSD,Intel Iris Xe,Windows 11,15.6,1920,1080,1,https://rukminim2.flixcart.com/image/416/416/xif0q/computer/h/l/r/-original-imahg5fwwbcpyeu5.jpeg?q=70,https://www.flipkart.com/asus-vivobook-15-backlit-keyboard-intel-core-i5-12th-gen-1235u-16-gb-512-gb-ssd-windows-11-home-x1504za-nj542ws-thin-light-laptop/p/itm200184e4e0443?pid=COMH2TPS7NR6BDYW&lid=LSTCOMH2TPS7NR6BDYW4ZYZ2A&marketplace=FLIPKART&q=i5+laptop&store=6bo%2Fb5g&srno=s_4_94&otracker=search&fm=organic&iid=7a95c38c-7629-4db0-b39c-f0c699d1daab.COMH2TPS7NR6BDYW.SEARCH&ppt=sp&ppn=sp&ssid=v8coxp9bxs0000001781258446938&qH=b24ed56a5348ed79&ov_redirect=true,flipkart
"Add to CompareLenovo IdeaPad Slim 3 Backlit Intel Core i5 12th Gen 12450H - (16 GB/512 GB SSD/Windows 11 Home) 15IAH...4.31,297 Ratings&85 ReviewsIntel Core i5 Processor (12th Gen)16 GB LPDDR5 RAMWindows 11 Operating System512 GB SSD39.62 cm (15.6 Inch) Display1 Yr. Onsite + 1 Yr. Accidental Damage Protection₹68,999₹78,59012% offOnly few leftBank Offer",Lenovo,68999.0,Intel Core I5 12Th,16.0,LPDDR5,512.0,SSD,Intel Iris Xe,Windows 11,15.6,1920,1080,1,https://rukminim2.flixcart.com/image/416/416/xif0q/computer/c/c/e/-original-imahg5fytmgbbduv.jpeg?q=70,https://www.flipkart.com/lenovo-ideapad-slim-3-backlit-intel-core-i5-12th-gen-12450h-16-gb-512-gb-ssd-windows-11-home-15iah8-thin-light-laptop/p/itm76f0e5d975817?pid=COMGVQ2Y3ENU2RNV&lid=LSTCOMGVQ2Y3ENU2RNV6NW176&marketplace=FLIPKART&q=i5+laptop&store=6bo%2Fb5g&srno=s_4_95&otracker=search&fm=organic&iid=7a95c38c-7629-4db0-b39c-f0c699d1daab.COMGVQ2Y3ENU2RNV.SEARCH&ppt=sp&ppn=sp&ssid=v8coxp9bxs0000001781258446938&qH=b24ed56a5348ed79&ov_redirect=true,flipkart
"Add to CompareASUS Vivobook 15 Intel Core i5 12th Gen 1240P - (8 GB/512 GB SSD/Windows 11 Home) X1502ZA-BQ501WS Lapt...3.516 Ratings&1 ReviewsIntel Core i5 Processor (12th Gen)8 GB DDR4 RAM64 bit Windows 11 Operating System512 GB SSD39.62 cm (15.6 Inch) DisplayWindows 11 Home, Microsoft Office Home & Student 2021, 1 Year Mcafee1 Year On site Manufacturing warranty₹58,990₹72,99019% offOnly 1 leftBank Offer",ASUS,58990.0,Intel Core I5 12Th,8.0,DDR4,512.0,SSD,Intel Iris Xe,Windows 11,15.6,1920,1080,1,https://rukminim2.flixcart.com/image/416/416/l3929ow0/computer/x/r/r/vivobook-15-x1502za-bq501ws-laptop-asus-original-imageextyguf5gq8.jpeg?q=70,https://www.flipkart.com/asus-vivobook-15-intel-core-i5-12th-gen-1240p-8-gb-512-gb-ssd-windows-11-home-x1502za-bq501ws-laptop/p/itm1689353cc8f2f?pid=COMGEEXVH3XMFQWT&lid=LSTCOMGEEXVH3XMFQWTVLHBLZ&marketplace=FLIPKART&q=i5+laptop&store=6bo%2Fb5g&srno=s_5_98&otracker=search&fm=organic&iid=46081933-b4ec-4293-b2ff-826cc6ab5f89.COMGEEXVH3XMFQWT.SEARCH&ppt=sp&ppn=sp&ssid=wg0kcrorjk0000001781258451320&qH=b24ed56a5348ed79&ov_redirect=true,flipkart
"Add to CompareASUS Zenbook S 13 OLED 1 cm Thin & 1 kg Light, Intel EVO Intel Core i5 13th Gen 1335U - (16 GB/512 GB ...4.226 Ratings&3 ReviewsIntel Core i5 Processor (13th Gen)16 GB LPDDR5 RAMWindows 11 Operating System512 GB SSD33.78 cm (13.3 Inch) Display1 Year Onsite Warranty₹1,03,999₹1,18,90012% offOnly 1 leftBank Offer",ASUS,103999.0,Intel Core I5 13Th,16.0,LPDDR5,512.0,SSD,Intel Iris Xe,Windows 11,13.3,1920,1080,1,https://rukminim2.flixcart.com/image/416/416/xif0q/computer/r/r/5/-original-imahg5fxdtqz6k6u.jpeg?q=70,https://www.flipkart.com/asus-zenbook-s-13-oled-1-cm-thin-kg-light-intel-evo-core-i5-13th-gen-1335u-16-gb-512-gb-ssd-windows-11-home-ux5304va-nq541ws-light-laptop/p/itm8787daeae3008?pid=COMGZDQJEZGDFUSF&lid=LSTCOMGZDQJEZGDFUSFMXRDIE&marketplace=FLIPKART&q=i5+laptop&store=6bo%2Fb5g&srno=s_5_101&otracker=search&fm=organic&iid=46081933-b4ec-4293-b2ff-826cc6ab5f89.COMGZDQJEZGDFUSF.SEARCH&ppt=sp&ppn=sp&ssid=wg0kcrorjk0000001781258451320&qH=b24ed56a5348ed79&ov_redirect=true,flipkart
"Add to CompareAcer Aspire Intel Core i5 13th Gen - (16 GB/512 GB SSD/Windows 11 Home) UN.347SI.005 Thin and Light La...Intel Core i5 Processor (13th Gen)16 GB LPDDR5 RAM64 bit Windows 11 Home Operating System512 GB SSD2.54 cm (1 inch) Display1 Year Carry-in Warranty₹59,990₹69,99014% offOnly few leftBank Offer",Acer,59990.0,Intel Core I5 13Th,16.0,LPDDR5,512.0,SSD,Intel Iris Xe,Windows 11,15.6,1920,1080,1,https://rukminim2.flixcart.com/image/416/416/xif0q/computer/i/k/l/aspire-lite-thin-and-light-laptop-acer-original-imahknvmhz9tzxwb.jpeg?q=70,https://www.flipkart.com/acer-aspire-intel-core-i5-13th-gen-16-gb-512-gb-ssd-windows-11-home-un-347si-005-thin-light-laptop/p/itm841fe558703b6?pid=COMHHY7JQ4TKQQNF&lid=LSTCOMHHY7JQ4TKQQNFTMIUJX&marketplace=FLIPKART&q=i5+laptop&store=6bo%2Fb5g&srno=s_5_104&otracker=search&fm=organic&iid=46081933-b4ec-4293-b2ff-826cc6ab5f89.COMHHY7JQ4TKQQNF.SEARCH&ppt=sp&ppn=sp&ssid=wg0kcrorjk0000001781258451320&qH=b24ed56a5348ed79&ov_redirect=true,flipkart
"Add to CompareLenovo IdeaPad Slim 5 Intel Core i5 12th Gen 1235U - (16 GB/512 GB SSD/Windows 11 Home) 15IAL7 Thin an...3.777 Ratings&6 ReviewsIntel Core i5 Processor (12th Gen)16 GB DDR4 RAM64 bit Windows 11 Operating System512 GB SSD39.62 cm (15.6 Inch) Display1 Year Onsite warranty + 1 Year Accidental Damage Protection + 1 Year Premium Care₹58,491₹97,89040% offOnly 3 leftBank Offer",Lenovo,58491.0,Intel Core I5 12Th,16.0,DDR4,512.0,SSD,Intel Iris Xe,Windows 11,15.6,1920,1080,1,https://rukminim2.flixcart.com/image/416/416/xif0q/computer/a/n/h/15ial7-thin-and-light-laptop-lenovo-original-imah3csbrkfnfygx.jpeg?q=70,https://www.flipkart.com/lenovo-ideapad-slim-5-intel-core-i5-12th-gen-1235u-16-gb-512-gb-ssd-windows-11-home-15ial7-thin-light-laptop/p/itmcc25f14f7409a?pid=COMGGR9SQP6QHU64&lid=LSTCOMGGR9SQP6QHU64EXK7JP&marketplace=FLIPKART&q=i5+laptop&store=6bo%2Fb5g&srno=s_5_106&otracker=search&fm=organic&iid=46081933-b4ec-4293-b2ff-826cc6ab5f89.COMGGR9SQP6QHU64.SEARCH&ppt=sp&ppn=sp&ssid=wg0kcrorjk0000001781258451320&qH=b24ed56a5348ed79&ov_redirect=true,flipkart
"Add to CompareASUS Vivobook 15, with Backlit Keyboard, Intel Core i5 12th Gen 1235U - (16 GB/512 GB SSD/Windows 11 H...4.21,317 Ratings&89 ReviewsIntel Core i5 Processor (12th Gen)16 GB DDR4 RAMWindows 11 Operating System512 GB SSD39.62 cm (15.6 Inch) Display1 Year Onsite warranty₹65,900₹89,99026% offOnly 1 leftBank Offer",ASUS,65900.0,Intel Core I5 12Th,16.0,DDR4,512.0,SSD,Intel Iris Xe,Windows 11,15.6,1920,1080,1,https://rukminim2.flixcart.com/image/416/416/xif0q/computer/416/416/h/-original-imahg4usthf9rpgh.jpeg?q=70,https://www.flipkart.com/asus-vivobook-15-backlit-keyboard-intel-core-i5-12th-gen-1235u-16-gb-512-gb-ssd-windows-11-home-x1504za-nj541ws-thin-light-laptop/p/itmff0e170cb596e?pid=COMGYSFGGGHDK27Q&lid=LSTCOMGYSFGGGHDK27QVCPRCS&marketplace=FLIPKART&q=i5+laptop&store=6bo%2Fb5g&srno=s_5_108&otracker=search&fm=organic&iid=46081933-b4ec-4293-b2ff-826cc6ab5f89.COMGYSFGGGHDK27Q.SEARCH&ppt=sp&ppn=sp&ssid=wg0kcrorjk0000001781258451320&qH=b24ed56a5348ed79&ov_redirect=true,flipkart
"Add to CompareDELL Intel Core i5 12th Gen 1235U - (16 GB/512 GB SSD/Windows 11 Home) New Inspiron 15 Metal Laptop Th...4.2183 Ratings&26 ReviewsProcessor: Intel i5-1235U (Base- 3.30 GHz & Turbo up to 4.40 GHz) 10 CoresRAM & Storage: 16GB DDR4 & 512GB SSDGraphics & Keyboard: Integrated & Backlit Keyboard+Fingerprint ReaderDisplay: 15.6"" FHD WVA AG 120Hz 250 nits Narrow BorderIntel Core i5 Processor (12th Gen)16 GB DDR4 RAM64 bit Windows 11 Operating System512 GB SSD39.62 cm (15.6 Inch) Display1 Year Onsite Hardware Service₹66,082₹70,9006% offOnly few leftBank Offer",Dell,66082.0,Intel Core I5 12Th,16.0,DDR4,512.0,SSD,Intel Iris Xe,Windows 11,15.6,1920,1080,1,https://rukminim2.flixcart.com/image/416/416/xif0q/computer/y/h/w/-original-imaghzahgukpkyfu.jpeg?q=70,https://www.flipkart.com/dell-intel-core-i5-12th-gen-1235u-16-gb-512-gb-ssd-windows-11-home-new-inspiron-15-metal-laptop-thin-light/p/itm23d84e15561c4?pid=COMGJ75HG3KKPEQS&lid=LSTCOMGJ75HG3KKPEQSYTHNNM&marketplace=FLIPKART&q=i5+laptop&store=6bo%2Fb5g&srno=s_5_111&otracker=search&fm=organic&iid=46081933-b4ec-4293-b2ff-826cc6ab5f89.COMGJ75HG3KKPEQS.SEARCH&ppt=sp&ppn=sp&ssid=wg0kcrorjk0000001781258451320&qH=b24ed56a5348ed79&ov_redirect=true,flipkart
"Add to CompareAcer Aspire 7 Intel Core i5 12th Gen 12450H - (16 GB/512 GB SSD/Windows 11 Home/4 GB Graphics/NVIDIA G...4.23,927 Ratings&308 ReviewsIntel Core i5 Processor (12th Gen)16 GB DDR4 RAMWindows 11 Operating System512 GB SSD39.62 cm (15.6 Inch) Display1 Year Onsite Warranty₹54,990₹89,99938% offUpto₹37,050Off on ExchangeBank Offer",Acer,54990.0,Intel Core I5 12Th,16.0,DDR4,512.0,SSD,Intel Iris Xe,Windows 11,15.6,1920,1080,1,https://rukminim2.flixcart.com/image/416/416/xif0q/computer/c/i/q/-original-imahg5fxrxmyynwg.jpeg?q=70,https://www.flipkart.com/acer-aspire-7-intel-core-i5-12th-gen-12450h-16-gb-512-gb-ssd-windows-11-home-4-graphics-nvidia-geforce-rtx-2050-a715-76g-52h4-a715-76g-gaming-laptop/p/itm45fad0c290245?pid=COMGRHJUCYY63HAA&lid=LSTCOMGRHJUCYY63HAA42YLKV&marketplace=FLIPKART&q=i5+laptop&store=6bo%2Fb5g&srno=s_5_113&otracker=search&fm=organic&iid=46081933-b4ec-4293-b2ff-826cc6ab5f89.COMGRHJUCYY63HAA.SEARCH&ppt=sp&ppn=sp&ssid=wg0kcrorjk0000001781258451320&qH=b24ed56a5348ed79&ov_redirect=true,flipkart
"Add to CompareAcer Aspire 3 Intel Core i5 12th Gen - (8 GB/512 GB SSD/Windows 11 Home) A315-59-50CP Thin and Light L...Intel Core i5 Processor (12th Gen)8 GB DDR4 RAM64 bit Windows 11 Operating System512 GB SSD39.62 cm (15.6 inch) Display1 Year International Travelers Warranty (ITW)₹54,990₹69,99021% offOnly few leftBank Offer",Acer,54990.0,Intel Core I5 12Th,8.0,DDR4,512.0,SSD,Intel Iris Xe,Windows 11,15.6,1920,1080,1,https://rukminim2.flixcart.com/image/416/416/xif0q/computer/s/b/0/aspire-3-thin-and-light-laptop-acer-original-imahkny94zwsj4uh.jpeg?q=70,https://www.flipkart.com/acer-aspire-3-intel-core-i5-12th-gen-8-gb-512-gb-ssd-windows-11-home-a315-59-50cp-thin-light-laptop/p/itmb8e9fbe22f575?pid=COMHHY9UKFZKPRNA&lid=LSTCOMHHY9UKFZKPRNALOFIX8&marketplace=FLIPKART&q=i5+laptop&store=6bo%2Fb5g&srno=s_5_118&otracker=search&fm=organic&iid=46081933-b4ec-4293-b2ff-826cc6ab5f89.COMHHY9UKFZKPRNA.SEARCH&ppt=sp&ppn=sp&ssid=wg0kcrorjk0000001781258451320&qH=b24ed56a5348ed79&ov_redirect=true,flipkart
"Add to CompareLenovo V14 Intel Core i5 12th Gen - (8 GB/512 GB SSD/Windows 11 Home) V14 Business Laptop424 Ratings&0 ReviewsIntel Core i5 Processor (12th Gen)8 GB DDR4 RAM64 bit Windows 11 Operating System512 GB SSD35.56 cm (14 Inch) Display1 Year Carry In₹58,990₹65,99910% offOnly few leftBank Offer",Lenovo,58990.0,Intel Core I5 12Th,8.0,DDR4,512.0,SSD,Intel Iris Xe,Windows 11,15.6,1920,1080,1,https://rukminim2.flixcart.com/image/416/416/xif0q/computer/a/k/v/v14-g2-itl-business-laptop-lenovo-original-imagsf8uphxkmmqh.jpeg?q=70,https://www.flipkart.com/lenovo-v14-intel-core-i5-12th-gen-8-gb-512-gb-ssd-windows-11-home-business-laptop/p/itm26138c67d404e?pid=COMGSAZMFM73CFCT&lid=LSTCOMGSAZMFM73CFCTJEOTGE&marketplace=FLIPKART&q=i5+laptop&store=6bo%2Fb5g&srno=s_5_119&otracker=search&fm=organic&iid=46081933-b4ec-4293-b2ff-826cc6ab5f89.COMGSAZMFM73CFCT.SEARCH&ppt=sp&ppn=sp&ssid=wg0kcrorjk0000001781258451320&qH=b24ed56a5348ed79&ov_redirect=true,flipkart
"Currently unavailableAdd to CompareLenovo IdeaPad Slim 5 Intel Core i5 12th Gen 12450H - (16 GB/1 TB SSD/Windows 11 Home) 14IAH8 Thin and...4.2748 Ratings&62 ReviewsIntel Core i5 Processor (12th Gen)16 GB LPDDR5 RAMWindows 11 Operating System1 TB SSD35.56 cm (14 Inch) Display1Yr Warranty + 1 Yr Premium Care and 1 Yr Accidental Damage Protection₹81,990₹99,00017% offBank Offer",Lenovo,81990.0,Intel Core I5 12Th,16.0,LPDDR5,512.0,SSD,Intel Iris Xe,Windows 11,15.6,1920,1080,1,https://rukminim2.flixcart.com/image/416/416/xif0q/computer/w/u/1/-original-imahg5fxwvnhcfcz.jpeg?q=70,https://www.flipkart.com/lenovo-ideapad-slim-5-intel-core-i5-12th-gen-12450h-16-gb-1-tb-ssd-windows-11-home-14iah8-thin-light-laptop/p/itmc63731ed924b8?pid=COMGVQ2YXAFDRBHQ&lid=LSTCOMGVQ2YXAFDRBHQA94AIU&marketplace=FLIPKART&q=i5+laptop&store=6bo%2Fb5g&srno=s_5_120&otracker=search&fm=organic&iid=46081933-b4ec-4293-b2ff-826cc6ab5f89.COMGVQ2YXAFDRBHQ.SEARCH&ppt=sp&ppn=sp&ssid=wg0kcrorjk0000001781258451320&qH=b24ed56a5348ed79&ov_redirect=true,flipkart
"Add to CompareLenovo IdeaPad Slim 3i Intel Core i5 13th Gen 13420H - (8 GB/512 GB SSD/Windows 11 Home) 83K100CAIN Th...Intel Core i5 Processor (13th Gen)8 GB DDR5 RAMWindows 11 Home Operating System512 GB SSD38.86 cm (15.3 Inch) DisplayOffice Home 20241 Year Warranty and Only 6 Months Warranty on Battery and Adaptor₹60,649₹85,00028% offOnly few leftBank Offer",Lenovo,60649.0,Intel Core I5 13Th,8.0,DDR5,512.0,SSD,Intel Iris Xe,Windows 11,15.3,1920,1080,1,https://rukminim2.flixcart.com/image/416/416/xif0q/computer/i/o/4/-original-imahfsjyagkkhh9a.jpeg?q=70,https://www.flipkart.com/lenovo-ideapad-slim-3i-intel-core-i5-13th-gen-13420h-8-gb-512-gb-ssd-windows-11-home-83k100cain-thin-light-laptop/p/itmeed59711b3ff3?pid=COMHFKPVKDWHEMNA&lid=LSTCOMHFKPVKDWHEMNAAU8PMW&marketplace=FLIPKART&q=i5+laptop&store=6bo%2Fb5g&srno=s_6_125&otracker=search&fm=organic&iid=693d509d-57f9-416e-9a7e-bad8d782fe72.COMHFKPVKDWHEMNA.SEARCH&ppt=sp&ppn=sp&ssid=22k3mk97sw0000001781258455636&qH=b24ed56a5348ed79&ov_redirect=true,flipkart
"Add to CompareASUS Vivobook 16 Intel Core i5 13th Gen 1335U - (16 GB/512 GB SSD/Windows 11 Home) X1605VAB-MB544WS Th...4.3124 Ratings&10 ReviewsIntel Core i5 Processor (13th Gen)16 GB DDR4 RAMWindows 11 Operating System512 GB SSD40.64 cm (16 Inch) Display1 Year Onsite Warranty₹66,909₹84,99921% offOnly 1 leftBank Offer",ASUS,66909.0,Intel Core I5 13Th,16.0,DDR4,512.0,SSD,Intel Iris Xe,Windows 11,15.6,1920,1080,1,https://rukminim2.flixcart.com/image/416/416/xif0q/computer/416/416/j/-original-imagpxgqfz7djerv.jpeg?q=70,https://www.flipkart.com/asus-vivobook-16-intel-core-i5-13th-gen-1335u-16-gb-512-gb-ssd-windows-11-home-x1605vab-mb544ws-thin-light-laptop/p/itm5a5877d3c5fb1?pid=COMGZDQJBTAFSUMY&lid=LSTCOMGZDQJBTAFSUMY6NLC3T&marketplace=FLIPKART&q=i5+laptop&store=6bo%2Fb5g&srno=s_6_126&otracker=search&fm=organic&iid=693d509d-57f9-416e-9a7e-bad8d782fe72.COMGZDQJBTAFSUMY.SEARCH&ppt=sp&ppn=sp&ssid=22k3mk97sw0000001781258455636&qH=b24ed56a5348ed79&ov_redirect=true,flipkart
"Add to CompareHP Intel Core i5 13th Gen 1334U - (12 GB/512 GB SSD/Windows 11 Home) 15-fd0575TU Thin and Light LaptopIntel Core i5 Processor (13th Gen)12 GB DDR4 RAMWindows 11 Home Operating System512 GB SSD39.62 cm (15.6 inch) DisplayMS Office Home 2024 + MISC PC Game Pass DA 3M1 Year Onsite Warranty₹64,800₹85,00023% offOnly few leftBank Offer",HP,64800.0,Intel Core I5 13Th,12.0,DDR4,512.0,SSD,Intel Iris Xe,Windows 11,15.6,1920,1080,1,https://rukminim2.flixcart.com/image/416/416/xif0q/computer/h/o/w/15-fd0575tu-thin-and-light-laptop-hp-original-imahkf5jjtybphmu.jpeg?q=70,https://www.flipkart.com/hp-intel-core-i5-13th-gen-1334u-12-gb-512-gb-ssd-windows-11-home-15-fd0575tu-thin-light-laptop/p/itm9dd69f3a98da6?pid=COMHGUPGJBH2K9JH&lid=LSTCOMHGUPGJBH2K9JHIFVQFC&marketplace=FLIPKART&q=i5+laptop&store=6bo%2Fb5g&srno=s_6_132&otracker=search&fm=organic&iid=693d509d-57f9-416e-9a7e-bad8d782fe72.COMHGUPGJBH2K9JH.SEARCH&ppt=sp&ppn=sp&ssid=22k3mk97sw0000001781258455636&qH=b24ed56a5348ed79&ov_redirect=true,flipkart
"Add to CompareASUS Intel Core i5 13th Gen - (8 GB/512 GB SSD/Windows 11 Home) X1504VA-NJ522WS LaptopIntel Core i5 Processor (13th Gen)8 GB DDR4 RAMWindows 11 Operating System512 GB SSD39.62 cm (15.6 inch) Display1 Year On Site Warranty₹66,012₹70,9907% offOnly 5 leftBank Offer",ASUS,66012.0,Intel Core I5 13Th,8.0,DDR4,512.0,SSD,Intel Iris Xe,Windows 11,15.6,1920,1080,1,https://rukminim2.flixcart.com/image/416/416/xif0q/computer/f/g/3/vivobook-15-laptop-asus-original-imahhwckf9yzq4fh.jpeg?q=70,https://www.flipkart.com/asus-intel-core-i5-13th-gen-8-gb-512-gb-ssd-windows-11-home-x1504va-nj522ws-laptop/p/itmd8b11f38c2f72?pid=COMHHWCKCVXPFSJX&lid=LSTCOMHHWCKCVXPFSJX3DE5KY&marketplace=FLIPKART&q=i5+laptop&store=6bo%2Fb5g&srno=s_6_133&otracker=search&fm=organic&iid=693d509d-57f9-416e-9a7e-bad8d782fe72.COMHHWCKCVXPFSJX.SEARCH&ppt=sp&ppn=sp&ssid=22k3mk97sw0000001781258455636&qH=b24ed56a5348ed79&ov_redirect=true,flipkart
"Add to CompareLenovo IdeaPad Slim 3 Microsoft 365 Basic + Office Home 2024 Intel Core i5 13th Gen 13420H - (16 GB/51...Intel Core i5 Processor (13th Gen)16 GB DDR5 RAMWindows 11 Home Operating System512 GB SSD38.86 cm (15.3 Inch) Display1 Year Onsite Warranty₹65,300₹82,69021% offUpto₹42,600Off on ExchangeBank Offer",Lenovo,65300.0,Intel Core I5 13Th,16.0,DDR5,512.0,SSD,Intel Iris Xe,Windows 11,15.3,1920,1080,1,https://rukminim2.flixcart.com/image/416/416/xif0q/computer/s/z/d/-original-imahjzkhgsydgafh.jpeg?q=70,https://www.flipkart.com/lenovo-ideapad-slim-3-microsoft-365-basic-office-home-2024-intel-core-i5-13th-gen-13420h-16-gb-512-gb-ssd-windows-11-home-15irh10-laptop/p/itm7ce52aa3b9479?pid=COMHJFPQHVCUGGAF&lid=LSTCOMHJFPQHVCUGGAFXMQRYS&marketplace=FLIPKART&q=i5+laptop&store=6bo%2Fb5g&srno=s_6_138&otracker=search&fm=organic&iid=693d509d-57f9-416e-9a7e-bad8d782fe72.COMHJFPQHVCUGGAF.SEARCH&ppt=sp&ppn=sp&ssid=22k3mk97sw0000001781258455636&qH=b24ed56a5348ed79&ov_redirect=true,flipkart
"Add to CompareASUS Vivobook 15 Intel Core i5 13th Gen 1335U - (8 GB/512 GB SSD/Windows 11 Home) X1504VA-NJ524WS Thin...3.65 Ratings&1 ReviewsIntel Core i5 Processor (13th Gen)8 GB DDR4 RAMWindows 11 Operating System512 GB SSD39.62 cm (15.6 Inch) Display1 Year Onsite Warranty₹65,990₹89,99026% offOnly 2 leftBank Offer",ASUS,65990.0,Intel Core I5 13Th,8.0,DDR4,512.0,SSD,Intel Iris Xe,Windows 11,15.6,1920,1080,1,https://rukminim2.flixcart.com/image/416/416/xif0q/computer/0/v/v/-original-imagpxgqampycdqf.jpeg?q=70,https://www.flipkart.com/asus-vivobook-15-intel-core-i5-13th-gen-1335u-8-gb-512-gb-ssd-windows-11-home-x1504va-nj524ws-thin-light-laptop/p/itm200184e4e0443?pid=COMGZDQJWEEWWJA6&lid=LSTCOMGZDQJWEEWWJA6GTEZWD&marketplace=FLIPKART&q=i5+laptop&store=6bo%2Fb5g&srno=s_6_140&otracker=search&fm=organic&iid=693d509d-57f9-416e-9a7e-bad8d782fe72.COMGZDQJWEEWWJA6.SEARCH&ppt=sp&ppn=sp&ssid=22k3mk97sw0000001781258455636&qH=b24ed56a5348ed79&ov_redirect=true,flipkart
"Add to CompareASUS Vivobook 16X For Creator, Intel H Series Intel Core i5 13th Gen 13420H - (16 GB/512 GB SSD/Window...4.31,641 Ratings&97 ReviewsIntel Core i5 Processor (13th Gen)16 GB DDR4 RAMWindows 11 Operating System512 GB SSD40.64 cm (16 Inch) Display1 Year Onsite Warranty₹78,990₹89,99012% offOnly 1 leftBank Offer",ASUS,78990.0,Intel Core I5 13Th,16.0,DDR4,512.0,SSD,Intel Iris Xe,Windows 11,15.6,1920,1080,1,https://rukminim2.flixcart.com/image/416/416/xif0q/computer/h/c/y/-original-imahg5fvw9xygzgr.jpeg?q=70,https://www.flipkart.com/asus-vivobook-16x-creator-intel-h-series-core-i5-13th-gen-13420h-16-gb-512-gb-ssd-windows-11-home-4-graphics-nvidia-geforce-rtx-3050-144-hz-50-tgp-k3605vc-rp413ws-k3605zc-mbn542ws-gaming-laptop/p/itme304c469918e6?pid=COMGPNG4FFE5HGKZ&lid=LSTCOMGPNG4FFE5HGKZE6Q4PE&marketplace=FLIPKART&q=i5+laptop&store=6bo%2Fb5g&srno=s_6_143&otracker=search&fm=organic&iid=693d509d-57f9-416e-9a7e-bad8d782fe72.COMGPNG4FFE5HGKZ.SEARCH&ppt=sp&ppn=sp&ssid=22k3mk97sw0000001781258455636&qH=b24ed56a5348ed79&ov_redirect=true,flipkart
"Add to CompareHP Intel Core i5 12th Gen 1235U - (16 GB/512 GB SSD/Windows 11 Home) 15-fd0111TU Thin and Light Laptop4.2470 Ratings&21 ReviewsIntel Core i5 Processor (12th Gen)16 GB DDR4 RAMWindows 11 Operating System512 GB SSD39.62 cm (15.6 Inch) Display1 Year Onsite Warranty₹63,300₹70,50210% offOnly 3 leftBank Offer",HP,63300.0,Intel Core I5 12Th,16.0,DDR4,512.0,SSD,Intel Iris Xe,Windows 11,15.6,1920,1080,1,https://rukminim2.flixcart.com/image/416/416/xif0q/computer/g/w/f/-original-imahg52jgcpks9zf.jpeg?q=70,https://www.flipkart.com/hp-intel-core-i5-12th-gen-1235u-16-gb-512-gb-ssd-windows-11-home-15-fd0111tu-thin-light-laptop/p/itm7d7024d1947e9?pid=COMH3J9YPK4BC6R5&lid=LSTCOMH3J9YPK4BC6R5OBYX93&marketplace=FLIPKART&q=i5+laptop&store=6bo%2Fb5g&srno=s_6_144&otracker=search&fm=organic&iid=693d509d-57f9-416e-9a7e-bad8d782fe72.COMH3J9YPK4BC6R5.SEARCH&ppt=sp&ppn=sp&ssid=22k3mk97sw0000001781258455636&qH=b24ed56a5348ed79&ov_redirect=true,flipkart
"Add to CompareHP Professional Intel Core i5 13th Gen 1334U - (16 GB/1 TB SSD/Windows 11 Pro) 240 G10 Notebook3.965 Ratings&1 ReviewsIntel Core i5 Processor (13th Gen)16 GB DDR4 RAM64 bit Windows 11 Operating System1 TB SSD35.56 cm (14 Inch) DisplayOperating System, HP Support Assistant, HP PC Hardware DiagnosticsDOMESTIC₹74,990₹76,9902% offOnly few leftBank Offer",HP,74990.0,Intel Core I5 13Th,16.0,DDR4,512.0,SSD,Intel Iris Xe,Windows 11,15.6,1920,1080,1,https://rukminim2.flixcart.com/image/416/416/xif0q/computer/y/b/c/240-g10-notebook-hp-original-imahbyhdhzxynsnj.jpeg?q=70,https://www.flipkart.com/hp-professional-intel-core-i5-13th-gen-1334u-16-gb-1-tb-ssd-windows-11-pro-240-g10-notebook/p/itmf5438070b97db?pid=COMHBYHE6H3ZZXPR&lid=LSTCOMHBYHE6H3ZZXPR4LIMVA&marketplace=FLIPKART&q=i5+laptop&store=6bo%2Fb5g&srno=s_7_146&otracker=search&fm=organic&iid=77447400-520d-4d54-89bd-5dc7be905e1a.COMHBYHE6H3ZZXPR.SEARCH&ppt=sp&ppn=sp&ssid=73g7u7kpyo0000001781258462064&qH=b24ed56a5348ed79&ov_redirect=true,flipkart
"Add to CompareASUS Vivobook 15 (2025) with Office 2024 + M365 Basic* Intel Core i5 13th Gen 1334U - (16 GB/512 GB SS...4.2151 Ratings&7 ReviewsIntel Core i5 Processor (13th Gen)16 GB DDR4 RAMWindows 11 Home Operating System512 GB SSD39.62 cm (15.6 Inch) DisplayMicrosoft Office Home 2024 (Lifetime Validity ) + Microsoft 365 Basic*(1-Year Validity), One-Month Membership of Adobe Creative Cloud All Apps, McAfee 1 year1 Year Onsite Warranty₹69,391₹79,99013% offOnly 1 leftBank Offer",ASUS,69391.0,Intel Core I5 13Th,16.0,DDR4,512.0,SSD,Intel Iris Xe,Windows 11,15.6,1920,1080,1,https://rukminim2.flixcart.com/image/416/416/xif0q/computer/h/p/x/-original-imah2ger8fwg9raw.jpeg?q=70,https://www.flipkart.com/asus-vivobook-15-2025-office-2024-m365-basic-intel-core-i5-13th-gen-1334u-16-gb-512-gb-ssd-windows-11-home-x1504va-nj2218ws-thin-light-laptop/p/itm556a91116ebb6?pid=COMH9SJ99G3QPDSW&lid=LSTCOMH9SJ99G3QPDSWZFLMWV&marketplace=FLIPKART&q=i5+laptop&store=6bo%2Fb5g&srno=s_7_153&otracker=search&fm=organic&iid=77447400-520d-4d54-89bd-5dc7be905e1a.COMH9SJ99G3QPDSW.SEARCH&ppt=sp&ppn=sp&ssid=73g7u7kpyo0000001781258462064&qH=b24ed56a5348ed79&ov_redirect=true,flipkart
"Add to CompareAcer Aspire 5 Gaming Intel Core i5 13th Gen 1335U - (16 GB/512 GB SSD/Windows 11 Home/4 GB Graphics/NV...4.2196 Ratings&21 ReviewsIntel Core i5 Processor (13th Gen)16 GB DDR4 RAM64 bit Windows 11 Operating System512 GB SSD39.62 cm (15.6 Inch) Display1 Year Onsite Warranty₹64,990₹93,99030% offOnly 1 leftBank Offer",Acer,64990.0,Intel Core I5 13Th,16.0,DDR4,512.0,SSD,Intel Iris Xe,Windows 11,15.6,1920,1080,1,https://rukminim2.flixcart.com/image/416/416/xif0q/computer/x/u/t/-original-imagttdggwbzgedf.jpeg?q=70,https://www.flipkart.com/acer-aspire-5-gaming-intel-core-i5-13th-gen-1335u-16-gb-512-gb-ssd-windows-11-home-4-graphics-nvidia-geforce-rtx-2050-a515-58gm-laptop/p/itm00a83a6f302f0?pid=COMGTGFGYBQ9VKQS&lid=LSTCOMGTGFGYBQ9VKQSRAPPY0&marketplace=FLIPKART&q=i5+laptop&store=6bo%2Fb5g&srno=s_7_156&otracker=search&fm=organic&iid=77447400-520d-4d54-89bd-5dc7be905e1a.COMGTGFGYBQ9VKQS.SEARCH&ppt=sp&ppn=sp&ssid=73g7u7kpyo0000001781258462064&qH=b24ed56a5348ed79&ov_redirect=true,flipkart
"Add to CompareLenovo IdeaPad Slim 3 Backlit Keyboard with MSO'2024 Intel Core i5 13th Gen 13420H - (16 GB/512 GB SSD...4.4150 Ratings&6 ReviewsIntel Core i5 Processor (13th Gen)16 GB DDR5 RAMWindows 11 Home Operating System512 GB SSD35.56 cm (14 Inch) DisplayOffice Home 20241 Year Onsite Warranty₹74,990₹98,56323% offOnly few leftBank Offer",Lenovo,74990.0,Intel Core I5 13Th,16.0,DDR5,512.0,SSD,Intel Iris Xe,Windows 11,15.6,1920,1080,1,https://rukminim2.flixcart.com/image/416/416/xif0q/computer/t/1/m/-original-imahfvqxqaxzhffg.jpeg?q=70,https://www.flipkart.com/lenovo-ideapad-slim-3-backlit-keyboard-mso-2024-intel-core-i5-13th-gen-13420h-16-gb-512-gb-ssd-windows-11-home-14irh10-thin-light-laptop/p/itm5527461395e13?pid=COMHDYG7VEQFGYGD&lid=LSTCOMHDYG7VEQFGYGDRJW6TT&marketplace=FLIPKART&q=i5+laptop&store=6bo%2Fb5g&srno=s_7_162&otracker=search&fm=organic&iid=77447400-520d-4d54-89bd-5dc7be905e1a.COMHDYG7VEQFGYGD.SEARCH&ppt=sp&ppn=sp&ssid=73g7u7kpyo0000001781258462064&qH=b24ed56a5348ed79&ov_redirect=true,flipkart
"Add to CompareApple MacBook Pro Intel Core i5 8th Gen - (8 GB/512 GB SSD/Mac OS Mojave) MV972HN/A4.2108 Ratings&13 ReviewsIntel Core i5 Processor (8th Gen)8 GB DDR3 RAMMac OS Operating System512 GB SSD33.78 cm (13.3 Inch) DisplayBuilt-in Apps: Keynote, Siri, Safari, FaceTime, App Store, iTunes, Time Machine, iMovie, GarageBand, Pages, Notes1 Year Onsite Warranty₹1,78,990₹1,79,900Only 4 leftUpto₹42,600Off on Exchange",Apple,178990.0,Intel Core I5 8Th,8.0,DDR4,512.0,SSD,Intel Iris Xe,macOS,13.3,1920,1080,1,https://rukminim2.flixcart.com/image/416/416/jyq5oy80/computer/t/y/2/apple-na-thin-and-light-laptop-original-imafgwev6abfznds.jpeg?q=70,https://www.flipkart.com/apple-macbook-pro-intel-core-i5-8th-gen-8-gb-512-gb-ssd-mac-os-mojave-mv972hn-a/p/itmeb31159812c86?pid=COMFGNHGKYJEYGG3&lid=LSTCOMFGNHGKYJEYGG3LT8XY2&marketplace=FLIPKART&q=i5+laptop&store=6bo%2Fb5g&srno=s_7_164&otracker=search&fm=organic&iid=77447400-520d-4d54-89bd-5dc7be905e1a.COMFGNHGKYJEYGG3.SEARCH&ppt=sp&ppn=sp&ssid=73g7u7kpyo0000001781258462064&qH=b24ed56a5348ed79&ov_redirect=true,flipkart
"Add to CompareASUS Vivobook 15 (2025) with Office 2024 + M365 Basic*, Backlit Keyboard, Intel Core i5 13th Gen 1335U...4.4183 Ratings&5 ReviewsIntel Core i5 Processor (13th Gen)16 GB DDR4 RAMWindows 11 Home Operating System512 GB SSD39.62 cm (15.6 Inch) DisplayMicrosoft Office Home 2024 (Lifetime Validity ) + Microsoft 365 Basic*(1-Year Validity), One-Month Membership of Adobe Creative Cloud All Apps, McAfee 1 year1 Year Onsite Warranty₹59,999₹68,99013% offOnly 2 leftBank Offer",ASUS,59999.0,Intel Core I5 13Th,16.0,DDR4,512.0,SSD,Intel Iris Xe,Windows 11,15.6,1920,1080,1,https://rukminim2.flixcart.com/image/416/416/xif0q/computer/h/p/x/-original-imah2ger8fwg9raw.jpeg?q=70,https://www.flipkart.com/asus-vivobook-15-2025-office-2024-m365-basic-backlit-keyboard-intel-core-i5-13th-gen-1335u-16-gb-512-gb-ssd-windows-11-home-x1504va-nj546ws-thin-light-laptop/p/itmced428c41f834?pid=COMHCQ5E5ZFZD4BV&lid=LSTCOMHCQ5E5ZFZD4BV7YIDVH&marketplace=FLIPKART&q=i5+laptop&store=6bo%2Fb5g&srno=s_7_168&otracker=search&fm=organic&iid=77447400-520d-4d54-89bd-5dc7be905e1a.COMHCQ5E5ZFZD4BV.SEARCH&ppt=sp&ppn=sp&ssid=73g7u7kpyo0000001781258462064&qH=b24ed56a5348ed79&ov_redirect=true,flipkart
"Add to CompareLenovo IdeaPad Flex 5 Intel Core i5 13th Gen 1335U - (16 GB/512 GB SSD/Windows 11 Home) 14IRU8 2 in 1 ...4.360 Ratings&8 ReviewsIntel Core i5 Processor (13th Gen)16 GB LPDDR4X RAMWindows 11 Operating System512 GB SSD35.56 cm (14 Inch) Touchscreen Display1Yr Warranty + 1 Yr Premium Care and 1 Yr Accidental Damage Protection₹79,990₹1,11,19028% offOnly 2 leftBank Offer",Lenovo,79990.0,Intel Core I5 13Th,16.0,LPDDR4X,512.0,SSD,Intel Iris Xe,Windows 11,15.6,1920,1080,1,https://rukminim2.flixcart.com/image/416/416/xif0q/computer/z/d/n/-original-imahg4utgkjh6awz.jpeg?q=70,https://www.flipkart.com/lenovo-ideapad-flex-5-intel-core-i5-13th-gen-1335u-16-gb-512-gb-ssd-windows-11-home-14iru8-2-1-laptop/p/itmd4a374447028a?pid=COMGSC4EW383SSZF&lid=LSTCOMGSC4EW383SSZF84J7PE&marketplace=FLIPKART&q=i5+laptop&store=6bo%2Fb5g&srno=s_8_169&otracker=search&fm=organic&iid=baa84ce1-cca5-4d04-8803-65207b6fba30.COMGSC4EW383SSZF.SEARCH&ppt=sp&ppn=sp&ssid=vw0j98xclc0000001781258469716&qH=b24ed56a5348ed79&ov_redirect=true,flipkart
"Add to CompareLenovo Intel Core i5 13th Gen 13420H - (16 GB/1 TB SSD/Windows 11 Home) IdeaPad Slim 3 15IRH10 LaptopIntel Core i5 Processor (13th Gen)16 GB DDR5 RAMWindows 11 Home Operating System1 TB SSD38.86 cm (15.3 inch) DisplayMicrosoft 365 Basic + Office Home 20241 Year Onsite Service₹72,990₹93,49021% offOnly few leftBank Offer",Lenovo,72990.0,Intel Core I5 13Th,16.0,DDR5,512.0,SSD,Intel Iris Xe,Windows 11,15.3,1920,1080,1,https://rukminim2.flixcart.com/image/416/416/xif0q/computer/s/z/d/-original-imahjzkhgsydgafh.jpeg?q=70,https://www.flipkart.com/lenovo-intel-core-i5-13th-gen-13420h-16-gb-1-tb-ssd-windows-11-home-ideapad-slim-3-15irh10-laptop/p/itm15035cbc6d59a?pid=COMHMD2FXZHB4G2G&lid=LSTCOMHMD2FXZHB4G2GGYERVE&marketplace=FLIPKART&q=i5+laptop&store=6bo%2Fb5g&srno=s_8_170&otracker=search&fm=organic&iid=baa84ce1-cca5-4d04-8803-65207b6fba30.COMHMD2FXZHB4G2G.SEARCH&ppt=sp&ppn=sp&ssid=vw0j98xclc0000001781258469716&qH=b24ed56a5348ed79&ov_redirect=true,flipkart
"Add to CompareHP Intel Core i5 13th Gen 1334U - (16 GB/512 GB SSD/Windows 11 Home) 15-fd0221TU Thin and Light LaptopIntel Core i5 Processor (13th Gen)16 GB DDR4 RAMWindows 11 Operating System512 GB SSD39.62 cm (15.6 inch) Display1 Year Onsite warranty₹65,999₹70,9907% offOnly 2 leftBank Offer",HP,65999.0,Intel Core I5 13Th,16.0,DDR4,512.0,SSD,Intel Iris Xe,Windows 11,15.6,1920,1080,1,https://rukminim2.flixcart.com/image/416/416/xif0q/computer/w/q/u/15-fd0221tu-thin-and-light-laptop-hp-original-imahkf5pdwtbyqxu.jpeg?q=70,https://www.flipkart.com/hp-intel-core-i5-13th-gen-1334u-16-gb-512-gb-ssd-windows-11-home-15-fd0221tu-thin-light-laptop/p/itm35a5d83544c54?pid=COMHKF5PRGCHVWRW&lid=LSTCOMHKF5PRGCHVWRWAFNYIB&marketplace=FLIPKART&q=i5+laptop&store=6bo%2Fb5g&srno=s_8_175&otracker=search&fm=organic&iid=baa84ce1-cca5-4d04-8803-65207b6fba30.COMHKF5PRGCHVWRW.SEARCH&ppt=sp&ppn=sp&ssid=vw0j98xclc0000001781258469716&qH=b24ed56a5348ed79&ov_redirect=true,flipkart
"Add to CompareLenovo IdeaPad Slim 3 Intel Core i5 12th Gen 1235U - (8 GB/512 GB SSD/Windows 11 Home) 15IAU7 Thin and...4.11,870 Ratings&140 ReviewsIntel Core i5 Processor (12th Gen)8 GB DDR4 RAM64 bit Windows 11 Operating System512 GB SSD39.62 cm (15.6 Inch) Display2 Yr Warranty₹66,162₹76,89013% offOnly 5 leftBank Offer",Lenovo,66162.0,Intel Core I5 12Th,8.0,DDR4,512.0,SSD,Intel Iris Xe,Windows 11,15.6,1920,1080,1,https://rukminim2.flixcart.com/image/416/416/xif0q/computer/o/t/j/-original-imahg5fxwuwbrzff.jpeg?q=70,https://www.flipkart.com/lenovo-ideapad-slim-3-intel-core-i5-12th-gen-1235u-8-gb-512-gb-ssd-windows-11-home-15iau7-thin-light-laptop/p/itme38b4c2cd4dfa?pid=COMGFM5BHPZWTFST&lid=LSTCOMGFM5BHPZWTFSTCAHJLM&marketplace=FLIPKART&q=i5+laptop&store=6bo%2Fb5g&srno=s_8_176&otracker=search&fm=organic&iid=baa84ce1-cca5-4d04-8803-65207b6fba30.COMGFM5BHPZWTFST.SEARCH&ppt=sp&ppn=sp&ssid=vw0j98xclc0000001781258469716&qH=b24ed56a5348ed79&ov_redirect=true,flipkart
"Add to CompareASUS Vivobook 16X Intel Core i5 12th Gen 12500H - (16 GB/512 GB SSD/Windows 11 Home/4 GB Graphics) K36...4.422 Ratings&2 ReviewsIntel Core i5 Processor (12th Gen)16 GB DDR4 RAMWindows 11 Operating System512 GB SSD40.64 cm (16 Inch) Display1 Year Onsite Warranty₹78,900₹87,90010% offOnly 1 leftBank Offer",ASUS,78900.0,Intel Core I5 12Th,16.0,DDR4,512.0,SSD,Intel Iris Xe,Windows 11,15.6,1920,1080,1,https://rukminim2.flixcart.com/image/416/416/xif0q/computer/w/d/l/-original-imah2hujhhjb2xhg.jpeg?q=70,https://www.flipkart.com/asus-vivobook-16x-intel-core-i5-12th-gen-12500h-16-gb-512-gb-ssd-windows-11-home-4-graphics-k3605zf-mbn545ws-thin-light-laptop/p/itm0ad4e17692978?pid=COMHFPH9GWP9PUMD&lid=LSTCOMHFPH9GWP9PUMD6VZ2UP&marketplace=FLIPKART&q=i5+laptop&store=6bo%2Fb5g&srno=s_8_181&otracker=search&fm=organic&iid=baa84ce1-cca5-4d04-8803-65207b6fba30.COMHFPH9GWP9PUMD.SEARCH&ppt=sp&ppn=sp&ssid=vw0j98xclc0000001781258469716&qH=b24ed56a5348ed79&ov_redirect=true,flipkart
"Add to CompareASUS Vivobook 16X For Creator, Intel H Series Intel Core i5 12th Gen 12450H - (16 GB/512 GB SSD/Window...4.2686 Ratings&53 ReviewsIntel Core i5 Processor (12th Gen)16 GB DDR4 RAMWindows 11 Operating System512 GB SSD40.64 cm (16 Inch) Display1 Year Onsite Warranty₹80,999₹92,99012% offOnly 1 leftBank Offer",ASUS,80999.0,Intel Core I5 12Th,16.0,DDR4,512.0,SSD,Intel Iris Xe,Windows 11,15.6,1920,1080,1,https://rukminim2.flixcart.com/image/416/416/xif0q/computer/r/g/t/-original-imahcyp7yb4ghqwm.jpeg?q=70,https://www.flipkart.com/asus-vivobook-16x-creator-intel-h-series-core-i5-12th-gen-12450h-16-gb-512-gb-ssd-windows-11-home-4-graphics-nvidia-geforce-rtx-3050-120-hz-50-tgp-k3605zc-mb542ws-gaming-laptop/p/itme304c469918e6?pid=COMGZMKF3UAXVYU9&lid=LSTCOMGZMKF3UAXVYU92QSLXS&marketplace=FLIPKART&q=i5+laptop&store=6bo%2Fb5g&srno=s_8_183&otracker=search&fm=organic&iid=baa84ce1-cca5-4d04-8803-65207b6fba30.COMGZMKF3UAXVYU9.SEARCH&ppt=sp&ppn=sp&ssid=vw0j98xclc0000001781258469716&qH=b24ed56a5348ed79&ov_redirect=true,flipkart
"Add to CompareASUS Vivobook 15X OLED Intel P-Series Intel Core i5 13th Gen 1340P - (16 GB/512 GB SSD/Windows 11 Home...4.52 Ratings&1 ReviewsIntel Core i5 Processor (13th Gen)16 GB DDR4 RAMWindows 11 Operating System512 GB SSD39.62 cm (15.6 Inch) Display1 Year Onsite Warranty₹63,728₹1,50,99057% offOnly 1 leftBank Offer",ASUS,63728.0,Intel Core I5 13Th,16.0,DDR4,512.0,SSD,Intel Iris Xe,Windows 11,15.6,1920,1080,1,https://rukminim2.flixcart.com/image/416/416/xif0q/computer/s/d/v/k3504vab-nj541ws-thin-and-light-laptop-asus-original-imagzhr9tzj6uzbx.jpeg?q=70,https://www.flipkart.com/asus-vivobook-15x-oled-intel-p-series-core-i5-13th-gen-1340p-16-gb-512-gb-ssd-windows-11-home-k3504va-lk541ws-thin-light-laptop/p/itm0ad4e17692978?pid=COMGZDQJZAXCRZ9V&lid=LSTCOMGZDQJZAXCRZ9VOHJZBN&marketplace=FLIPKART&q=i5+laptop&store=6bo%2Fb5g&srno=s_8_184&otracker=search&fm=organic&iid=baa84ce1-cca5-4d04-8803-65207b6fba30.COMGZDQJZAXCRZ9V.SEARCH&ppt=sp&ppn=sp&ssid=vw0j98xclc0000001781258469716&qH=b24ed56a5348ed79&ov_redirect=true,flipkart
"Add to CompareHP Intel Core i5 13th Gen 1334U - (8 GB/512 GB SSD/Windows 11 Home) 15-fd0220TU Thin and Light Laptop4.124 Ratings&1 ReviewsIntel Core i5 Processor (13th Gen)8 GB DDR4 RAM64 bit Windows 11 Operating System512 GB SSD39.62 cm (15.6 Inch) DisplayMicrosoft Office Home & Student 20211 Year Onsite Warranty₹67,990₹79,90014% offOnly 5 leftBank Offer",HP,67990.0,Intel Core I5 13Th,8.0,DDR4,512.0,SSD,Intel Iris Xe,Windows 11,15.6,1920,1080,1,https://rukminim2.flixcart.com/image/416/416/xif0q/computer/b/o/5/-original-imahygbzfdhg4rn6.jpeg?q=70,https://www.flipkart.com/hp-intel-core-i5-13th-gen-1334u-8-gb-512-gb-ssd-windows-11-home-15-fd0220tu-thin-light-laptop/p/itm35a5d83544c54?pid=COMGYHP5ZWHSAGSJ&lid=LSTCOMGYHP5ZWHSAGSJTIKXB8&marketplace=FLIPKART&q=i5+laptop&store=6bo%2Fb5g&srno=s_8_185&otracker=search&fm=organic&iid=baa84ce1-cca5-4d04-8803-65207b6fba30.COMGYHP5ZWHSAGSJ.SEARCH&ppt=sp&ppn=sp&ssid=vw0j98xclc0000001781258469716&qH=b24ed56a5348ed79&ov_redirect=true,flipkart
"Add to CompareHP Intel Core i5 13th Gen 1334U - (16 GB/1 TB SSD/Windows 11 Home) 15-fd0552TU Thin and Light LaptopIntel Core i5 Processor (13th Gen)16 GB DDR4 RAMWindows 11 Home Operating System1 TB SSD39.62 cm (15.6 inch) DisplayMSO Home 2024 + 1yr M365 Basic & MISC PC Game Pass DA 3M1 Year Onsite Warranty₹72,990₹79,9908% offOnly 4 leftBank Offer",HP,72990.0,Intel Core I5 13Th,16.0,DDR4,512.0,SSD,Intel Iris Xe,Windows 11,15.6,1920,1080,1,https://rukminim2.flixcart.com/image/416/416/xif0q/computer/b/q/x/15-fd0552tu-thin-and-light-laptop-hp-original-imahkf5hzzdzphjq.jpeg?q=70,https://www.flipkart.com/hp-intel-core-i5-13th-gen-1334u-16-gb-1-tb-ssd-windows-11-home-15-fd0552tu-thin-light-laptop/p/itm5d04d46c7dd8c?pid=COMHKF5H4ZZPEGCH&lid=LSTCOMHKF5H4ZZPEGCHR6BVNE&marketplace=FLIPKART&q=i5+laptop&store=6bo%2Fb5g&srno=s_8_186&otracker=search&fm=organic&iid=baa84ce1-cca5-4d04-8803-65207b6fba30.COMHKF5H4ZZPEGCH.SEARCH&ppt=sp&ppn=sp&ssid=vw0j98xclc0000001781258469716&qH=b24ed56a5348ed79&ov_redirect=true,flipkart
"Add to CompareHP Intel Core i5 13th Gen 1335U - (16 GB/512 GB SSD/Windows 11 Home) 15-hr0001TU Thin and Light Laptop4.278 Ratings&5 ReviewsIntel Core i5 Processor (13th Gen)16 GB DDR4 RAMWindows 11 Operating System512 GB SSD39.62 cm (15.6 Inch) Display1 Year Onsite Warranty₹64,349₹84,39923% offLowest price since launchOnly 5 left",HP,64349.0,Intel Core I5 13Th,16.0,DDR4,512.0,SSD,Intel Iris Xe,Windows 11,15.6,1920,1080,1,https://rukminim2.flixcart.com/image/416/416/xif0q/computer/e/p/f/-original-imahg5fwrzskxdjz.jpeg?q=70,https://www.flipkart.com/hp-intel-core-i5-13th-gen-1335u-16-gb-512-gb-ssd-windows-11-home-15-hr0001tu-thin-light-laptop/p/itme3568fa69de98?pid=COMGZVGHM4YNVSAH&lid=LSTCOMGZVGHM4YNVSAHBCZ1NT&marketplace=FLIPKART&q=i5+laptop&store=6bo%2Fb5g&srno=s_8_187&otracker=search&fm=organic&iid=baa84ce1-cca5-4d04-8803-65207b6fba30.COMGZVGHM4YNVSAH.SEARCH&ppt=sp&ppn=sp&ssid=vw0j98xclc0000001781258469716&qH=b24ed56a5348ed79&ov_redirect=true,flipkart
"Add to CompareAcer Aspire 7 Intel Core i5 13th Gen 13420H - (16 GB/512 GB SSD/Windows 11 Home/6 GB Graphics/NVIDIA G...4.33,238 Ratings&250 ReviewsIntel Core i5 Processor (13th Gen)16 GB DDR4 RAMWindows 11 Operating System512 GB SSD39.62 cm (15.6 Inch) Display1 Year Onsite Warranty₹81,755₹89,9909% offOnly 1 leftBank Offer",Acer,81755.0,Intel Core I5 13Th,16.0,DDR4,512.0,SSD,Intel Iris Xe,Windows 11,15.6,1920,1080,1,https://rukminim2.flixcart.com/image/416/416/xif0q/computer/h/2/j/-original-imahg5fuyyb56yhw.jpeg?q=70,https://www.flipkart.com/acer-aspire-7-intel-core-i5-13th-gen-13420h-16-gb-512-gb-ssd-windows-11-home-6-graphics-nvidia-geforce-rtx-3050-a715-79g-gaming-laptop/p/itm8208102c97f99?pid=COMH3G96MYGWSGTF&lid=LSTCOMH3G96MYGWSGTFHC4WEW&marketplace=FLIPKART&q=i5+laptop&store=6bo%2Fb5g&srno=s_8_189&otracker=search&fm=organic&iid=baa84ce1-cca5-4d04-8803-65207b6fba30.COMH3G96MYGWSGTF.SEARCH&ppt=sp&ppn=sp&ssid=vw0j98xclc0000001781258469716&qH=b24ed56a5348ed79&ov_redirect=true,flipkart
"Add to CompareASUS Vivobook 15 Intel Core i5 12th Gen 1235U - (8 GB/512 GB SSD/Windows 11 Home) X1502ZA-EJ515WS Thin...4.21,317 Ratings&89 ReviewsIntel Core i5 Processor (12th Gen)8 GB DDR4 RAMWindows 11 Operating System512 GB SSD39.62 cm (15.6 Inch) Display1 Year Onsite Warranty₹62,990₹75,99017% offOnly 5 leftBank Offer",ASUS,62990.0,Intel Core I5 12Th,8.0,DDR4,512.0,SSD,Intel Iris Xe,Windows 11,15.6,1920,1080,1,https://rukminim2.flixcart.com/image/416/416/xif0q/computer/c/3/a/-original-imahg5fxdapjw9dk.jpeg?q=70,https://www.flipkart.com/asus-vivobook-15-intel-core-i5-12th-gen-1235u-8-gb-512-gb-ssd-windows-11-home-x1502za-ej515ws-thin-light-laptop/p/itm3b11f9400fcd8?pid=COMGZDZSVBBZAK3Z&lid=LSTCOMGZDZSVBBZAK3ZOBYMRO&marketplace=FLIPKART&q=i5+laptop&store=6bo%2Fb5g&srno=s_9_193&otracker=search&fm=organic&iid=010f1592-cba8-4c9a-8fec-b6ff5437ff5f.COMGZDZSVBBZAK3Z.SEARCH&ppt=sp&ppn=sp&ssid=48x8176dog0000001781258476618&qH=b24ed56a5348ed79&ov_redirect=true,flipkart
"Add to CompareLenovo Ideapad Slim 3i Intel Intel Core i5 11th Gen 1135G7 - (8 GB/256 GB SSD/Windows 10 Home) 15ITL6/...4.3466 Ratings&43 ReviewsIntel Core i5 Processor (11th Gen)8 GB DDR4 RAM64 bit Windows 10 Operating System256 GB SSD39.62 cm (15.6 Inch) DisplayMicrosoft Office Home and Student 20192 Years Warranty₹49,999₹75,39033% offOnly 1 leftBank Offer",Lenovo,49999.0,Intel Core I5 11Th,8.0,DDR4,256.0,SSD,Intel Iris Xe,Windows 10,15.6,1920,1080,1,https://rukminim2.flixcart.com/image/416/416/kp2y2kw0/computer/n/n/a/na-thin-and-light-laptop-lenovo-original-imag3dnyeycazpvf.jpeg?q=70,https://www.flipkart.com/lenovo-ideapad-slim-3i-intel-core-i5-11th-gen-1135g7-8-gb-256-gb-ssd-windows-10-home-15itl6-15itl6-ub-thin-light-laptop/p/itmf21bddb246f64?pid=COMG36BSUKGYMGKD&lid=LSTCOMG36BSUKGYMGKDER1DED&marketplace=FLIPKART&q=i5+laptop&store=6bo%2Fb5g&srno=s_9_200&otracker=search&fm=organic&iid=010f1592-cba8-4c9a-8fec-b6ff5437ff5f.COMG36BSUKGYMGKD.SEARCH&ppt=sp&ppn=sp&ssid=48x8176dog0000001781258476618&qH=b24ed56a5348ed79&ov_redirect=true,flipkart
"Add to CompareHP Envy x360 Creator OLED Eyesafe Evo Intel Core i5 12th Gen 1230U - (16 GB/512 GB SSD/Windows 11 Home...4.2134 Ratings&17 ReviewsIntel Core i5 Processor (12th Gen)16 GB LPDDR4X RAMWindows 11 Operating System512 GB SSD33.78 cm (13.3 Inch) Touchscreen Display1 Year Onsite Warranty₹86,435₹1,11,00022% offOnly 1 leftBank Offer",HP,86435.0,Intel Core I5 12Th,16.0,LPDDR4X,512.0,SSD,Intel Iris Xe,Windows 11,13.3,1920,1080,1,https://rukminim2.flixcart.com/image/416/416/xif0q/computer/g/i/z/-original-imagwy8deh7zfzq6.jpeg?q=70,https://www.flipkart.com/hp-envy-x360-creator-oled-eyesafe-evo-intel-core-i5-12th-gen-1230u-16-gb-512-gb-ssd-windows-11-home-13-bf0058tu-thin-light-laptop/p/itm0dfdd67c88d98?pid=COMGH2WT8TVQ5H6T&lid=LSTCOMGH2WT8TVQ5H6TZBQW8W&marketplace=FLIPKART&q=i5+laptop&store=6bo%2Fb5g&srno=s_9_203&otracker=search&fm=organic&iid=010f1592-cba8-4c9a-8fec-b6ff5437ff5f.COMGH2WT8TVQ5H6T.SEARCH&ppt=sp&ppn=sp&ssid=48x8176dog0000001781258476618&qH=b24ed56a5348ed79&ov_redirect=true,flipkart
"Add to CompareInfinix GT Book Intel Core i5 12th Gen 12450H - (16 GB/512 GB SSD/Windows 11 Home/6 GB Graphics/NVIDIA...4.3716 Ratings&107 ReviewsIntel Core i5 Processor (12th Gen)16 GB LPDDR5 RAMWindows 11 Operating System512 GB SSD40.64 cm (16 Inch) DisplayControl Center1 Year Domestic Onsite Warranty On Laptop and 6 Months On Adapter₹64,990₹99,99035% offOnly 1 leftUpto₹42,600Off on Exchange",Infinix,64990.0,Intel Core I5 12Th,16.0,LPDDR5,512.0,SSD,Intel Iris Xe,Windows 11,15.6,1920,1080,1,https://rukminim2.flixcart.com/image/416/416/xif0q/computer/s/8/w/-original-imahg4uv8htxfdpx.jpeg?q=70,https://www.flipkart.com/infinix-gt-book-intel-core-i5-12th-gen-12450h-16-gb-512-gb-ssd-windows-11-home-6-graphics-nvidia-geforce-rtx-3050-80-w-gl613-gaming-laptop/p/itmc9e44d5a9f6c4?pid=COMHYS44DKVFUFVS&lid=LSTCOMHYS44DKVFUFVS2KZG86&marketplace=FLIPKART&q=i5+laptop&store=6bo%2Fb5g&srno=s_9_205&otracker=search&fm=organic&iid=010f1592-cba8-4c9a-8fec-b6ff5437ff5f.COMHYS44DKVFUFVS.SEARCH&ppt=sp&ppn=sp&ssid=48x8176dog0000001781258476618&qH=b24ed56a5348ed79&ov_redirect=true,flipkart
"Add to CompareInfinix GT Book Intel Core i5 12th Gen 12450H - (16 GB/512 GB SSD/Windows 11 Home/6 GB Graphics/NVIDIA...4.518 Ratings&3 ReviewsIntel Core i5 Processor (12th Gen)16 GB LPDDR5X RAMWindows 11 Operating System512 GB SSD40.64 cm (16 Inch) DisplayControl Center1 Year Domestic Onsite Warranty On Laptop and 6 Months On Adapter₹99,990Only 1 leftUpto₹42,600Off on Exchange",Infinix,99990.0,Intel Core I5 12Th,16.0,LPDDR5X,512.0,SSD,Intel Iris Xe,Windows 11,15.6,1920,1080,1,https://rukminim2.flixcart.com/image/416/416/xif0q/computer/s/8/w/-original-imahg4uv8htxfdpx.jpeg?q=70,https://www.flipkart.com/infinix-gt-book-intel-core-i5-12th-gen-12450h-16-gb-512-gb-ssd-windows-11-home-6-graphics-nvidia-geforce-rtx-3050-80-w-gl613-gaming-laptop/p/itmc9e44d5a9f6c4?pid=COMHYS44JRG3NJ2V&lid=LSTCOMHYS44JRG3NJ2VXWCETL&marketplace=FLIPKART&q=i5+laptop&store=6bo%2Fb5g&srno=s_9_208&otracker=search&fm=organic&iid=010f1592-cba8-4c9a-8fec-b6ff5437ff5f.COMHYS44JRG3NJ2V.SEARCH&ppt=sp&ppn=sp&ssid=48x8176dog0000001781258476618&qH=b24ed56a5348ed79&ov_redirect=true,flipkart
"Add to CompareHP Elitebook Intel Core i5 8th Gen 8265U - (8 GB + 32 GB Optane/256 GB SSD/Windows 10 Pro/8 GB Graphic...Intel Core i5 Processor (8th Gen)8 GB DDR4 RAM64 bit Windows 10 Operating System256 GB SSD35.56 cm (14 Inch) DisplayWindows 10 Pro 643 Year HP Warranty₹61,523₹1,09,99944% offOnly 1 leftBank Offer",HP,61523.0,Intel Core I5 8Th,8.0,DDR4,256.0,SSD,Intel Iris Xe,Windows 10,15.6,1920,1080,1,https://rukminim2.flixcart.com/image/416/416/kkoc70w0/computer/g/u/u/elitebook-840-g6-business-laptop-hp-original-imafzzaaa6bygtb7.jpeg?q=70,https://www.flipkart.com/hp-elitebook-intel-core-i5-8th-gen-8265u-8-gb-32-optane-256-ssd-windows-10-pro-8-graphics-hsn-124c-4-business-laptop/p/itm7291345b69155?pid=COMFZZZSPUZNZRBM&lid=LSTCOMFZZZSPUZNZRBM7OCDTR&marketplace=FLIPKART&q=i5+laptop&store=6bo%2Fb5g&srno=s_9_210&otracker=search&fm=organic&iid=010f1592-cba8-4c9a-8fec-b6ff5437ff5f.COMFZZZSPUZNZRBM.SEARCH&ppt=sp&ppn=sp&ssid=48x8176dog0000001781258476618&qH=b24ed56a5348ed79&ov_redirect=true,flipkart
"Add to CompareHP Intel Core i5 12th Gen 1235U - (8 GB/512 GB SSD/Windows 11 Home) 15s-fq5202TU Thin and Light LaptopIntel Core i5 Processor (12th Gen)8 GB DDR4 RAMWindows 11 Operating System512 GB SSD39.62 cm (15.6 inch) Display1 Year Onsite Warranty₹63,990₹63,999Only 5 leftBank Offer",HP,63990.0,Intel Core I5 12Th,8.0,DDR4,512.0,SSD,Intel Iris Xe,Windows 11,15.6,1920,1080,1,https://rukminim2.flixcart.com/image/416/416/xif0q/computer/t/d/y/15s-fq5202tu-thin-and-light-laptop-hp-original-imahkf5jbhhcrrcy.jpeg?q=70,https://www.flipkart.com/hp-intel-core-i5-12th-gen-1235u-8-gb-512-gb-ssd-windows-11-home-15s-fq5202tu-thin-light-laptop/p/itma5bc84556fdc9?pid=COMHKF5KGFC5ZHKC&lid=LSTCOMHKF5KGFC5ZHKCYT1MC6&marketplace=FLIPKART&q=i5+laptop&store=6bo%2Fb5g&srno=s_9_215&otracker=search&fm=organic&iid=010f1592-cba8-4c9a-8fec-b6ff5437ff5f.COMHKF5KGFC5ZHKC.SEARCH&ppt=sp&ppn=sp&ssid=48x8176dog0000001781258476618&qH=b24ed56a5348ed79&ov_redirect=true,flipkart
"Add to CompareLenovo IdeaPad Slim 3 Intel Core i5 11th Gen 1155G7 - (8 GB/512 GB SSD/Windows 11 Home) 15ITL6 Thin an...4.26,348 Ratings&425 ReviewsIntel Core i5 Processor (11th Gen)8 GB DDR4 RAM64 bit Windows 11 Operating System512 GB SSD39.62 cm (15.6 Inch) Display2 Yr Warranty₹50,134₹69,89028% offOnly 1 leftBank Offer",Lenovo,50134.0,Intel Core I5 11Th,8.0,DDR4,512.0,SSD,Intel Iris Xe,Windows 11,15.6,1920,1080,1,https://rukminim2.flixcart.com/image/416/416/xif0q/computer/c/s/0/-original-imahg53u2jhkkvcn.jpeg?q=70,https://www.flipkart.com/lenovo-ideapad-slim-3-intel-core-i5-11th-gen-1155g7-8-gb-512-gb-ssd-windows-11-home-15itl6-thin-light-laptop/p/itmf7ba442601f89?pid=COMGGR9SBTFZCNDU&lid=LSTCOMGGR9SBTFZCNDUJMYUJO&marketplace=FLIPKART&q=i5+laptop&store=6bo%2Fb5g&srno=s_9_216&otracker=search&fm=organic&iid=010f1592-cba8-4c9a-8fec-b6ff5437ff5f.COMGGR9SBTFZCNDU.SEARCH&ppt=sp&ppn=sp&ssid=48x8176dog0000001781258476618&qH=b24ed56a5348ed79&ov_redirect=true,flipkart
"Add to CompareHP Elitebook Intel Core i5 8th Gen - (8 GB + 32 GB Optane/256 GB SSD/Windows 10 Pro/8 GB Graphics) HSN...Intel Core i5 Processor (8th Gen)8 GB DDR4 RAM64 bit Windows 10 Operating System256 GB SSD35.56 cm (14 inch) DisplayWindows 10 Pro 643 Year HP Warranty₹65,990₹1,24,99047% offOnly 1 leftBank Offer",HP,65990.0,Intel Core I5 8Th,8.0,DDR4,256.0,SSD,Intel Iris Xe,Windows 10,15.6,1920,1080,1,https://rukminim2.flixcart.com/image/416/416/xif0q/computer/q/q/q/elitebook-840-g6-business-laptop-hp-original-imahkf5zngfb4gsc.jpeg?q=70,https://www.flipkart.com/hp-elitebook-intel-core-i5-8th-gen-8-gb-32-optane-256-ssd-windows-10-pro-8-graphics-hsn-124c-4-business-laptop/p/itm7291345b69155?pid=COMHKF5ZZSSDRH3S&lid=LSTCOMHKF5ZZSSDRH3SXDWENQ&marketplace=FLIPKART&q=i5+laptop&store=6bo%2Fb5g&srno=s_10_219&otracker=search&fm=organic&iid=48024dbc-eaca-4375-aec8-965c0705f341.COMHKF5ZZSSDRH3S.SEARCH&ppt=sp&ppn=sp&ssid=rortqsw2800000001781258484948&qH=b24ed56a5348ed79&ov_redirect=true,flipkart
"Add to CompareAcer Aspire 15 AMD Ryzen 5 Hexa Core 7430U - (16 GB/512 GB SSD/Windows 11 Home) Aspire AS15-42 Thin an...4.24,016 Ratings&377 ReviewsAMD Ryzen 5 Hexa Core Processor16 GB DDR4 RAMWindows 11 Operating System512 GB SSD39.62 cm (15.6 Inch) Display1 Year Carry-in Warranty₹57,990₹85,99932% offUpto₹37,050Off on ExchangeBank Offer",Acer,57990.0,Intel Core i5,16.0,DDR4,512.0,SSD,Intel Iris Xe,Windows 11,15.6,1920,1080,1,https://rukminim2.flixcart.com/image/416/416/xif0q/computer/p/c/z/-original-imahg5fusry5atvm.jpeg?q=70,https://www.flipkart.com/acer-aspire-15-amd-ryzen-5-hexa-core-7430u-16-gb-512-gb-ssd-windows-11-home-as15-42-thin-light-laptop/p/itmdaf15e01a1d1a?pid=COMH397XW36HUXB8&lid=LSTCOMH397XW36HUXB8LCSOPU&marketplace=FLIPKART&q=i5+laptop&store=6bo%2Fb5g&srno=s_10_221&otracker=search&fm=organic&iid=en_gp6uuo1N1SDTS3IKOJ95rwwvf_KD2Plwfk_HvtnRQxjLrxbj-RfNhQWuvSN3jGf6u7wQKPEvGr-DUu_JI0F5f5EPXCQU5yoQeoOr8ZR9Wxq_Wv7r1Lg08Vxh0WlXB2OW&ppt=sp&ppn=sp&ssid=rortqsw2800000001781258484948&qH=b24ed56a5348ed79&ov_redirect=true,flipkart
"Add to CompareASUS Vivobook S14 Flip (2025) with Office 2024 + M365 Basic*, Metallic Design, Intel Core i5 13th Gen ...Intel Core i5 Processor (13th Gen)16 GB DDR4 RAM64 bit Windows 11 Home Operating System512 GB SSD35.56 cm (14 inch) Touchscreen DisplayOffice Home and Student 20241 Year Onsite Warranty₹82,899₹86,9904% offOnly 5 leftBank Offer",ASUS,82899.0,Intel Core I5 13Th,16.0,DDR4,512.0,SSD,Intel Iris Xe,Windows 11,15.6,1920,1080,1,https://rukminim2.flixcart.com/image/416/416/xif0q/computer/v/n/p/tp3402vao-lz619ws-2-in-1-laptop-asus-original-imahh4tvhsupayfh.jpeg?q=70,https://www.flipkart.com/asus-vivobook-s14-flip-2025-office-2024-m365-basic-metallic-design-intel-core-i5-13th-gen-16-gb-512-gb-ssd-windows-11-home-tp3402vao-lz619ws-2-1-laptop/p/itm1f8488dce4bb0?pid=COMHH4TVGJDFZCGQ&lid=LSTCOMHH4TVGJDFZCGQC4ENIX&marketplace=FLIPKART&q=i5+laptop&store=6bo%2Fb5g&srno=s_10_223&otracker=search&fm=organic&iid=48024dbc-eaca-4375-aec8-965c0705f341.COMHH4TVGJDFZCGQ.SEARCH&ppt=sp&ppn=sp&ssid=rortqsw2800000001781258484948&qH=b24ed56a5348ed79&ov_redirect=true,flipkart
"Add to CompareLenovo IdeaPad Slim 3 Backlit Intel Core i5 13th Gen 13420H - (16 GB/512 GB SSD/Windows 11 Home) 83EM0...3.920 Ratings&1 ReviewsIntel Core i5 Processor (13th Gen)16 GB LPDDR5 RAMWindows 11 Operating System512 GB SSD39.62 cm (15.6 Inch) Display1 Year warranty₹69,900₹85,00017% offOnly few leftBank Offer",Lenovo,69900.0,Intel Core I5 13Th,16.0,LPDDR5,512.0,SSD,Intel Iris Xe,Windows 11,15.6,1920,1080,1,https://rukminim2.flixcart.com/image/416/416/xif0q/computer/v/f/e/15iah8-thin-and-light-laptop-lenovo-original-imah4dhfrhgxvguy.jpeg?q=70,https://www.flipkart.com/lenovo-ideapad-slim-3-backlit-intel-core-i5-13th-gen-13420h-16-gb-512-gb-ssd-windows-11-home-83em0023in-laptop/p/itmf7d627b58c63f?pid=COMGYJGUUUHJYHZE&lid=LSTCOMGYJGUUUHJYHZEIHZGTN&marketplace=FLIPKART&q=i5+laptop&store=6bo%2Fb5g&srno=s_10_224&otracker=search&fm=organic&iid=48024dbc-eaca-4375-aec8-965c0705f341.COMGYJGUUUHJYHZE.SEARCH&ppt=sp&ppn=sp&ssid=rortqsw2800000001781258484948&qH=b24ed56a5348ed79&ov_redirect=true,flipkart
"Add to CompareASUS Vivobook 15 Intel Core i5 11th Gen 1135G7 - (8 GB/512 GB SSD/Windows 11 Home) X515EA-EJ522WS Thin...4.38,918 Ratings&620 ReviewsIntel Core i5 Processor (11th Gen)8 GB DDR4 RAM64 bit Windows 11 Operating System512 GB SSD39.62 cm (15.6 Inch) Display1 Year Onsite Warranty₹55,878₹65,99015% offOnly 1 leftBank Offer",ASUS,55878.0,Intel Core I5 11Th,8.0,DDR4,512.0,SSD,Intel Iris Xe,Windows 11,15.6,1920,1080,1,https://rukminim2.flixcart.com/image/416/416/xif0q/computer/x/e/e/-original-imahg53xzr6s6nkg.jpeg?q=70,https://www.flipkart.com/asus-vivobook-15-intel-core-i5-11th-gen-1135g7-8-gb-512-gb-ssd-windows-11-home-x515ea-ej522ws-thin-light-laptop/p/itmbfbbf7747aa01?pid=COMGFHNGGWNDVGSY&lid=LSTCOMGFHNGGWNDVGSYTN2K0L&marketplace=FLIPKART&q=i5+laptop&store=6bo%2Fb5g&srno=s_10_225&otracker=search&fm=organic&iid=48024dbc-eaca-4375-aec8-965c0705f341.COMGFHNGGWNDVGSY.SEARCH&ppt=sp&ppn=sp&ssid=rortqsw2800000001781258484948&qH=b24ed56a5348ed79&ov_redirect=true,flipkart
"Add to CompareLenovo IdeaPad 5 2-in-1 WUXGA IPS Intel Core i5 13th Gen 13420H - (16 GB/512 GB SSD/Windows 11 Home) 1...4.464 Ratings&5 ReviewsIntel Core i5 Processor (13th Gen)16 GB LPDDR5X RAMWindows 11 Operating System512 GB SSD35.56 cm (14 Inch) Touchscreen Display1 Year Carry-in Warranty₹74,000₹1,00,00026% offOnly 1 leftBank Offer",Lenovo,74000.0,Intel Core I5 13Th,16.0,LPDDR5X,512.0,SSD,Intel Iris Xe,Windows 11,15.6,1920,1080,1,https://rukminim2.flixcart.com/image/416/416/xif0q/computer/h/k/p/-original-imahg5fyzfcx7fc2.jpeg?q=70,https://www.flipkart.com/lenovo-ideapad-5-2-in-1-wuxga-ips-intel-core-i5-13th-gen-13420h-16-gb-512-gb-ssd-windows-11-home-14irh9-2-1-laptop/p/itm0d1ffafece259?pid=COMH44PGW8HCAEFU&lid=LSTCOMH44PGW8HCAEFUPH68IG&marketplace=FLIPKART&q=i5+laptop&store=6bo%2Fb5g&srno=s_10_226&otracker=search&fm=organic&iid=48024dbc-eaca-4375-aec8-965c0705f341.COMH44PGW8HCAEFU.SEARCH&ppt=sp&ppn=sp&ssid=rortqsw2800000001781258484948&qH=b24ed56a5348ed79&ov_redirect=true,flipkart
"Add to CompareAcer 3 Years Warranty Aspire Lite (2025) Intel Core i5 13th Gen 1334U - (16 GB/512 GB SSD/Windows 11 H...3.58 Ratings&1 ReviewsIntel Core i5 Processor (13th Gen)16 GB DDR4 RAM64 bit Windows 11 Home Operating System512 GB SSD39.62 cm (15.6 Inch) DisplayMicrosoft Office 2021, Windows 11 Home3 Years₹57,990₹79,99927% offOnly few leftBank Offer",Acer,57990.0,Intel Core I5 13Th,16.0,DDR4,512.0,SSD,Intel Iris Xe,Windows 11,15.6,1920,1080,1,https://rukminim2.flixcart.com/image/416/416/xif0q/computer/w/v/z/al15-41-thin-and-light-laptop-acer-original-imahdhr6zrhzsbpk.jpeg?q=70,https://www.flipkart.com/acer-3-years-warranty-aspire-lite-2025-intel-core-i5-13th-gen-1334u-16-gb-512-gb-ssd-windows-11-home-al15-53-thin-light-laptop/p/itmba0c10ad5cfbd?pid=COMHHPPDAGDS9THR&lid=LSTCOMHHPPDAGDS9THR0RW9ZD&marketplace=FLIPKART&q=i5+laptop&store=6bo%2Fb5g&srno=s_10_227&otracker=search&fm=organic&iid=48024dbc-eaca-4375-aec8-965c0705f341.COMHHPPDAGDS9THR.SEARCH&ppt=sp&ppn=sp&ssid=rortqsw2800000001781258484948&qH=b24ed56a5348ed79&ov_redirect=true,flipkart
"Add to CompareHP Intel Core i5 13th Gen 1334U - (16 GB/512 GB SSD/Windows 11 Home) 15-fd0576TU Thin and Light Laptop4.2111 Ratings&4 ReviewsIntel Core i5 Processor (13th Gen)16 GB DDR4 RAMWindows 11 Home Operating System512 GB SSD39.62 cm (15.6 Inch) DisplayMS Office Home 2024 + MISC PC Game Pass DA 3M1 Year Onsite Warranty₹64,980₹70,8418% offOnly 2 leftBank Offer",HP,64980.0,Intel Core I5 13Th,16.0,DDR4,512.0,SSD,Intel Iris Xe,Windows 11,15.6,1920,1080,1,https://rukminim2.flixcart.com/image/416/416/xif0q/computer/x/s/p/-original-imahbngsvbzkyhqh.jpeg?q=70,https://www.flipkart.com/hp-intel-core-i5-13th-gen-1334u-16-gb-512-gb-ssd-windows-11-home-15-fd0576tu-thin-light-laptop/p/itmcd72f4dbb1a74?pid=COMHBFRJFZRPG8ZH&lid=LSTCOMHBFRJFZRPG8ZHVVLZ1I&marketplace=FLIPKART&q=i5+laptop&store=6bo%2Fb5g&srno=s_10_234&otracker=search&fm=organic&iid=48024dbc-eaca-4375-aec8-965c0705f341.COMHBFRJFZRPG8ZH.SEARCH&ppt=sp&ppn=sp&ssid=rortqsw2800000001781258484948&qH=b24ed56a5348ed79&ov_redirect=true,flipkart
"Lenovo Ideapad 330s Intel Core i5 8th Gen 8250U - (4 GB/1 TB HDD/Windows 10 Home/4 GB Graphics) 330S-1...421 Ratings&5 ReviewsIntel Core i5 Processor (8th Gen)4 GB DDR4 RAM64 bit Windows 10 Operating System1 TB HDD39.62 cm (15.6 Inch) DisplayLenovo App Explorer, Lenovo Companion 3.01 Year Onsite Warranty₹51,999₹62,59416% offOnly 1 leftUpto₹37,050Off on Exchange",Lenovo,51999.0,Intel Core I5 8Th,4.0,DDR4,512.0,HDD,Intel Iris Xe,Windows 10,15.6,1366,768,1,https://rukminim2.flixcart.com/image/416/416/jjg15zk0/computer/z/m/6/lenovo-na-laptop-original-imaf7ygkgy8taxrn.jpeg?q=70,https://www.flipkart.com/lenovo-ideapad-330s-intel-core-i5-8th-gen-8250u-4-gb-1-tb-hdd-windows-10-home-4-gb-graphics-330s-15ikb-thin-light-laptop/p/itm42f15f05cea8a?pid=COMF6358VZFAFZVD&lid=LSTCOMF6358VZFAFZVDQ2MFZP&marketplace=FLIPKART&q=i5+laptop&store=6bo%2Fb5g&srno=s_10_238&otracker=search&fm=organic&iid=48024dbc-eaca-4375-aec8-965c0705f341.COMF6358VZFAFZVD.SEARCH&ppt=sp&ppn=sp&ssid=rortqsw2800000001781258484948&qH=b24ed56a5348ed79&ov_redirect=true,flipkart
"Add to CompareHP OmniBook 5 Backlit Keyboard & MSO'2024, Intel Core i5 13th Gen 1334U - (16 GB/512 GB SSD/Windows 11...4.538 Ratings&7 ReviewsIntel Core i5 Processor (13th Gen)16 GB LPDDR5X RAMWindows 11 Operating System512 GB SSD40.64 cm (16 Inch) Display1 Year Onsite Service₹69,144₹82,57516% offOnly 4 leftBank Offer",HP,69144.0,Intel Core I5 13Th,16.0,LPDDR5X,512.0,SSD,Intel Iris Xe,Windows 11,15.6,1920,1080,1,https://rukminim2.flixcart.com/image/416/416/xif0q/computer/j/t/1/-original-imahbsvmgge9vynk.jpeg?q=70,https://www.flipkart.com/hp-omnibook-5-backlit-keyboard-mso-2024-intel-core-i5-13th-gen-1334u-16-gb-512-gb-ssd-windows-11-home-16-ba1008tu-thin-light-laptop/p/itmb0751d07827ec?pid=COMHAWXY8QGRJ6YK&lid=LSTCOMHAWXY8QGRJ6YKUGA9RK&marketplace=FLIPKART&q=i5+laptop&store=6bo%2Fb5g&srno=s_10_239&otracker=search&fm=organic&iid=48024dbc-eaca-4375-aec8-965c0705f341.COMHAWXY8QGRJ6YK.SEARCH&ppt=sp&ppn=sp&ssid=rortqsw2800000001781258484948&qH=b24ed56a5348ed79&ov_redirect=true,flipkart
"Add to CompareHP 250 G9 Intel Core i5 12th Gen 1235U - (8 GB/512 GB SSD/Windows 11 Home) 7N179PA Business Laptop4.36 Ratings&2 ReviewsIntel Core i5 Processor (12th Gen)8 GB DDR4 RAM32 bit Windows 11 Operating System512 GB SSD39.62 cm (15.6 Inch) DisplayWindows 111 year Domestic warranty₹62,499₹75,00016% offBank Offer",HP,62499.0,Intel Core I5 12Th,8.0,DDR4,512.0,SSD,Intel Iris Xe,Windows 11,15.6,1920,1080,1,https://rukminim2.flixcart.com/image/416/416/xif0q/computer/y/y/e/250-g9-notebook-pc-laptop-hp-original-imagremdjskhpqwx.jpeg?q=70,https://www.flipkart.com/hp-250-g9-intel-core-i5-12th-gen-1235u-8-gb-512-gb-ssd-windows-11-home-7n179pa-business-laptop/p/itma488dac338fb5?pid=COMGQHX9DFAQQFD3&lid=LSTCOMGQHX9DFAQQFD3LBDELR&marketplace=FLIPKART&q=i5+laptop&store=6bo%2Fb5g&srno=s_11_244&otracker=search&fm=organic&iid=b9263280-fc2b-4aae-bb10-cfadc5d55748.COMGQHX9DFAQQFD3.SEARCH&ppt=sp&ppn=sp&ssid=4w3zu1c70w0000001781258491371&qH=b24ed56a5348ed79&ov_redirect=true,flipkart
"Add to CompareHP Intel Core i5 12th Gen - (16 GB/512 GB SSD/Windows 11 Home) 15S-FY5009TU Thin and Light Laptop3.512 Ratings&1 ReviewsIntel Core i5 Processor (12th Gen)16 GB DDR4 RAMWindows 11 Home Operating System512 GB SSD39.62 cm (15.6 Inch) Display1 Year Onsite Warranty₹60,901₹69,80012% offBank Offer",HP,60901.0,Intel Core I5 12Th,16.0,DDR4,512.0,SSD,Intel Iris Xe,Windows 11,15.6,1920,1080,1,https://rukminim2.flixcart.com/image/416/416/xif0q/computer/j/t/h/15s-thin-and-light-laptop-hp-original-imah63mazz2cybjz.jpeg?q=70,https://www.flipkart.com/hp-intel-core-i5-12th-gen-16-gb-512-gb-ssd-windows-11-home-15s-fy5009tu-thin-light-laptop/p/itm19a3a766f29d3?pid=COMH63MAPPFRXUTC&lid=LSTCOMH63MAPPFRXUTCOLMDCX&marketplace=FLIPKART&q=i5+laptop&store=6bo%2Fb5g&srno=s_11_245&otracker=search&fm=organic&iid=b9263280-fc2b-4aae-bb10-cfadc5d55748.COMH63MAPPFRXUTC.SEARCH&ppt=sp&ppn=sp&ssid=4w3zu1c70w0000001781258491371&qH=b24ed56a5348ed79&ov_redirect=true,flipkart
"Add to CompareASUS Vivobook 15 Intel Core i5 13th Gen 1335U - (8 GB/512 GB SSD/Windows 11 Home) X1504VA-NJ523WS Thin...3.65 Ratings&0 ReviewsIntel Core i5 Processor (13th Gen)8 GB DDR4 RAMWindows 11 Operating System512 GB SSD39.62 cm (15.6 Inch) Display1 Year Onsite Warranty₹65,990₹99,99934% offBank Offer",ASUS,65990.0,Intel Core I5 13Th,8.0,DDR4,512.0,SSD,Intel Iris Xe,Windows 11,15.6,1920,1080,1,https://rukminim2.flixcart.com/image/416/416/xif0q/computer/h/n/s/-original-imagpxgrxyzpg8jg.jpeg?q=70,https://www.flipkart.com/asus-vivobook-15-intel-core-i5-13th-gen-1335u-8-gb-512-gb-ssd-windows-11-home-x1504va-nj523ws-thin-light-laptop/p/itmff0e170cb596e?pid=COMGZDQJUEZSYYZ3&lid=LSTCOMGZDQJUEZSYYZ3IIX5II&marketplace=FLIPKART&q=i5+laptop&store=6bo%2Fb5g&srno=s_11_246&otracker=search&fm=organic&iid=b9263280-fc2b-4aae-bb10-cfadc5d55748.COMGZDQJUEZSYYZ3.SEARCH&ppt=sp&ppn=sp&ssid=4w3zu1c70w0000001781258491371&qH=b24ed56a5348ed79&ov_redirect=true,flipkart
"Add to CompareASUS Vivobook S14 (2025) with Office 2024 + M365 Basic*, Backlit Keyboard, Intel Core i5 13th Gen 1342...4.4881 Ratings&65 ReviewsIntel Core i5 Processor (13th Gen)16 GB DDR5 RAMWindows 11 Home Operating System512 GB SSD35.56 cm (14 Inch) DisplayMicrosoft Office Home 2024 (Lifetime Validity ) + Microsoft 365 Basic*(1-Year Validity), One-Month Membership of Adobe Creative Cloud All Apps, McAfee 1 year1 Year Onsite Warranty₹64,490₹84,99924% offBank Offer",ASUS,64490.0,Intel Core I5 13Th,16.0,DDR5,512.0,SSD,Intel Iris Xe,Windows 11,15.6,1920,1080,1,https://rukminim2.flixcart.com/image/416/416/xif0q/computer/k/a/c/-original-imahg4utfpfb6bv6.jpeg?q=70,https://www.flipkart.com/asus-vivobook-s14-2025-office-2024-m365-basic-backlit-keyboard-intel-core-i5-13th-gen-13420h-16-gb-512-gb-ssd-windows-11-home-s3407va-ly037ws-thin-light-laptop/p/itm820c07740b4c9?pid=COMH9SJ9VCEQJCSX&lid=LSTCOMH9SJ9VCEQJCSX0MKI76&marketplace=FLIPKART&q=i5+laptop&store=6bo%2Fb5g&srno=s_11_249&otracker=search&fm=organic&iid=b9263280-fc2b-4aae-bb10-cfadc5d55748.COMH9SJ9VCEQJCSX.SEARCH&ppt=sp&ppn=sp&ssid=4w3zu1c70w0000001781258491371&qH=b24ed56a5348ed79&ov_redirect=true,flipkart
"Add to CompareASUS Expertbook P1 High-performance processor with 1 Yr ADP Intel Core i5 13th Gen 13420H - (32 GB/512...4.35,075 Ratings&395 ReviewsIntel Core i5 Processor (13th Gen)32 GB DDR5 RAMWindows 11 Home Operating System512 GB SSD35.56 cm (14 Inch) DisplayIncluded Software- Microsoft Office Home 2024(includes Word, Excel, PowerPoint, and OneNote) (Lifetime Validity ) + Microsoft 365 Basic*(1-Year Validity), McAfee+TM Premium (1 year Validity)1 Year Onsite Warranty₹80,990₹1,14,99029% offBank Offer",ASUS,80990.0,Intel Core I5 13Th,32.0,DDR5,512.0,SSD,Intel Iris Xe,Windows 11,15.6,1920,1080,1,https://rukminim2.flixcart.com/image/416/416/xif0q/computer/s/z/d/-original-imahg53uy9f3wzkn.jpeg?q=70,https://www.flipkart.com/asus-expertbook-p1-high-performance-processor-1-yr-adp-intel-core-i5-13th-gen-13420h-32-gb-512-gb-ssd-windows-11-home-p1403cva-s60939ws-thin-light-laptop/p/itm50988c1fc56e6?pid=COMH8Z2QGRVBX4AF&lid=LSTCOMH8Z2QGRVBX4AFAGSZ0I&marketplace=FLIPKART&q=i5+laptop&store=6bo%2Fb5g&srno=s_11_250&otracker=search&fm=organic&iid=b9263280-fc2b-4aae-bb10-cfadc5d55748.COMH8Z2QGRVBX4AF.SEARCH&ppt=sp&ppn=sp&ssid=4w3zu1c70w0000001781258491371&qH=b24ed56a5348ed79&ov_redirect=true,flipkart
"Add to CompareDELL Intel Core i5 12th Gen 1235U - (16 GB/512 GB SSD/Windows 11 Home) New Inspiron 15 Metal Laptop Th...4.2183 Ratings&26 ReviewsProcessor: Intel i5-1235U (Base- 3.30 GHz & Turbo up to 4.40 GHz) 10 CoresRAM & Storage: 16GB DDR4 & 512GB SSDGraphics & Keyboard: Integrated & Backlit Keyboard+Fingerprint ReaderDisplay: 15.6"" FHD WVA AG 120Hz 250 nits Narrow BorderIntel Core i5 Processor (12th Gen)16 GB DDR4 RAM64 bit Windows 11 Operating System512 GB SSD39.62 cm (15.6 Inch) Display1 Year Onsite Hardware Service₹66,082₹70,9006% offBank Offer",Dell,66082.0,Intel Core I5 12Th,16.0,DDR4,512.0,SSD,Intel Iris Xe,Windows 11,15.6,1920,1080,1,https://rukminim2.flixcart.com/image/416/416/xif0q/computer/y/h/w/-original-imaghzahgukpkyfu.jpeg?q=70,https://www.flipkart.com/dell-intel-core-i5-12th-gen-1235u-16-gb-512-gb-ssd-windows-11-home-new-inspiron-15-metal-laptop-thin-light/p/itm23d84e15561c4?pid=COMGJ75HG3KKPEQS&lid=LSTCOMGJ75HG3KKPEQSYTHNNM&marketplace=FLIPKART&q=i5+laptop&store=6bo%2Fb5g&srno=s_11_253&otracker=search&fm=organic&iid=b9263280-fc2b-4aae-bb10-cfadc5d55748.COMGJ75HG3KKPEQS.SEARCH&ppt=sp&ppn=sp&ssid=4w3zu1c70w0000001781258491371&qH=b24ed56a5348ed79&ov_redirect=true,flipkart
"Add to CompareLenovo IdeaPad Slim 5 WUXGA OLED Full Metal Body Intel Core i5 13th Gen 13420H - (16 GB/1 TB SSD/Windo...4.3118 Ratings&17 ReviewsIntel Core i5 Processor (13th Gen)16 GB DDR5 RAMWindows 11 Home Operating System1 TB SSD35.56 cm (14 Inch) DisplayOffice Home 20241 Year Carry-in Warranty₹97,290Upto₹42,600Off on ExchangeBank Offer",Lenovo,97290.0,Intel Core I5 13Th,16.0,DDR5,512.0,SSD,Intel Iris Xe,Windows 11,15.6,1920,1080,1,https://rukminim2.flixcart.com/image/416/416/xif0q/computer/o/v/3/-original-imahfkh32rjbqrhj.jpeg?q=70,https://www.flipkart.com/lenovo-ideapad-slim-5-wuxga-oled-full-metal-body-intel-core-i5-13th-gen-13420h-16-gb-1-tb-ssd-windows-11-home-thin-light-laptop/p/itm1df1fe93dcbfd?pid=COMHAF73KBHEEFJS&lid=LSTCOMHAF73KBHEEFJS6PPM9N&marketplace=FLIPKART&q=i5+laptop&store=6bo%2Fb5g&srno=s_11_255&otracker=search&fm=organic&iid=b9263280-fc2b-4aae-bb10-cfadc5d55748.COMHAF73KBHEEFJS.SEARCH&ppt=sp&ppn=sp&ssid=4w3zu1c70w0000001781258491371&qH=b24ed56a5348ed79&ov_redirect=true,flipkart
"Add to CompareASUS Intel Core i5 12th Gen - (8 GB/512 GB SSD/Windows 11 Home) X1502ZA-EJ531WS LaptopIntel Core i5 Processor (12th Gen)8 GB DDR4 RAMWindows 11 Operating System512 GB SSD39.62 cm (15.6 Inch) Display1 YEAR INTERNATIONAL₹55,999₹65,99015% offBank Offer",ASUS,55999.0,Intel Core I5 12Th,8.0,DDR4,512.0,SSD,Intel Iris Xe,Windows 11,15.6,1920,1080,1,https://rukminim2.flixcart.com/image/416/416/xif0q/computer/g/n/u/vivobook-15-laptop-asus-original-imagt8amwj7psxuq.jpeg?q=70,https://www.flipkart.com/asus-intel-core-i5-12th-gen-8-gb-512-gb-ssd-windows-11-home-x1502za-ej531ws-laptop/p/itm092dfbb4f7bf4?pid=COMGT8AMEXH3GFHZ&lid=LSTCOMGT8AMEXH3GFHZAILYSY&marketplace=FLIPKART&q=i5+laptop&store=6bo%2Fb5g&srno=s_11_259&otracker=search&fm=organic&iid=b9263280-fc2b-4aae-bb10-cfadc5d55748.COMGT8AMEXH3GFHZ.SEARCH&ppt=sp&ppn=sp&ssid=4w3zu1c70w0000001781258491371&qH=b24ed56a5348ed79&ov_redirect=true,flipkart
"Add to CompareHP Intel Core i5 12th Gen 1235U - (8 GB/512 GB SSD/Windows 11 Home) 15s-fy5007TU Thin and Light LaptopIntel Core i5 Processor (12th Gen)8 GB DDR4 RAMWindows 11 Operating System512 GB SSD39.62 cm (15.6 inch) Display1 Year Onsite Warranty₹64,000₹67,9995% offBank Offer",HP,64000.0,Intel Core I5 12Th,8.0,DDR4,512.0,SSD,Intel Iris Xe,Windows 11,15.6,1920,1080,1,https://rukminim2.flixcart.com/image/416/416/xif0q/computer/f/o/o/15s-fy5007tu-thin-and-light-laptop-hp-original-imahkf5jhxfefbzg.jpeg?q=70,https://www.flipkart.com/hp-intel-core-i5-12th-gen-1235u-8-gb-512-gb-ssd-windows-11-home-15s-fy5007tu-thin-light-laptop/p/itma831720ef30c2?pid=COMH3BEGYCPYJASV&lid=LSTCOMH3BEGYCPYJASVCM3KPO&marketplace=FLIPKART&q=i5+laptop&store=6bo%2Fb5g&srno=s_11_260&otracker=search&fm=organic&iid=b9263280-fc2b-4aae-bb10-cfadc5d55748.COMH3BEGYCPYJASV.SEARCH&ppt=sp&ppn=sp&ssid=4w3zu1c70w0000001781258491371&qH=b24ed56a5348ed79&ov_redirect=true,flipkart
"Add to CompareASUS Vivobook S 15 OLED Intel EVO H-Series Intel Core i5 13th Gen 13500H - (16 GB/512 GB SSD/Windows 1...3.722 Ratings&1 ReviewsIntel Core i5 Processor (13th Gen)16 GB LPDDR5 RAMWindows 11 Operating System512 GB SSD39.62 cm (15.6 Inch) Display1 Year Onsite Warranty₹89,990₹99,9009% offBank Offer",ASUS,89990.0,Intel Core I5 13Th,16.0,LPDDR5,512.0,SSD,Intel Iris Xe,Windows 11,15.6,1920,1080,1,https://rukminim2.flixcart.com/image/416/416/xif0q/computer/n/e/r/-original-imagpxgrfnuappjr.jpeg?q=70,https://www.flipkart.com/asus-vivobook-s-15-oled-intel-evo-h-series-core-i5-13th-gen-13500h-16-gb-512-gb-ssd-windows-11-home-s5504va-ma541ws-thin-light-laptop/p/itm8486d594ff56b?pid=COMGZDQJF7PJEXDB&lid=LSTCOMGZDQJF7PJEXDBRLQKSY&marketplace=FLIPKART&q=i5+laptop&store=6bo%2Fb5g&srno=s_12_265&otracker=search&fm=organic&iid=0d1cc53c-6b16-4bd6-acd8-cdc81f0702ab.COMGZDQJF7PJEXDB.SEARCH&ppt=sp&ppn=sp&ssid=k8ymc00jc00000001781258497045&qH=b24ed56a5348ed79&ov_redirect=true,flipkart
"Add to CompareLenovo IdeaPad Slim 3i Intel Core i5 13th Gen 13420H - (8 GB/512 GB SSD/Windows 11 Home) Ideapad Slim ...Intel Core i5 Processor (13th Gen)8 GB DDR5 RAMWindows 11 Home Operating System512 GB SSD38.86 cm (15.3 Inch) DisplayOffice Home 20241 Year Warranty by Lenovo Care₹68,999₹70,7902% offBank Offer",Lenovo,68999.0,Intel Core I5 13Th,8.0,DDR5,512.0,SSD,Intel Iris Xe,Windows 11,15.3,1920,1080,1,https://rukminim2.flixcart.com/image/416/416/xif0q/computer/s/e/g/15irh10-thin-and-light-laptop-lenovo-original-imahht57h64zbr7p.jpeg?q=70,https://www.flipkart.com/lenovo-ideapad-slim-3i-intel-core-i5-13th-gen-13420h-8-gb-512-gb-ssd-windows-11-home-3-thin-light-laptop/p/itmdf5e05ef76670?pid=COMHHT57PKCPFGZW&lid=LSTCOMHHT57PKCPFGZWPAK6BB&marketplace=FLIPKART&q=i5+laptop&store=6bo%2Fb5g&srno=s_12_270&otracker=search&fm=organic&iid=0d1cc53c-6b16-4bd6-acd8-cdc81f0702ab.COMHHT57PKCPFGZW.SEARCH&ppt=sp&ppn=sp&ssid=k8ymc00jc00000001781258497045&qH=b24ed56a5348ed79&ov_redirect=true,flipkart
"Add to CompareLenovo IdeaPad Slim 5 Intel Core i5 12th Gen - (16 GB/512 GB SSD/Windows 11 Home) 16IAH8 Laptop2.84 Ratings&0 ReviewsIntel Core i5 Processor (12th Gen)16 GB LPDDR5 RAMWindows 11 Operating System512 GB SSD40.64 cm (16 Inch) Display1-year warranty₹62,991₹89,99030% offBank Offer",Lenovo,62991.0,Intel Core I5 12Th,16.0,LPDDR5,512.0,SSD,Intel Iris Xe,Windows 11,15.6,1920,1080,1,https://rukminim2.flixcart.com/image/416/416/xif0q/computer/p/x/x/-original-imahyyhqfquhkrvf.jpeg?q=70,https://www.flipkart.com/lenovo-ideapad-slim-5-intel-core-i5-12th-gen-16-gb-512-gb-ssd-windows-11-home-16iah8-laptop/p/itma68dba42368d2?pid=COMGTYDGGUKCDA8D&lid=LSTCOMGTYDGGUKCDA8DRVP3PP&marketplace=FLIPKART&q=i5+laptop&store=6bo%2Fb5g&srno=s_12_283&otracker=search&fm=organic&iid=0d1cc53c-6b16-4bd6-acd8-cdc81f0702ab.COMGTYDGGUKCDA8D.SEARCH&ppt=sp&ppn=sp&ssid=k8ymc00jc00000001781258497045&qH=b24ed56a5348ed79&ov_redirect=true,flipkart
"Add to CompareDELL VOSTRO Intel Core i5 12th Gen - (8 GB/512 GB SSD/Windows 11 Home) 3520 Laptop3.939 Ratings&2 ReviewsIntel Core i5 Processor (12th Gen)8 GB LPDDR4 RAMWindows 11 Operating System512 GB SSD35.56 cm (14 Inch) Display36 MONTHS₹61,999₹1,19,50048% offBank Offer",Dell,61999.0,Intel Core I5 12Th,8.0,LPDDR4,512.0,SSD,Intel Iris Xe,Windows 11,15.6,1920,1080,1,https://rukminim2.flixcart.com/image/416/416/xif0q/computer/d/g/h/vostro-laptop-dell-original-imagqwvygmvsjugh.jpeg?q=70,https://www.flipkart.com/dell-vostro-intel-core-i5-12th-gen-8-gb-512-gb-ssd-windows-11-home-3520-laptop/p/itmbe8e957917534?pid=COMGQWVYGXWJDRJF&lid=LSTCOMGQWVYGXWJDRJFREQYXU&marketplace=FLIPKART&q=i5+laptop&store=6bo%2Fb5g&srno=s_12_284&otracker=search&fm=organic&iid=0d1cc53c-6b16-4bd6-acd8-cdc81f0702ab.COMGQWVYGXWJDRJF.SEARCH&ppt=sp&ppn=sp&ssid=k8ymc00jc00000001781258497045&qH=b24ed56a5348ed79&ov_redirect=true,flipkart
"Add to CompareSamsung Galaxy Book2 Intel Core i5 12th Gen 1235U - (8 GB/256 GB SSD/Windows 11 Home) NP750XED-KB1IN T...4.4252 Ratings&35 ReviewsIntel Core i5 Processor (12th Gen)8 GB LPDDR4X RAM64 bit Windows 11 Operating System256 GB SSD39.62 cm (15.6 Inch) Display1 Year Onsite Warranty₹59,999₹79,99024% offBank Offer",Samsung,59999.0,Intel Core I5 12Th,8.0,LPDDR4X,256.0,SSD,Intel Iris Xe,Windows 11,15.6,1920,1080,1,https://rukminim2.flixcart.com/image/416/416/xif0q/computer/d/j/s/-original-imahg5ftsdtzznhg.jpeg?q=70,https://www.flipkart.com/samsung-galaxy-book2-intel-core-i5-12th-gen-1235u-8-gb-256-gb-ssd-windows-11-home-np750xed-kb1in-thin-light-laptop/p/itm2822d57f3725d?pid=COMGE82NKVHVFM7H&lid=LSTCOMGE82NKVHVFM7H0YDQUZ&marketplace=FLIPKART&q=i5+laptop&store=6bo%2Fb5g&srno=s_12_285&otracker=search&fm=organic&iid=0d1cc53c-6b16-4bd6-acd8-cdc81f0702ab.COMGE82NKVHVFM7H.SEARCH&ppt=sp&ppn=sp&ssid=k8ymc00jc00000001781258497045&qH=b24ed56a5348ed79&ov_redirect=true,flipkart
"Add to CompareLenovo IdeaPad Slim 5 Intel Core i5 12th Gen 1235U - (16 GB/512 GB SSD/Windows 11 Home) 15IAL7 Thin an...3.777 Ratings&6 ReviewsIntel Core i5 Processor (12th Gen)16 GB DDR4 RAM64 bit Windows 11 Operating System512 GB SSD39.62 cm (15.6 Inch) Display1 Year Onsite warranty + 1 Year Accidental Damage Protection + 1 Year Premium Care₹58,491₹97,89040% offBank Offer",Lenovo,58491.0,Intel Core I5 12Th,16.0,DDR4,512.0,SSD,Intel Iris Xe,Windows 11,15.6,1920,1080,1,https://rukminim2.flixcart.com/image/416/416/xif0q/computer/a/n/h/15ial7-thin-and-light-laptop-lenovo-original-imah3csbrkfnfygx.jpeg?q=70,https://www.flipkart.com/lenovo-ideapad-slim-5-intel-core-i5-12th-gen-1235u-16-gb-512-gb-ssd-windows-11-home-15ial7-thin-light-laptop/p/itmcc25f14f7409a?pid=COMGGR9SQP6QHU64&lid=LSTCOMGGR9SQP6QHU64EXK7JP&marketplace=FLIPKART&q=i5+laptop&store=6bo%2Fb5g&srno=s_13_289&otracker=search&fm=organic&iid=04e225a3-723f-4930-9b6f-40eb359605ec.COMGGR9SQP6QHU64.SEARCH&ppt=sp&ppn=sp&ssid=n7zm02hfu80000001781258502609&qH=b24ed56a5348ed79&ov_redirect=true,flipkart
"Add to CompareDELL 15 Intel Core i5 13th Gen 1334U - (8 GB/512 GB SSD/Windows 11 Home) 3530 Thin and Light Laptop4.526 Ratings&1 ReviewsIntel Core i5 Processor (13th Gen)8 GB DDR4 RAMWindows 11 Operating System512 GB SSD39.62 cm (15.6 Inch) DisplayMy Dell (Dell Power Manager,Dell Support Assist)1 Year Onsite Warranty₹63,999₹69,9998% offBank Offer",Dell,63999.0,Intel Core I5 13Th,8.0,DDR4,512.0,SSD,Intel Iris Xe,Windows 11,15.6,1920,1080,1,https://rukminim2.flixcart.com/image/416/416/xif0q/computer/l/g/m/-original-imahg5fy6qffbchz.jpeg?q=70,https://www.flipkart.com/dell-15-intel-core-i5-13th-gen-1334u-8-gb-512-gb-ssd-windows-11-home-3530-thin-light-laptop/p/itm7882efb633245?pid=COMH8EPFFM2FYZZZ&lid=LSTCOMH8EPFFM2FYZZZAL8HG1&marketplace=FLIPKART&q=i5+laptop&store=6bo%2Fb5g&srno=s_13_294&otracker=search&fm=organic&iid=04e225a3-723f-4930-9b6f-40eb359605ec.COMH8EPFFM2FYZZZ.SEARCH&ppt=sp&ppn=sp&ssid=n7zm02hfu80000001781258502609&qH=b24ed56a5348ed79&ov_redirect=true,flipkart
"Add to CompareDELL Intel Core i5 13th Gen - (16 GB/512 GB SSD/Windows 11 Home) 7430 2 in 1 LaptopIntel Core i5 Processor (13th Gen)16 GB DDR4 RAMWindows 11 Operating System512 GB SSD35.56 cm (14 Inch) Touchscreen Display1 Year Carry-in Warranty₹84,990₹1,01,92116% offBank Offer",Dell,84990.0,Intel Core I5 13Th,16.0,DDR4,512.0,SSD,Intel Iris Xe,Windows 11,15.6,1920,1080,1,https://rukminim2.flixcart.com/image/416/416/xif0q/computer/b/a/s/inspiron-7430-2-in-1-laptop-dell-original-imahgu8adyx2kgdz.jpeg?q=70,https://www.flipkart.com/dell-intel-core-i5-13th-gen-16-gb-512-gb-ssd-windows-11-home-7430-2-1-laptop/p/itm2979369f59cda?pid=COMHGQR4JKCGUJYW&lid=LSTCOMHGQR4JKCGUJYWGYXCJ2&marketplace=FLIPKART&q=i5+laptop&store=6bo%2Fb5g&srno=s_13_295&otracker=search&fm=organic&iid=04e225a3-723f-4930-9b6f-40eb359605ec.COMHGQR4JKCGUJYW.SEARCH&ppt=sp&ppn=sp&ssid=n7zm02hfu80000001781258502609&qH=b24ed56a5348ed79&ov_redirect=true,flipkart
"Add to CompareDELL 15 Intel Core i5 12th Gen 1235U - (16 GB/512 GB SSD/Windows 11 Home) 3520 Thin and Light Laptop4.2720 Ratings&32 ReviewsIntel Core i5 Processor (12th Gen)16 GB DDR4 RAMWindows 11 Operating System512 GB SSD39.62 cm (15.6 Inch) DisplayMy Dell (Dell Power Manager,Dell Support Assist)1 Year Onsite Warranty₹65,999₹69,9905% offBank Offer",Dell,65999.0,Intel Core I5 12Th,16.0,DDR4,512.0,SSD,Intel Iris Xe,Windows 11,15.6,1920,1080,1,https://rukminim2.flixcart.com/image/416/416/xif0q/computer/t/x/u/-original-imahg533qbfzvyrc.jpeg?q=70,https://www.flipkart.com/dell-15-intel-core-i5-12th-gen-1235u-16-gb-512-gb-ssd-windows-11-home-3520-thin-light-laptop/p/itm86b6eb68a0ca0?pid=COMH8EPFRSEP9Q6M&lid=LSTCOMH8EPFRSEP9Q6MJIHHTQ&marketplace=FLIPKART&q=i5+laptop&store=6bo%2Fb5g&srno=s_13_296&otracker=search&fm=organic&iid=04e225a3-723f-4930-9b6f-40eb359605ec.COMH8EPFRSEP9Q6M.SEARCH&ppt=sp&ppn=sp&ssid=n7zm02hfu80000001781258502609&qH=b24ed56a5348ed79&ov_redirect=true,flipkart
"Add to CompareASUS Vivobook 14 (2025) with Office 2024 + M365 Basic* Intel Core i5 13th Gen 1334U - (16 GB/512 GB SS...4.512 Ratings&0 ReviewsIntel Core i5 Processor (13th Gen)16 GB DDR4 RAMWindows 11 Home Operating System512 GB SSD35.56 cm (14 Inch) DisplayMicrosoft Office Home 2024 (Lifetime Validity ) + Microsoft 365 Basic*(1-Year Validity), One-Month Membership of Adobe Creative Cloud All Apps, McAfee 1 year1 Year Onsite Warranty₹65,990₹68,9904% offBank Offer",ASUS,65990.0,Intel Core I5 13Th,16.0,DDR4,512.0,SSD,Intel Iris Xe,Windows 11,15.6,1920,1080,1,https://rukminim2.flixcart.com/image/416/416/xif0q/computer/n/m/u/-original-imagpxgqbef23gbq.jpeg?q=70,https://www.flipkart.com/asus-vivobook-14-2025-office-2024-m365-basic-intel-core-i5-13th-gen-1334u-16-gb-512-gb-ssd-windows-11-home-x1404va-nk790ws-thin-light-laptop/p/itmfbc23ab113c15?pid=COMH9SJ9GHEHKUCM&lid=LSTCOMH9SJ9GHEHKUCMV8SUZI&marketplace=FLIPKART&q=i5+laptop&store=6bo%2Fb5g&srno=s_13_299&otracker=search&fm=organic&iid=04e225a3-723f-4930-9b6f-40eb359605ec.COMH9SJ9GHEHKUCM.SEARCH&ppt=sp&ppn=sp&ssid=n7zm02hfu80000001781258502609&qH=b24ed56a5348ed79&ov_redirect=true,flipkart
"Add to CompareASUS Vivobook 16X for Creator, Intel Core i5 12th Gen 12500H - (16 GB/512 GB SSD/Windows 11 Home/4 GB ...4.1861 Ratings&85 ReviewsIntel Core i5 Processor (12th Gen)16 GB DDR4 RAMWindows 11 Operating System512 GB SSD40.64 cm (16 Inch) Display1 Year Onsite Warranty₹78,990₹98,99920% offBank Offer",ASUS,78990.0,Intel Core I5 12Th,16.0,DDR4,512.0,SSD,Intel Iris Xe,Windows 11,15.6,1920,1080,1,https://rukminim2.flixcart.com/image/416/416/xif0q/computer/3/c/1/-original-imahg5fxg6chux2x.jpeg?q=70,https://www.flipkart.com/asus-vivobook-16x-creator-intel-core-i5-12th-gen-12500h-16-gb-512-gb-ssd-windows-11-home-4-graphics-nvidia-geforce-rtx-2050-k3605zf-rp258ws-gaming-laptop/p/itmd896b82bffaef?pid=COMH2XBQ9QNGRUQ5&lid=LSTCOMH2XBQ9QNGRUQ5TSHVHG&marketplace=FLIPKART&q=i5+laptop&store=6bo%2Fb5g&srno=s_13_300&otracker=search&fm=organic&iid=04e225a3-723f-4930-9b6f-40eb359605ec.COMH2XBQ9QNGRUQ5.SEARCH&ppt=sp&ppn=sp&ssid=n7zm02hfu80000001781258502609&qH=b24ed56a5348ed79&ov_redirect=true,flipkart
"Add to CompareAcer Aspire 3 (2025) Intel Core i5 13th Gen 1334U - (16 GB/512 GB SSD/Windows 11 Home) Aspire 3 A325-5...4.1152 Ratings&10 ReviewsIntel Core i5 Processor (13th Gen)16 GB DDR4 RAM64 bit Windows 11 Home Operating System512 GB SSD39.62 cm (15.6 Inch) DisplayMicrosoft Office 2021, Windows 11 Home3 Years Warranty₹60,999₹85,00028% offBank Offer",Acer,60999.0,Intel Core I5 13Th,16.0,DDR4,512.0,SSD,Intel Iris Xe,Windows 11,15.6,1920,1080,1,https://rukminim2.flixcart.com/image/416/416/xif0q/computer/o/p/f/a325-53-thin-and-light-laptop-acer-original-imahf4p3s4hsvhxz.jpeg?q=70,https://www.flipkart.com/acer-aspire-3-2025-intel-core-i5-13th-gen-1334u-16-gb-512-gb-ssd-windows-11-home-a325-53-thin-light-laptop/p/itm3bdf32931e850?pid=COMHF4P3RSGHA46N&lid=LSTCOMHF4P3RSGHA46NPYQLGC&marketplace=FLIPKART&q=i5+laptop&store=6bo%2Fb5g&srno=s_13_303&otracker=search&fm=organic&iid=04e225a3-723f-4930-9b6f-40eb359605ec.COMHF4P3RSGHA46N.SEARCH&ppt=sp&ppn=sp&ssid=n7zm02hfu80000001781258502609&qH=b24ed56a5348ed79&ov_redirect=true,flipkart
"Add to CompareLenovo Intel Core i5 12th Gen 1235U - (8 GB/512 GB SSD/Windows 11 Home) G3 IAP Thin and Light Laptop4.3106 Ratings&7 ReviewsIntel Core i5 Processor (12th Gen)8 GB DDR4 RAMWindows 11 Home Operating System512 GB SSD39.62 cm (15.6 Inch) DisplayMicrosoft Office Home & Student 20211 Year Onsite Warranty₹59,999₹85,00029% offBank Offer",Lenovo,59999.0,Intel Core I5 12Th,8.0,DDR4,512.0,SSD,Intel Iris Xe,Windows 11,15.6,1920,1080,1,https://rukminim2.flixcart.com/image/416/416/xif0q/computer/h/e/g/v15-thin-and-light-laptop-lenovo-original-imah86y2fsvhjvex.jpeg?q=70,https://www.flipkart.com/lenovo-intel-core-i5-12th-gen-1235u-8-gb-512-gb-ssd-windows-11-home-g3-iap-thin-light-laptop/p/itm930d2b10f8362?pid=COMH7NDQBYSCBGNF&lid=LSTCOMH7NDQBYSCBGNF0BUX3P&marketplace=FLIPKART&q=i5+laptop&store=6bo%2Fb5g&srno=s_13_304&otracker=search&fm=organic&iid=04e225a3-723f-4930-9b6f-40eb359605ec.COMH7NDQBYSCBGNF.SEARCH&ppt=sp&ppn=sp&ssid=n7zm02hfu80000001781258502609&qH=b24ed56a5348ed79&ov_redirect=true,flipkart
"Add to CompareASUS Vivobook 16X for Creator, Intel Core i5 12th Gen 12500H - (16 GB/512 GB SSD/Windows 11 Home/4 GB ...4.1623 Ratings&43 ReviewsIntel Core i5 Processor (12th Gen)16 GB DDR4 RAMWindows 11 Operating System512 GB SSD40.64 cm (16 Inch) Display1 Year Onsite Warranty₹76,500₹84,9909% offBank Offer",ASUS,76500.0,Intel Core I5 12Th,16.0,DDR4,512.0,SSD,Intel Iris Xe,Windows 11,15.6,1920,1080,1,https://rukminim2.flixcart.com/image/416/416/xif0q/computer/3/c/1/-original-imahg5fxg6chux2x.jpeg?q=70,https://www.flipkart.com/asus-vivobook-16x-creator-intel-core-i5-12th-gen-12500h-16-gb-512-gb-ssd-windows-11-home-4-graphics-nvidia-geforce-rtx-3050-k3605zc-rp587ws-gaming-laptop/p/itmd896b82bffaef?pid=COMH2XBQ5VWHNPYW&lid=LSTCOMH2XBQ5VWHNPYW5CX1GS&marketplace=FLIPKART&q=i5+laptop&store=6bo%2Fb5g&srno=s_13_305&otracker=search&fm=organic&iid=04e225a3-723f-4930-9b6f-40eb359605ec.COMH2XBQ5VWHNPYW.SEARCH&ppt=sp&ppn=sp&ssid=n7zm02hfu80000001781258502609&qH=b24ed56a5348ed79&ov_redirect=true,flipkart
"Add to CompareHP Intel Intel Core i5 10th Gen 1035G4 - (8 GB/512 GB SSD/Windows 10 Pro) 13-aw0211TU 2 in 1 Laptop53 Ratings&1 ReviewsIntel Core i5 Processor (10th Gen)8 GB DDR4 RAM64 bit Windows 10 Operating System512 GB SSD33.78 cm (13.3 Inch) Touchscreen DisplayHP Audio Switch, HP Documentation, HP e-Service, HP JumpStart, HP Support Assistant, HP Connection Optimizer, HP Command Center, HP PC Hardware Diagnostics Windows1 Year Onsite Warranty₹1,02,990₹1,52,04232% offUpto₹42,600Off on ExchangeBank Offer",HP,102990.0,Intel Core I5 10Th,8.0,DDR4,512.0,SSD,Intel Iris Xe,Windows 10,13.3,1920,1080,1,https://rukminim2.flixcart.com/image/416/416/xif0q/computer/6/d/y/-original-imagp7pfj54qmrty.jpeg?q=70,https://www.flipkart.com/hp-intel-core-i5-10th-gen-1035g4-8-gb-512-gb-ssd-windows-10-pro-13-aw0211tu-2-1-laptop/p/itme784ab1c5f361?pid=COMFQN65PDZFRZPQ&lid=LSTCOMFQN65PDZFRZPQYBBQS9&marketplace=FLIPKART&q=i5+laptop&store=6bo%2Fb5g&srno=s_13_306&otracker=search&fm=organic&iid=04e225a3-723f-4930-9b6f-40eb359605ec.COMFQN65PDZFRZPQ.SEARCH&ppt=sp&ppn=sp&ssid=n7zm02hfu80000001781258502609&qH=b24ed56a5348ed79&ov_redirect=true,flipkart
"Add to CompareASUS Vivobook 15 Intel Core i5 12th Gen - (16 GB/512 GB SSD/Windows 11 Home) X1504ZA-NJ542WS Thin and ...3.121 Ratings&2 ReviewsIntel Core i5 Processor (12th Gen)16 GB LPDDR5 RAMWindows 11 Operating System512 GB SSD39.62 cm (15.6 Inch) Display1 Year Warranty₹63,200₹74,99015% offBank Offer",ASUS,63200.0,Intel Core I5 12Th,16.0,LPDDR5,512.0,SSD,Intel Iris Xe,Windows 11,15.6,1920,1080,1,https://rukminim2.flixcart.com/image/416/416/xif0q/computer/q/1/h/-original-imah3sa8fyhccuss.jpeg?q=70,https://www.flipkart.com/asus-vivobook-15-intel-core-i5-12th-gen-16-gb-512-gb-ssd-windows-11-home-x1504za-nj542ws-thin-light-laptop/p/itm33c64ceccdada?pid=COMGT4W8ESG2PDW8&lid=LSTCOMGT4W8ESG2PDW8K9LA0F&marketplace=FLIPKART&q=i5+laptop&store=6bo%2Fb5g&srno=s_14_314&otracker=search&fm=organic&iid=51ecc747-8d36-4b8f-84d6-ddb1a6ca0858.COMGT4W8ESG2PDW8.SEARCH&ppt=sp&ppn=sp&ssid=iwjamtskog0000001781258506776&qH=b24ed56a5348ed79&ov_redirect=true,flipkart
"Add to CompareHP Intel Intel Core i5 12th Gen - (8 GB/512 GB SSD/Windows 11 Home) 15s-FQ5009TU Notebook4.2285 Ratings&21 ReviewsIntel Core i5 Processor (12th Gen)8 GB DDR4 RAMWindows 11 Operating System512 GB SSD39.62 cm (15.6 Inch) Display1 year (1/1/1) limited warranty includes 1 year of parts and labor. On-site repair. Terms and conditions vary by country. Certain restrictions and exclusions apply.₹64,790₹65,9901% offBank Offer",HP,64790.0,Intel Core I5 12Th,8.0,DDR4,512.0,SSD,Intel Iris Xe,Windows 11,15.6,1920,1080,1,https://rukminim2.flixcart.com/image/416/416/xif0q/computer/l/v/2/-original-imagp7pg5k7ynpca.jpeg?q=70,https://www.flipkart.com/hp-intel-core-i5-12th-gen-8-gb-512-gb-ssd-windows-11-home-15s-fq5009tu-notebook/p/itm2bf52228ed14f?pid=COMGECPFYKCYBFFH&lid=LSTCOMGECPFYKCYBFFHUSPK2K&marketplace=FLIPKART&q=i5+laptop&store=6bo%2Fb5g&srno=s_14_315&otracker=search&fm=organic&iid=51ecc747-8d36-4b8f-84d6-ddb1a6ca0858.COMGECPFYKCYBFFH.SEARCH&ppt=sp&ppn=sp&ssid=iwjamtskog0000001781258506776&qH=b24ed56a5348ed79&ov_redirect=true,flipkart
"Add to CompareAcer 3 Years Warranty Aspire Lite Backlit (2026) Intel Core i5 13th Gen - (16 GB/512 GB SSD/Windows 11...Intel Core i5 Processor (13th Gen)16 GB DDR4 RAM64 bit Windows 11 Home Operating System512 GB SSD39.62 cm (15.6 Inch) DisplayMicrosoft Office 2021, Windows 11 Home3 Years₹62,387₹90,90031% offBank Offer",Acer,62387.0,Intel Core I5 13Th,16.0,DDR4,512.0,SSD,Intel Iris Xe,Windows 11,15.6,1920,1080,1,https://rukminim2.flixcart.com/image/416/416/xif0q/computer/0/u/q/al15-53-thin-and-light-laptop-acer-original-imahkyvvrmtcay9e.jpeg?q=70,https://www.flipkart.com/acer-3-years-warranty-aspire-lite-backlit-2026-intel-core-i5-13th-gen-16-gb-512-gb-ssd-windows-11-home-al15-53-thin-light-laptop/p/itmcce791ec56d70?pid=COMHKYVWHKZNZJGN&lid=LSTCOMHKYVWHKZNZJGNNCNBSU&marketplace=FLIPKART&q=i5+laptop&store=6bo%2Fb5g&srno=s_14_323&otracker=search&fm=organic&iid=51ecc747-8d36-4b8f-84d6-ddb1a6ca0858.COMHKYVWHKZNZJGN.SEARCH&ppt=sp&ppn=sp&ssid=iwjamtskog0000001781258506776&qH=b24ed56a5348ed79&ov_redirect=true,flipkart
"Add to CompareLenovo IdeaPad Slim 5i Intel Core i5 11th Gen 1135G7 - (16 GB/512 GB SSD/Windows 11 Home/2 GB Graphics...4.2120 Ratings&8 ReviewsIntel Core i5 Processor (11th Gen)16 GB DDR4 RAM64 bit Windows 11 Operating System512 GB SSD39.62 cm (15.6 Inch) DisplayMicrosoft Office Home and Student 20191 Year Warranty + 1 Year Premium Care + 1 Year ADP₹62,999₹1,03,23338% offBank Offer",Lenovo,62999.0,Intel Core I5 11Th,16.0,DDR4,512.0,SSD,Intel Iris Xe,Windows 11,15.6,1920,1080,1,https://rukminim2.flixcart.com/image/416/416/xif0q/computer/j/7/c/ideapad-slim-5i-thin-and-light-laptop-lenovo-original-imahfth9yagebgs9.jpeg?q=70,https://www.flipkart.com/lenovo-ideapad-slim-5i-intel-core-i5-11th-gen-1135g7-16-gb-512-gb-ssd-windows-11-home-2-graphics-15-itl-05-thin-light-laptop/p/itm53ff10cf99fa9?pid=COMG3TZGPXYF5QPY&lid=LSTCOMG3TZGPXYF5QPYO4GAJK&marketplace=FLIPKART&q=i5+laptop&store=6bo%2Fb5g&srno=s_14_324&otracker=search&fm=organic&iid=51ecc747-8d36-4b8f-84d6-ddb1a6ca0858.COMG3TZGPXYF5QPY.SEARCH&ppt=sp&ppn=sp&ssid=iwjamtskog0000001781258506776&qH=b24ed56a5348ed79&ov_redirect=true,flipkart
"Add to CompareAcer Aspire Intel Core i5 12th Gen - (16 GB/512 GB SSD/Windows 11 Home) AL15-52H Thin and Light LaptopIntel Core i5 Processor (12th Gen)16 GB LPDDR5 RAMWindows 11 Home Operating System512 GB SSD39.62 cm (15.6 inch) Display1 Year Carry-in Warranty₹59,475₹59,990Bank Offer",Acer,59475.0,Intel Core I5 12Th,16.0,LPDDR5,512.0,SSD,Intel Iris Xe,Windows 11,15.6,1920,1080,1,https://rukminim2.flixcart.com/image/416/416/xif0q/computer/i/k/l/aspire-lite-thin-and-light-laptop-acer-original-imahknvmhz9tzxwb.jpeg?q=70,https://www.flipkart.com/acer-aspire-intel-core-i5-12th-gen-16-gb-512-gb-ssd-windows-11-home-al15-52h-thin-light-laptop/p/itmeac253f0587d8?pid=COMHHY9TYEAS563W&lid=LSTCOMHHY9TYEAS563WN8Z1KW&marketplace=FLIPKART&q=i5+laptop&store=6bo%2Fb5g&srno=s_14_325&otracker=search&fm=organic&iid=51ecc747-8d36-4b8f-84d6-ddb1a6ca0858.COMHHY9TYEAS563W.SEARCH&ppt=sp&ppn=sp&ssid=iwjamtskog0000001781258506776&qH=b24ed56a5348ed79&ov_redirect=true,flipkart
"Add to CompareLenovo IdeaPad Slim 3 (i5 14th Gen) Intel Core 5 120U - (16 GB/512 GB SSD/Windows 11 Home) 15IRU9 Thin...3.813 Ratings&1 ReviewsIntel Core 5 Processor16 GB DDR5 RAMWindows 11 Operating System512 GB SSD39.62 cm (15.6 Inch) Display1 Yr. Onsite + 1 Yr. Accidental Damage Protection₹98,290Upto₹42,600Off on ExchangeBank Offer",Lenovo,98290.0,Intel Core i5,16.0,DDR5,512.0,SSD,Intel Iris Xe,Windows 11,15.6,1920,1080,1,https://rukminim2.flixcart.com/image/416/416/xif0q/computer/w/k/u/-original-imahg5fx8ztwdz9f.jpeg?q=70,https://www.flipkart.com/lenovo-ideapad-slim-3-i5-14th-gen-intel-core-5-120u-16-gb-512-gb-ssd-windows-11-home-15iru9-thin-light-laptop/p/itm726ac134d0530?pid=COMH44PGGJZMT3FE&lid=LSTCOMH44PGGJZMT3FEDD4ST8&marketplace=FLIPKART&q=i5+laptop&store=6bo%2Fb5g&srno=s_14_330&otracker=search&fm=organic&iid=51ecc747-8d36-4b8f-84d6-ddb1a6ca0858.COMH44PGGJZMT3FE.SEARCH&ppt=sp&ppn=sp&ssid=iwjamtskog0000001781258506776&qH=b24ed56a5348ed79&ov_redirect=true,flipkart
"Add to CompareAcer Aspire Intel Core i5 12th Gen - (12 GB/512 GB SSD/Windows 11 Home) AL15-52H Thin and Light LaptopIntel Core i5 Processor (12th Gen)12 GB LPDDR5 RAMWindows 11 Home Operating System512 GB SSD39.62 cm (15.6 inch) Display1 Year Carry-in Warranty₹56,990₹61,9998% offBank Offer",Acer,56990.0,Intel Core I5 12Th,12.0,LPDDR5,512.0,SSD,Intel Iris Xe,Windows 11,15.6,1920,1080,1,https://rukminim2.flixcart.com/image/416/416/xif0q/computer/i/k/l/aspire-lite-thin-and-light-laptop-acer-original-imahknvmhz9tzxwb.jpeg?q=70,https://www.flipkart.com/acer-aspire-intel-core-i5-12th-gen-12-gb-512-gb-ssd-windows-11-home-al15-52h-thin-light-laptop/p/itmb4257c1cda497?pid=COMHKNVZXPENWTV8&lid=LSTCOMHKNVZXPENWTV835ZWUO&marketplace=FLIPKART&q=i5+laptop&store=6bo%2Fb5g&srno=s_14_333&otracker=search&fm=organic&iid=51ecc747-8d36-4b8f-84d6-ddb1a6ca0858.COMHKNVZXPENWTV8.SEARCH&ppt=sp&ppn=sp&ssid=iwjamtskog0000001781258506776&qH=b24ed56a5348ed79&ov_redirect=true,flipkart
"Add to CompareASUS Vivobook 15, with Backlit Keyboard, Intel Core i5 13th Gen 1335U - (8 GB/512 GB SSD/Windows 11 Ho...Intel Core i5 Processor (13th Gen)8 GB DDR4 RAMWindows 11 Operating System512 GB SSD39.62 cm (15.6 inch) Display1 Year Onsite Warranty₹68,867₹79,99013% offBank Offer",ASUS,68867.0,Intel Core I5 13Th,8.0,DDR4,512.0,SSD,Intel Iris Xe,Windows 11,15.6,1920,1080,1,https://rukminim2.flixcart.com/image/416/416/xif0q/computer/g/g/3/-original-imahg4ugxnvqxxgq.jpeg?q=70,https://www.flipkart.com/asus-vivobook-15-backlit-keyboard-intel-core-i5-13th-gen-1335u-8-gb-512-gb-ssd-windows-11-home-x1504va-nj521ws-thin-light-laptop/p/itmbdf448415bf3b?pid=COMHHWCKYH2UUWFZ&lid=LSTCOMHHWCKYH2UUWFZR62N84&marketplace=FLIPKART&q=i5+laptop&store=6bo%2Fb5g&srno=s_14_334&otracker=search&fm=organic&iid=51ecc747-8d36-4b8f-84d6-ddb1a6ca0858.COMHHWCKYH2UUWFZ.SEARCH&ppt=sp&ppn=sp&ssid=iwjamtskog0000001781258506776&qH=b24ed56a5348ed79&ov_redirect=true,flipkart
"Add to CompareHP Intel Core i5 12th Gen 1235U - (8 GB/512 GB SSD/Windows 11 Home) 15s-fy5007TU Thin and Light Laptop4.2168 Ratings&10 ReviewsIntel Core i5 Processor (12th Gen)8 GB DDR4 RAMWindows 11 Operating System512 GB SSD39.62 cm (15.6 Inch) Display1 Year Onsite Warranty₹62,191₹67,9998% offBank Offer",HP,62191.0,Intel Core I5 12Th,8.0,DDR4,512.0,SSD,Intel Iris Xe,Windows 11,15.6,1920,1080,1,https://rukminim2.flixcart.com/image/416/416/xif0q/computer/c/6/x/-original-imagykgpmsy4hery.jpeg?q=70,https://www.flipkart.com/hp-intel-core-i5-12th-gen-1235u-8-gb-512-gb-ssd-windows-11-home-15s-fy5007tu-thin-light-laptop/p/itma831720ef30c2?pid=COMGTJG9CYTFZHZ2&lid=LSTCOMGTJG9CYTFZHZ2ZE8IUF&marketplace=FLIPKART&q=i5+laptop&store=6bo%2Fb5g&srno=s_14_335&otracker=search&fm=organic&iid=51ecc747-8d36-4b8f-84d6-ddb1a6ca0858.COMGTJG9CYTFZHZ2.SEARCH&ppt=sp&ppn=sp&ssid=iwjamtskog0000001781258506776&qH=b24ed56a5348ed79&ov_redirect=true,flipkart
"Add to CompareASUS Vivobook 15 Intel Core i5 13th Gen 1335U - (16 GB/512 GB SSD/Windows 11 Home) X1504VA-NJ540WS Thi...3.619 Ratings&0 ReviewsIntel Core i5 Processor (13th Gen)16 GB DDR4 RAMWindows 11 Operating System512 GB SSD39.62 cm (15.6 Inch) Display1 Year Onsite Warranty₹60,490₹85,99029% offBank Offer",ASUS,60490.0,Intel Core I5 13Th,16.0,DDR4,512.0,SSD,Intel Iris Xe,Windows 11,15.6,1920,1080,1,https://rukminim2.flixcart.com/image/416/416/xif0q/computer/z/b/w/x1504va-nj322ws-thin-and-light-laptop-asus-original-imagznwphty3qzzf.jpeg?q=70,https://www.flipkart.com/asus-vivobook-15-intel-core-i5-13th-gen-1335u-16-gb-512-gb-ssd-windows-11-home-x1504va-nj540ws-thin-light-laptop/p/itmc5f8cb8e52c33?pid=COMH4CHFYZTU2XEX&lid=LSTCOMH4CHFYZTU2XEXABUN2E&marketplace=FLIPKART&q=i5+laptop&store=6bo%2Fb5g&srno=s_15_340&otracker=search&fm=organic&iid=0c8927ce-360d-4e18-a433-5696008189d8.COMH4CHFYZTU2XEX.SEARCH&ppt=sp&ppn=sp&ssid=uopf4hazeo0000001781258511772&qH=b24ed56a5348ed79&ov_redirect=true,flipkart
"Add to CompareASUS Vivobook 15 (2025) (i5 14th Gen) with MSO 2024 + M365 Basic*, Backlit Keyboard, Intel Core 5 120U...4.324 Ratings&2 ReviewsIntel Core 5 Processor8 GB DDR4 RAMWindows 11 Home Operating System512 GB SSD39.62 cm (15.6 Inch) DisplayMicrosoft Office Home 2024 (Lifetime Validity ) + Microsoft 365 Basic*(1-Year Validity), One-Month Membership of Adobe Creative Cloud All Apps, McAfee 1 year1 Year Onsite Warranty₹61,467₹64,9905% offBank Offer",ASUS,61467.0,Intel Core i5,8.0,DDR4,512.0,SSD,Intel Iris Xe,Windows 11,15.6,1920,1080,1,https://rukminim2.flixcart.com/image/416/416/xif0q/computer/416/416/s/-original-imah2ger8qjev3sj.jpeg?q=70,https://www.flipkart.com/asus-vivobook-15-2025-i5-14th-gen-mso-2024-m365-basic-backlit-keyboard-intel-core-5-120u-8-gb-512-gb-ssd-windows-11-home-x1504vap-nj2863ws-thin-light-laptop/p/itm902b318e63962?pid=COMHDG7CSKZ66TQR&lid=LSTCOMHDG7CSKZ66TQR9KCIHA&marketplace=FLIPKART&q=i5+laptop&store=6bo%2Fb5g&srno=s_15_343&otracker=search&fm=organic&iid=0c8927ce-360d-4e18-a433-5696008189d8.COMHDG7CSKZ66TQR.SEARCH&ppt=sp&ppn=sp&ssid=uopf4hazeo0000001781258511772&qH=b24ed56a5348ed79&ov_redirect=true,flipkart
"Add to CompareASUS Vivobook 15 (2025) (i5 14th Gen) with MSO 2024 + M365 Basic*, Backlit Keyboard, Intel Core 5 120U...4.324 Ratings&2 ReviewsIntel Core 5 Processor8 GB DDR4 RAMWindows 11 Home Operating System512 GB SSD39.62 cm (15.6 Inch) DisplayMicrosoft Office Home 2024 (Lifetime Validity ) + Microsoft 365 Basic*(1-Year Validity), One-Month Membership of Adobe Creative Cloud All Apps, McAfee 1 year1 Year Onsite Warranty₹57,590₹64,99011% offBank Offer",ASUS,57590.0,Intel Core i5,8.0,DDR4,512.0,SSD,Intel Iris Xe,Windows 11,15.6,1920,1080,1,https://rukminim2.flixcart.com/image/416/416/xif0q/computer/q/y/3/-original-imahfcztmzr9wkhd.jpeg?q=70,https://www.flipkart.com/asus-vivobook-15-2025-i5-14th-gen-mso-2024-m365-basic-backlit-keyboard-intel-core-5-120u-8-gb-512-gb-ssd-windows-11-home-x1504vap-nj2861ws-thin-light-laptop/p/itm43bba8cb18dd3?pid=COMHDG7CKWDY2FP4&lid=LSTCOMHDG7CKWDY2FP40QR2CP&marketplace=FLIPKART&q=i5+laptop&store=6bo%2Fb5g&srno=s_15_344&otracker=search&fm=organic&iid=0c8927ce-360d-4e18-a433-5696008189d8.COMHDG7CKWDY2FP4.SEARCH&ppt=sp&ppn=sp&ssid=uopf4hazeo0000001781258511772&qH=b24ed56a5348ed79&ov_redirect=true,flipkart
"Add to CompareDELL 15 Intel Core i5 13th Gen 1334U - (8 GB/512 GB SSD/Windows 11 Home) 3530 Thin and Light Laptop3.631 Ratings&2 ReviewsIntel Core i5 Processor (13th Gen)8 GB DDR4 RAMWindows 11 Operating System512 GB SSD39.62 cm (15.6 Inch) DisplayMy Dell (Dell Power Manager,Dell Support Assist)1 Year Onsite Warranty₹61,990₹64,9904% offBank Offer",Dell,61990.0,Intel Core I5 13Th,8.0,DDR4,512.0,SSD,Intel Iris Xe,Windows 11,15.6,1920,1080,1,https://rukminim2.flixcart.com/image/416/416/xif0q/computer/e/i/r/-original-imahg5fyvyjfqsfp.jpeg?q=70,https://www.flipkart.com/dell-15-intel-core-i5-13th-gen-1334u-8-gb-512-gb-ssd-windows-11-home-3530-thin-light-laptop/p/itm6dc9ecde3e961?pid=COMH8EPFCJSVGCYQ&lid=LSTCOMH8EPFCJSVGCYQKTQ9OZ&marketplace=FLIPKART&q=i5+laptop&store=6bo%2Fb5g&srno=s_15_346&otracker=search&fm=organic&iid=0c8927ce-360d-4e18-a433-5696008189d8.COMH8EPFCJSVGCYQ.SEARCH&ppt=sp&ppn=sp&ssid=uopf4hazeo0000001781258511772&qH=b24ed56a5348ed79&ov_redirect=true,flipkart
"Add to CompareHP 15s Intel Core i5 12th Gen 1235U - (8 GB/512 GB SSD/Windows 11 Home) fy5008TU Thin and Light Laptop4.32,481 Ratings&174 ReviewsIntel Core i5 Processor (12th Gen)8 GB DDR4 RAMWindows 11 Home Operating System512 GB SSD39.62 cm (15.6 Inch) Display1 Year Carry-in Warranty₹68,990₹70,9992% offBank Offer",HP,68990.0,Intel Core I5 12Th,8.0,DDR4,512.0,SSD,Intel Iris Xe,Windows 11,15.6,1920,1080,1,https://rukminim2.flixcart.com/image/416/416/xif0q/computer/a/k/e/fy5008tu-thin-and-light-laptop-hp-original-imah8ws3yh5cpwx8.jpeg?q=70,https://www.flipkart.com/hp-15s-intel-core-i5-12th-gen-1235u-8-gb-512-gb-ssd-windows-11-home-fy5008tu-thin-light-laptop/p/itm8d69b349edfda?pid=COMH8WHXHNUAMKV3&lid=LSTCOMH8WHXHNUAMKV3XWCK5V&marketplace=FLIPKART&q=i5+laptop&store=6bo%2Fb5g&srno=s_15_349&otracker=search&fm=organic&iid=0c8927ce-360d-4e18-a433-5696008189d8.COMH8WHXHNUAMKV3.SEARCH&ppt=sp&ppn=sp&ssid=uopf4hazeo0000001781258511772&qH=b24ed56a5348ed79&ov_redirect=true,flipkart
"Add to CompareLenovo IdeaPad 3 Intel Intel Core i5 12th Gen 1235U - (8 GB/512 GB SSD/Windows 11 Home) 15IAU7 Thin an...3.73 Ratings&0 ReviewsIntel Core i5 Processor (12th Gen)8 GB DDR4 RAM64 bit Windows 11 Operating System512 GB SSD39.62 cm (15.6 Inch) Display2 Yr Warranty₹58,990₹79,99026% offBank Offer",Lenovo,58990.0,Intel Core I5 12Th,8.0,DDR4,512.0,SSD,Intel Iris Xe,Windows 11,15.6,1920,1080,1,https://rukminim2.flixcart.com/image/416/416/l4vnbm80/computer/9/s/o/15iau7-thin-and-light-laptop-lenovo-original-imagfzp45mspqgdb.jpeg?q=70,https://www.flipkart.com/lenovo-ideapad-3-intel-core-i5-12th-gen-1235u-8-gb-512-gb-ssd-windows-11-home-15iau7-thin-light-laptop/p/itm008e82dacce6f?pid=COMGHNMAFEG9EYP3&lid=LSTCOMGHNMAFEG9EYP3HLH6MY&marketplace=FLIPKART&q=i5+laptop&store=6bo%2Fb5g&srno=s_15_350&otracker=search&fm=organic&iid=0c8927ce-360d-4e18-a433-5696008189d8.COMGHNMAFEG9EYP3.SEARCH&ppt=sp&ppn=sp&ssid=uopf4hazeo0000001781258511772&qH=b24ed56a5348ed79&ov_redirect=true,flipkart
"Add to CompareAcer Aspire 7 Intel Core i5 12th Gen 1240P - (16 GB/512 GB SSD/Windows 11 Home/4 GB Graphics/NVIDIA Ge...4.31,227 Ratings&130 ReviewsIntel Core i5 Processor (12th Gen)16 GB DDR4 RAM64 bit Windows 11 Operating System512 GB SSD39.62 cm (15.6 Inch) DisplayAcer Care Center, Acer Product Registration, Nitro Sense, Quick Access1 Year International Travelers Warranty (ITW)₹71,649₹83,70014% offBank Offer",Acer,71649.0,Intel Core I5 12Th,16.0,DDR4,512.0,SSD,Intel Iris Xe,Windows 11,15.6,1920,1080,1,https://rukminim2.flixcart.com/image/416/416/xif0q/computer/z/l/y/-original-imahg5fwdds9thm4.jpeg?q=70,https://www.flipkart.com/acer-aspire-7-intel-core-i5-12th-gen-1240p-16-gb-512-gb-ssd-windows-11-home-4-graphics-nvidia-geforce-gtx-1650-a715-5g-a715-51g-gaming-laptop/p/itmd57f25c89d62e?pid=COMGGJZVRQHWHDVH&lid=LSTCOMGGJZVRQHWHDVHPVRVWF&marketplace=FLIPKART&q=i5+laptop&store=6bo%2Fb5g&srno=s_15_353&otracker=search&fm=organic&iid=0c8927ce-360d-4e18-a433-5696008189d8.COMGGJZVRQHWHDVH.SEARCH&ppt=sp&ppn=sp&ssid=uopf4hazeo0000001781258511772&qH=b24ed56a5348ed79&ov_redirect=true,flipkart
"Add to CompareASUS Vivobook 15 (i5 14th Gen) Intel Core 5 120U - (16 GB/512 GB SSD/Windows 11 Home) X1504VAP-NJ542WS...436 Ratings&1 ReviewsIntel Core 5 Processor16 GB DDR4 RAMWindows 11 Operating System512 GB SSD39.62 cm (15.6 Inch) Display1 Year Onsite warranty₹61,999₹79,99022% offBank Offer",ASUS,61999.0,Intel Core i5,16.0,DDR4,512.0,SSD,Intel Iris Xe,Windows 11,15.6,1920,1080,1,https://rukminim2.flixcart.com/image/416/416/xif0q/computer/416/416/s/-original-imah2ger8qjev3sj.jpeg?q=70,https://www.flipkart.com/asus-vivobook-15-i5-14th-gen-intel-core-5-120u-16-gb-512-gb-ssd-windows-11-home-x1504vap-nj542ws-thin-light-laptop/p/itmff0e170cb596e?pid=COMGYSFGZFBUPKEB&lid=LSTCOMGYSFGZFBUPKEBLDERAX&marketplace=FLIPKART&q=i5+laptop&store=6bo%2Fb5g&srno=s_15_359&otracker=search&fm=organic&iid=0c8927ce-360d-4e18-a433-5696008189d8.COMGYSFGZFBUPKEB.SEARCH&ppt=sp&ppn=sp&ssid=uopf4hazeo0000001781258511772&qH=b24ed56a5348ed79&ov_redirect=true,flipkart
"Add to CompareAcer TravelLite AMD Ryzen 5 7430U - (8 GB/512 GB SSD/Windows 11 Home) TL04-41M Notebook3.9205 Ratings&20 ReviewsAMD Ryzen 5 Processor8 GB DDR4 RAM64 bit Windows 11 Home Operating System512 GB SSD35.56 cm (14 Inch) Display1 Year Limited Warranty₹46,900₹52,99911% offOnly 2 leftBank Offer",Acer,46900.0,Amd Ryzen 5 7430U,8.0,DDR4,512.0,SSD,Intel Iris Xe,Windows 11,15.6,1920,1080,1,https://rukminim2.flixcart.com/image/416/416/xif0q/computer/i/p/d/-original-imahhcaqy5uq5fkc.jpeg?q=70,https://www.flipkart.com/acer-travellite-amd-ryzen-5-7430u-8-gb-512-gb-ssd-windows-11-home-tl04-41m-notebook/p/itma8bffe9bbc87d?pid=COMHGU7RPBNGG5ZK&lid=LSTCOMHGU7RPBNGG5ZKTMD0SY&marketplace=FLIPKART&q=ryzen+5+laptop&store=6bo%2Fb5g&srno=s_1_5&otracker=search&fm=organic&iid=5f5eb6b8-034a-4c72-a88f-8020f92f5d1d.COMHGU7RPBNGG5ZK.SEARCH&ppt=sp&ppn=sp&ssid=u6vi5jc61c0000001781258522054&qH=d9f4092b4fd45dbf&ov_redirect=true,flipkart
"Add to CompareASUS Vivobook Go 15 AMD Ryzen 5 Quad Core 7520U - (16 GB/512 GB SSD/Windows 11 Home) E1504FA-NJ5542WS ...4.31,795 Ratings&93 ReviewsAMD Ryzen 5 Quad Core Processor16 GB LPDDR5 RAMWindows 11 Home Operating System512 GB SSD39.62 cm (15.6 Inch) DisplayMicrosoft Office Home 2024 + Microsoft 365 Basic1 Year Carry-in Warranty₹56,000₹78,99929% offOnly few leftBank Offer",ASUS,56000.0,Intel Core i5,16.0,LPDDR5,512.0,SSD,Intel Iris Xe,Windows 11,15.6,1920,1080,1,https://rukminim2.flixcart.com/image/416/416/xif0q/computer/f/6/r/-original-imahg53uvtcffmvf.jpeg?q=70,https://www.flipkart.com/asus-vivobook-go-15-amd-ryzen-5-quad-core-7520u-16-gb-512-gb-ssd-windows-11-home-e1504fa-nj5542ws-e1504fa-nj1505ws-e1504fa-bq2414ws-thin-light-laptop/p/itm1af16aa906cf4?pid=COMH8VXVXPVQTHHR&lid=LSTCOMH8VXVXPVQTHHRY3F0NI&marketplace=FLIPKART&q=ryzen+5+laptop&store=6bo%2Fb5g&srno=s_1_7&otracker=search&fm=organic&iid=5f5eb6b8-034a-4c72-a88f-8020f92f5d1d.COMH8VXVXPVQTHHR.SEARCH&ppt=sp&ppn=sp&ssid=u6vi5jc61c0000001781258522054&qH=d9f4092b4fd45dbf&ov_redirect=true,flipkart
"Add to CompareASUS Vivobook Go 15 (2025) with Office 2024 + M365 Basic*, Backlit Keyboard, AMD Ryzen 5 Quad Core 752...4.31,795 Ratings&93 ReviewsAMD Ryzen 5 Quad Core Processor16 GB LPDDR5 RAMWindows 11 Home Operating System512 GB SSD39.62 cm (15.6 Inch) DisplayMicrosoft Office Home 2024 (Lifetime Validity ) + Microsoft 365 Basic*(1-Year Validity), McAfee 1 year1 Year Onsite Warranty₹58,320₹65,99011% offOnly 5 leftBank Offer",ASUS,58320.0,Intel Core i5,16.0,LPDDR5,512.0,SSD,Intel Iris Xe,Windows 11,15.6,1920,1080,1,https://rukminim2.flixcart.com/image/416/416/xif0q/computer/i/m/z/-original-imahgfdfjntmzjkh.jpeg?q=70,https://www.flipkart.com/asus-vivobook-go-15-2025-office-2024-m365-basic-backlit-keyboard-amd-ryzen-5-quad-core-7520u-16-gb-512-gb-ssd-windows-11-home-e1504fa-bq2543ws-thin-light-laptop/p/itmef216cf26f85c?pid=COMHCQ5EJAN4SYC7&lid=LSTCOMHCQ5EJAN4SYC73XIQPJ&marketplace=FLIPKART&q=ryzen+5+laptop&store=6bo%2Fb5g&srno=s_1_9&otracker=search&fm=organic&iid=5f5eb6b8-034a-4c72-a88f-8020f92f5d1d.COMHCQ5EJAN4SYC7.SEARCH&ppt=sp&ppn=sp&ssid=u6vi5jc61c0000001781258522054&qH=d9f4092b4fd45dbf&ov_redirect=true,flipkart
"Add to CompareASUS Vivobook 15 (2026) with Office 2024 + M365 Basic*, AMD Ryzen 5 Hexa Core 150 - (16 GB/512 GB SSD/...4.627 Ratings&1 ReviewsAMD Ryzen 5 Hexa Core Processor16 GB DDR5 RAMWindows 11 Home Operating System512 GB SSD39.62 cm (15.6 inch) DisplayMSO 2024 for lifetime + Microsoft 365 Basic with 100GB Cloud Storage for 1 Year, One-Month Membership of Adobe Creative Cloud All Apps, McAfee 1 year1 Year Onsite Warranty₹58,990₹1,11,99047% offUpto₹42,600Off on ExchangeBank Offer",ASUS,58990.0,Intel Core i5,16.0,DDR5,512.0,SSD,Intel Iris Xe,Windows 11,15.6,1920,1080,1,https://rukminim2.flixcart.com/image/416/416/xif0q/computer/m/b/n/-original-imahknwxtncqwt8k.jpeg?q=70,https://www.flipkart.com/asus-vivobook-15-2026-office-2024-m365-basic-amd-ryzen-5-hexa-core-150-16-gb-512-gb-ssd-windows-11-home-m1502naq-bq119ws-thin-light-laptop/p/itmf0d340183ebdc?pid=COMHKDXBNFHSYFHB&lid=LSTCOMHKDXBNFHSYFHBNHEJP0&marketplace=FLIPKART&q=ryzen+5+laptop&store=6bo%2Fb5g&srno=s_1_11&otracker=search&fm=organic&iid=5f5eb6b8-034a-4c72-a88f-8020f92f5d1d.COMHKDXBNFHSYFHB.SEARCH&ppt=sp&ppn=sp&ssid=u6vi5jc61c0000001781258522054&qH=d9f4092b4fd45dbf&ov_redirect=true,flipkart
"Add to CompareHP AMD Ryzen 5 Hexa Core 7530U - (8 GB/512 GB SSD/Windows 11 Home) 15-fc0388AU Thin and Light Laptop4.1127 Ratings&7 ReviewsAMD Ryzen 5 Hexa Core Processor8 GB DDR4 RAMWindows 11 Home Operating System512 GB SSD39.62 cm (15.6 Inch) DisplayMS Office Home 2024 + 1 year M365 Basic1 Year Onsite Warranty₹50,990₹59,90014% offOnly few leftBank Offer",HP,50990.0,Intel Core i5,8.0,DDR4,512.0,SSD,Intel Iris Xe,Windows 11,15.6,1920,1080,1,https://rukminim2.flixcart.com/image/416/416/xif0q/computer/n/n/j/-original-imahc7gr7gvtdm4q.jpeg?q=70,https://www.flipkart.com/hp-amd-ryzen-5-hexa-core-7530u-8-gb-512-gb-ssd-windows-11-home-15-fc0388au-thin-light-laptop/p/itmb763294e17b16?pid=COMHBFRJGNVCV6MZ&lid=LSTCOMHBFRJGNVCV6MZWTRUDV&marketplace=FLIPKART&q=ryzen+5+laptop&store=6bo%2Fb5g&srno=s_1_12&otracker=search&fm=organic&iid=5f5eb6b8-034a-4c72-a88f-8020f92f5d1d.COMHBFRJGNVCV6MZ.SEARCH&ppt=sp&ppn=sp&ssid=u6vi5jc61c0000001781258522054&qH=d9f4092b4fd45dbf&ov_redirect=true,flipkart
"Add to CompareAcer Aspire AMD Ryzen 5 Hexa Core 7430U - (16 GB/1 TB SSD/Windows 11 Home) AS15-42 Thin and Light Lapt...4.24,016 Ratings&377 ReviewsAMD Ryzen 5 Hexa Core Processor16 GB DDR4 RAM64 bit Windows 11 Home Operating System1 TB SSD39.62 cm (15.6 Inch) Display1 Year Warranty₹59,990Upto₹42,600Off on ExchangeBank Offer",Acer,59990.0,Intel Core i5,16.0,DDR4,512.0,SSD,Intel Iris Xe,Windows 11,15.6,1920,1080,1,https://rukminim2.flixcart.com/image/416/416/xif0q/computer/s/b/n/aspire-thin-and-light-laptop-acer-original-imahc56whmfgauzg.jpeg?q=70,https://www.flipkart.com/acer-aspire-amd-ryzen-5-hexa-core-7430u-16-gb-1-tb-ssd-windows-11-home-as15-42-thin-light-laptop/p/itm6b3261e51baf5?pid=COMHBYH3ZQMZKTSA&lid=LSTCOMHBYH3ZQMZKTSAMGDFHN&marketplace=FLIPKART&q=ryzen+5+laptop&store=6bo%2Fb5g&srno=s_1_16&otracker=search&fm=organic&iid=5f5eb6b8-034a-4c72-a88f-8020f92f5d1d.COMHBYH3ZQMZKTSA.SEARCH&ppt=sp&ppn=sp&ssid=u6vi5jc61c0000001781258522054&qH=d9f4092b4fd45dbf&ov_redirect=true,flipkart
"Add to CompareASUS Vivobook Go 15 AMD Ryzen 5 Quad Core 7520U - (8 GB/512 GB SSD/Windows 11 Home) E1504FA-NJ133WS | ...4.22,631 Ratings&169 ReviewsAMD Ryzen 5 Quad Core Processor8 GB LPDDR5 RAMWindows 11 Operating System512 GB SSD39.62 cm (15.6 Inch) Display1 Year Onsite Warranty₹46,990₹50,9907% offOnly 2 leftUpto₹32,950Off on Exchange",ASUS,46990.0,Intel Core i5,8.0,LPDDR5,512.0,SSD,Intel Iris Xe,Windows 11,15.6,1920,1080,1,https://rukminim2.flixcart.com/image/416/416/xif0q/computer/h/n/k/-original-imahg4v5hsk5pm8h.jpeg?q=70,https://www.flipkart.com/asus-vivobook-go-15-amd-ryzen-5-quad-core-7520u-8-gb-512-gb-ssd-windows-11-home-e1504fa-nj133ws-e1504fa-nj522ws-thin-light-laptop/p/itm968db504ada5b?pid=COMGMGXFHUHQE3XZ&lid=LSTCOMGMGXFHUHQE3XZVMF0VE&marketplace=FLIPKART&q=ryzen+5+laptop&store=6bo%2Fb5g&srno=s_1_20&otracker=search&fm=organic&iid=5f5eb6b8-034a-4c72-a88f-8020f92f5d1d.COMGMGXFHUHQE3XZ.SEARCH&ppt=sp&ppn=sp&ssid=u6vi5jc61c0000001781258522054&qH=d9f4092b4fd45dbf&ov_redirect=true,flipkart
"Add to CompareHP AMD Ryzen 5 Quad Core 7520U - (8 GB/512 GB SSD/Windows 11 Home) 15-fc0155AU Thin and Light Laptop4.1886 Ratings&52 ReviewsAMD Ryzen 5 Quad Core Processor8 GB LPDDR5 RAMWindows 11 Operating System512 GB SSD39.62 cm (15.6 Inch) Display1 Year Onsite Warranty₹55,890₹59,9906% offOnly few leftBank Offer",HP,55890.0,Intel Core i5,8.0,LPDDR5,512.0,SSD,Intel Iris Xe,Windows 11,15.6,1920,1080,1,https://rukminim2.flixcart.com/image/416/416/xif0q/computer/x/t/0/-original-imahg5fxczhkjvzh.jpeg?q=70,https://www.flipkart.com/hp-amd-ryzen-5-quad-core-7520u-8-gb-512-gb-ssd-windows-11-home-15-fc0155au-thin-light-laptop/p/itmd9ac5762d7458?pid=COMH4N767SJX8MZV&lid=LSTCOMH4N767SJX8MZVELIBWE&marketplace=FLIPKART&q=ryzen+5+laptop&store=6bo%2Fb5g&srno=s_1_21&otracker=search&fm=organic&iid=5f5eb6b8-034a-4c72-a88f-8020f92f5d1d.COMH4N767SJX8MZV.SEARCH&ppt=sp&ppn=sp&ssid=u6vi5jc61c0000001781258522054&qH=d9f4092b4fd45dbf&ov_redirect=true,flipkart
"Add to CompareASUS Vivobook Go 15 AMD Ryzen 5 Quad Core 7520U - (8 GB/512 GB SSD/Windows 11 Home) E1504FA-NJ133WS | ...4.31,795 Ratings&93 ReviewsAMD Ryzen 5 Quad Core Processor8 GB LPDDR5 RAMWindows 11 Home Operating System512 GB SSD39.62 cm (15.6 Inch) DisplayMicrosoft Office Home 2024 + Microsoft 365 Basic1 Year Onsite Warranty₹53,299₹64,99017% offOnly 1 leftBank Offer",ASUS,53299.0,Intel Core i5,8.0,LPDDR5,512.0,SSD,Intel Iris Xe,Windows 11,15.6,1920,1080,1,https://rukminim2.flixcart.com/image/416/416/xif0q/computer/f/6/r/-original-imahg53uvtcffmvf.jpeg?q=70,https://www.flipkart.com/asus-vivobook-go-15-amd-ryzen-5-quad-core-7520u-8-gb-512-gb-ssd-windows-11-home-e1504fa-nj133ws-e1504fa-nj522ws-thin-light-laptop/p/itm45fbf62c111f5?pid=COMH9499ZGGSBUHQ&lid=LSTCOMH9499ZGGSBUHQASK0AC&marketplace=FLIPKART&q=ryzen+5+laptop&store=6bo%2Fb5g&srno=s_1_23&otracker=search&fm=organic&iid=5f5eb6b8-034a-4c72-a88f-8020f92f5d1d.COMH9499ZGGSBUHQ.SEARCH&ppt=sp&ppn=sp&ssid=u6vi5jc61c0000001781258522054&qH=d9f4092b4fd45dbf&ov_redirect=true,flipkart
"Add to CompareHP Envy x360 AMD Ryzen 5 Hexa Core 7530U - (16 GB/512 GB SSD/Windows 11 Home) 15-fh0016AU Laptop4.86 Ratings&1 ReviewsAMD Ryzen 5 Hexa Core Processor16 GB LPDDR4X RAMWindows 11 Operating System512 GB SSD39.62 cm (15.6 Inch) Touchscreen Display1 Year Onsite Warranty₹80,999₹99,00418% offOnly 2 leftBank Offer",HP,80999.0,Intel Core i5,16.0,LPDDR4X,512.0,SSD,Intel Iris Xe,Windows 11,15.6,1920,1080,1,https://rukminim2.flixcart.com/image/416/416/xif0q/computer/e/x/w/-original-imahg5fwrr2vjfb6.jpeg?q=70,https://www.flipkart.com/hp-envy-x360-amd-ryzen-5-hexa-core-7530u-16-gb-512-gb-ssd-windows-11-home-15-fh0016au-laptop/p/itm33567c18bc14a?pid=COMGQTFCHFVNY6SR&lid=LSTCOMGQTFCHFVNY6SRAI4VAV&marketplace=FLIPKART&q=ryzen+5+laptop&store=6bo%2Fb5g&srno=s_2_26&otracker=search&fm=organic&iid=3ad9627c-315d-4211-a9ff-18966f0b0bd3.COMGQTFCHFVNY6SR.SEARCH&ppt=sp&ppn=sp&ssid=212zhgexxs0000001781258537137&qH=d9f4092b4fd45dbf&ov_redirect=true,flipkart
"Add to CompareASUS Vivobook 16 (2025) with MSO 2024 + M365 Basic* AMD Ryzen 5 Hexa Core - (16 GB/512 GB SSD/Windows ...4.627 Ratings&1 ReviewsAMD Ryzen 5 Hexa Core Processor16 GB DDR5 RAMWindows 11 Home Operating System512 GB SSD40.64 cm (16 inch) DisplayMicrosoft Office Home 2024 (Lifetime Validity ) + Microsoft 365 Basic*(1-Year Validity), One-Month Membership of Adobe Creative Cloud All Apps, McAfee 1 year1 Year Onsite Warranty₹60,990₹1,16,99047% offOnly few leftBank Offer",ASUS,60990.0,Intel Core i5,16.0,DDR5,512.0,SSD,Intel Iris Xe,Windows 11,15.6,1920,1080,1,https://rukminim2.flixcart.com/image/416/416/xif0q/computer/z/c/r/-original-imahn9fvqzj8afw9.jpeg?q=70,https://www.flipkart.com/asus-vivobook-16-2025-mso-2024-m365-basic-amd-ryzen-5-hexa-core-16-gb-512-gb-ssd-windows-11-home-m1605naq-mb095ws-thin-light-laptop/p/itm613ecc3e9e3af?pid=COMHJJ2HHZWAFGHX&lid=LSTCOMHJJ2HHZWAFGHXPAPYCK&marketplace=FLIPKART&q=ryzen+5+laptop&store=6bo%2Fb5g&srno=s_2_30&otracker=search&fm=organic&iid=3ad9627c-315d-4211-a9ff-18966f0b0bd3.COMHJJ2HHZWAFGHX.SEARCH&ppt=sp&ppn=sp&ssid=212zhgexxs0000001781258537137&qH=d9f4092b4fd45dbf&ov_redirect=true,flipkart
"Add to CompareHP 15 (2025) AMD Ryzen 5 Quad Core 7520U - (8 GB/512 GB SSD/Windows 11 Pro) 15 Thin and Light Laptop432 Ratings&2 ReviewsAMD Ryzen 5 Quad Core Processor8 GB DDR4 RAM64 bit Windows 11 Operating System512 GB SSD39.62 cm (15.6 Inch) DisplayMicrosoft Office 2021, Windows 11 Pro1 Year Onsite Warranty₹48,446₹65,99926% offOnly 4 leftBank Offer",HP,48446.0,Intel Core i5,8.0,DDR4,512.0,SSD,Intel Iris Xe,Windows 11,15.6,1920,1080,1,https://rukminim2.flixcart.com/image/416/416/xif0q/computer/g/o/b/15-thin-and-light-laptop-hp-original-imahdpmrth2tkfbh.jpeg?q=70,https://www.flipkart.com/hp-15-2025-amd-ryzen-5-quad-core-7520u-8-gb-512-gb-ssd-windows-11-pro-thin-light-laptop/p/itm8bc72da5a6afd?pid=COMHDPZZNKEXMRZN&lid=LSTCOMHDPZZNKEXMRZNGOHRX1&marketplace=FLIPKART&q=ryzen+5+laptop&store=6bo%2Fb5g&srno=s_2_31&otracker=search&fm=organic&iid=3ad9627c-315d-4211-a9ff-18966f0b0bd3.COMHDPZZNKEXMRZN.SEARCH&ppt=sp&ppn=sp&ssid=212zhgexxs0000001781258537137&qH=d9f4092b4fd45dbf&ov_redirect=true,flipkart
"Add to CompareASUS Vivobook Go 15 AMD Ryzen 5 Quad Core 7520U - (8 GB/512 GB SSD/Windows 11 Home) E1504FA-NJ132WS | ...4.22,631 Ratings&169 ReviewsAMD Ryzen 5 Quad Core Processor8 GB LPDDR5 RAMWindows 11 Operating System512 GB SSD39.62 cm (15.6 Inch) Display1 Year Onsite Warranty₹42,990₹66,99035% offOnly 1 leftUpto₹29,450Off on Exchange",ASUS,42990.0,Intel Core i5,8.0,LPDDR5,512.0,SSD,Intel Iris Xe,Windows 11,15.6,1920,1080,1,https://rukminim2.flixcart.com/image/416/416/xif0q/computer/j/n/w/-original-imahg5fur7csf5kn.jpeg?q=70,https://www.flipkart.com/asus-vivobook-go-15-amd-ryzen-5-quad-core-7520u-8-gb-512-gb-ssd-windows-11-home-e1504fa-nj132ws-e1504fa-nj521ws-thin-light-laptop/p/itmf2da9c7085e1b?pid=COMGNRNUKRMMXNZQ&lid=LSTCOMGNRNUKRMMXNZQYSOFRK&marketplace=FLIPKART&q=ryzen+5+laptop&store=6bo%2Fb5g&srno=s_2_35&otracker=search&fm=organic&iid=3ad9627c-315d-4211-a9ff-18966f0b0bd3.COMGNRNUKRMMXNZQ.SEARCH&ppt=sp&ppn=sp&ssid=212zhgexxs0000001781258537137&qH=d9f4092b4fd45dbf&ov_redirect=true,flipkart
"Add to CompareHP AMD Ryzen 5 Hexa Core 5500U - (8 GB/512 GB SSD/Windows 11 Home) 14s-fq1092au Thin and Light Laptop4.25,385 Ratings&347 ReviewsAMD Ryzen 5 Hexa Core Processor8 GB DDR4 RAM64 bit Windows 11 Operating System512 GB SSD35.56 cm (14 Inch) DisplayMicrosoft Office Home & Student 2019, HP Documentation, HP SSRM, HP Smart ""1 Year Onsite Warranty₹54,541₹65,99017% offOnly 1 leftBank Offer",HP,54541.0,Intel Core i5,8.0,DDR4,512.0,SSD,Intel Iris Xe,Windows 11,15.6,1920,1080,1,https://rukminim2.flixcart.com/image/416/416/xif0q/computer/416/416/i/-original-imahg4uswcgephwu.jpeg?q=70,https://www.flipkart.com/hp-amd-ryzen-5-hexa-core-5500u-8-gb-512-gb-ssd-windows-11-home-14s-fq1092au-thin-light-laptop/p/itm4e62c3eb74f7b?pid=COMGAX8EYBZZDXY6&lid=LSTCOMGAX8EYBZZDXY6VEUO1I&marketplace=FLIPKART&q=ryzen+5+laptop&store=6bo%2Fb5g&srno=s_2_41&otracker=search&fm=organic&iid=3ad9627c-315d-4211-a9ff-18966f0b0bd3.COMGAX8EYBZZDXY6.SEARCH&ppt=sp&ppn=sp&ssid=212zhgexxs0000001781258537137&qH=d9f4092b4fd45dbf&ov_redirect=true,flipkart
"Add to CompareASUS Vivobook Go 15 OLED, with Backlit Keyboard, AMD Ryzen 5 Quad Core 7520U - (8 GB/512 GB SSD/Window...4.43,046 Ratings&252 ReviewsAMD Ryzen 5 Quad Core Processor8 GB LPDDR5 RAMWindows 11 Operating System512 GB SSD39.62 cm (15.6 Inch) Display1 Year Onsite Warranty₹62,990₹74,99016% offOnly 1 leftBank Offer",ASUS,62990.0,Intel Core i5,8.0,LPDDR5,512.0,SSD,Intel Iris Xe,Windows 11,15.6,1920,1080,1,https://rukminim2.flixcart.com/image/416/416/xif0q/computer/p/k/v/-original-imahg5fxjzyadcht.jpeg?q=70,https://www.flipkart.com/asus-vivobook-go-15-oled-backlit-keyboard-amd-ryzen-5-quad-core-7520u-8-gb-512-gb-ssd-windows-11-home-e1504fa-lk523ws-thin-light-laptop/p/itm3de88f71e558b?pid=COMGMGXFTYZZUJYW&lid=LSTCOMGMGXFTYZZUJYWF8JQLH&marketplace=FLIPKART&q=ryzen+5+laptop&store=6bo%2Fb5g&srno=s_2_42&otracker=search&fm=organic&iid=3ad9627c-315d-4211-a9ff-18966f0b0bd3.COMGMGXFTYZZUJYW.SEARCH&ppt=sp&ppn=sp&ssid=212zhgexxs0000001781258537137&qH=d9f4092b4fd45dbf&ov_redirect=true,flipkart
"Add to CompareASUS Vivobook Go 15 OLED, with Backlit Keyboard, AMD Ryzen 5 Quad Core 7520U - (8 GB/512 GB SSD/Window...4.43,046 Ratings&252 ReviewsAMD Ryzen 5 Quad Core Processor8 GB LPDDR5 RAMWindows 11 Operating System512 GB SSD39.62 cm (15.6 Inch) Display1 Year Onsite Warranty₹54,990₹74,99026% offOnly 1 leftUpto₹37,050Off on Exchange",ASUS,54990.0,Intel Core i5,8.0,LPDDR5,512.0,SSD,Intel Iris Xe,Windows 11,15.6,1920,1080,1,https://rukminim2.flixcart.com/image/416/416/xif0q/computer/x/j/f/-original-imahg5fw8qskzgbg.jpeg?q=70,https://www.flipkart.com/asus-vivobook-go-15-oled-backlit-keyboard-amd-ryzen-5-quad-core-7520u-8-gb-512-gb-ssd-windows-11-home-e1504fa-lk522ws-thin-light-laptop/p/itm3de88f71e558b?pid=COMGMGXFNWASKGZ4&lid=LSTCOMGMGXFNWASKGZ43Q8SXL&marketplace=FLIPKART&q=ryzen+5+laptop&store=6bo%2Fb5g&srno=s_2_43&otracker=search&fm=organic&iid=3ad9627c-315d-4211-a9ff-18966f0b0bd3.COMGMGXFNWASKGZ4.SEARCH&ppt=sp&ppn=sp&ssid=212zhgexxs0000001781258537137&qH=d9f4092b4fd45dbf&ov_redirect=true,flipkart
"Add to CompareAcer Aspire 15 AMD Ryzen 5 Hexa Core 7430U - (8 GB/512 GB SSD/Windows 11 Home) A325-42 Thin and Light ...4.24,016 Ratings&377 ReviewsAMD Ryzen 5 Hexa Core Processor8 GB DDR4 RAMWindows 11 Operating System512 GB SSD39.62 cm (15.6 Inch) Display1 Year Carry-in Warranty₹54,490₹68,99021% offOnly 1 leftBank Offer",Acer,54490.0,Intel Core i5,8.0,DDR4,512.0,SSD,Intel Iris Xe,Windows 11,15.6,1920,1080,1,https://rukminim2.flixcart.com/image/416/416/xif0q/computer/p/c/z/-original-imahg5fusry5atvm.jpeg?q=70,https://www.flipkart.com/acer-aspire-15-amd-ryzen-5-hexa-core-7430u-8-gb-512-gb-ssd-windows-11-home-a325-42-thin-light-laptop/p/itmdaf15e01a1d1a?pid=COMH397XVTZNMYGX&lid=LSTCOMH397XVTZNMYGXORKM4I&marketplace=FLIPKART&q=ryzen+5+laptop&store=6bo%2Fb5g&srno=s_2_48&otracker=search&fm=organic&iid=3ad9627c-315d-4211-a9ff-18966f0b0bd3.COMH397XVTZNMYGX.SEARCH&ppt=sp&ppn=sp&ssid=212zhgexxs0000001781258537137&qH=d9f4092b4fd45dbf&ov_redirect=true,flipkart
"Add to CompareASUS Vivobook Go 15 AMD Ryzen 5 Quad Core 7520U - (16 GB/512 GB SSD/Windows 11 Home) E1504FA-NJ5541WS ...4.31,795 Ratings&93 ReviewsAMD Ryzen 5 Quad Core Processor16 GB LPDDR5 RAMWindows 11 Home Operating System512 GB SSD39.62 cm (15.6 Inch) DisplayMicrosoft Office Home 2024 + Microsoft 365 Basic1 Year Carry-in Warranty₹52,807₹70,99025% offOnly few leftBank Offer",ASUS,52807.0,Intel Core i5,16.0,LPDDR5,512.0,SSD,Intel Iris Xe,Windows 11,15.6,1920,1080,1,https://rukminim2.flixcart.com/image/416/416/xif0q/computer/k/b/i/-original-imahg53xeuxqm6bv.jpeg?q=70,https://www.flipkart.com/asus-vivobook-go-15-amd-ryzen-5-quad-core-7520u-16-gb-512-gb-ssd-windows-11-home-e1504fa-nj5541ws-e1504fa-bq2541ws-thin-light-laptop/p/itm165dba821513f?pid=COMH8VXVGEPMSHGC&lid=LSTCOMH8VXVGEPMSHGCSHFUHE&marketplace=FLIPKART&q=ryzen+5+laptop&store=6bo%2Fb5g&srno=s_3_50&otracker=search&fm=organic&iid=e4a22fde-b1e0-491f-a2e8-1e3e8ef3ad9e.COMH8VXVGEPMSHGC.SEARCH&ppt=sp&ppn=sp&ssid=9e4cx6uu7k0000001781258579808&qH=d9f4092b4fd45dbf&ov_redirect=true,flipkart
"Add to CompareHP {2026} AMD Ryzen 5 Hexa Core 7535U - (8 GB/512 GB SSD/Windows 11 Home) 255R G10 LaptopAMD Ryzen 5 Hexa Core Processor8 GB DDR5 RAMWindows 11 Home Operating System512 GB SSD39.62 cm (15.6 inch) DisplayMicrosoft Office Home 2024 + Microsoft 365 Basic1 Year Onsite Warranty₹49,800₹69,99928% offOnly few leftBank Offer",HP,49800.0,Intel Core i5,8.0,DDR5,512.0,SSD,Intel Iris Xe,Windows 11,15.6,1920,1080,1,https://rukminim2.flixcart.com/image/416/416/xif0q/computer/o/k/7/-original-imahjpdbr5dhjbvk.jpeg?q=70,https://www.flipkart.com/hp-2026-amd-ryzen-5-hexa-core-7535u-8-gb-512-gb-ssd-windows-11-home-255r-g10-laptop/p/itm1f7ad53b95048?pid=COMHM55EDFBDAHHZ&lid=LSTCOMHM55EDFBDAHHZ64YZAG&marketplace=FLIPKART&q=ryzen+5+laptop&store=6bo%2Fb5g&srno=s_3_52&otracker=search&fm=organic&iid=e4a22fde-b1e0-491f-a2e8-1e3e8ef3ad9e.COMHM55EDFBDAHHZ.SEARCH&ppt=sp&ppn=sp&ssid=9e4cx6uu7k0000001781258579808&qH=d9f4092b4fd45dbf&ov_redirect=true,flipkart
"Add to CompareAcer Aspire Lite AMD Ryzen 5 Hexa Core 5625U - (16 GB/1 TB SSD/Windows 11 Home) AL15-41 Thin and Light...4.12,956 Ratings&220 ReviewsAMD Ryzen 5 Hexa Core Processor16 GB DDR4 RAMWindows 11 Operating System1 TB SSD39.62 cm (15.6 Inch) Display1 Year Onsite Warranty₹57,990₹63,9999% offUpto₹37,050Off on ExchangeBank Offer",Acer,57990.0,Intel Core i5,16.0,DDR4,512.0,SSD,Intel Iris Xe,Windows 11,15.6,1920,1080,1,https://rukminim2.flixcart.com/image/416/416/xif0q/computer/b/k/d/-original-imahb2kbf2zdan3z.jpeg?q=70,https://www.flipkart.com/acer-aspire-lite-amd-ryzen-5-hexa-core-5625u-16-gb-1-tb-ssd-windows-11-home-al15-41-thin-light-laptop/p/itme358d33c215ef?pid=COMGU2D9ZAXCAHBU&lid=LSTCOMGU2D9ZAXCAHBU9NMK1M&marketplace=FLIPKART&q=ryzen+5+laptop&store=6bo%2Fb5g&srno=s_3_54&otracker=search&fm=organic&iid=e4a22fde-b1e0-491f-a2e8-1e3e8ef3ad9e.COMGU2D9ZAXCAHBU.SEARCH&ppt=sp&ppn=sp&ssid=9e4cx6uu7k0000001781258579808&qH=d9f4092b4fd45dbf&ov_redirect=true,flipkart
"Add to CompareASUS Vivobook Go 14 AMD Ryzen 5 Quad Core 7520U - (8 GB/512 GB SSD/Windows 11 Home) E1404FA-NK521WS | ...4.556 Ratings&2 ReviewsAMD Ryzen 5 Quad Core Processor8 GB LPDDR5 RAMWindows 11 Operating System512 GB SSD35.56 cm (14 Inch) Display1 Year Onsite Warranty₹59,990Only 1 leftBank Offer",ASUS,59990.0,Intel Core i5,8.0,LPDDR5,512.0,SSD,Intel Iris Xe,Windows 11,15.6,1920,1080,1,https://rukminim2.flixcart.com/image/416/416/xif0q/computer/d/n/3/-original-imah2y2teghzh7xe.jpeg?q=70,https://www.flipkart.com/asus-vivobook-go-14-amd-ryzen-5-quad-core-7520u-8-gb-512-gb-ssd-windows-11-home-e1404fa-nk521ws-e1404fa-eb2521ws-thin-light-laptop/p/itm37ab22cfcf18d?pid=COMGYSGNZEQHFG6R&lid=LSTCOMGYSGNZEQHFG6RRMEWUE&marketplace=FLIPKART&q=ryzen+5+laptop&store=6bo%2Fb5g&srno=s_3_56&otracker=search&fm=organic&iid=e4a22fde-b1e0-491f-a2e8-1e3e8ef3ad9e.COMGYSGNZEQHFG6R.SEARCH&ppt=sp&ppn=sp&ssid=9e4cx6uu7k0000001781258579808&qH=d9f4092b4fd45dbf&ov_redirect=true,flipkart
"Add to CompareASUS Vivobook GO 15 AMD Ryzen 5 Quad Core 7520U - (16 GB/512 GB SSD/Windows 11 Home) E1504FA-NJ549WS |...4.2135 Ratings&9 ReviewsAMD Ryzen 5 Quad Core Processor16 GB LPDDR5 RAMWindows 11 Operating System512 GB SSD39.62 cm (15.6 Inch) Display1 Year Onsite Warranty₹58,641₹58,990Only 1 leftBank Offer",ASUS,58641.0,Intel Core i5,16.0,LPDDR5,512.0,SSD,Intel Iris Xe,Windows 11,15.6,1920,1080,1,https://rukminim2.flixcart.com/image/416/416/xif0q/computer/m/f/w/e1504fa-nj549ws-thin-and-light-laptop-asus-original-imah3877hyhrxp43.jpeg?q=70,https://www.flipkart.com/asus-vivobook-go-15-amd-ryzen-5-quad-core-7520u-16-gb-512-gb-ssd-windows-11-home-e1504fa-nj549ws-e1504fa-bq2490ws-thin-light-laptop/p/itm7f766d96bd6a5?pid=COMH3YT3BMVGQH2U&lid=LSTCOMH3YT3BMVGQH2U8DVVFO&marketplace=FLIPKART&q=ryzen+5+laptop&store=6bo%2Fb5g&srno=s_3_58&otracker=search&fm=organic&iid=e4a22fde-b1e0-491f-a2e8-1e3e8ef3ad9e.COMH3YT3BMVGQH2U.SEARCH&ppt=sp&ppn=sp&ssid=9e4cx6uu7k0000001781258579808&qH=d9f4092b4fd45dbf&ov_redirect=true,flipkart
"Add to CompareLenovo IdeaPad Slim 3 AMD Ryzen 5 Hexa Core 5500U - (8 GB/512 GB SSD/Windows 11 Home) 14 ALC 6 Thin an...4.5647 Ratings&82 ReviewsAMD Ryzen 5 Hexa Core Processor8 GB DDR4 RAM64 bit Windows 11 Operating System512 GB SSD35.56 cm (14 Inch) DisplayMicrosoft Office Home and Student 20192 Years Warranty₹55,890₹89,99937% offOnly few leftBank Offer",Lenovo,55890.0,Intel Core i5,8.0,DDR4,512.0,SSD,Intel Iris Xe,Windows 11,15.6,1920,1080,1,https://rukminim2.flixcart.com/image/416/416/xif0q/computer/1/b/j/-original-imahg4ushaftwmzv.jpeg?q=70,https://www.flipkart.com/lenovo-ideapad-slim-3-amd-ryzen-5-hexa-core-5500u-8-gb-512-gb-ssd-windows-11-home-14-alc-6-thin-light-laptop/p/itmf47e2a5bdd8eb?pid=COMG3TZGHGU82UMK&lid=LSTCOMG3TZGHGU82UMKWQDVIK&marketplace=FLIPKART&q=ryzen+5+laptop&store=6bo%2Fb5g&srno=s_3_61&otracker=search&fm=organic&iid=e4a22fde-b1e0-491f-a2e8-1e3e8ef3ad9e.COMG3TZGHGU82UMK.SEARCH&ppt=sp&ppn=sp&ssid=9e4cx6uu7k0000001781258579808&qH=d9f4092b4fd45dbf&ov_redirect=true,flipkart
"Add to CompareASUS Vivobook Go 15 (2025) with Office 2024 + M365 Basic AMD Ryzen 5 Quad Core 40 - (8 GB/512 GB SSD/W...47 Ratings&0 ReviewsAMD Ryzen 5 Quad Core Processor8 GB DDR5 RAMWindows 11 Home Operating System512 GB SSD39.62 cm (15.6 inch) DisplayMSO 2024 for lifetime + Microsoft 365 Basic with 100GB Cloud Storage for 1 Year, One-Month Membership of Adobe Creative Cloud All Apps, McAfee 1 year1 Year Onsite Warranty₹54,990Bank Offer",ASUS,54990.0,Intel Core i5,8.0,DDR5,512.0,SSD,Intel Iris Xe,Windows 11,15.6,1920,1080,1,https://rukminim2.flixcart.com/image/416/416/xif0q/computer/h/m/l/-original-imahmeb3esqacwqs.jpeg?q=70,https://www.flipkart.com/asus-vivobook-go-15-2025-office-2024-m365-basic-amd-ryzen-5-quad-core-40-8-gb-512-gb-ssd-windows-11-home-e1504fa-bq2115ws-thin-light-laptop/p/itm74e646108b695?pid=COMHKDXBYENCYSPQ&lid=LSTCOMHKDXBYENCYSPQH9HJP6&marketplace=FLIPKART&q=ryzen+5+laptop&store=6bo%2Fb5g&srno=s_3_62&otracker=search&fm=organic&iid=e4a22fde-b1e0-491f-a2e8-1e3e8ef3ad9e.COMHKDXBYENCYSPQ.SEARCH&ppt=sp&ppn=sp&ssid=9e4cx6uu7k0000001781258579808&qH=d9f4092b4fd45dbf&ov_redirect=true,flipkart
"Add to CompareAcer Extensa AMD Ryzen 5 7520U - (8 GB/512 GB SSD/Windows 11 Home) EX215-23 Thin and Light Laptop4.12,347 Ratings&263 ReviewsStylish & Portable Thin and Light LaptopLPDDR5 RAM -faster & low power consumingFirmware TPM (Trusted Platform Module)-Improved Security of your PCFHD 1080p screen with 250 Nits brightnessLatest WiFi 6AMD Ryzen 5 Processor8 GB LPDDR5 RAM64 bit Windows 11 Operating System512 GB SSD39.62 cm (15.6 Inch) Display1 Year International Travelers Warranty₹52,500₹52,600Only 2 leftBank Offer",Acer,52500.0,Amd Ryzen 5 7520U,8.0,LPDDR5,512.0,SSD,Intel Iris Xe,Windows 11,15.6,1920,1080,1,https://rukminim2.flixcart.com/image/416/416/xif0q/computer/f/s/b/-original-imahg5fyv7xzvpdh.jpeg?q=70,https://www.flipkart.com/acer-extensa-amd-ryzen-5-7520u-8-gb-512-gb-ssd-windows-11-home-ex215-23-thin-light-laptop/p/itm40e593d3ea893?pid=COMGMXKHFPASREJG&lid=LSTCOMGMXKHFPASREJGSKDSCR&marketplace=FLIPKART&q=ryzen+5+laptop&store=6bo%2Fb5g&srno=s_3_63&otracker=search&fm=organic&iid=e4a22fde-b1e0-491f-a2e8-1e3e8ef3ad9e.COMGMXKHFPASREJG.SEARCH&ppt=sp&ppn=sp&ssid=9e4cx6uu7k0000001781258579808&qH=d9f4092b4fd45dbf&ov_redirect=true,flipkart
"Add to CompareHP AMD Ryzen 5 Quad Core 7520U - (8 GB/512 GB SSD/Windows 11 Home) 14-hr0001AU Thin and Light Laptop4.142 Ratings&2 ReviewsAMD Ryzen 5 Quad Core Processor8 GB LPDDR5 RAM64 bit Windows 11 Operating System512 GB SSD35.56 cm (14 Inch) Display1 Year Onsite Warranty₹54,900₹70,75122% offOnly 1 leftBank Offer",HP,54900.0,Intel Core i5,8.0,LPDDR5,512.0,SSD,Intel Iris Xe,Windows 11,15.6,1920,1080,1,https://rukminim2.flixcart.com/image/416/416/xif0q/computer/o/l/l/-original-imahg5fyhh2gvmxq.jpeg?q=70,https://www.flipkart.com/hp-amd-ryzen-5-quad-core-7520u-8-gb-512-gb-ssd-windows-11-home-14-hr0001au-thin-light-laptop/p/itm94bb392717818?pid=COMGYJF88F7XGPGF&lid=LSTCOMGYJF88F7XGPGFW1AIWN&marketplace=FLIPKART&q=ryzen+5+laptop&store=6bo%2Fb5g&srno=s_3_64&otracker=search&fm=organic&iid=e4a22fde-b1e0-491f-a2e8-1e3e8ef3ad9e.COMGYJF88F7XGPGF.SEARCH&ppt=sp&ppn=sp&ssid=9e4cx6uu7k0000001781258579808&qH=d9f4092b4fd45dbf&ov_redirect=true,flipkart
"Add to CompareLenovo IdeaPad 1 AMD Ryzen 5 Quad Core 3500U - (8 GB/512 GB SSD/Windows 11 Home) 15ADA7 Thin and Light...4.2835 Ratings&85 ReviewsAMD Ryzen 5 Quad Core Processor8 GB DDR4 RAM64 bit Windows 11 Operating System512 GB SSD39.62 cm (15.6 Inch) Display2 Years Onsite�Warranty₹56,900₹59,9995% offOnly few leftBank Offer",Lenovo,56900.0,Intel Core i5,8.0,DDR4,512.0,SSD,Intel Iris Xe,Windows 11,15.6,1920,1080,1,https://rukminim2.flixcart.com/image/416/416/xif0q/computer/w/o/s/-original-imahg4vk4r3f65uw.jpeg?q=70,https://www.flipkart.com/lenovo-ideapad-1-amd-ryzen-5-quad-core-3500u-8-gb-512-gb-ssd-windows-11-home-15ada7-thin-light-laptop/p/itm3ee2f5da49d46?pid=COMGFM5BXGAMEWPE&lid=LSTCOMGFM5BXGAMEWPELZUX1K&marketplace=FLIPKART&q=ryzen+5+laptop&store=6bo%2Fb5g&srno=s_3_65&otracker=search&fm=organic&iid=e4a22fde-b1e0-491f-a2e8-1e3e8ef3ad9e.COMGFM5BXGAMEWPE.SEARCH&ppt=sp&ppn=sp&ssid=9e4cx6uu7k0000001781258579808&qH=d9f4092b4fd45dbf&ov_redirect=true,flipkart
"Add to CompareHP AMD Ryzen 5 Hexa Core 5500U - (8 GB/512 GB SSD/Windows 11 Home) 15s- eq2144au Thin and Light Laptop4.25,385 Ratings&347 ReviewsAMD Ryzen 5 Hexa Core Processor8 GB DDR4 RAM64 bit Windows 11 Operating System512 GB SSD39.62 cm (15.6 Inch) DisplayMicrosoft Office Home 2019 & Office 365, HP Documentation, HP SSRM, HP Smart1 Year Onsite Warranty₹58,900₹60,9903% offOnly 1 leftBank Offer",HP,58900.0,Intel Core i5,8.0,DDR4,512.0,SSD,Intel Iris Xe,Windows 11,15.6,1920,1080,1,https://rukminim2.flixcart.com/image/416/416/xif0q/computer/9/k/j/-original-imahg5fxdsurqysm.jpeg?q=70,https://www.flipkart.com/hp-amd-ryzen-5-hexa-core-5500u-8-gb-512-gb-ssd-windows-11-home-15s-eq2144au-thin-light-laptop/p/itmd57b41ed8750a?pid=COMGBH9JDPVGD8BH&lid=LSTCOMGBH9JDPVGD8BHHNDDVS&marketplace=FLIPKART&q=ryzen+5+laptop&store=6bo%2Fb5g&srno=s_3_66&otracker=search&fm=organic&iid=e4a22fde-b1e0-491f-a2e8-1e3e8ef3ad9e.COMGBH9JDPVGD8BH.SEARCH&ppt=sp&ppn=sp&ssid=9e4cx6uu7k0000001781258579808&qH=d9f4092b4fd45dbf&ov_redirect=true,flipkart
"Add to CompareASUS Vivobook Go 14 (2025) with Office 2024 + M365 Basic* AMD Ryzen 5 Quad Core 7520U - (16 GB/512 GB ...4.350 Ratings&2 ReviewsAMD Ryzen 5 Quad Core Processor16 GB LPDDR5 RAMWindows 11 Home Operating System512 GB SSD35.56 cm (14 Inch) DisplayMicrosoft Office Home 2024 (Lifetime Validity ) + Microsoft 365 Basic*(1-Year Validity), McAfee 1 year1 Year Onsite Warranty₹56,999₹64,99912% offOnly 1 leftBank Offer",ASUS,56999.0,Intel Core i5,16.0,LPDDR5,512.0,SSD,Intel Iris Xe,Windows 11,15.6,1920,1080,1,https://rukminim2.flixcart.com/image/416/416/xif0q/computer/u/416/416/-original-imagpxgq3wcnwpwv.jpeg?q=70,https://www.flipkart.com/asus-vivobook-go-14-2025-office-2024-m365-basic-amd-ryzen-5-quad-core-7520u-16-gb-512-gb-ssd-windows-11-home-e1404fa-nk5542ws-e1404fa-eb2542ws-thin-light-laptop/p/itm6d858ada67799?pid=COMH9SJ93XBRGZJ7&lid=LSTCOMH9SJ93XBRGZJ7AHCO2S&marketplace=FLIPKART&q=ryzen+5+laptop&store=6bo%2Fb5g&srno=s_3_67&otracker=search&fm=organic&iid=e4a22fde-b1e0-491f-a2e8-1e3e8ef3ad9e.COMH9SJ93XBRGZJ7.SEARCH&ppt=sp&ppn=sp&ssid=9e4cx6uu7k0000001781258579808&qH=d9f4092b4fd45dbf&ov_redirect=true,flipkart
"Add to CompareLenovo IdeaPad 1 MSO'2024 AMD Ryzen 5 Hexa Core 5625U AMD Ryzen 5 Hexa Core 5625U - (16 GB/512 GB SSD/...4.3751 Ratings&57 ReviewsAMD Ryzen 5 Hexa Core Processor16 GB DDR4 RAMWindows 11 Operating System512 GB SSD39.62 cm (15.6 Inch) Display1 Year Onsite Warranty₹57,900₹61,9906% offOnly few leftBank Offer",Lenovo,57900.0,Intel Core i5,16.0,DDR4,512.0,SSD,Intel Iris Xe,Windows 11,15.6,1920,1080,1,https://rukminim2.flixcart.com/image/416/416/xif0q/computer/5/x/a/-original-imahex3uhuva2jsv.jpeg?q=70,https://www.flipkart.com/lenovo-ideapad-1-mso-2024-amd-ryzen-5-hexa-core-5625u-16-gb-512-gb-ssd-windows-11-home-15alc7-thin-light-laptop/p/itm2497ecfab3999?pid=COMH8AE39TGGESQH&lid=LSTCOMH8AE39TGGESQHEDBC03&marketplace=FLIPKART&q=ryzen+5+laptop&store=6bo%2Fb5g&srno=s_3_68&otracker=search&fm=organic&iid=e4a22fde-b1e0-491f-a2e8-1e3e8ef3ad9e.COMH8AE39TGGESQH.SEARCH&ppt=sp&ppn=sp&ssid=9e4cx6uu7k0000001781258579808&qH=d9f4092b4fd45dbf&ov_redirect=true,flipkart
"Add to CompareLenovo ThinkBook 15 G3 AMD Ryzen 5 Hexa Core 5500U - (8 GB/512 GB SSD/Windows 11 Home) Thinkbook 15 G3...3.864 Ratings&9 ReviewsAMD Ryzen 5 Hexa Core Processor8 GB DDR4 RAMWindows 11 Operating System512 GB SSD39.62 cm (15.6 Inch) Display1 Year Onsite Warranty₹59,899₹92,70035% offOnly 1 leftBank Offer",Lenovo,59899.0,Intel Core i5,8.0,DDR4,512.0,SSD,Intel Iris Xe,Windows 11,15.6,1920,1080,1,https://rukminim2.flixcart.com/image/416/416/xif0q/computer/416/416/f/-original-imahg4vkwmtnqxb4.jpeg?q=70,https://www.flipkart.com/lenovo-thinkbook-15-g3-amd-ryzen-5-hexa-core-5500u-8-gb-512-gb-ssd-windows-11-home-thin-light-laptop/p/itm31966167b879b?pid=COMGHEGH5GTHFZRU&lid=LSTCOMGHEGH5GTHFZRU6BXYYP&marketplace=FLIPKART&q=ryzen+5+laptop&store=6bo%2Fb5g&srno=s_3_69&otracker=search&fm=organic&iid=e4a22fde-b1e0-491f-a2e8-1e3e8ef3ad9e.COMGHEGH5GTHFZRU.SEARCH&ppt=sp&ppn=sp&ssid=9e4cx6uu7k0000001781258579808&qH=d9f4092b4fd45dbf&ov_redirect=true,flipkart
"Add to CompareLenovo V15 AMD Ryzen 5 Quad Core 7520U - (16 GB/512 GB SSD/Windows 11 Home) V15 Thin and Light Laptop4.11,808 Ratings&159 ReviewsAMD Ryzen 5 Quad Core Processor16 GB DDR4 RAMWindows 11 Operating System512 GB SSD39.62 cm (15.6 Inch) Display1 Year Onsite Brand Warranty₹56,055₹66,99016% offOnly few leftBank Offer",Lenovo,56055.0,Intel Core i5,16.0,DDR4,512.0,SSD,Intel Iris Xe,Windows 11,15.6,1920,1080,1,https://rukminim2.flixcart.com/image/416/416/xif0q/computer/o/p/v/v15-g4-thin-and-light-laptop-lenovo-original-imahasn4skjzwefy.jpeg?q=70,https://www.flipkart.com/lenovo-v15-amd-ryzen-5-quad-core-7520u-16-gb-512-gb-ssd-windows-11-home-thin-light-laptop/p/itmd7282dfaeb5de?pid=COMHATEAHZYGZ6KF&lid=LSTCOMHATEAHZYGZ6KFC0OKLI&marketplace=FLIPKART&q=ryzen+5+laptop&store=6bo%2Fb5g&srno=s_3_70&otracker=search&fm=organic&iid=e4a22fde-b1e0-491f-a2e8-1e3e8ef3ad9e.COMHATEAHZYGZ6KF.SEARCH&ppt=sp&ppn=sp&ssid=9e4cx6uu7k0000001781258579808&qH=d9f4092b4fd45dbf&ov_redirect=true,flipkart
"Add to CompareASUS Vivobook Go 15 AMD Ryzen 5 Quad Core 7520U - (16 GB/512 GB SSD/Windows 11 Home) E1504FA-NJ541WS T...4.263 Ratings&4 ReviewsAMD Ryzen 5 Quad Core Processor16 GB LPDDR5 RAM64 bit Windows 11 Home Operating System512 GB SSD39.62 cm (15.6 Inch) Display1 Year Onsite₹54,999₹61,0009% offOnly 1 leftBank Offer",ASUS,54999.0,Intel Core i5,16.0,LPDDR5,512.0,SSD,Intel Iris Xe,Windows 11,15.6,1920,1080,1,https://rukminim2.flixcart.com/image/416/416/xif0q/computer/3/o/f/e1504fa-nj541ws-thin-and-light-laptop-asus-original-imagtxrycgnhyspy.jpeg?q=70,https://www.flipkart.com/asus-vivobook-go-15-amd-ryzen-5-quad-core-7520u-16-gb-512-gb-ssd-windows-11-home-e1504fa-nj541ws-thin-light-laptop/p/itm5a9432bd55d95?pid=COMGTXRYUSCDZ6ED&lid=LSTCOMGTXRYUSCDZ6EDZFYTNF&marketplace=FLIPKART&q=ryzen+5+laptop&store=6bo%2Fb5g&srno=s_3_71&otracker=search&fm=organic&iid=e4a22fde-b1e0-491f-a2e8-1e3e8ef3ad9e.COMGTXRYUSCDZ6ED.SEARCH&ppt=sp&ppn=sp&ssid=9e4cx6uu7k0000001781258579808&qH=d9f4092b4fd45dbf&ov_redirect=true,flipkart
"Add to CompareHP Omnibook 3 AMD Ryzen AI 5 Hexa Core - (16 GB/512 GB SSD/Windows 11 Home) 15-fn0007AU Thin and Light...4.138 Ratings&5 ReviewsAMD Ryzen AI 5 Hexa Core Processor16 GB DDR5 RAMWindows 11 Home Operating System512 GB SSD39.62 cm (15.6 Inch) DisplayMS Office Home 2024, Misc PC Game Pass DA 3M1 Year Onsite Warranty₹66,979₹76,29512% offOnly 5 leftBank Offer",HP,66979.0,Intel Core i5,16.0,DDR5,512.0,SSD,Intel Iris Xe,Windows 11,15.6,1920,1080,1,https://rukminim2.flixcart.com/image/416/416/xif0q/computer/f/o/u/omnibook-3-ngai-thin-and-light-laptop-hp-original-imahcxyrftbs73tg.jpeg?q=70,https://www.flipkart.com/hp-omnibook-3-amd-ryzen-ai-5-hexa-core-16-gb-512-gb-ssd-windows-11-home-15-fn0007au-thin-light-laptop/p/itm991fff3486d7e?pid=COMHCRP9G9TJHZZM&lid=LSTCOMHCRP9G9TJHZZMD6H87M&marketplace=FLIPKART&q=ryzen+5+laptop&store=6bo%2Fb5g&srno=s_3_72&otracker=search&fm=organic&iid=e4a22fde-b1e0-491f-a2e8-1e3e8ef3ad9e.COMHCRP9G9TJHZZM.SEARCH&ppt=sp&ppn=sp&ssid=9e4cx6uu7k0000001781258579808&qH=d9f4092b4fd45dbf&ov_redirect=true,flipkart
"Add to CompareLenovo IdeaPad Slim 1 AMD Ryzen 5 Hexa Core 5500U - (8 GB/512 GB SSD/Windows 11 Home) 15ACL6 | 15ALC7 ...4.27,232 Ratings&585 ReviewsAMD Ryzen 5 Hexa Core Processor8 GB DDR4 RAM64 bit Windows 11 Operating System512 GB SSD39.62 cm (15.6 Inch) DisplayOffice Home and Student 20211 Year Onsite + 1 Year Accidental Damage Protection₹51,997₹58,99011% offOnly 3 leftBank Offer",Lenovo,51997.0,Intel Core i5,8.0,DDR4,512.0,SSD,Intel Iris Xe,Windows 11,15.6,1920,1080,1,https://rukminim2.flixcart.com/image/416/416/xif0q/computer/m/o/u/-original-imahg5fxhyfzpqwy.jpeg?q=70,https://www.flipkart.com/lenovo-ideapad-slim-1-amd-ryzen-5-hexa-core-5500u-8-gb-512-gb-ssd-windows-11-home-15acl6-15alc7-2-thin-light-laptop/p/itm3680fb576eb7b?pid=COMG9VHHF6HVJPP9&lid=LSTCOMG9VHHF6HVJPP9W1OVC8&marketplace=FLIPKART&q=ryzen+5+laptop&store=6bo%2Fb5g&srno=s_4_73&otracker=search&fm=organic&iid=9f46f13d-348e-4111-8352-4564d6050acd.COMG9VHHF6HVJPP9.SEARCH&ppt=sp&ppn=sp&ssid=6yjdkibmm80000001781258585301&qH=d9f4092b4fd45dbf&ov_redirect=true,flipkart
"Add to CompareHP OmniBook 7 Aero (Previously Pavilion) AMD Ryzen AI 5 Hexa Core AI 5 340 - (16 GB/512 GB SSD/Windows...4.298 Ratings&8 ReviewsAMD Ryzen AI 5 Hexa Core Processor16 GB LPDDR5X RAMWindows 11 Operating System512 GB SSD33.78 cm (13.3 Inch) Display1 Year Onsite Service₹85,999₹96,13710% offOnly 2 leftBank Offer",HP,85999.0,Intel Core i5,16.0,LPDDR5X,512.0,SSD,Intel Iris Xe,Windows 11,13.3,1920,1080,1,https://rukminim2.flixcart.com/image/416/416/xif0q/computer/b/i/r/-original-imahj7tqthpvhx7w.jpeg?q=70,https://www.flipkart.com/hp-omnibook-7-aero-previously-pavilion-amd-ryzen-ai-5-hexa-core-340-16-gb-512-gb-ssd-windows-11-home-13-bg1678au-thin-light-laptop/p/itm1424c089a66a0?pid=COMHA9GUGGPYTZ7A&lid=LSTCOMHA9GUGGPYTZ7AFL4AA2&marketplace=FLIPKART&q=ryzen+5+laptop&store=6bo%2Fb5g&srno=s_4_75&otracker=search&fm=organic&iid=9f46f13d-348e-4111-8352-4564d6050acd.COMHA9GUGGPYTZ7A.SEARCH&ppt=sp&ppn=sp&ssid=6yjdkibmm80000001781258585301&qH=d9f4092b4fd45dbf&ov_redirect=true,flipkart
"Add to CompareHP AMD Ryzen 5 Hexa Core 7535HS - (8 GB/512 GB SSD/Windows 11 Home) 15-fc1004AU Thin and Light Laptop3.8101 Ratings&5 ReviewsAMD Ryzen 5 Hexa Core Processor8 GB DDR5 RAMWindows 11 Operating System512 GB SSD39.62 cm (15.6 Inch) Display1 Year Onsite Warranty₹55,990₹65,99015% offOnly 1 leftBank Offer",HP,55990.0,Intel Core i5,8.0,DDR5,512.0,SSD,Intel Iris Xe,Windows 11,15.6,1920,1080,1,https://rukminim2.flixcart.com/image/416/416/xif0q/computer/j/m/x/15-fc1004au-thin-and-light-laptop-hp-original-imah59gjphh49wpf.jpeg?q=70,https://www.flipkart.com/hp-amd-ryzen-5-hexa-core-7535hs-8-gb-512-gb-ssd-windows-11-home-15-fc1004au-thin-light-laptop/p/itm71b7f781eb607?pid=COMH56DFRXZJGNUU&lid=LSTCOMH56DFRXZJGNUUGJNX0C&marketplace=FLIPKART&q=ryzen+5+laptop&store=6bo%2Fb5g&srno=s_4_79&otracker=search&fm=organic&iid=9f46f13d-348e-4111-8352-4564d6050acd.COMH56DFRXZJGNUU.SEARCH&ppt=sp&ppn=sp&ssid=6yjdkibmm80000001781258585301&qH=d9f4092b4fd45dbf&ov_redirect=true,flipkart
"Add to CompareAcer Aspire 5 AMD Ryzen 5 Hexa Core 5500U - (8 GB/512 GB SSD/Windows 10 Home) A515-45 Thin and Light L...4.363 Ratings&6 ReviewsAMD Ryzen 5 Hexa Core Processor8 GB DDR4 RAM64 bit Windows 10 Operating System512 GB SSD39.62 cm (15.6 Inch) DisplayAcer Care Center, Quick Access, Acer Product Registration1 Year International Travelers Warranty (ITW)₹59,003₹65,0009% offOnly 1 leftBank Offer",Acer,59003.0,Intel Core i5,8.0,DDR4,512.0,SSD,Intel Iris Xe,Windows 10,15.6,1920,1080,1,https://rukminim2.flixcart.com/image/416/416/krf91u80/computer/n/y/q/aspire-5-thin-and-light-laptop-acer-original-imag57xygyzhxaa7.jpeg?q=70,https://www.flipkart.com/acer-aspire-5-amd-ryzen-hexa-core-5500u-8-gb-512-gb-ssd-windows-10-home-a515-45-thin-light-laptop/p/itmb0bd905d211b8?pid=COMG56TFUUJ874XG&lid=LSTCOMG56TFUUJ874XGJHBU59&marketplace=FLIPKART&q=ryzen+5+laptop&store=6bo%2Fb5g&srno=s_4_81&otracker=search&fm=organic&iid=9f46f13d-348e-4111-8352-4564d6050acd.COMG56TFUUJ874XG.SEARCH&ppt=sp&ppn=sp&ssid=6yjdkibmm80000001781258585301&qH=d9f4092b4fd45dbf&ov_redirect=true,flipkart
"Add to CompareAcer Aspire Lite AMD Ryzen 5 Hexa Core 5625U - (8 GB/512 GB SSD/Windows 11 Home) AL15-41 Thin and Ligh...4.12,956 Ratings&220 ReviewsAMD Ryzen 5 Hexa Core Processor8 GB DDR4 RAMWindows 11 Operating System512 GB SSD39.62 cm (15.6 Inch) Display1 Year Carry-in Warranty₹54,990₹68,99020% offOnly 1 leftBank Offer",Acer,54990.0,Intel Core i5,8.0,DDR4,512.0,SSD,Intel Iris Xe,Windows 11,15.6,1920,1080,1,https://rukminim2.flixcart.com/image/416/416/xif0q/computer/b/k/d/-original-imahb2kbf2zdan3z.jpeg?q=70,https://www.flipkart.com/acer-aspire-lite-amd-ryzen-5-hexa-core-5625u-8-gb-512-gb-ssd-windows-11-home-al15-41-thin-light-laptop/p/itm1bc0bcb4598e7?pid=COMGXPH6XJE9ZKGZ&lid=LSTCOMGXPH6XJE9ZKGZOHU6X5&marketplace=FLIPKART&q=ryzen+5+laptop&store=6bo%2Fb5g&srno=s_4_82&otracker=search&fm=organic&iid=9f46f13d-348e-4111-8352-4564d6050acd.COMGXPH6XJE9ZKGZ.SEARCH&ppt=sp&ppn=sp&ssid=6yjdkibmm80000001781258585301&qH=d9f4092b4fd45dbf&ov_redirect=true,flipkart
"Add to CompareASUS Vivobook Go 15 AMD Ryzen 5 Quad Core 7520U - (16 GB/512 GB SSD/Windows 11 Home) E1504FA-NJ542WS T...48 Ratings&3 ReviewsAMD Ryzen 5 Quad Core Processor16 GB LPDDR5 RAMWindows 11 Operating System512 GB SSD39.62 cm (15.6 Inch) Display1 Year Onsite Warranty₹56,990₹59,9004% offOnly 2 leftBank Offer",ASUS,56990.0,Intel Core i5,16.0,LPDDR5,512.0,SSD,Intel Iris Xe,Windows 11,15.6,1920,1080,1,https://rukminim2.flixcart.com/image/416/416/xif0q/computer/i/u/p/-original-imagpxgrxrqsmdqz.jpeg?q=70,https://www.flipkart.com/asus-vivobook-go-15-amd-ryzen-5-quad-core-7520u-16-gb-512-gb-ssd-windows-11-home-e1504fa-nj542ws-thin-light-laptop/p/itm968db504ada5b?pid=COMGMGXFDVGHQJA7&lid=LSTCOMGMGXFDVGHQJA7XBWH2G&marketplace=FLIPKART&q=ryzen+5+laptop&store=6bo%2Fb5g&srno=s_4_83&otracker=search&fm=organic&iid=9f46f13d-348e-4111-8352-4564d6050acd.COMGMGXFDVGHQJA7.SEARCH&ppt=sp&ppn=sp&ssid=6yjdkibmm80000001781258585301&qH=d9f4092b4fd45dbf&ov_redirect=true,flipkart
"Add to CompareLenovo Ideapad AMD AMD Ryzen 5 Hexa Core 5500U - (8 GB/512 GB SSD/Windows 11 Home) 15ALC6 Laptop4.626 Ratings&4 ReviewsAMD Ryzen 5 Hexa Core Processor8 GB DDR4 RAMWindows 11 Operating System512 GB SSD39.62 cm (15.6 Inch) Display1 YEAR₹55,350₹59,9907% offOnly 5 leftBank Offer",Lenovo,55350.0,Intel Core i5,8.0,DDR4,512.0,SSD,Intel Iris Xe,Windows 11,15.6,1920,1080,1,https://rukminim2.flixcart.com/image/416/416/kxuqdu80/computer/o/u/j/lenovo-core-i5-laptop-lenovo-original-imaga7u8ehmnfggx.jpeg?q=70,https://www.flipkart.com/lenovo-ideapad-amd-ryzen-5-hexa-core-5500u-8-gb-512-gb-ssd-windows-11-home-15alc6-laptop/p/itme603a3b75554d?pid=COMGADGHNBK494MP&lid=LSTCOMGADGHNBK494MPYQQLZP&marketplace=FLIPKART&q=ryzen+5+laptop&store=6bo%2Fb5g&srno=s_4_86&otracker=search&fm=organic&iid=9f46f13d-348e-4111-8352-4564d6050acd.COMGADGHNBK494MP.SEARCH&ppt=sp&ppn=sp&ssid=6yjdkibmm80000001781258585301&qH=d9f4092b4fd45dbf&ov_redirect=true,flipkart
"Add to CompareASUS Vivobook Go 14 AMD Ryzen 5 Quad Core 7520U - (8 GB/512 GB SSD/Windows 11 Home) E1404FA-NK521WS Th...4.138 Ratings&3 ReviewsAMD Ryzen 5 Quad Core Processor8 GB LPDDR5 RAM64 bit Windows 11 Home Operating System512 GB SSD35.56 cm (14 Inch) DisplayOffice Home and Student 20211 Year Onsite Warranty₹54,990₹64,00014% offOnly 5 leftBank Offer",ASUS,54990.0,Intel Core i5,8.0,LPDDR5,512.0,SSD,Intel Iris Xe,Windows 11,15.6,1920,1080,1,https://rukminim2.flixcart.com/image/416/416/xif0q/computer/d/n/3/-original-imah2y2teghzh7xe.jpeg?q=70,https://www.flipkart.com/asus-vivobook-go-14-amd-ryzen-5-quad-core-7520u-8-gb-512-gb-ssd-windows-11-home-e1404fa-nk521ws-thin-light-laptop/p/itm37ab22cfcf18d?pid=COMGZMVFQGYYERFC&lid=LSTCOMGZMVFQGYYERFCBTGDMD&marketplace=FLIPKART&q=ryzen+5+laptop&store=6bo%2Fb5g&srno=s_4_87&otracker=search&fm=organic&iid=9f46f13d-348e-4111-8352-4564d6050acd.COMGZMVFQGYYERFC.SEARCH&ppt=sp&ppn=sp&ssid=6yjdkibmm80000001781258585301&qH=d9f4092b4fd45dbf&ov_redirect=true,flipkart
"Add to CompareLenovo IdeaPad Flex 5 AMD Ryzen 5 Hexa Core 7530U - (16 GB/512 GB SSD/Windows 11 Home) 14ABR8 2 in 1 L...4.2122 Ratings&12 ReviewsAMD Ryzen 5 Hexa Core Processor16 GB LPDDR4X RAMWindows 11 Operating System512 GB SSD35.56 cm (14 Inch) Touchscreen DisplayMicrosoft Office Home & Student 20211Yr Warranty + 1 Yr Premium Care and 1 Yr Accidental Damage Protection₹60,490₹93,19035% offOnly 2 leftBank Offer",Lenovo,60490.0,Intel Core i5,16.0,LPDDR4X,512.0,SSD,Intel Iris Xe,Windows 11,15.6,1920,1080,1,https://rukminim2.flixcart.com/image/416/416/xif0q/computer/n/q/b/-original-imahg4uvfpwhdrzu.jpeg?q=70,https://www.flipkart.com/lenovo-ideapad-flex-5-amd-ryzen-hexa-core-7530u-16-gb-512-gb-ssd-windows-11-home-14abr8-2-1-laptop/p/itm53fa0d9c1fdd7?pid=COMGRU9Z2UHKHSWQ&lid=LSTCOMGRU9Z2UHKHSWQDIPE63&marketplace=FLIPKART&q=ryzen+5+laptop&store=6bo%2Fb5g&srno=s_4_88&otracker=search&fm=organic&iid=9f46f13d-348e-4111-8352-4564d6050acd.COMGRU9Z2UHKHSWQ.SEARCH&ppt=sp&ppn=sp&ssid=6yjdkibmm80000001781258585301&qH=d9f4092b4fd45dbf&ov_redirect=true,flipkart
"Add to CompareHP AMD Ryzen 5 Hexa Core 5500U - (8 GB/512 GB SSD/Windows 11 Home) 15s- eq2304au Thin and Light Laptop4.4396 Ratings&30 ReviewsAMD Ryzen 5 Hexa Core Processor8 GB DDR4 RAM64 bit Windows 11 Operating System512 GB SSD39.62 cm (15.6 Inch) DisplayMicrosoft Office 2021 Home & Student1 Year Onsite Warranty₹49,962₹55,99010% offOnly few leftBank Offer",HP,49962.0,Intel Core i5,8.0,DDR4,512.0,SSD,Intel Iris Xe,Windows 11,15.6,1920,1080,1,https://rukminim2.flixcart.com/image/416/416/xif0q/computer/o/d/j/-original-imahg5fxcgfmvs2k.jpeg?q=70,https://www.flipkart.com/hp-amd-ryzen-5-hexa-core-5500u-8-gb-512-gb-ssd-windows-11-home-15s-eq2304au-thin-light-laptop/p/itm79cd7879eb1f2?pid=COMGYHP5UVCYJFJY&lid=LSTCOMGYHP5UVCYJFJYRZNEO0&marketplace=FLIPKART&q=ryzen+5+laptop&store=6bo%2Fb5g&srno=s_4_90&otracker=search&fm=organic&iid=9f46f13d-348e-4111-8352-4564d6050acd.COMGYHP5UVCYJFJY.SEARCH&ppt=sp&ppn=sp&ssid=6yjdkibmm80000001781258585301&qH=d9f4092b4fd45dbf&ov_redirect=true,flipkart
"Add to CompareASUS Zenbook 14 OLED AMD Ryzen 5 Hexa Core 7530U - (16 GB/512 GB SSD/Windows 11 Home) UM3402YA-KM541WS...4.559 Ratings&5 ReviewsAMD Ryzen 5 Hexa Core Processor16 GB LPDDR4X RAMWindows 11 Operating System512 GB SSD35.56 cm (14 Inch) Display1 Year Onsite Warranty₹74,900₹1,10,99032% offOnly 1 leftBank Offer",ASUS,74900.0,Intel Core i5,16.0,LPDDR4X,512.0,SSD,Intel Iris Xe,Windows 11,15.6,1920,1080,1,https://rukminim2.flixcart.com/image/416/416/xif0q/computer/r/a/h/um3402ya-km541ws-thin-and-light-laptop-asus-original-imahf7yvdbtfzcut.jpeg?q=70,https://www.flipkart.com/asus-zenbook-14-oled-amd-ryzen-5-hexa-core-7530u-16-gb-512-gb-ssd-windows-11-home-um3402ya-km541ws-thin-light-laptop/p/itmde571f9affd92?pid=COMGMGXF2U4ZJXVS&lid=LSTCOMGMGXF2U4ZJXVSBZ4NZG&marketplace=FLIPKART&q=ryzen+5+laptop&store=6bo%2Fb5g&srno=s_4_91&otracker=search&fm=organic&iid=9f46f13d-348e-4111-8352-4564d6050acd.COMGMGXF2U4ZJXVS.SEARCH&ppt=sp&ppn=sp&ssid=6yjdkibmm80000001781258585301&qH=d9f4092b4fd45dbf&ov_redirect=true,flipkart
"Add to CompareLenovo IdeaPad Slim 3 AMD Ryzen 5 Hexa Core 5625U - (16 GB/512 GB SSD/Windows 11 Home) IdeaPad Slim 3 ...3.624 Ratings&5 ReviewsAMD Ryzen 5 Hexa Core Processor16 GB DDR4 RAMWindows 11 Home Operating System512 GB SSD39.62 cm (15.6 Inch) DisplayOffice Home 20241 Year Onsite Warranty₹57,999₹65,04210% offOnly few leftBank Offer",Lenovo,57999.0,Intel Core i5,16.0,DDR4,512.0,SSD,Intel Iris Xe,Windows 11,15.6,1920,1080,1,https://rukminim2.flixcart.com/image/416/416/xif0q/computer/9/s/3/-original-imahex3tg6fxnye6.jpeg?q=70,https://www.flipkart.com/lenovo-ideapad-slim-3-amd-ryzen-5-hexa-core-5625u-16-gb-512-gb-ssd-windows-11-home-15abr8-thin-light-laptop/p/itm9a4b6aa8446d2?pid=COMHCSZSYHRTGSHA&lid=LSTCOMHCSZSYHRTGSHA0NQ1GW&marketplace=FLIPKART&q=ryzen+5+laptop&store=6bo%2Fb5g&srno=s_4_92&otracker=search&fm=organic&iid=9f46f13d-348e-4111-8352-4564d6050acd.COMHCSZSYHRTGSHA.SEARCH&ppt=sp&ppn=sp&ssid=6yjdkibmm80000001781258585301&qH=d9f4092b4fd45dbf&ov_redirect=true,flipkart
"Add to CompareASUS Vivobook Go 15 (2025) with Office 2024 + M365 Basic AMD Ryzen 5 Quad Core 40 - (8 GB/512 GB SSD/W...47 Ratings&0 ReviewsAMD Ryzen 5 Quad Core Processor8 GB DDR5 RAMWindows 11 Home Operating System512 GB SSD39.62 cm (15.6 inch) DisplayMSO 2024 for lifetime + Microsoft 365 Basic with 100GB Cloud Storage for 1 Year, One-Month Membership of Adobe Creative Cloud All Apps, McAfee 1 year1 Year Onsite Warranty₹59,990₹78,99024% offOnly 2 leftBank Offer",ASUS,59990.0,Intel Core i5,8.0,DDR5,512.0,SSD,Intel Iris Xe,Windows 11,15.6,1920,1080,1,https://rukminim2.flixcart.com/image/416/416/xif0q/computer/k/q/m/-original-imahmeb3nvyjudk6.jpeg?q=70,https://www.flipkart.com/asus-vivobook-go-15-2025-office-2024-m365-basic-amd-ryzen-5-quad-core-40-8-gb-512-gb-ssd-windows-11-home-e1504fa-bq2112ws-thin-light-laptop/p/itmf0e9edf0968dc?pid=COMHKDXBQH7GWQXG&lid=LSTCOMHKDXBQH7GWQXGFZA4CJ&marketplace=FLIPKART&q=ryzen+5+laptop&store=6bo%2Fb5g&srno=s_4_94&otracker=search&fm=organic&iid=9f46f13d-348e-4111-8352-4564d6050acd.COMHKDXBQH7GWQXG.SEARCH&ppt=sp&ppn=sp&ssid=6yjdkibmm80000001781258585301&qH=d9f4092b4fd45dbf&ov_redirect=true,flipkart
"Add to CompareHP AMD Ryzen 5 Hexa Core - (16 GB/512 GB SSD/Windows 11 Home) 15S-EQ2305AU Laptop38 Ratings&0 ReviewsAMD Ryzen 5 Hexa Core Processor16 GB DDR4 RAMWindows 11 Home Operating System512 GB SSD39.62 cm (15.6 Inch) Display1 Year Warranty₹52,055₹58,99011% offOnly 2 leftBank Offer",HP,52055.0,Intel Core i5,16.0,DDR4,512.0,SSD,Intel Iris Xe,Windows 11,15.6,1920,1080,1,https://rukminim2.flixcart.com/image/416/416/xif0q/computer/o/8/k/15s-laptop-hp-original-imagy4x5cuycwjuk.jpeg?q=70,https://www.flipkart.com/hp-amd-ryzen-5-hexa-core-16-gb-512-gb-ssd-windows-11-home-15s-eq2305au-laptop/p/itm94b8bbcdcfe17?pid=COMGY5ZHWJ2ZP44A&lid=LSTCOMGY5ZHWJ2ZP44AHSXTH8&marketplace=FLIPKART&q=ryzen+5+laptop&store=6bo%2Fb5g&srno=s_4_96&otracker=search&fm=organic&iid=9f46f13d-348e-4111-8352-4564d6050acd.COMGY5ZHWJ2ZP44A.SEARCH&ppt=sp&ppn=sp&ssid=6yjdkibmm80000001781258585301&qH=d9f4092b4fd45dbf&ov_redirect=true,flipkart
"Add to CompareLenovo IdeaPad Slim 1 AMD Ryzen 5 Quad Core 7520U - (8 GB/512 GB SSD/Windows 11 Home) 15AMN7 Thin and ...4.1302 Ratings&20 ReviewsAMD Ryzen 5 Quad Core Processor8 GB LPDDR5 RAMWindows 11 Operating System512 GB SSD39.62 cm (15.6 Inch) DisplayMicrosoft Office Home & Student 20211 Year Carry-in Warranty₹53,000₹66,80020% offOnly 1 leftBank Offer",Lenovo,53000.0,Intel Core i5,8.0,LPDDR5,512.0,SSD,Intel Iris Xe,Windows 11,15.6,1920,1080,1,https://rukminim2.flixcart.com/image/416/416/xif0q/computer/j/3/b/-original-imahg4uttu9ehf6z.jpeg?q=70,https://www.flipkart.com/lenovo-ideapad-slim-1-amd-ryzen-5-quad-core-7520u-8-gb-512-gb-ssd-windows-11-home-15amn7-thin-light-laptop/p/itm3680fb576eb7b?pid=COMGRU9ZMYRQWDH5&lid=LSTCOMGRU9ZMYRQWDH5DNBQUV&marketplace=FLIPKART&q=ryzen+5+laptop&store=6bo%2Fb5g&srno=s_5_98&otracker=search&fm=organic&iid=71a4befc-a227-4974-9303-f22224e88cd0.COMGRU9ZMYRQWDH5.SEARCH&ppt=sp&ppn=sp&ssid=zubjkfl82o0000001781258591158&qH=d9f4092b4fd45dbf&ov_redirect=true,flipkart
"Add to CompareHP G10 AMD Ryzen 5 Quad Core 7520U - (8 GB/512 GB SSD/Windows 11 Home) 245 G10 Thin and Light Laptop4.1331 Ratings&18 ReviewsAMD Ryzen 5 Quad Core Processor8 GB DDR4 RAM32 bit Windows 11 Home Operating System512 GB SSD35.56 cm (14 Inch) Display1 year Onsite Warranty₹51,999₹59,98013% offOnly 3 leftBank Offer",HP,51999.0,Intel Core i5,8.0,DDR4,512.0,SSD,Intel Iris Xe,Windows 11,15.6,1920,1080,1,https://rukminim2.flixcart.com/image/416/416/xif0q/computer/8/i/7/245-g10-thin-and-light-laptop-hp-original-imahegz58sz6xums.jpeg?q=70,https://www.flipkart.com/hp-g10-amd-ryzen-5-quad-core-7520u-8-gb-512-gb-ssd-windows-11-home-245-thin-light-laptop/p/itm1d1f9e7e80c58?pid=COMHEJWDBYEZBWZW&lid=LSTCOMHEJWDBYEZBWZWNBDEW0&marketplace=FLIPKART&q=ryzen+5+laptop&store=6bo%2Fb5g&srno=s_5_106&otracker=search&fm=organic&iid=71a4befc-a227-4974-9303-f22224e88cd0.COMHEJWDBYEZBWZW.SEARCH&ppt=sp&ppn=sp&ssid=zubjkfl82o0000001781258591158&qH=d9f4092b4fd45dbf&ov_redirect=true,flipkart
"Add to CompareASUS Vivobook 14 (2025) with Office 2024 + M365 Basic*, AMD Ryzen AI 5 Quad Core - (16 GB/512 GB SSD/W...AMD Ryzen AI 5 Quad Core Processor16 GB DDR5 RAMWindows 11 Home Operating System512 GB SSD35.56 cm (14 inch) DisplayMicrosoft Office Home 2024 (Lifetime Validity ) + Microsoft 365 Basic*(1-Year Validity), One-Month Membership of Adobe Creative Cloud All Apps, McAfee 1 year1 Year International Warranty₹63,490₹83,99824% offOnly 1 leftBank Offer",ASUS,63490.0,Intel Core i5,16.0,DDR5,512.0,SSD,Intel Iris Xe,Windows 11,15.6,1920,1080,1,https://rukminim2.flixcart.com/image/416/416/xif0q/computer/6/i/j/m1407ka-ly131ws-thin-and-light-laptop-asus-original-imahjqs4yjsugtzv.jpeg?q=70,https://www.flipkart.com/asus-vivobook-14-2025-office-2024-m365-basic-amd-ryzen-ai-5-quad-core-16-gb-512-gb-ssd-windows-11-home-m1407ka-ly131ws-thin-light-laptop/p/itmd952610f14a66?pid=COMHHF9UKHT4ZE9F&lid=LSTCOMHHF9UKHT4ZE9FBLZBQJ&marketplace=FLIPKART&q=ryzen+5+laptop&store=6bo%2Fb5g&srno=s_5_113&otracker=search&fm=organic&iid=71a4befc-a227-4974-9303-f22224e88cd0.COMHHF9UKHT4ZE9F.SEARCH&ppt=sp&ppn=sp&ssid=zubjkfl82o0000001781258591158&qH=d9f4092b4fd45dbf&ov_redirect=true,flipkart
"Add to CompareASUS Vivobook Go 15 (2025) with Office 2024 + M365 Basic AMD Ryzen 5 Quad Core 40 - (16 GB/512 GB SSD/...47 Ratings&0 ReviewsAMD Ryzen 5 Quad Core Processor16 GB DDR5 RAMWindows 11 Home Operating System512 GB SSD39.62 cm (15.6 inch) DisplayMSO 2024 for lifetime + Microsoft 365 Basic with 100GB Cloud Storage for 1 Year, One-Month Membership of Adobe Creative Cloud All Apps, McAfee 1 year1 Year Onsite Warranty₹60,990₹99,99039% offUpto₹42,600Off on ExchangeBank Offer",ASUS,60990.0,Intel Core i5,16.0,DDR5,512.0,SSD,Intel Iris Xe,Windows 11,15.6,1920,1080,1,https://rukminim2.flixcart.com/image/416/416/xif0q/computer/h/m/l/-original-imahmeb3esqacwqs.jpeg?q=70,https://www.flipkart.com/asus-vivobook-go-15-2025-office-2024-m365-basic-amd-ryzen-5-quad-core-40-16-gb-512-gb-ssd-windows-11-home-e1504fa-bq2116ws-thin-light-laptop/p/itm3b8f6022d7ac1?pid=COMHKDXBGYSEBACG&lid=LSTCOMHKDXBGYSEBACG0WDPIJ&marketplace=FLIPKART&q=ryzen+5+laptop&store=6bo%2Fb5g&srno=s_5_114&otracker=search&fm=organic&iid=71a4befc-a227-4974-9303-f22224e88cd0.COMHKDXBGYSEBACG.SEARCH&ppt=sp&ppn=sp&ssid=zubjkfl82o0000001781258591158&qH=d9f4092b4fd45dbf&ov_redirect=true,flipkart
"Add to CompareASUS AMD Ryzen 5 Quad Core - (16 GB/512 GB SSD/Windows 11 Home) E1404FA-NK542WS Laptop3.33 Ratings&0 ReviewsAMD Ryzen 5 Quad Core Processor16 GB DDR4 RAMWindows 11 Operating System512 GB SSD35.56 cm (14 Inch) Display1 Year Warranty₹58,400₹70,99017% offOnly 1 leftBank Offer",ASUS,58400.0,Intel Core i5,16.0,DDR4,512.0,SSD,Intel Iris Xe,Windows 11,15.6,1920,1080,1,https://rukminim2.flixcart.com/image/416/416/xif0q/computer/e/l/v/asus-vivobook-go-14-laptop-asus-original-imagzhz7svbybyxr.jpeg?q=70,https://www.flipkart.com/asus-amd-ryzen-5-quad-core-16-gb-512-gb-ssd-windows-11-home-e1404fa-nk542ws-laptop/p/itmfee59c6fc485f?pid=COMGZHZ7Z6PKFY5G&lid=LSTCOMGZHZ7Z6PKFY5GBMIWRD&marketplace=FLIPKART&q=ryzen+5+laptop&store=6bo%2Fb5g&srno=s_5_116&otracker=search&fm=organic&iid=71a4befc-a227-4974-9303-f22224e88cd0.COMGZHZ7Z6PKFY5G.SEARCH&ppt=sp&ppn=sp&ssid=zubjkfl82o0000001781258591158&qH=d9f4092b4fd45dbf&ov_redirect=true,flipkart
"Add to CompareDELL 15 AMD Ryzen 5 Quad Core 7520U - (8 GB/512 GB SSD/Windows 11 Home) DC15255 Thin and Light LaptopAMD Ryzen 5 Quad Core Processor8 GB LPDDR5 RAMWindows 11 Operating System512 GB SSD38.1 cm (15 Inch) Display1 Year Onsite Warranty₹61,990₹75,48917% offBank Offer",Dell,61990.0,Intel Core i5,8.0,LPDDR5,512.0,SSD,Intel Iris Xe,Windows 11,15.6,1920,1080,1,https://rukminim2.flixcart.com/image/416/416/xif0q/computer/x/x/k/-original-imahehgp9gdnutax.jpeg?q=70,https://www.flipkart.com/dell-15-amd-ryzen-5-quad-core-7520u-8-gb-512-gb-ssd-windows-11-home-dc15255-thin-light-laptop/p/itmb80bb4e819164?pid=COMHDXXUHGDCHMQX&lid=LSTCOMHDXXUHGDCHMQXUEUE9X&marketplace=FLIPKART&q=ryzen+5+laptop&store=6bo%2Fb5g&srno=s_5_118&otracker=search&fm=organic&iid=71a4befc-a227-4974-9303-f22224e88cd0.COMHDXXUHGDCHMQX.SEARCH&ppt=sp&ppn=sp&ssid=zubjkfl82o0000001781258591158&qH=d9f4092b4fd45dbf&ov_redirect=true,flipkart
"Add to CompareHP AMD Ryzen 5 Hexa Core 7530U - (8 GB/512 GB SSD/Windows 11 Home) 15-fh0014AU LaptopAMD Ryzen 5 Hexa Core Processor8 GB LPDDR5 RAM64 bit Windows 11 Operating System512 GB SSD39.62 cm (15.6 Inch) Touchscreen Display1 Year Onsite Warranty₹54,990₹84,39034% offOnly 3 leftUpto₹37,050Off on Exchange",HP,54990.0,Intel Core i5,8.0,LPDDR5,512.0,SSD,Intel Iris Xe,Windows 11,15.6,1920,1080,1,https://rukminim2.flixcart.com/image/416/416/xif0q/computer/j/n/i/-original-imahg5fxu3zjucuv.jpeg?q=70,https://www.flipkart.com/hp-amd-ryzen-5-hexa-core-7530u-8-gb-512-gb-ssd-windows-11-home-15-fh0014au-laptop/p/itmfca1755583aec?pid=COMGYAM9YHSESQMH&lid=LSTCOMGYAM9YHSESQMHO0OVW6&marketplace=FLIPKART&q=ryzen+5+laptop&store=6bo%2Fb5g&srno=s_6_124&otracker=search&fm=organic&iid=fd715f23-5846-46fa-a959-782e65bfc56a.COMGYAM9YHSESQMH.SEARCH&ppt=sp&ppn=sp&ssid=07ckbo18740000001781258595797&qH=d9f4092b4fd45dbf&ov_redirect=true,flipkart
"Add to CompareLenovo IdeaPad Slim 3 AMD Ryzen 5 Hexa Core 5500U - (16 GB/512 GB SSD/Windows 11 Home) Ideapad Slim 3 ...AMD Ryzen 5 Hexa Core Processor16 GB DDR5 RAM64 bit Windows 11 Operating System512 GB SSD39.62 cm (15.6 Inch) DisplayOffice Home and Student 20241 Year Onsite + 1 Year Accidental Damage Protection₹58,811₹75,59022% offOnly 3 leftUpto₹42,600Off on Exchange",Lenovo,58811.0,Intel Core i5,16.0,DDR5,512.0,SSD,Intel Iris Xe,Windows 11,15.6,1920,1080,1,https://rukminim2.flixcart.com/image/416/416/xif0q/computer/u/3/u/15alc7-thin-and-light-laptop-lenovo-original-imahk3fbzs2fjg3x.jpeg?q=70,https://www.flipkart.com/lenovo-ideapad-slim-3-amd-ryzen-5-hexa-core-5500u-16-gb-512-gb-ssd-windows-11-home-15amn8-thin-light-laptop/p/itme83dcbee489e2?pid=COMHHXUZXHXZTZBK&lid=LSTCOMHHXUZXHXZTZBKMZTYS4&marketplace=FLIPKART&q=ryzen+5+laptop&store=6bo%2Fb5g&srno=s_6_129&otracker=search&fm=organic&iid=fd715f23-5846-46fa-a959-782e65bfc56a.COMHHXUZXHXZTZBK.SEARCH&ppt=sp&ppn=sp&ssid=07ckbo18740000001781258595797&qH=d9f4092b4fd45dbf&ov_redirect=true,flipkart
"Add to CompareHP AMD Ryzen 5 Hexa Core 7530U - (8 GB/512 GB SSD/Windows 11 Home) 15-fc0388AU Thin and Light LaptopAMD Ryzen 5 Hexa Core Processor8 GB DDR4 RAMWindows 11 Home Operating System512 GB SSD39.62 cm (15.6 inch) DisplayMS Office Home 2024 + 1 year M365 Basic1 Year Onsite Warranty₹50,900₹59,99815% offOnly few leftBank Offer",HP,50900.0,Intel Core i5,8.0,DDR4,512.0,SSD,Intel Iris Xe,Windows 11,15.6,1920,1080,1,https://rukminim2.flixcart.com/image/416/416/xif0q/computer/r/3/y/15-fc0388au-thin-and-light-laptop-hp-original-imahkf5jkhc8nghr.jpeg?q=70,https://www.flipkart.com/hp-amd-ryzen-5-hexa-core-7530u-8-gb-512-gb-ssd-windows-11-home-15-fc0388au-thin-light-laptop/p/itmb763294e17b16?pid=COMHKF5JNHG6BEHP&lid=LSTCOMHKF5JNHG6BEHPGBRIJC&marketplace=FLIPKART&q=ryzen+5+laptop&store=6bo%2Fb5g&srno=s_6_130&otracker=search&fm=organic&iid=fd715f23-5846-46fa-a959-782e65bfc56a.COMHKF5JNHG6BEHP.SEARCH&ppt=sp&ppn=sp&ssid=07ckbo18740000001781258595797&qH=d9f4092b4fd45dbf&ov_redirect=true,flipkart
"Add to CompareASUS Vivobook S16 (2026) with Office 2024 + M365 Basic*, AMD Ryzen 5 220 - (16 GB/512 GB SSD/Windows 1...AMD Ryzen 5 Processor16 GB DDR5 RAMWindows 11 Home Operating System512 GB SSD40.64 cm (16 inch) DisplayMSO 2024 for lifetime + Microsoft 365 Basic with 100GB Cloud Storage for 1 Year, McAfee 1 year1 Year Onsite Warranty₹76,990₹1,47,99047% offUpto₹42,600Off on ExchangeBank Offer",ASUS,76990.0,Amd Ryzen 5 220,16.0,DDR5,512.0,SSD,Intel Iris Xe,Windows 11,15.6,1920,1080,1,https://rukminim2.flixcart.com/image/416/416/xif0q/computer/v/f/o/-original-imahn8gqzppadzfc.jpeg?q=70,https://www.flipkart.com/asus-vivobook-s16-2026-office-2024-m365-basic-amd-ryzen-5-220-16-gb-512-gb-ssd-windows-11-home-m3607ha-rp218ws-thin-light-laptop/p/itmc89f2646e56ea?pid=COMHHHBZD7A5VNH7&lid=LSTCOMHHHBZD7A5VNH7HKZNWA&marketplace=FLIPKART&q=ryzen+5+laptop&store=6bo%2Fb5g&srno=s_6_132&otracker=search&fm=organic&iid=fd715f23-5846-46fa-a959-782e65bfc56a.COMHHHBZD7A5VNH7.SEARCH&ppt=sp&ppn=sp&ssid=07ckbo18740000001781258595797&qH=d9f4092b4fd45dbf&ov_redirect=true,flipkart
"Add to CompareLenovo AMD Ryzen 5 Quad Core - (16 GB/512 GB SSD/Windows 11 Home) V15 Thin and Light LaptopAMD Ryzen 5 Quad Core Processor16 GB DDR4 RAMWindows 11 Operating System512 GB SSD39.62 cm (15.6 inch) Display1 Year Onsite Brand Warranty₹56,986₹59,9995% offOnly few leftBank Offer",Lenovo,56986.0,Intel Core i5,16.0,DDR4,512.0,SSD,Intel Iris Xe,Windows 11,15.6,1920,1080,1,https://rukminim2.flixcart.com/image/416/416/xif0q/computer/u/i/b/v15-g4-thin-and-light-laptop-lenovo-original-imahkpzxkxngptpg.jpeg?q=70,https://www.flipkart.com/lenovo-amd-ryzen-5-quad-core-16-gb-512-gb-ssd-windows-11-home-v15-thin-light-laptop/p/itmd7282dfaeb5de?pid=COMHASN4VYVF2NWY&lid=LSTCOMHASN4VYVF2NWYJEOPYP&marketplace=FLIPKART&q=ryzen+5+laptop&store=6bo%2Fb5g&srno=s_6_141&otracker=search&fm=organic&iid=fd715f23-5846-46fa-a959-782e65bfc56a.COMHASN4VYVF2NWY.SEARCH&ppt=sp&ppn=sp&ssid=07ckbo18740000001781258595797&qH=d9f4092b4fd45dbf&ov_redirect=true,flipkart
"Add to CompareHP OmniBook 5 AMD Ryzen AI 5 Quad Core 5 340 - (16 GB/512 GB SSD/Windows 11 Home) 16-ag1037au Thin and...AMD Ryzen AI 5 Quad Core Processor16 GB LPDDR5X RAMWindows 11 Home Operating System512 GB SSD40.64 cm (16 inch) DisplayMicrosoft Office Home 2024 + Microsoft 365 Basic1 Year warranty₹72,765₹85,96515% offOnly 1 leftBank Offer",HP,72765.0,Intel Core i5,16.0,LPDDR5X,512.0,SSD,Intel Iris Xe,Windows 11,15.6,1920,1080,1,https://rukminim2.flixcart.com/image/416/416/xif0q/computer/e/t/i/16-ag1037au-thin-and-light-laptop-hp-original-imahhubdhdy3zzfh.jpeg?q=70,https://www.flipkart.com/hp-omnibook-5-amd-ryzen-ai-quad-core-340-16-gb-512-gb-ssd-windows-11-home-16-ag1037au-thin-light-laptop/p/itmad1fcf19f852c?pid=COMHHUBDZXJKMGK7&lid=LSTCOMHHUBDZXJKMGK7YB2EQI&marketplace=FLIPKART&q=ryzen+5+laptop&store=6bo%2Fb5g&srno=s_6_142&otracker=search&fm=organic&iid=fd715f23-5846-46fa-a959-782e65bfc56a.COMHHUBDZXJKMGK7.SEARCH&ppt=sp&ppn=sp&ssid=07ckbo18740000001781258595797&qH=d9f4092b4fd45dbf&ov_redirect=true,flipkart
"Add to CompareHP AMD Ryzen 5 Hexa Core 5500U - (8 GB/512 GB SSD/Windows 11 Home) 15s- eq2223AU Thin and Light Laptop4.21,216 Ratings&78 ReviewsAMD Ryzen 5 Hexa Core Processor8 GB DDR4 RAM64 bit Windows 11 Operating System512 GB SSD39.62 cm (15.6 Inch) Display1 Year Onsite Warranty₹53,990₹55,9903% offOnly few leftBank Offer",HP,53990.0,Intel Core i5,8.0,DDR4,512.0,SSD,Intel Iris Xe,Windows 11,15.6,1920,1080,1,https://rukminim2.flixcart.com/image/416/416/xif0q/computer/a/l/k/-original-imahg52kkdm6ebrx.jpeg?q=70,https://www.flipkart.com/hp-amd-ryzen-5-hexa-core-5500u-8-gb-512-gb-ssd-windows-11-home-15s-eq2223au-thin-light-laptop/p/itm2f070129053ed?pid=COMGZ7FRUHRF8AA3&lid=LSTCOMGZ7FRUHRF8AA3IIG9K2&marketplace=FLIPKART&q=ryzen+5+laptop&store=6bo%2Fb5g&srno=s_7_148&otracker=search&fm=organic&iid=5fbb8cc0-15a7-442f-a610-44e4cb324387.COMGZ7FRUHRF8AA3.SEARCH&ppt=sp&ppn=sp&ssid=g07sitf1ps0000001781258600663&qH=d9f4092b4fd45dbf&ov_redirect=true,flipkart
"Add to CompareHP HP Pavilion Aero AMD Ryzen 5 8640U - (16 GB/512 GB SSD/Windows 10 Home) bg0016AU NotebookAMD Ryzen 5 Processor16 GB LPDDR5X RAMWindows 11 Home Operating System512 GB SSD33.78 cm (13.3 Inch) DisplayONSITE₹68,266₹79,99914% offOnly 1 leftBank Offer",HP,68266.0,Amd Ryzen 5 8640U,16.0,LPDDR5X,512.0,SSD,Intel Iris Xe,Windows 11,13.3,1920,1080,1,https://rukminim2.flixcart.com/image/416/416/xif0q/computer/s/c/o/hp-pavilion-aero-lightest-ai-pc-amd-ryzen-5-8640u-13-3-inch-original-imah6h9fmxpp3hfh.jpeg?q=70,https://www.flipkart.com/hp-pavilion-aero-amd-ryzen-5-8640u-16-gb-512-gb-ssd-windows-10-home-bg0016au-notebook/p/itm68b20bcbc5ba6?pid=COMH6H9FZZZJGEFE&lid=LSTCOMH6H9FZZZJGEFERPYPVR&marketplace=FLIPKART&q=ryzen+5+laptop&store=6bo%2Fb5g&srno=s_7_157&otracker=search&fm=organic&iid=5fbb8cc0-15a7-442f-a610-44e4cb324387.COMH6H9FZZZJGEFE.SEARCH&ppt=sp&ppn=sp&ssid=g07sitf1ps0000001781258600663&qH=d9f4092b4fd45dbf&ov_redirect=true,flipkart
"Add to CompareLenovo IdeaPad Flex 5 AMD Ryzen 5 Hexa Core 5625U - (16 GB/512 GB SSD/Windows 11 Home) IdeaPad Flex 5 ...45 Ratings&0 ReviewsAMD Ryzen 5 Hexa Core Processor16 GB LPDDR4X RAMWindows 11 Home Operating System512 GB SSD35.56 cm (14 Inch) DisplayOffice Home 20241 Year Onsite Warranty₹69,990₹95,00026% offOnly 1 leftBank Offer",Lenovo,69990.0,Intel Core i5,16.0,LPDDR4X,512.0,SSD,Intel Iris Xe,Windows 11,15.6,1920,1080,1,https://rukminim2.flixcart.com/image/416/416/xif0q/computer/416/416/f/-original-imahex3ufnqdmnwt.jpeg?q=70,https://www.flipkart.com/lenovo-ideapad-flex-5-amd-ryzen-hexa-core-5625u-16-gb-512-gb-ssd-windows-11-home-14abr8-thin-light-laptop/p/itm57c73da7ea00c?pid=COMHCYMHFXBXMEZB&lid=LSTCOMHCYMHFXBXMEZB25DTMT&marketplace=FLIPKART&q=ryzen+5+laptop&store=6bo%2Fb5g&srno=s_7_164&otracker=search&fm=organic&iid=5fbb8cc0-15a7-442f-a610-44e4cb324387.COMHCYMHFXBXMEZB.SEARCH&ppt=sp&ppn=sp&ssid=g07sitf1ps0000001781258600663&qH=d9f4092b4fd45dbf&ov_redirect=true,flipkart
"Add to CompareHP 8540u AMD Ryzen 5 - (16 GB/512 GB SSD/Windows 11 Pro) ELITEBOOK 845 G11 LaptopAMD Ryzen 5 Processor16 GB LPDDR5 RAMWindows 11 Operating System512 GB SSD35.56 cm (14 Inch) Displaywindows 11, ms office 2021 home and student3 YEARS₹72,996₹1,09,59933% offOnly few leftBank Offer",HP,72996.0,Intel Core i5,16.0,LPDDR5,512.0,SSD,Intel Iris Xe,Windows 11,15.6,1920,1080,1,https://rukminim2.flixcart.com/image/416/416/xif0q/computer/y/d/q/elitebook-laptop-hp-original-imahg68zuqqzcy6u.jpeg?q=70,https://www.flipkart.com/hp-8540u-amd-ryzen-5-16-gb-512-gb-ssd-windows-11-pro-elitebook-845-g11-laptop/p/itmcda9940dad78e?pid=COMHG68ZHMGRW6D5&lid=LSTCOMHG68ZHMGRW6D5DYKQUD&marketplace=FLIPKART&q=ryzen+5+laptop&store=6bo%2Fb5g&srno=s_7_166&otracker=search&fm=organic&iid=5fbb8cc0-15a7-442f-a610-44e4cb324387.COMHG68ZHMGRW6D5.SEARCH&ppt=sp&ppn=sp&ssid=g07sitf1ps0000001781258600663&qH=d9f4092b4fd45dbf&ov_redirect=true,flipkart
"Add to CompareLenovo AMD Ryzen 5 - (8 GB/512 GB SSD/Windows 11 Home) 82R400BGIN Thin and Light Laptop4.117 Ratings&0 ReviewsAMD Ryzen 5 Processor8 GB DDR4 RAMWindows 11 Operating System512 GB SSD39.62 cm (15.6 Inch) Display1 Yr. Onsite + 1 Yr. Accidental Damage Protection₹37,990₹55,00030% offOnly 4 leftBank Offer",Lenovo,37990.0,Intel Core i5,8.0,DDR4,512.0,SSD,Intel Iris Xe,Windows 11,15.6,1920,1080,1,https://rukminim2.flixcart.com/image/416/416/xif0q/computer/s/s/k/-original-imahex3t9hfeteqt.jpeg?q=70,https://www.flipkart.com/lenovo-amd-ryzen-5-8-gb-512-gb-ssd-windows-11-home-82r400bgin-thin-light-laptop/p/itm09d699c84f79a?pid=COMGTTBFCYKUHQEG&lid=LSTCOMGTTBFCYKUHQEGSZRI7Q&marketplace=FLIPKART&q=ryzen+5+laptop&store=6bo%2Fb5g&srno=s_7_167&otracker=search&fm=organic&iid=5fbb8cc0-15a7-442f-a610-44e4cb324387.COMGTTBFCYKUHQEG.SEARCH&ppt=sp&ppn=sp&ssid=g07sitf1ps0000001781258600663&qH=d9f4092b4fd45dbf&ov_redirect=true,flipkart
"Add to CompareASUS Expertbook AMD Ryzen 5 Hexa Core 150 - (16 GB/512 GB SSD/Windows 11 Home) PM1503CDA-S70546WS Lapt...AMD Ryzen 5 Hexa Core Processor16 GB DDR5 RAMWindows 11 Home Operating System512 GB SSD39.62 cm (15.6 inch) DisplayMicrosoft Office Home 2024 + Microsoft 365 Basic1 Year Onsite Service₹58,990₹1,69,99065% offUpto₹42,600Off on ExchangeBank Offer",ASUS,58990.0,Intel Core i5,16.0,DDR5,512.0,SSD,Intel Iris Xe,Windows 11,15.6,1920,1080,1,https://rukminim2.flixcart.com/image/416/416/xif0q/computer/t/v/1/-original-imahndkuxqnmrcft.jpeg?q=70,https://www.flipkart.com/asus-expertbook-amd-ryzen-5-hexa-core-150-16-gb-512-gb-ssd-windows-11-home-pm1503cda-s70546ws-laptop/p/itmb2cdbe5dbfbb8?pid=COMHHT9GCKNHQSZZ&lid=LSTCOMHHT9GCKNHQSZZAL3XZV&marketplace=FLIPKART&q=ryzen+5+laptop&store=6bo%2Fb5g&srno=s_7_168&otracker=search&fm=organic&iid=5fbb8cc0-15a7-442f-a610-44e4cb324387.COMHHT9GCKNHQSZZ.SEARCH&ppt=sp&ppn=sp&ssid=g07sitf1ps0000001781258600663&qH=d9f4092b4fd45dbf&ov_redirect=true,flipkart
"Add to CompareHP AMD Ryzen 5 Hexa Core 5500U - (8 GB/512 GB SSD/Windows 11 Home) 15s- eq2304au Thin and Light LaptopAMD Ryzen 5 Hexa Core Processor8 GB DDR4 RAM64 bit Windows 11 Operating System512 GB SSD39.62 cm (15.6 inch) DisplayMicrosoft Office 2021 Home & Student1 Year Onsite Warranty₹53,990₹59,9009% offOnly 5 leftBank Offer",HP,53990.0,Intel Core i5,8.0,DDR4,512.0,SSD,Intel Iris Xe,Windows 11,15.6,1920,1080,1,https://rukminim2.flixcart.com/image/416/416/xif0q/computer/v/7/b/15s-eq2304au-thin-and-light-laptop-hp-original-imahkf5pwk88hjzx.jpeg?q=70,https://www.flipkart.com/hp-amd-ryzen-5-hexa-core-5500u-8-gb-512-gb-ssd-windows-11-home-15s-eq2304au-thin-light-laptop/p/itm79cd7879eb1f2?pid=COMHKF5PE6PFFGHS&lid=LSTCOMHKF5PE6PFFGHSWXIQBZ&marketplace=FLIPKART&q=ryzen+5+laptop&store=6bo%2Fb5g&srno=s_8_172&otracker=search&fm=organic&iid=c58ab793-aa87-4928-ad56-d1a0ae13eefa.COMHKF5PE6PFFGHS.SEARCH&ppt=sp&ppn=sp&ssid=5vqh6tq6740000001781258606115&qH=d9f4092b4fd45dbf&ov_redirect=true,flipkart
"Add to CompareHP EliteBook 845 G11 AMD Ryzen 5 8540U - (8 GB/512 GB SSD/Windows 11 Pro) 845 G11 Business LaptopAMD Ryzen 5 Processor8 GB DDR5 RAM64 bit Windows 11 Operating System512 GB SSD35.56 cm (14 inch) DisplayHP COMPANY WARRANTY₹70,018₹85,99018% offOnly 5 leftBank Offer",HP,70018.0,Amd Ryzen 5 8540U,8.0,DDR5,512.0,SSD,Intel Iris Xe,Windows 11,15.6,1920,1080,1,https://rukminim2.flixcart.com/image/416/416/xif0q/computer/7/q/x/elitebook-845-g11-business-laptop-hp-original-imahgjfaygqz8dhh.jpeg?q=70,https://www.flipkart.com/hp-elitebook-845-g11-amd-ryzen-5-8540u-8-gb-512-gb-ssd-windows-11-pro-business-laptop/p/itmcd6da186a8eb6?pid=COMHGJFAYXGNEUXG&lid=LSTCOMHGJFAYXGNEUXGOKFOST&marketplace=FLIPKART&q=ryzen+5+laptop&store=6bo%2Fb5g&srno=s_8_174&otracker=search&fm=organic&iid=c58ab793-aa87-4928-ad56-d1a0ae13eefa.COMHGJFAYXGNEUXG.SEARCH&ppt=sp&ppn=sp&ssid=5vqh6tq6740000001781258606115&qH=d9f4092b4fd45dbf&ov_redirect=true,flipkart
"Add to CompareHP AMD Ryzen 5 Quad Core 7520U - (8 GB/512 GB SSD/Windows 11 Home) 15-fc0155AU Thin and Light LaptopAMD Ryzen 5 Quad Core Processor8 GB LPDDR5 RAM64 bit Windows 11 Home Operating System512 GB SSD39.62 cm (15.6 Inch) Display1 Year Onsite Warranty₹52,490₹58,99011% offOnly 1 leftBank Offer",HP,52490.0,Intel Core i5,8.0,LPDDR5,512.0,SSD,Intel Iris Xe,Windows 11,15.6,1920,1080,1,https://rukminim2.flixcart.com/image/416/416/xif0q/computer/d/o/s/15-fc0155au-thin-and-light-laptop-hp-original-imahguhffrmfqmzf.jpeg?q=70,https://www.flipkart.com/hp-amd-ryzen-5-quad-core-7520u-8-gb-512-gb-ssd-windows-11-home-15-fc0155au-thin-light-laptop/p/itmd9ac5762d7458?pid=COMHGYHZFGS8SNUX&lid=LSTCOMHGYHZFGS8SNUX60UVVC&marketplace=FLIPKART&q=ryzen+5+laptop&store=6bo%2Fb5g&srno=s_8_175&otracker=search&fm=organic&iid=c58ab793-aa87-4928-ad56-d1a0ae13eefa.COMHGYHZFGS8SNUX.SEARCH&ppt=sp&ppn=sp&ssid=5vqh6tq6740000001781258606115&qH=d9f4092b4fd45dbf&ov_redirect=true,flipkart
"Add to CompareASUS Vivobook 14 (2025) with Office 2024 + M365 Basic*, AMD Ryzen AI 5 Quad Core - (16 GB/512 GB SSD/W...AMD Ryzen AI 5 Quad Core Processor16 GB DDR5 RAMWindows 11 Home Operating System512 GB SSD35.56 cm (14 Inch) DisplayMicrosoft Office Home 2024 (Lifetime Validity ) + Microsoft 365 Basic*(1-Year Validity), One-Month Membership of Adobe Creative Cloud All Apps, McAfee 1 year1 Year Onsite Warranty₹63,990₹81,99021% offOnly 2 leftBank Offer",ASUS,63990.0,Intel Core i5,16.0,DDR5,512.0,SSD,Intel Iris Xe,Windows 11,15.6,1920,1080,1,https://rukminim2.flixcart.com/image/416/416/xif0q/computer/2/t/e/x1407ca-ly102ws-thin-and-light-laptop-asus-original-imah89qezhgetgqp.jpeg?q=70,https://www.flipkart.com/asus-vivobook-14-2025-office-2024-m365-basic-amd-ryzen-ai-5-quad-core-16-gb-512-gb-ssd-windows-11-home-m1407ka-ly132ws-thin-light-laptop/p/itm5408e55b8d5b3?pid=COMHEZZTM4NCCAJJ&lid=LSTCOMHEZZTM4NCCAJJ7AOX3R&marketplace=FLIPKART&q=ryzen+5+laptop&store=6bo%2Fb5g&srno=s_8_178&otracker=search&fm=organic&iid=c58ab793-aa87-4928-ad56-d1a0ae13eefa.COMHEZZTM4NCCAJJ.SEARCH&ppt=sp&ppn=sp&ssid=5vqh6tq6740000001781258606115&qH=d9f4092b4fd45dbf&ov_redirect=true,flipkart
"Add to CompareASUS Vivobook Go 15 AMD Ryzen 5 Dual Core 7520U - (8 GB/512 GB SSD/Windows 11 Home) E1504FA-NJ133WS+E1...AMD Ryzen 5 Dual Core Processor8 GB LPDDR5 RAM64 bit Windows 11 Home Operating System512 GB SSD39.62 cm (15.6 Inch) Display1 Year Onsite Warranty₹53,999₹65,55517% offOnly 1 leftBank Offer",ASUS,53999.0,Intel Core i5,8.0,LPDDR5,512.0,SSD,Intel Iris Xe,Windows 11,15.6,1920,1080,1,https://rukminim2.flixcart.com/image/416/416/xif0q/computer/2/j/o/vivobook-go-15-laptop-asus-original-imahdahjhzghghbd.jpeg?q=70,https://www.flipkart.com/asus-vivobook-go-15-amd-ryzen-5-dual-core-7520u-8-gb-512-gb-ssd-windows-11-home-e1504fa-nj133ws-e1504fa-nj522ws-thin-light-laptop/p/itm53871e971ea27?pid=COMHGCDUPS9CQ7NP&lid=LSTCOMHGCDUPS9CQ7NPOTR4CX&marketplace=FLIPKART&q=ryzen+5+laptop&store=6bo%2Fb5g&srno=s_8_179&otracker=search&fm=organic&iid=c58ab793-aa87-4928-ad56-d1a0ae13eefa.COMHGCDUPS9CQ7NP.SEARCH&ppt=sp&ppn=sp&ssid=5vqh6tq6740000001781258606115&qH=d9f4092b4fd45dbf&ov_redirect=true,flipkart
"Add to CompareHP 255 G8 Silver AMD Ryzen 5 Hexa Core 5500U - (8 GB/256 GB SSD/Windows 11 Home) 255 Business LaptopAMD Ryzen 5 Hexa Core Processor8 GB DDR4 RAM32 bit Windows 11 Operating System256 GB SSD39.62 cm (15.6 inch) DisplayWindows1 year Domestic warranty₹55,945₹59,9906% offOnly few leftBank Offer",HP,55945.0,Intel Core i5,8.0,DDR4,256.0,SSD,Intel Iris Xe,Windows 11,15.6,1920,1080,1,https://rukminim2.flixcart.com/image/416/416/xif0q/computer/y/f/4/255-g8-laptop-business-laptop-hp-original-imahkf5ntmtwf34j.jpeg?q=70,https://www.flipkart.com/hp-255-g8-silver-amd-ryzen-5-hexa-core-5500u-8-gb-256-gb-ssd-windows-11-home-business-laptop/p/itmbd0ffa4ad7e1f?pid=COMHKF5NTVZFRGF9&lid=LSTCOMHKF5NTVZFRGF9NPGM89&marketplace=FLIPKART&q=ryzen+5+laptop&store=6bo%2Fb5g&srno=s_8_182&otracker=search&fm=organic&iid=c58ab793-aa87-4928-ad56-d1a0ae13eefa.COMHKF5NTVZFRGF9.SEARCH&ppt=sp&ppn=sp&ssid=5vqh6tq6740000001781258606115&qH=d9f4092b4fd45dbf&ov_redirect=true,flipkart
"Add to CompareHP 245 G9 Silver AMD Ryzen 5 Hexa Core 5625U - (8 GB/512 GB SSD/Windows 11 Home) 245 G9 Laptop3.742 Ratings&9 ReviewsAMD Ryzen 5 Hexa Core Processor8 GB DDR4 RAM64 bit Windows 11 Operating System512 GB SSD35.81 cm (14.1 Inch) DisplayWindows 111 year onsite warranty₹48,320₹51,9997% offOnly 1 leftBank Offer",HP,48320.0,Intel Core i5,8.0,DDR4,512.0,SSD,Intel Iris Xe,Windows 11,14.1,1920,1080,1,https://rukminim2.flixcart.com/image/416/416/xif0q/computer/m/h/6/245-g9-laptop-hp-original-imah3avk8tpqgnzz.jpeg?q=70,https://www.flipkart.com/hp-245-g9-silver-amd-ryzen-5-hexa-core-5625u-8-gb-512-gb-ssd-windows-11-home-laptop/p/itma488dac338fb5?pid=COMH39AT4QUGQPFT&lid=LSTCOMH39AT4QUGQPFTAV6QL5&marketplace=FLIPKART&q=ryzen+5+laptop&store=6bo%2Fb5g&srno=s_8_186&otracker=search&fm=organic&iid=c58ab793-aa87-4928-ad56-d1a0ae13eefa.COMH39AT4QUGQPFT.SEARCH&ppt=sp&ppn=sp&ssid=5vqh6tq6740000001781258606115&qH=d9f4092b4fd45dbf&ov_redirect=true,flipkart
"Add to CompareLenovo IdeaPad 1 AMD Ryzen 5 Hexa Core 5500U - (8 GB/512 GB SSD/Windows 11 Home) IdeaPad 1 15ALC7 Thin...3.65 Ratings&0 ReviewsAMD Ryzen 5 Hexa Core Processor8 GB DDR4 RAMWindows 11 Home Operating System512 GB SSD39.62 cm (15.6 Inch) DisplayOffice Home 20241 Year Onsite Warranty₹50,999₹54,9997% offOnly few leftBank Offer",Lenovo,50999.0,Intel Core i5,8.0,DDR4,512.0,SSD,Intel Iris Xe,Windows 11,15.6,1920,1080,1,https://rukminim2.flixcart.com/image/416/416/xif0q/computer/n/e/r/-original-imah2h5h5zs2gjej.jpeg?q=70,https://www.flipkart.com/lenovo-ideapad-1-amd-ryzen-5-hexa-core-5500u-8-gb-512-gb-ssd-windows-11-home-15alc7-thin-light-laptop/p/itm24ef45be190fa?pid=COMHEWAJQ2SZUGGM&lid=LSTCOMHEWAJQ2SZUGGMBOBQJV&marketplace=FLIPKART&q=ryzen+5+laptop&store=6bo%2Fb5g&srno=s_8_189&otracker=search&fm=organic&iid=c58ab793-aa87-4928-ad56-d1a0ae13eefa.COMHEWAJQ2SZUGGM.SEARCH&ppt=sp&ppn=sp&ssid=5vqh6tq6740000001781258606115&qH=d9f4092b4fd45dbf&ov_redirect=true,flipkart
"Add to CompareASUS AMD Ryzen 5 AMD Ryzen AI 5 330 - (16 GB/512 GB SSD/Windows 11 Home) M3407KA-SF2501WS LaptopAMD Ryzen 5 Processor16 GB DDR5 RAMWindows 11 Home Operating System512 GB SSD35.56 cm (14 inch) Display1 Year Manufacturer Warranty₹77,990₹93,99017% offOnly 1 leftBank Offer",ASUS,77990.0,Intel Core i5,16.0,DDR5,512.0,SSD,Intel Iris Xe,Windows 11,15.6,1920,1080,1,https://rukminim2.flixcart.com/image/416/416/xif0q/computer/416/416/q/m3407ka-sf2501ws-laptop-asus-original-imahn3zaer242apr.jpeg?q=70,https://www.flipkart.com/asus-amd-ryzen-5-ai-330-16-gb-512-gb-ssd-windows-11-home-m3407ka-sf2501ws-laptop/p/itm3ed10d95b82c1?pid=COMHN4FDJYHKYYHF&lid=LSTCOMHN4FDJYHKYYHF9DNFJJ&marketplace=FLIPKART&q=ryzen+5+laptop&store=6bo%2Fb5g&srno=s_8_191&otracker=search&fm=organic&iid=c58ab793-aa87-4928-ad56-d1a0ae13eefa.COMHN4FDJYHKYYHF.SEARCH&ppt=sp&ppn=sp&ssid=5vqh6tq6740000001781258606115&qH=d9f4092b4fd45dbf&ov_redirect=true,flipkart
"Add to CompareLenovo IdeaPad 5 2-in-1 WUXGA IPS AMD Ryzen 5 Hexa Core 8645HS - (16 GB/512 GB SSD/Windows 11 Home) 14...3.821 Ratings&3 ReviewsAMD Ryzen 5 Hexa Core Processor16 GB LPDDR5X RAMWindows 11 Operating System512 GB SSD35.56 cm (14 Inch) Touchscreen DisplayOffice Home & Student 20211 Year Carry-in Warranty₹85,890₹95,99010% offOnly 1 leftBank Offer",Lenovo,85890.0,Intel Core i5,16.0,LPDDR5X,512.0,SSD,Intel Iris Xe,Windows 11,15.6,1920,1080,1,https://rukminim2.flixcart.com/image/416/416/xif0q/computer/w/q/f/-original-imahg52nudzcexas.jpeg?q=70,https://www.flipkart.com/lenovo-ideapad-5-2-in-1-wuxga-ips-amd-ryzen-hexa-core-8645hs-16-gb-512-gb-ssd-windows-11-home-14ahp9-2-1-laptop/p/itm1795dad2ff938?pid=COMHYVZSZ5EXC7JQ&lid=LSTCOMHYVZSZ5EXC7JQHRKSNY&marketplace=FLIPKART&q=ryzen+5+laptop&store=6bo%2Fb5g&srno=s_9_193&otracker=search&fm=organic&iid=434b6446-830d-4590-9057-76f4a7589301.COMHYVZSZ5EXC7JQ.SEARCH&ppt=sp&ppn=sp&ssid=8ygk014jow0000001781258612630&qH=d9f4092b4fd45dbf&ov_redirect=true,flipkart
"Add to CompareHP AMD Ryzen 5 Hexa Core 5500U - (8 GB/512 GB SSD/Windows 10 Home) 15s-EQ2040AU Thin and Light LaptopAMD Ryzen 5 Hexa Core Processor8 GB DDR4 RAM64 bit Windows 10 Operating System512 GB SSD39.62 cm (15.6 inch) DisplayMicrosoft Office 2019 & Office 365, HP Documentation, HP BIOS Recovery, HP Smart1 Year Onsite Warranty₹50,990₹60,99916% offOnly few leftBank Offer",HP,50990.0,Intel Core i5,8.0,DDR4,512.0,SSD,Intel Iris Xe,Windows 10,15.6,1920,1080,1,https://rukminim2.flixcart.com/image/416/416/xif0q/computer/c/7/j/na-thin-and-light-laptop-hp-original-imahkf5jvjzfsgcd.jpeg?q=70,https://www.flipkart.com/hp-amd-ryzen-5-hexa-core-5500u-8-gb-512-gb-ssd-windows-10-home-15s-eq2040au-thin-light-laptop/p/itmd6f033a4d0056?pid=COMHKF5KBWRCTYNC&lid=LSTCOMHKF5KBWRCTYNCRPKBMM&marketplace=FLIPKART&q=ryzen+5+laptop&store=6bo%2Fb5g&srno=s_9_194&otracker=search&fm=organic&iid=434b6446-830d-4590-9057-76f4a7589301.COMHKF5KBWRCTYNC.SEARCH&ppt=sp&ppn=sp&ssid=8ygk014jow0000001781258612630&qH=d9f4092b4fd45dbf&ov_redirect=true,flipkart
"Add to CompareHP AMD Ryzen 5 Quad Core - (8 GB/512 GB SSD/Windows 11 Home) 14-em0026AU Thin and Light LaptopAMD Ryzen 5 Quad Core Processor8 GB LPDDR5 RAMWindows 11 Home Operating System512 GB SSD35.56 cm (14 inch) Display1 Year₹50,946₹59,99915% offOnly few leftBank Offer",HP,50946.0,Intel Core i5,8.0,LPDDR5,512.0,SSD,Intel Iris Xe,Windows 11,15.6,1920,1080,1,https://rukminim2.flixcart.com/image/416/416/xif0q/computer/x/h/z/14-em0026au-thin-and-light-laptop-hp-original-imahkf5jktqnkkyz.jpeg?q=70,https://www.flipkart.com/hp-amd-ryzen-5-quad-core-8-gb-512-gb-ssd-windows-11-home-14-em0026au-thin-light-laptop/p/itm3ecbdee8b5789?pid=COMHKF5K4YGZEUWS&lid=LSTCOMHKF5K4YGZEUWSULIR0W&marketplace=FLIPKART&q=ryzen+5+laptop&store=6bo%2Fb5g&srno=s_9_195&otracker=search&fm=organic&iid=434b6446-830d-4590-9057-76f4a7589301.COMHKF5K4YGZEUWS.SEARCH&ppt=sp&ppn=sp&ssid=8ygk014jow0000001781258612630&qH=d9f4092b4fd45dbf&ov_redirect=true,flipkart
"Add to CompareASUS Vivobook Go 14 (2025) with Office 2024 + M365 Basic* AMD Ryzen 5 Quad Core 7520U - (16 GB/512 GB ...4.22,631 Ratings&169 ReviewsAMD Ryzen 5 Quad Core Processor16 GB LPDDR5 RAMWindows 11 Home Operating System512 GB SSD35.56 cm (14 Inch) DisplayMicrosoft Office Home 2024 (Lifetime Validity ) + Microsoft 365 Basic*(1-Year Validity), McAfee 1 year1 Year Onsite Warranty₹55,910₹59,9906% offOnly 1 leftBank Offer",ASUS,55910.0,Intel Core i5,16.0,LPDDR5,512.0,SSD,Intel Iris Xe,Windows 11,15.6,1920,1080,1,https://rukminim2.flixcart.com/image/416/416/xif0q/computer/d/n/3/-original-imah2y2teghzh7xe.jpeg?q=70,https://www.flipkart.com/asus-vivobook-go-14-2025-office-2024-m365-basic-amd-ryzen-5-quad-core-7520u-16-gb-512-gb-ssd-windows-11-home-e1404fa-nk5541ws-e1404fa-eb2541ws-thin-light-laptop/p/itmb7bbc704466cd?pid=COMH9SJ9G3HZFQS3&lid=LSTCOMH9SJ9G3HZFQS3PSDWQP&marketplace=FLIPKART&q=ryzen+5+laptop&store=6bo%2Fb5g&srno=s_9_196&otracker=search&fm=organic&iid=434b6446-830d-4590-9057-76f4a7589301.COMH9SJ9G3HZFQS3.SEARCH&ppt=sp&ppn=sp&ssid=8ygk014jow0000001781258612630&qH=d9f4092b4fd45dbf&ov_redirect=true,flipkart
"Add to CompareHP AMD Ryzen 5 Quad Core - (8 GB/512 GB SSD/Windows 11 Home) 14-em0026AU Thin and Light Laptop2.34 Ratings&0 ReviewsAMD Ryzen 5 Quad Core Processor8 GB LPDDR5 RAMWindows 11 Home Operating System512 GB SSD35.56 cm (14 Inch) Display1 Year₹49,939₹51,9993% offOnly 5 leftBank Offer",HP,49939.0,Intel Core i5,8.0,LPDDR5,512.0,SSD,Intel Iris Xe,Windows 11,15.6,1920,1080,1,https://rukminim2.flixcart.com/image/416/416/xif0q/computer/j/t/0/14-em0026au-thin-and-light-laptop-hp-original-imahaahfamcah8ax.jpeg?q=70,https://www.flipkart.com/hp-amd-ryzen-5-quad-core-8-gb-512-gb-ssd-windows-11-home-14-em0026au-thin-light-laptop/p/itmc485a79a5f861?pid=COMHA6D28QXGRWJS&lid=LSTCOMHA6D28QXGRWJSXDAZCX&marketplace=FLIPKART&q=ryzen+5+laptop&store=6bo%2Fb5g&srno=s_9_198&otracker=search&fm=organic&iid=434b6446-830d-4590-9057-76f4a7589301.COMHA6D28QXGRWJS.SEARCH&ppt=sp&ppn=sp&ssid=8ygk014jow0000001781258612630&qH=d9f4092b4fd45dbf&ov_redirect=true,flipkart
"Add to CompareLenovo V15 AMD Ryzen 5 Hexa Core 5500U - (8 GB/512 GB SSD/DOS) V15 G2 ALC Thin and Light Laptop4.149 Ratings&10 ReviewsAMD Ryzen 5 Hexa Core Processor8 GB DDR4 RAMDOS Operating System512 GB SSD39.62 cm (15.6 Inch) Display1 Year Onsite Warranty₹56,990₹66,74414% offOnly few leftBank Offer",Lenovo,56990.0,Intel Core i5,8.0,DDR4,512.0,SSD,Intel Iris Xe,DOS,15.6,1920,1080,1,https://rukminim2.flixcart.com/image/416/416/xif0q/computer/8/g/k/v15-g2-alc-thin-and-light-laptop-lenovo-original-imagq9kbmghqupaa.jpeg?q=70,https://www.flipkart.com/lenovo-v15-amd-ryzen-5-hexa-core-5500u-8-gb-512-gb-ssd-dos-g2-alc-thin-light-laptop/p/itmffee359f96c0e?pid=COMGQ2PC99TPSYF7&lid=LSTCOMGQ2PC99TPSYF7SFOWAP&marketplace=FLIPKART&q=ryzen+5+laptop&store=6bo%2Fb5g&srno=s_9_200&otracker=search&fm=organic&iid=434b6446-830d-4590-9057-76f4a7589301.COMGQ2PC99TPSYF7.SEARCH&ppt=sp&ppn=sp&ssid=8ygk014jow0000001781258612630&qH=d9f4092b4fd45dbf&ov_redirect=true,flipkart
"Add to CompareASUS Vivobook S14 (2026) with Office 2024 + M365 Basic*, AMD Ryzen 5 220 - (16 GB/512 GB SSD/Windows 1...AMD Ryzen 5 Processor16 GB DDR5 RAMWindows 11 Home Operating System512 GB SSD35.56 cm (14 inch) DisplayMicrosoft Office Home 2024 (Lifetime Validity ) + Microsoft 365 Basic*(1-Year Validity), McAfee 1 year1 Year Onsite Warranty₹74,990₹94,99021% offUpto₹42,600Off on ExchangeBank Offer",ASUS,74990.0,Amd Ryzen 5 220,16.0,DDR5,512.0,SSD,Intel Iris Xe,Windows 11,15.6,1920,1080,1,https://rukminim2.flixcart.com/image/416/416/xif0q/computer/m/d/e/-original-imahm9535mthtyeg.jpeg?q=70,https://www.flipkart.com/asus-vivobook-s14-2026-office-2024-m365-basic-amd-ryzen-5-220-16-gb-512-gb-ssd-windows-11-home-m3407ha-ly135ws-thin-light-laptop/p/itm654213a19c033?pid=COMHHHBZ5THJGNYB&lid=LSTCOMHHHBZ5THJGNYBD6SNVG&marketplace=FLIPKART&q=ryzen+5+laptop&store=6bo%2Fb5g&srno=s_9_201&otracker=search&fm=organic&iid=434b6446-830d-4590-9057-76f4a7589301.COMHHHBZ5THJGNYB.SEARCH&ppt=sp&ppn=sp&ssid=8ygk014jow0000001781258612630&qH=d9f4092b4fd45dbf&ov_redirect=true,flipkart
"Add to CompareHP AMD Ryzen 5 Quad Core 7520U - (8 GB/512 GB SSD/Windows 11 Home) 15-fc0155AU Thin and Light LaptopAMD Ryzen 5 Quad Core Processor8 GB LPDDR5 RAMWindows 11 Operating System512 GB SSD39.62 cm (15.6 inch) Display1 Year Onsite Warranty₹51,890₹59,99013% offOnly few leftBank Offer",HP,51890.0,Intel Core i5,8.0,LPDDR5,512.0,SSD,Intel Iris Xe,Windows 11,15.6,1920,1080,1,https://rukminim2.flixcart.com/image/416/416/xif0q/computer/0/h/j/15-fc0155au-thin-and-light-laptop-hp-original-imahk59ggvzu374a.jpeg?q=70,https://www.flipkart.com/hp-amd-ryzen-5-quad-core-7520u-8-gb-512-gb-ssd-windows-11-home-15-fc0155au-thin-light-laptop/p/itm92ebba00ab0a5?pid=COMHKF5K9MAAYBTU&lid=LSTCOMHKF5K9MAAYBTUIWODSB&marketplace=FLIPKART&q=ryzen+5+laptop&store=6bo%2Fb5g&srno=s_9_206&otracker=search&fm=organic&iid=434b6446-830d-4590-9057-76f4a7589301.COMHKF5K9MAAYBTU.SEARCH&ppt=sp&ppn=sp&ssid=8ygk014jow0000001781258612630&qH=d9f4092b4fd45dbf&ov_redirect=true,flipkart
"Add to CompareHP AMD Ryzen 5 Hexa Core 5500U - (8 GB/512 GB SSD/Windows 11 Home) 15s- eq2223AU Thin and Light LaptopAMD Ryzen 5 Hexa Core Processor8 GB DDR4 RAM64 bit Windows 11 Operating System512 GB SSD39.62 cm (15.6 inch) Display1 Year Onsite Warranty₹50,990₹60,67115% offOnly few leftBank Offer",HP,50990.0,Intel Core i5,8.0,DDR4,512.0,SSD,Intel Iris Xe,Windows 11,15.6,1920,1080,1,https://rukminim2.flixcart.com/image/416/416/xif0q/computer/m/b/0/15s-eq2223au-thin-and-light-laptop-hp-original-imahkf5jeeagwbwa.jpeg?q=70,https://www.flipkart.com/hp-amd-ryzen-5-hexa-core-5500u-8-gb-512-gb-ssd-windows-11-home-15s-eq2223au-thin-light-laptop/p/itm028620551b94b?pid=COMHKF5JXN3YVNYP&lid=LSTCOMHKF5JXN3YVNYPNS84BC&marketplace=FLIPKART&q=ryzen+5+laptop&store=6bo%2Fb5g&srno=s_9_210&otracker=search&fm=organic&iid=434b6446-830d-4590-9057-76f4a7589301.COMHKF5JXN3YVNYP.SEARCH&ppt=sp&ppn=sp&ssid=8ygk014jow0000001781258612630&qH=d9f4092b4fd45dbf&ov_redirect=true,flipkart
"Add to CompareLenovo AMD Ryzen 5 Quad Core - (8 GB/512 GB SSD/Windows 11 Home) 15AMN7 Thin and Light LaptopAMD Ryzen 5 Quad Core Processor8 GB LPDDR5 RAMWindows 11 Operating System512 GB SSD39.62 cm (15.6 inch) Display1 Year Carry-in Warranty₹56,900₹69,99918% offOnly few leftBank Offer",Lenovo,56900.0,Intel Core i5,8.0,LPDDR5,512.0,SSD,Intel Iris Xe,Windows 11,15.6,1920,1080,1,https://rukminim2.flixcart.com/image/416/416/xif0q/computer/j/a/z/14iau7-thin-and-light-laptop-lenovo-original-imahkyy94uh9zxjg.jpeg?q=70,https://www.flipkart.com/lenovo-amd-ryzen-5-quad-core-8-gb-512-gb-ssd-windows-11-home-15amn7-thin-light-laptop/p/itma9b7b4360705b?pid=COMHKYYA3Z6WJQTQ&lid=LSTCOMHKYYA3Z6WJQTQVAYEOR&marketplace=FLIPKART&q=ryzen+5+laptop&store=6bo%2Fb5g&srno=s_9_212&otracker=search&fm=organic&iid=434b6446-830d-4590-9057-76f4a7589301.COMHKYYA3Z6WJQTQ.SEARCH&ppt=sp&ppn=sp&ssid=8ygk014jow0000001781258612630&qH=d9f4092b4fd45dbf&ov_redirect=true,flipkart
"Add to CompareASUS Vivobook Go 15 (2025) with Office 2024 + M365 Basic AMD Ryzen 5 Quad Core 40 - (16 GB/512 GB SSD/...47 Ratings&0 ReviewsAMD Ryzen 5 Quad Core Processor16 GB DDR5 RAMWindows 11 Home Operating System512 GB SSD39.62 cm (15.6 inch) DisplayMSO 2024 for lifetime + Microsoft 365 Basic with 100GB Cloud Storage for 1 Year, One-Month Membership of Adobe Creative Cloud All Apps, McAfee 1 year1 Year Onsite Warranty₹60,990₹87,99030% offOnly few leftBank Offer",ASUS,60990.0,Intel Core i5,16.0,DDR5,512.0,SSD,Intel Iris Xe,Windows 11,15.6,1920,1080,1,https://rukminim2.flixcart.com/image/416/416/xif0q/computer/k/q/m/-original-imahmeb3nvyjudk6.jpeg?q=70,https://www.flipkart.com/asus-vivobook-go-15-2025-office-2024-m365-basic-amd-ryzen-5-quad-core-40-16-gb-512-gb-ssd-windows-11-home-e1504fa-bq2113ws-thin-light-laptop/p/itmc9622dd857d2e?pid=COMHKDXBW7GKG7XZ&lid=LSTCOMHKDXBW7GKG7XZF8NMUK&marketplace=FLIPKART&q=ryzen+5+laptop&store=6bo%2Fb5g&srno=s_9_213&otracker=search&fm=organic&iid=434b6446-830d-4590-9057-76f4a7589301.COMHKDXBW7GKG7XZ.SEARCH&ppt=sp&ppn=sp&ssid=8ygk014jow0000001781258612630&qH=d9f4092b4fd45dbf&ov_redirect=true,flipkart
"Add to CompareHP AMD Ryzen 5 Quad Core 7520U - (16 GB/512 GB SSD/Windows 11 Home) 15-fc0690AU Thin and Light LaptopAMD Ryzen 5 Quad Core Processor16 GB LPDDR5 RAMWindows 11 Operating System512 GB SSD39.62 cm (15.6 inch) Display1 Year Onsite Warranty₹52,997₹56,8316% offOnly 1 leftBank Offer",HP,52997.0,Intel Core i5,16.0,LPDDR5,512.0,SSD,Intel Iris Xe,Windows 11,15.6,1920,1080,1,https://rukminim2.flixcart.com/image/416/416/xif0q/computer/u/416/416/15-fc0156au-thin-and-light-laptop-hp-original-imahk8s7xr6fkghb.jpeg?q=70,https://www.flipkart.com/hp-amd-ryzen-5-quad-core-7520u-16-gb-512-gb-ssd-windows-11-home-15-fc0690au-thin-light-laptop/p/itmed2d79eb5294f?pid=COMHKKHVHGEBP2E9&lid=LSTCOMHKKHVHGEBP2E9QO5I9A&marketplace=FLIPKART&q=ryzen+5+laptop&store=6bo%2Fb5g&srno=s_9_216&otracker=search&fm=organic&iid=434b6446-830d-4590-9057-76f4a7589301.COMHKKHVHGEBP2E9.SEARCH&ppt=sp&ppn=sp&ssid=8ygk014jow0000001781258612630&qH=d9f4092b4fd45dbf&ov_redirect=true,flipkart
"Add to CompareASUS Vivobook S14 (2026) with Office 2024 + M365 Basic*, AMD Ryzen 5 220 - (16 GB/512 GB SSD/Windows 1...AMD Ryzen 5 Processor16 GB DDR5 RAMWindows 11 Home Operating System512 GB SSD35.56 cm (14 inch) DisplayMSO 2024 for lifetime + Microsoft 365 Basic with 100GB Cloud Storage for 1 Year, McAfee 1 year1 Year Onsite Warranty₹74,990₹94,99021% offUpto₹42,600Off on ExchangeBank Offer",ASUS,74990.0,Amd Ryzen 5 220,16.0,DDR5,512.0,SSD,Intel Iris Xe,Windows 11,15.6,1920,1080,1,https://rukminim2.flixcart.com/image/416/416/xif0q/computer/1/w/1/-original-imahm953tmrkq8rs.jpeg?q=70,https://www.flipkart.com/asus-vivobook-s14-2026-office-2024-m365-basic-amd-ryzen-5-220-16-gb-512-gb-ssd-windows-11-home-m3407ha-ly136ws-thin-light-laptop/p/itm445af2e30cd63?pid=COMHHHBZF5ZZGCK7&lid=LSTCOMHHHBZF5ZZGCK7SYOVJA&marketplace=FLIPKART&q=ryzen+5+laptop&store=6bo%2Fb5g&srno=s_10_218&otracker=search&fm=organic&iid=b9e375d0-a3bd-4ac7-bdac-ebf4c0865d9f.COMHHHBZF5ZZGCK7.SEARCH&ppt=sp&ppn=sp&ssid=2ztz8bqa280000001781258622421&qH=d9f4092b4fd45dbf&ov_redirect=true,flipkart
"Add to CompareHP 255 G9 Silver AMD Ryzen 5 Hexa Core - (8 GB/512 GB SSD/Windows 11 Home) 255 G9 Business LaptopAMD Ryzen 5 Hexa Core Processor8 GB DDR4 RAM32 bit Windows 11 Operating System512 GB SSD39.62 cm (15.6 inch) DisplayWindows1 Year Onsite Warranty₹49,990₹54,0007% offOnly few leftBank Offer",HP,49990.0,Intel Core i5,8.0,DDR4,512.0,SSD,Intel Iris Xe,Windows 11,15.6,1920,1080,1,https://rukminim2.flixcart.com/image/416/416/xif0q/computer/s/z/c/notebook-business-laptop-hp-original-imahdmtg5qjpyyc9.jpeg?q=70,https://www.flipkart.com/hp-255-g9-silver-amd-ryzen-5-hexa-core-8-gb-512-gb-ssd-windows-11-home-business-laptop/p/itmd95375bc75ca0?pid=COMHKXZQRRUVGANA&lid=LSTCOMHKXZQRRUVGANASAJONZ&marketplace=FLIPKART&q=ryzen+5+laptop&store=6bo%2Fb5g&srno=s_10_219&otracker=search&fm=organic&iid=b9e375d0-a3bd-4ac7-bdac-ebf4c0865d9f.COMHKXZQRRUVGANA.SEARCH&ppt=sp&ppn=sp&ssid=2ztz8bqa280000001781258622421&qH=d9f4092b4fd45dbf&ov_redirect=true,flipkart
"Add to CompareHP HP Omnibook 3 AI PC Series AMD Ryzen AI 5 Hexa Core Ryzen AI 5 340 - (16 GB/512 GB SSD/Windows 11 H...AMD Ryzen AI 5 Hexa Core Processor16 GB DDR5 RAMWindows 11 Home Operating System512 GB SSD39.62 cm (15.6 inch) Display1 Year Onsite Warranty₹69,163₹99,99930% offOnly 1 leftBank Offer",HP,69163.0,Intel Core i5,16.0,DDR5,512.0,SSD,Intel Iris Xe,Windows 11,15.6,1920,1080,1,https://rukminim2.flixcart.com/image/416/416/xif0q/computer/e/8/r/15-fn0007au-laptop-hp-original-imahnenzrxvfnrzt.jpeg?q=70,https://www.flipkart.com/hp-omnibook-3-ai-pc-series-amd-ryzen-5-hexa-core-340-16-gb-512-gb-ssd-windows-11-home-15-fn0007au-laptop/p/itm14cf4efeed9fe?pid=COMHNEP5MEUSZRGA&lid=LSTCOMHNEP5MEUSZRGACBS3DB&marketplace=FLIPKART&q=ryzen+5+laptop&store=6bo%2Fb5g&srno=s_10_223&otracker=search&fm=organic&iid=b9e375d0-a3bd-4ac7-bdac-ebf4c0865d9f.COMHNEP5MEUSZRGA.SEARCH&ppt=sp&ppn=sp&ssid=2ztz8bqa280000001781258622421&qH=d9f4092b4fd45dbf&ov_redirect=true,flipkart
"Add to CompareAcer Aspire 3 Backlit AMD Ryzen 7 Octa Core 7730U - (16 GB/512 GB SSD/Windows 11 Home) Aspire AS15 - 4...4.11,964 Ratings&150 ReviewsAMD Ryzen 7 Octa Core Processor16 GB DDR4 RAMWindows 11 Operating System512 GB SSD39.62 cm (15.6 Inch) Display1 Year Carry-in Warranty₹54,990₹72,99924% offUpto₹37,050Off on ExchangeBank Offer",Acer,54990.0,Intel Core i5,16.0,DDR4,512.0,SSD,Intel Iris Xe,Windows 11,15.6,1920,1080,1,https://rukminim2.flixcart.com/image/416/416/xif0q/computer/2/q/t/-original-imahg5ftjkmg4m82.jpeg?q=70,https://www.flipkart.com/acer-aspire-3-backlit-amd-ryzen-7-octa-core-7730u-16-gb-512-gb-ssd-windows-11-home-as15-42-thin-light-laptop/p/itmdaf15e01a1d1a?pid=COMH397XPF4Z3BMX&lid=LSTCOMH397XPF4Z3BMXL8O53G&marketplace=FLIPKART&q=ryzen+5+laptop&store=6bo%2Fb5g&srno=s_10_228&otracker=search&fm=organic&iid=en_JRNyGdzDA2iRUtHzEfjv-msYKfoyZTms5-i3LvvD110z_bPolvqOl2p3D8_cGYHTxYXdKOM-GwieAF4sdMX7hCfIvJ1no2wLwd0Zrp-oRb_Nc0jfT81m-k_V12pX_aVH&ppt=sp&ppn=sp&ssid=2ztz8bqa280000001781258622421&qH=d9f4092b4fd45dbf&ov_redirect=true,flipkart
"Add to CompareASUS ROG Strix G16 (2026) AMD Ryzen 9 16 Core 8940HX - (16 GB/1 TB SSD/Windows 11 Home/8 GB Graphics/N...4.37 Ratings&2 ReviewsAMD Ryzen 9 16 Core Processor16 GB DDR5 RAMWindows 11 Home Operating System1 TB SSD40.64 cm (16 inch) DisplayMSO 2024 for lifetime + Microsoft 365 Basic with 100GB Cloud Storage for 1 Year, McAfee 1 year1 Year Onsite Service₹1,54,990₹2,60,99040% offLowest price since launchUpto₹42,600Off on Exchange",ASUS,154990.0,Amd Ryzen 9 16,16.0,DDR5,100.0,SSD,Intel Iris Xe,Windows 11,15.6,1920,1080,1,https://rukminim2.flixcart.com/image/416/416/xif0q/computer/2/r/c/-original-imahmkxn5epzpfsu.jpeg?q=70,https://www.flipkart.com/asus-rog-strix-g16-2026-amd-ryzen-9-16-core-8940hx-16-gb-1-tb-ssd-windows-11-home-8-gb-graphics-nvidia-geforce-rtx-5050-165-hz-g614ph-rv073ws-gaming-laptop/p/itm79a5501cd2465?pid=COMHMARKFTZY9ZHE&lid=LSTCOMHMARKFTZY9ZHELOGIPK&marketplace=FLIPKART&q=ryzen+5+laptop&store=6bo%2Fb5g&srno=s_10_230&otracker=search&fm=organic&iid=b9e375d0-a3bd-4ac7-bdac-ebf4c0865d9f.COMHMARKFTZY9ZHE.SEARCH&ppt=sp&ppn=sp&ssid=2ztz8bqa280000001781258622421&qH=d9f4092b4fd45dbf&ov_redirect=true,flipkart
"Add to CompareAcer TravelLite AMD Ryzen 3 Octa Core - (8 GB/512 GB SSD/Windows 11 Home) TL04-41M Notebook4.89 Ratings&0 ReviewsAMD Ryzen 3 Octa Core Processor8 GB DDR4 RAM64 bit Windows 11 Home Operating System512 GB SSD35.56 cm (14 inch) Display1 Year Onsite Service₹44,990₹59,99025% offOnly few leftUpto₹31,950Off on Exchange",Acer,44990.0,Intel Core i5,8.0,DDR4,512.0,SSD,Intel Iris Xe,Windows 11,15.6,1920,1080,1,https://rukminim2.flixcart.com/image/416/416/xif0q/computer/w/u/s/-original-imahm5gy2jgrtufs.jpeg?q=70,https://www.flipkart.com/acer-travellite-amd-ryzen-3-octa-core-8-gb-512-gb-ssd-windows-11-home-tl04-41m-notebook/p/itm3abd1f6b09ae3?pid=COMHHXNAEGRRGTZ6&lid=LSTCOMHHXNAEGRRGTZ69BBTWG&marketplace=FLIPKART&q=ryzen+5+laptop&store=6bo%2Fb5g&srno=s_10_234&otracker=search&fm=organic&iid=b9e375d0-a3bd-4ac7-bdac-ebf4c0865d9f.COMHHXNAEGRRGTZ6.SEARCH&ppt=sp&ppn=sp&ssid=2ztz8bqa280000001781258622421&qH=d9f4092b4fd45dbf&ov_redirect=true,flipkart
"Add to CompareAcer Aspire 3 AMD Ryzen 3 Quad Core 7330U - (8 GB/256 GB SSD/Windows 11 Home) AS15-42 Thin and Light L...4.2892 Ratings&102 ReviewsAMD Ryzen 3 Quad Core Processor8 GB DDR4 RAMWindows 11 Operating System256 GB SSD39.62 cm (15.6 inch) Display1 Year Onsite Warranty₹42,990₹71,99940% offUpto₹29,450Off on ExchangeBank Offer",Acer,42990.0,Intel Core i5,8.0,DDR4,256.0,SSD,Intel Iris Xe,Windows 11,15.6,1920,1080,1,https://rukminim2.flixcart.com/image/416/416/xif0q/computer/0/t/s/-original-imahnt7jpy3mrfgz.jpeg?q=70,https://www.flipkart.com/acer-aspire-3-amd-ryzen-quad-core-7330u-8-gb-256-gb-ssd-windows-11-home-as15-42-thin-light-laptop/p/itmdaf15e01a1d1a?pid=COMH898FYYFGRAFZ&lid=LSTCOMH898FYYFGRAFZX2OO5I&marketplace=FLIPKART&q=ryzen+5+laptop&store=6bo%2Fb5g&srno=s_10_236&otracker=search&fm=organic&iid=b9e375d0-a3bd-4ac7-bdac-ebf4c0865d9f.COMH898FYYFGRAFZ.SEARCH&ppt=sp&ppn=sp&ssid=2ztz8bqa280000001781258622421&qH=d9f4092b4fd45dbf&ov_redirect=true,flipkart
"Add to CompareAcer Aspire Lite AMD Ryzen 3 Quad Core 5300U - (8 GB/512 GB SSD/Windows 11 Home) AL15-41 Thin and Ligh...4.11,586 Ratings&112 ReviewsAMD Ryzen 3 Quad Core Processor8 GB DDR4 RAMWindows 11 Operating System512 GB SSD39.62 cm (15.6 Inch) Display1 Year Carry-in Warranty₹44,990Upto₹31,950Off on ExchangeBank Offer",Acer,44990.0,Intel Core i5,8.0,DDR4,512.0,SSD,Intel Iris Xe,Windows 11,15.6,1920,1080,1,https://rukminim2.flixcart.com/image/416/416/xif0q/computer/b/k/d/-original-imahb2kbf2zdan3z.jpeg?q=70,https://www.flipkart.com/acer-aspire-lite-amd-ryzen-3-quad-core-5300u-8-gb-512-gb-ssd-windows-11-home-al15-41-thin-light-laptop/p/itm1bc0bcb4598e7?pid=COMH2TPSM9V7V38F&lid=LSTCOMH2TPSM9V7V38F5SNKCO&marketplace=FLIPKART&q=ryzen+5+laptop&store=6bo%2Fb5g&srno=s_11_243&otracker=search&fm=organic&iid=31e7d17c-3d62-4834-9781-32241d14cda4.COMH2TPSM9V7V38F.SEARCH&ppt=sp&ppn=sp&ssid=nep39gtqq80000001781258632809&qH=d9f4092b4fd45dbf&ov_redirect=true,flipkart
"Add to CompareHP OmniBook 7 Aero (Previously Pavilion) AMD Ryzen AI 7 Octa Core AI 7 350 - (16 GB/512 GB SSD/Windows...3.9102 Ratings&10 ReviewsAMD Ryzen AI 7 Octa Core Processor16 GB LPDDR5X RAMWindows 11 Operating System512 GB SSD33.78 cm (13.3 Inch) Display1 Year Onsite Service₹78,000₹1,06,30826% offBank Offer",HP,78000.0,Intel Core i5,16.0,LPDDR5X,512.0,SSD,Intel Iris Xe,Windows 11,13.3,1920,1080,1,https://rukminim2.flixcart.com/image/416/416/xif0q/computer/l/i/n/-original-imahhhfggye4tdfu.jpeg?q=70,https://www.flipkart.com/hp-omnibook-7-aero-previously-pavilion-amd-ryzen-ai-octa-core-350-16-gb-512-gb-ssd-windows-11-home-13-bg1456au-thin-light-laptop/p/itm0e77f01f6fad1?pid=COMHA9GUWFFBZZFG&lid=LSTCOMHA9GUWFFBZZFG256BTL&marketplace=FLIPKART&q=ryzen+5+laptop&store=6bo%2Fb5g&srno=s_11_245&otracker=search&fm=organic&iid=31e7d17c-3d62-4834-9781-32241d14cda4.COMHA9GUWFFBZZFG.SEARCH&ppt=sp&ppn=sp&ssid=nep39gtqq80000001781258632809&qH=d9f4092b4fd45dbf&ov_redirect=true,flipkart
"Add to CompareASUS Vivobook Go 15 OLED, with Backlit Keyboard, AMD Ryzen 3 Quad Core 7320U - (8 GB/512 GB SSD/Window...4.44,492 Ratings&479 ReviewsAMD Ryzen 3 Quad Core Processor8 GB LPDDR5 RAMWindows 11 Operating System512 GB SSD39.62 cm (15.6 Inch) Display1 Year Onsite Warranty₹42,990₹61,99030% offUpto₹29,450Off on ExchangeBank Offer",ASUS,42990.0,Intel Core i5,8.0,LPDDR5,512.0,SSD,Intel Iris Xe,Windows 11,15.6,1920,1080,1,https://rukminim2.flixcart.com/image/416/416/xif0q/computer/y/z/d/-original-imahg5fue8qmg6wk.jpeg?q=70,https://www.flipkart.com/asus-vivobook-go-15-oled-backlit-keyboard-amd-ryzen-3-quad-core-7320u-8-gb-512-gb-ssd-windows-11-home-e1504fa-lk321ws-thin-light-laptop/p/itm3de88f71e558b?pid=COMGMGXFB2KYFGZN&lid=LSTCOMGMGXFB2KYFGZN0SV9BA&marketplace=FLIPKART&q=ryzen+5+laptop&store=6bo%2Fb5g&srno=s_12_269&otracker=search&fm=organic&iid=586e8019-ee6d-4863-b7d0-6f8cbda1f47e.COMGMGXFB2KYFGZN.SEARCH&ppt=sp&ppn=sp&ssid=pq8d53bez40000001781258638369&qH=d9f4092b4fd45dbf&ov_redirect=true,flipkart
"Add to CompareASUS Vivobook Go 15 OLED, with Backlit Keyboard, AMD Ryzen 3 Quad Core 7320U - (8 GB/512 GB SSD/Window...4.44,492 Ratings&479 ReviewsAMD Ryzen 3 Quad Core Processor8 GB LPDDR5 RAMWindows 11 Operating System512 GB SSD39.62 cm (15.6 Inch) Display1 Year Onsite Warranty₹45,990₹61,99025% offUpto₹32,950Off on ExchangeBank Offer",ASUS,45990.0,Intel Core i5,8.0,LPDDR5,512.0,SSD,Intel Iris Xe,Windows 11,15.6,1920,1080,1,https://rukminim2.flixcart.com/image/416/416/xif0q/computer/p/k/v/-original-imahg5fxjzyadcht.jpeg?q=70,https://www.flipkart.com/asus-vivobook-go-15-oled-backlit-keyboard-amd-ryzen-3-quad-core-7320u-8-gb-512-gb-ssd-windows-11-home-e1504fa-lk323ws-thin-light-laptop/p/itm3de88f71e558b?pid=COMGMGXFGF7ZTKHF&lid=LSTCOMGMGXFGF7ZTKHFBG8NVU&marketplace=FLIPKART&q=ryzen+5+laptop&store=6bo%2Fb5g&srno=s_12_270&otracker=search&fm=organic&iid=586e8019-ee6d-4863-b7d0-6f8cbda1f47e.COMGMGXFGF7ZTKHF.SEARCH&ppt=sp&ppn=sp&ssid=pq8d53bez40000001781258638369&qH=d9f4092b4fd45dbf&ov_redirect=true,flipkart
"Add to CompareASUS Vivobook Go 15 (2025) with Office 2024 + M365 Basic AMD Ryzen 3 Quad Core 30 - (16 GB/512 GB SSD/...4.515 Ratings&1 ReviewsAMD Ryzen 3 Quad Core Processor16 GB DDR5 RAMWindows 11 Home Operating System512 GB SSD39.62 cm (15.6 inch) DisplayMSO 2024 for lifetime + Microsoft 365 Basic with 100GB Cloud Storage for 1 Year, One-Month Membership of Adobe Creative Cloud All Apps, McAfee 1 year1 Year Onsite Warranty₹56,990₹90,99037% offBank Offer",ASUS,56990.0,Intel Core i5,16.0,DDR5,512.0,SSD,Intel Iris Xe,Windows 11,15.6,1920,1080,1,https://rukminim2.flixcart.com/image/416/416/xif0q/computer/1/y/h/-original-imahmeb3sxsjugfc.jpeg?q=70,https://www.flipkart.com/asus-vivobook-go-15-2025-office-2024-m365-basic-amd-ryzen-3-quad-core-30-16-gb-512-gb-ssd-windows-11-home-e1504fa-bq3468ws-thin-light-laptop/p/itma87dd7c7161b4?pid=COMHKDXBZBFHAFZY&lid=LSTCOMHKDXBZBFHAFZY7XEQGC&marketplace=FLIPKART&q=ryzen+5+laptop&store=6bo%2Fb5g&srno=s_12_276&otracker=search&fm=organic&iid=586e8019-ee6d-4863-b7d0-6f8cbda1f47e.COMHKDXBZBFHAFZY.SEARCH&ppt=sp&ppn=sp&ssid=pq8d53bez40000001781258638369&qH=d9f4092b4fd45dbf&ov_redirect=true,flipkart
"Add to CompareASUS Vivobook Go 15 AMD Ryzen 3 Quad Core 7320U - (8 GB/512 GB SSD/Windows 11 Home) E1504FA-NJ130WS | ...4.32,208 Ratings&145 ReviewsAMD Ryzen 3 Quad Core Processor8 GB LPDDR5 RAMWindows 11 Home Operating System512 GB SSD39.62 cm (15.6 Inch) DisplayMicrosoft Office Home 2024 + Microsoft 365 Basic1 Year Onsite Warranty₹39,990₹43,9909% offUpto₹27,550Off on ExchangeBank Offer",ASUS,39990.0,Intel Core i5,8.0,LPDDR5,512.0,SSD,Intel Iris Xe,Windows 11,15.6,1920,1080,1,https://rukminim2.flixcart.com/image/416/416/xif0q/computer/m/y/o/-original-imahg5fxjta7gns7.jpeg?q=70,https://www.flipkart.com/asus-vivobook-go-15-amd-ryzen-3-quad-core-7320u-8-gb-512-gb-ssd-windows-11-home-e1504fa-nj130ws-e1504fa-bq2322ws-thin-light-laptop/p/itm9af4f3b5de2ff?pid=COMH94992SQ8HYGZ&lid=LSTCOMH94992SQ8HYGZI7SK3K&marketplace=FLIPKART&q=ryzen+5+laptop&store=6bo%2Fb5g&srno=s_12_279&otracker=search&fm=organic&iid=586e8019-ee6d-4863-b7d0-6f8cbda1f47e.COMH94992SQ8HYGZ.SEARCH&ppt=sp&ppn=sp&ssid=pq8d53bez40000001781258638369&qH=d9f4092b4fd45dbf&ov_redirect=true,flipkart
"Add to CompareASUS ROG Zephyrus G14 (2025) with Office 2024 + M365 Basic* AMD Ryzen 9 Octa Core - (16 GB/1 TB SSD/Wi...4.115 Ratings&0 ReviewsAMD Ryzen 9 Octa Core Processor16 GB LPDDR5X RAMWindows 11 Home Operating System1 TB SSD35.56 cm (14 Inch) DisplayMicrosoft Office Home 2024 (Lifetime Validity ) + Microsoft 365 Basic*(1-Year Validity), , McAfee 1 year, Xbox Game Pass for 3 months1 Year Onsite Warranty₹1,72,990₹2,21,99022% offSuper DealsUpto₹42,600Off on Exchange",ASUS,172990.0,Intel Core i5,16.0,LPDDR5X,512.0,SSD,Intel Iris Xe,Windows 11,15.6,1920,1080,1,https://rukminim2.flixcart.com/image/416/416/xif0q/computer/s/m/t/-original-imahgfdfqypk5r4f.jpeg?q=70,https://www.flipkart.com/asus-rog-zephyrus-g14-2025-office-2024-m365-basic-amd-ryzen-9-octa-core-16-gb-1-tb-ssd-windows-11-home-8-gb-graphics-nvidia-geforce-rtx-5060-120-hz-ga403um-qs007ws-gaming-laptop/p/itmc27e5f0f69f3c?pid=COMHCQ4KNHF9Q8AY&lid=LSTCOMHCQ4KNHF9Q8AYA9R8S2&marketplace=FLIPKART&q=ryzen+5+laptop&store=6bo%2Fb5g&srno=s_12_283&otracker=search&fm=organic&iid=586e8019-ee6d-4863-b7d0-6f8cbda1f47e.COMHCQ4KNHF9Q8AY.SEARCH&ppt=sp&ppn=sp&ssid=pq8d53bez40000001781258638369&qH=d9f4092b4fd45dbf&ov_redirect=true,flipkart
"Currently unavailableAdd to CompareHP G10 AMD Ryzen 3 Quad Core 7320U - (16 GB/512 GB SSD/Windows 11 Home) 255 G10 Thin and Light Laptop3.9343 Ratings&19 ReviewsAMD Ryzen 3 Quad Core Processor16 GB DDR4 RAMWindows 11 Operating System512 GB SSD39.62 cm (15.6 Inch) Display1 Year Onsite Warranty₹49,299₹55,00010% offBank Offer",HP,49299.0,Intel Core i5,16.0,DDR4,512.0,SSD,Intel Iris Xe,Windows 11,15.6,1920,1080,1,https://rukminim2.flixcart.com/image/416/416/xif0q/computer/q/u/i/255-g10-thin-and-light-laptop-hp-original-imahedczvnkvym6v.jpeg?q=70,https://www.flipkart.com/hp-g10-amd-ryzen-3-quad-core-7320u-16-gb-512-gb-ssd-windows-11-home-255-thin-light-laptop/p/itm894f74dac8f0c?pid=COMHEGJWZG8F5FGP&lid=LSTCOMHEGJWZG8F5FGPSJD4ZS&marketplace=FLIPKART&q=ryzen+5+laptop&store=6bo%2Fb5g&srno=s_12_285&otracker=search&fm=organic&iid=586e8019-ee6d-4863-b7d0-6f8cbda1f47e.COMHEGJWZG8F5FGP.SEARCH&ppt=sp&ppn=sp&ssid=pq8d53bez40000001781258638369&qH=d9f4092b4fd45dbf&ov_redirect=true,flipkart
"Add to CompareASUS Vivobook Go 15 AMD Ryzen 3 Quad Core 7320U - (8 GB/512 GB SSD/Windows 11 Home) E1504FA-NJ321WS Th...4.33,251 Ratings&293 ReviewsAMD Ryzen 3 Quad Core Processor8 GB LPDDR5 RAMWindows 11 Operating System512 GB SSD39.62 cm (15.6 Inch) Display1 Year Onsite Warranty₹39,990₹50,99021% offUpto₹27,550Off on ExchangeBank Offer",ASUS,39990.0,Intel Core i5,8.0,LPDDR5,512.0,SSD,Intel Iris Xe,Windows 11,15.6,1920,1080,1,https://rukminim2.flixcart.com/image/416/416/xif0q/computer/j/n/w/-original-imahg5fur7csf5kn.jpeg?q=70,https://www.flipkart.com/asus-vivobook-go-15-amd-ryzen-3-quad-core-7320u-8-gb-512-gb-ssd-windows-11-home-e1504fa-nj321ws-thin-light-laptop/p/itmf2da9c7085e1b?pid=COMGNRNUUGYRB96A&lid=LSTCOMGNRNUUGYRB96AXULOGS&marketplace=FLIPKART&q=ryzen+5+laptop&store=6bo%2Fb5g&srno=s_12_286&otracker=search&fm=organic&iid=586e8019-ee6d-4863-b7d0-6f8cbda1f47e.COMGNRNUUGYRB96A.SEARCH&ppt=sp&ppn=sp&ssid=pq8d53bez40000001781258638369&qH=d9f4092b4fd45dbf&ov_redirect=true,flipkart
"Add to CompareLenovo AMD Ryzen 3 Octa Core - (8 GB/512 GB SSD/Windows 11 Home) G4 82YTA00XIN Laptop4.2124 Ratings&13 ReviewsAMD Ryzen 3 Octa Core Processor8 GB DDR4 RAMWindows 11 Operating System512 GB SSD35.56 cm (14 Inch) Display12 MONTHS₹46,990₹65,66728% offBank Offer",Lenovo,46990.0,Intel Core i5,8.0,DDR4,512.0,SSD,Intel Iris Xe,Windows 11,15.6,1920,1080,1,https://rukminim2.flixcart.com/image/416/416/xif0q/computer/4/r/g/g4-laptop-lenovo-original-imagt7fhgcuatryt.jpeg?q=70,https://www.flipkart.com/lenovo-amd-ryzen-3-octa-core-8-gb-512-gb-ssd-windows-11-home-g4-82yta00xin-laptop/p/itm26138c67d404e?pid=COMGT7FUFCHEH9Z9&lid=LSTCOMGT7FUFCHEH9Z9TPQGN3&marketplace=FLIPKART&q=ryzen+5+laptop&store=6bo%2Fb5g&srno=s_13_294&otracker=search&fm=organic&iid=1822fcd8-d499-435d-a895-f49e7195cca4.COMGT7FUFCHEH9Z9.SEARCH&ppt=sp&ppn=sp&ssid=litpcvv4f40000001781258651449&qH=d9f4092b4fd45dbf&ov_redirect=true,flipkart
"Add to CompareLenovo Legion Pro 5 WQXGA OLED AMD Ryzen 9 16 Core 9955HX - (32 GB/1 TB SSD/Windows 11 Home/8 GB Graph...4.88 Ratings&0 ReviewsAMD Ryzen 9 16 Core Processor32 GB DDR5 RAM64 bit Windows 11 Home Operating System1 TB SSD40.64 cm (16 Inch) DisplayOffice Home 2024 + Lenovo AI Now1 Year Limited Warranty₹2,35,490₹2,65,89011% offUpto₹42,600Off on ExchangeBank Offer",Lenovo,235490.0,Amd Ryzen 9 16,32.0,DDR5,512.0,SSD,Intel Iris Xe,Windows 11,15.6,1920,1080,1,https://rukminim2.flixcart.com/image/416/416/xif0q/computer/t/x/h/-original-imahhmfyhkjgb9qu.jpeg?q=70,https://www.flipkart.com/lenovo-legion-pro-5-wqxga-oled-amd-ryzen-9-16-core-9955hx-32-gb-1-tb-ssd-windows-11-home-8-gb-graphics-nvidia-geforce-rtx-5060-165-hz-16afr10-gaming-laptop/p/itm3d8c11e8614d5?pid=COMHHE2YEQVG8SDF&lid=LSTCOMHHE2YEQVG8SDFZMSVOY&marketplace=FLIPKART&q=ryzen+5+laptop&store=6bo%2Fb5g&srno=s_13_295&otracker=search&fm=organic&iid=1822fcd8-d499-435d-a895-f49e7195cca4.COMHHE2YEQVG8SDF.SEARCH&ppt=sp&ppn=sp&ssid=litpcvv4f40000001781258651449&qH=d9f4092b4fd45dbf&ov_redirect=true,flipkart
"Add to CompareInfinix B15 Series AMD Ryzen 7 Octa Core 5825U - (8 GB/512 GB SSD/Windows 11 Home) BL51A5 Thin and Lig...4.286 Ratings&13 ReviewsAMD Ryzen 7 Octa Core Processor8 GB DDR4 RAMWindows 11 Operating System512 GB SSD39.62 cm (15.6 Inch) DisplayInfinix PC Connection1 Year Domestic Onsite Warranty On Laptop And 6 Months On Adapter₹59,990Upto₹42,600Off on ExchangeBank Offer",Infinix,59990.0,Intel Core i5,8.0,DDR4,512.0,SSD,Intel Iris Xe,Windows 11,15.6,1920,1080,1,https://rukminim2.flixcart.com/image/416/416/xif0q/computer/9/e/p/-original-imahfcrjnkthtatj.jpeg?q=70,https://www.flipkart.com/infinix-b15-series-amd-ryzen-7-octa-core-5825u-8-gb-512-gb-ssd-windows-11-home-bl51a5-thin-light-laptop/p/itm3fa3354f9dc3e?pid=COMHESUZV2SJKAAT&lid=LSTCOMHESUZV2SJKAATWH2POL&marketplace=FLIPKART&q=ryzen+5+laptop&store=6bo%2Fb5g&srno=s_13_300&otracker=search&fm=organic&iid=1822fcd8-d499-435d-a895-f49e7195cca4.COMHESUZV2SJKAAT.SEARCH&ppt=sp&ppn=sp&ssid=litpcvv4f40000001781258651449&qH=d9f4092b4fd45dbf&ov_redirect=true,flipkart
"Add to CompareASUS Vivobook Go 14 (2026) with Office 2024 + M365 Basic AMD Ryzen 3 Quad Core 30 - (8 GB/512 GB SSD/W...4.32,208 Ratings&145 ReviewsAMD Ryzen 3 Quad Core Processor8 GB LPDDR5 RAMWindows 11 Home Operating System512 GB SSD35.56 cm (14 inch) DisplayMSO 2024 for lifetime + Microsoft 365 Basic with 100GB Cloud Storage for 1 Year, One-Month Membership of Adobe Creative Cloud All Apps, McAfee 1 year1 Year Onsite Warranty₹48,990₹64,99024% offUpto₹32,950Off on ExchangeBank Offer",ASUS,48990.0,Intel Core i5,8.0,LPDDR5,512.0,SSD,Intel Iris Xe,Windows 11,15.6,1920,1080,1,https://rukminim2.flixcart.com/image/416/416/xif0q/computer/a/y/s/-original-imahhnkfvg58vq22.jpeg?q=70,https://www.flipkart.com/asus-vivobook-go-14-2026-office-2024-m365-basic-amd-ryzen-3-quad-core-30-8-gb-512-gb-ssd-windows-11-home-e1404fa-eb1414ws-thin-light-laptop/p/itm21b75a04477a5?pid=COMHKRBQEVX5NTPB&lid=LSTCOMHKRBQEVX5NTPBPGJFWU&marketplace=FLIPKART&q=ryzen+5+laptop&store=6bo%2Fb5g&srno=s_13_305&otracker=search&fm=organic&iid=1822fcd8-d499-435d-a895-f49e7195cca4.COMHKRBQEVX5NTPB.SEARCH&ppt=sp&ppn=sp&ssid=litpcvv4f40000001781258651449&qH=d9f4092b4fd45dbf&ov_redirect=true,flipkart
"Add to CompareHP 15 (2025) AMD Ryzen 3 Quad Core 7320U - (8 GB/512 GB SSD/Windows 11 Home) 15 Thin and Light Laptop4.236 Ratings&3 ReviewsAMD Ryzen 3 Quad Core Processor8 GB DDR4 RAM64 bit Windows 11 Home Operating System512 GB SSD39.62 cm (15.6 Inch) DisplayMicrosoft Office 2021, Windows 11 Home1 Year Onsite Warranty₹45,889₹59,99023% offBank Offer",HP,45889.0,Intel Core i5,8.0,DDR4,512.0,SSD,Intel Iris Xe,Windows 11,15.6,1920,1080,1,https://rukminim2.flixcart.com/image/416/416/xif0q/computer/g/o/b/15-thin-and-light-laptop-hp-original-imahdpmrth2tkfbh.jpeg?q=70,https://www.flipkart.com/hp-15-2025-amd-ryzen-3-quad-core-7320u-8-gb-512-gb-ssd-windows-11-home-thin-light-laptop/p/itm4d7551a2d065b?pid=COMHDPMSUGB8NUNP&lid=LSTCOMHDPMSUGB8NUNP1NPTZR&marketplace=FLIPKART&q=ryzen+5+laptop&store=6bo%2Fb5g&srno=s_13_306&otracker=search&fm=organic&iid=1822fcd8-d499-435d-a895-f49e7195cca4.COMHDPMSUGB8NUNP.SEARCH&ppt=sp&ppn=sp&ssid=litpcvv4f40000001781258651449&qH=d9f4092b4fd45dbf&ov_redirect=true,flipkart
"Add to CompareASUS ROG Strix G16 (2025) with Office 2024 + M365 Basic* AMD Ryzen 9 16 Core 8940HX - (16 GB/1 TB SSD/...AMD Ryzen 9 16 Core Processor16 GB DDR5 RAMWindows 11 Home Operating System1 TB SSD40.64 cm (16 Inch) DisplayMicrosoft Office Home 2024 (Lifetime Validity ) + Microsoft 365 Basic*(1-Year Validity), , McAfee 1 year, Xbox Game Pass for 3 months1 Year Onsite Warranty₹1,49,990₹1,73,99013% offLowest price since launchUpto₹42,600Off on Exchange",ASUS,149990.0,Amd Ryzen 9 16,16.0,DDR5,512.0,SSD,Intel Iris Xe,Windows 11,15.6,1920,1080,1,https://rukminim2.flixcart.com/image/416/416/xif0q/computer/a/x/c/-original-imahbrwgqgg6g3f4.jpeg?q=70,https://www.flipkart.com/asus-rog-strix-g16-2025-office-2024-m365-basic-amd-ryzen-9-16-core-8940hx-16-gb-1-tb-ssd-windows-11-home-8-gb-graphics-nvidia-geforce-rtx-5050-165-hz-g614ph-rv033ws-gaming-laptop/p/itm88160627252e9?pid=COMHCQ4K6JJV3NPR&lid=LSTCOMHCQ4K6JJV3NPRC4XNQE&marketplace=FLIPKART&q=ryzen+5+laptop&store=6bo%2Fb5g&srno=s_15_346&otracker=search&fm=organic&iid=eac8beff-7a14-486b-8d9d-9ebebc9e4c08.COMHCQ4K6JJV3NPR.SEARCH&ppt=sp&ppn=sp&ssid=f1i7c3xazk0000001781258669418&qH=d9f4092b4fd45dbf&ov_redirect=true,flipkart
"Add to CompareASUS Vivobook Go 14 (2025) with Office 2024 + M365 Basic* AMD Ryzen 3 Quad Core 7320U - (8 GB/512 GB S...4.23,282 Ratings&291 ReviewsAMD Ryzen 3 Quad Core Processor8 GB LPDDR5 RAMWindows 11 Home Operating System512 GB SSD35.56 cm (14 Inch) DisplayMicrosoft Office Home 2024 (Lifetime Validity ) + Microsoft 365 Basic*(1-Year Validity), McAfee 1 year1 Year Onsite Warranty₹49,499₹55,99011% offBank Offer",ASUS,49499.0,Intel Core i5,8.0,LPDDR5,512.0,SSD,Intel Iris Xe,Windows 11,15.6,1920,1080,1,https://rukminim2.flixcart.com/image/416/416/xif0q/computer/u/416/416/-original-imagpxgq3wcnwpwv.jpeg?q=70,https://www.flipkart.com/asus-vivobook-go-14-2025-office-2024-m365-basic-amd-ryzen-3-quad-core-7320u-8-gb-512-gb-ssd-windows-11-home-e1404fa-nk3325ws-e1404fa-eb2322ws-e1404fa-eb901ws-thin-light-laptop/p/itm7939cfb8266f7?pid=COMH9SJ9JFGNNUMH&lid=LSTCOMH9SJ9JFGNNUMHAEHXBC&marketplace=FLIPKART&q=ryzen+5+laptop&store=6bo%2Fb5g&srno=s_15_349&otracker=search&fm=organic&iid=eac8beff-7a14-486b-8d9d-9ebebc9e4c08.COMH9SJ9JFGNNUMH.SEARCH&ppt=sp&ppn=sp&ssid=f1i7c3xazk0000001781258669418&qH=d9f4092b4fd45dbf&ov_redirect=true,flipkart
"Add to CompareMOTOROLA Motobook 60 Full Metal OLED AI PC Intel Core Ultra 5 225H - (16 GB/1 TB SSD/Windows 11 Home) ...4.4938 Ratings&137 ReviewsIntel Core Ultra 5 Processor16 GB DDR5 RAM64 bit Windows 11 Operating System1 TB SSD35.56 cm (14 Inch) DisplayOffice Home & Student 20241 Year Warranty₹73,990₹1,10,49033% offUpto₹42,600Off on ExchangeBank Offer",Add,73990.0,Intel Core Ultra 5,16.0,DDR5,512.0,SSD,Intel Iris Xe,Windows 11,15.6,1920,1080,1,https://rukminim2.flixcart.com/image/416/416/xif0q/computer/c/1/z/-original-imahhbyxpgxgffan.jpeg?q=70,https://www.flipkart.com/motorola-motobook-60-full-metal-oled-ai-pc-intel-core-ultra-5-225h-16-gb-1-tb-ssd-windows-11-home-14iah10-thin-light-laptop/p/itm42bb63d1b751c?pid=COMHFC2C7WTGVZQ9&lid=LSTCOMHFC2C7WTGVZQ9JQSAHW&marketplace=FLIPKART&q=ryzen+5+laptop&store=6bo%2Fb5g&srno=s_15_350&otracker=search&fm=organic&iid=eac8beff-7a14-486b-8d9d-9ebebc9e4c08.COMHFC2C7WTGVZQ9.SEARCH&ppt=sp&ppn=sp&ssid=f1i7c3xazk0000001781258669418&qH=d9f4092b4fd45dbf&ov_redirect=true,flipkart
"Add to CompareHP 255 G9 AMD Ryzen 3 Dual Core 3250 - (8 GB/512 GB SSD/Windows 11 Home) 255 G8 Thin and Light Laptop4.11,601 Ratings&112 ReviewsAMD Ryzen 3 Dual Core Processor8 GB DDR4 RAM64 bit Windows 11 Operating System512 GB SSD39.62 cm (15.6 Inch) DisplayWindows 111 Year₹47,890₹49,9904% offBank Offer",HP,47890.0,Intel Core i5,8.0,DDR4,512.0,SSD,Intel Iris Xe,Windows 11,15.6,1920,1080,1,https://rukminim2.flixcart.com/image/416/416/l48s9zk0/computer/6/z/k/hp-laptop-255-g8-notebook-notebook-hp-original-imagf6hthg9zbxug.jpeg?q=70,https://www.flipkart.com/hp-255-g9-amd-ryzen-3-dual-core-3250-8-gb-512-gb-ssd-windows-11-home-g8-thin-light-laptop/p/itm087b6d1981ee8?pid=COMGFBK9A3Z2QD9H&lid=LSTCOMGFBK9A3Z2QD9HTQJS7K&marketplace=FLIPKART&q=ryzen+5+laptop&store=6bo%2Fb5g&srno=s_15_353&otracker=search&fm=organic&iid=eac8beff-7a14-486b-8d9d-9ebebc9e4c08.COMGFBK9A3Z2QD9H.SEARCH&ppt=sp&ppn=sp&ssid=f1i7c3xazk0000001781258669418&qH=d9f4092b4fd45dbf&ov_redirect=true,flipkart
"Add to CompareHP AMD Ryzen 7 Octa Core 5700U - (16 GB/512 GB SSD/Windows 11 Home) 14s-fy1005AU Thin and Light Laptop4.1412 Ratings&24 ReviewsAMD Ryzen 7 Octa Core Processor16 GB DDR4 RAM64 bit Windows 11 Operating System512 GB SSD35.56 cm (14 Inch) Display1 Year Onsite Warranty₹69,999₹79,99912% offBank Offer",HP,69999.0,Intel Core i5,16.0,DDR4,512.0,SSD,Intel Iris Xe,Windows 11,15.6,1920,1080,1,https://rukminim2.flixcart.com/image/416/416/xif0q/computer/y/6/c/-original-imahg5fv4zaumfdr.jpeg?q=70,https://www.flipkart.com/hp-amd-ryzen-7-octa-core-5700u-16-gb-512-gb-ssd-windows-11-home-14s-fy1005au-thin-light-laptop/p/itm85aa5e3547575?pid=COMGG3S9SZMBSGBY&lid=LSTCOMGG3S9SZMBSGBYNEK59B&marketplace=FLIPKART&q=ryzen+5+laptop&store=6bo%2Fb5g&srno=s_15_354&otracker=search&fm=organic&iid=eac8beff-7a14-486b-8d9d-9ebebc9e4c08.COMGG3S9SZMBSGBY.SEARCH&ppt=sp&ppn=sp&ssid=f1i7c3xazk0000001781258669418&qH=d9f4092b4fd45dbf&ov_redirect=true,flipkart
"Add to CompareASUS VivoBook 15 AMD Ryzen 7 Octa Core 5800HS - (16 GB/512 GB SSD/Windows 11 Home) M1502QA-EJ742WS Thi...AMD Ryzen 7 Octa Core Processor16 GB DDR4 RAM64 bit Windows 11 Home Operating System512 GB SSD39.62 cm (15.6 Inch) Display1 Year Onsite Warranty₹65,881₹82,99020% offBank Offer",ASUS,65881.0,Intel Core i5,16.0,DDR4,512.0,SSD,Intel Iris Xe,Windows 11,15.6,1920,1080,1,https://rukminim2.flixcart.com/image/416/416/xif0q/computer/f/g/g/m1502qa-ej742ws-thin-and-light-laptop-asus-original-imahg9fhgksfgmax.jpeg?q=70,https://www.flipkart.com/asus-vivobook-15-amd-ryzen-7-octa-core-5800hs-16-gb-512-gb-ssd-windows-11-home-m1502qa-ej742ws-thin-light-laptop/p/itmf83037b199f30?pid=COMHG9FHWCUYQF89&lid=LSTCOMHG9FHWCUYQF89JFAAIV&marketplace=FLIPKART&q=ryzen+5+laptop&store=6bo%2Fb5g&srno=s_15_356&otracker=search&fm=organic&iid=eac8beff-7a14-486b-8d9d-9ebebc9e4c08.COMHG9FHWCUYQF89.SEARCH&ppt=sp&ppn=sp&ssid=f1i7c3xazk0000001781258669418&qH=d9f4092b4fd45dbf&ov_redirect=true,flipkart
"Add to CompareLenovo V15 AMD Ryzen 3 Quad Core 7320U - (8 GB/512 GB SSD/DOS) V15 G4 Thin and Light Laptop4.1134 Ratings&11 ReviewsAMD Ryzen 3 Quad Core Processor8 GB LPDDR5 RAMDOS Operating System512 GB SSD39.62 cm (15.6 Inch) Display1 Year Onsite Warranty₹53,591₹53,990Bank Offer",Lenovo,53591.0,Intel Core i5,8.0,LPDDR5,512.0,SSD,Intel Iris Xe,DOS,15.6,1920,1080,1,https://rukminim2.flixcart.com/image/416/416/xif0q/computer/j/e/b/-original-imah4dcjruqhssuh.jpeg?q=70,https://www.flipkart.com/lenovo-v15-amd-ryzen-3-quad-core-7320u-8-gb-512-gb-ssd-dos-g4-thin-light-laptop/p/itm6ce9479a45966?pid=COMGPYKZZFCDVUNX&lid=LSTCOMGPYKZZFCDVUNXHHMR7P&marketplace=FLIPKART&q=ryzen+5+laptop&store=6bo%2Fb5g&srno=s_15_359&otracker=search&fm=organic&iid=eac8beff-7a14-486b-8d9d-9ebebc9e4c08.COMGPYKZZFCDVUNX.SEARCH&ppt=sp&ppn=sp&ssid=f1i7c3xazk0000001781258669418&qH=d9f4092b4fd45dbf&ov_redirect=true,flipkart
"Add to CompareASUS Vivobook Go 14 AMD Ryzen 3 Quad Core 7320U - (8 GB/512 GB SSD/Windows 11 Home) E1404FA-NK322WS Th...4.4144 Ratings&9 ReviewsAMD Ryzen 3 Quad Core Processor8 GB LPDDR5 RAMWindows 11 Operating System512 GB SSD35.56 cm (14 Inch) Display1 Year Onsite Warranty₹46,828₹51,5409% offBank Offer",ASUS,46828.0,Intel Core i5,8.0,LPDDR5,512.0,SSD,Intel Iris Xe,Windows 11,15.6,1920,1080,1,https://rukminim2.flixcart.com/image/416/416/xif0q/computer/u/416/416/-original-imagpxgq3wcnwpwv.jpeg?q=70,https://www.flipkart.com/asus-vivobook-go-14-amd-ryzen-3-quad-core-7320u-8-gb-512-gb-ssd-windows-11-home-e1404fa-nk322ws-thin-light-laptop/p/itmd6733f7332771?pid=COMGMGXFQ3QGPJCV&lid=LSTCOMGMGXFQ3QGPJCVM3AZU0&marketplace=FLIPKART&q=ryzen+5+laptop&store=6bo%2Fb5g&srno=s_15_360&otracker=search&fm=organic&iid=eac8beff-7a14-486b-8d9d-9ebebc9e4c08.COMGMGXFQ3QGPJCV.SEARCH&ppt=sp&ppn=sp&ssid=f1i7c3xazk0000001781258669418&qH=d9f4092b4fd45dbf&ov_redirect=true,flipkart
"Add to CompareHP OmniBook 7 Aero (Previously Pavilion) AMD Ryzen AI 7 Octa Core AI 7 350 - (16 GB/512 GB SSD/Windows...3.9102 Ratings&10 ReviewsAMD Ryzen AI 7 Octa Core Processor16 GB LPDDR5X RAMWindows 11 Operating System512 GB SSD33.78 cm (13.3 Inch) Display1 Year Onsite Service₹78,000₹1,06,30826% offOnly 1 leftBank Offer",HP,78000.0,Intel Core i5,16.0,LPDDR5X,512.0,SSD,Intel Iris Xe,Windows 11,13.3,1920,1080,1,https://rukminim2.flixcart.com/image/416/416/xif0q/computer/l/i/n/-original-imahhhfggye4tdfu.jpeg?q=70,https://www.flipkart.com/hp-omnibook-7-aero-previously-pavilion-amd-ryzen-ai-octa-core-350-16-gb-512-gb-ssd-windows-11-home-13-bg1456au-thin-light-laptop/p/itm0e77f01f6fad1?pid=COMHA9GUWFFBZZFG&lid=LSTCOMHA9GUWFFBZZFG256BTL&marketplace=FLIPKART&q=ryzen+7+laptop&store=6bo%2Fb5g&srno=s_1_5&otracker=search&fm=organic&iid=7921c48f-04d0-415f-93c0-5edaa1f76bd7.COMHA9GUWFFBZZFG.SEARCH&ppt=sp&ppn=sp&ssid=ut96a2wtds0000001781258675796&qH=f46cbf9bd44c5333&ov_redirect=true,flipkart
"Add to CompareASUS VivoBook Ultra AMD Ryzen 7 Octa Core 5700U - (8 GB/512 GB SSD/Windows 10 Home) KM413UA-EB702TS Th...4.286 Ratings&8 ReviewsAMD Ryzen 7 Octa Core Processor8 GB DDR4 RAM64 bit Windows 10 Operating System512 GB SSD35.56 cm (14 Inch) DisplayMyASUS, Office Home and Student 2019, Link to MyASUS, Splendid, Tru2Life1 Year Onsite Warranty₹58,999₹84,99030% offOnly 1 leftBank Offer",ASUS,58999.0,Intel Core i5,8.0,DDR4,512.0,SSD,Intel Iris Xe,Windows 10,15.6,1920,1080,1,https://rukminim2.flixcart.com/image/416/416/kmgn0cw0/computer/p/q/o/na-thin-and-light-laptop-asus-original-imagfcpagxqqe6zs.jpeg?q=70,https://www.flipkart.com/asus-vivobook-ultra-amd-ryzen-7-octa-core-5700u-8-gb-512-gb-ssd-windows-10-home-km413ua-eb702ts-thin-light-laptop/p/itm2b4ff5e65cd0f?pid=COMGF8KSU5ZHRS6H&lid=LSTCOMGF8KSU5ZHRS6H2ZXR1V&marketplace=FLIPKART&q=ryzen+7+laptop&store=6bo%2Fb5g&srno=s_1_15&otracker=search&fm=organic&iid=7921c48f-04d0-415f-93c0-5edaa1f76bd7.COMGF8KSU5ZHRS6H.SEARCH&ppt=sp&ppn=sp&ssid=ut96a2wtds0000001781258675796&qH=f46cbf9bd44c5333&ov_redirect=true,flipkart
"Add to CompareASUS Vivobook 15 (2025) with Office 2024 + M365 Basic*, AMD Ryzen 7 Octa Core 7730U - (16 GB/512 GB SS...4101 Ratings&6 ReviewsAMD Ryzen 7 Octa Core Processor16 GB DDR4 RAMWindows 11 Home Operating System512 GB SSD39.62 cm (15.6 Inch) DisplayMicrosoft Office Home 2024 (Lifetime Validity ) + Microsoft 365 Basic*(1-Year Validity), One-Month Membership of Adobe Creative Cloud All Apps, McAfee 1 year1 Year Onsite Warranty₹65,000₹72,50010% offOnly 1 leftBank Offer",ASUS,65000.0,Intel Core i5,16.0,DDR4,512.0,SSD,Intel Iris Xe,Windows 11,15.6,1920,1080,1,https://rukminim2.flixcart.com/image/416/416/xif0q/computer/n/m/w/-original-imahgf67hyumzfkk.jpeg?q=70,https://www.flipkart.com/asus-vivobook-15-2025-office-2024-m365-basic-amd-ryzen-7-octa-core-7730u-16-gb-512-gb-ssd-windows-11-home-m1502ya-bq989ws-thin-light-laptop/p/itm162f5270461c9?pid=COMHFCRYWHQSZGGP&lid=LSTCOMHFCRYWHQSZGGPK2OPVW&marketplace=FLIPKART&q=ryzen+7+laptop&store=6bo%2Fb5g&srno=s_1_16&otracker=search&fm=organic&iid=7921c48f-04d0-415f-93c0-5edaa1f76bd7.COMHFCRYWHQSZGGP.SEARCH&ppt=sp&ppn=sp&ssid=ut96a2wtds0000001781258675796&qH=f46cbf9bd44c5333&ov_redirect=true,flipkart
"Add to CompareHP 15 Laptop with Backlit Keyboard & MSO'2024, AMD Ryzen 7 Octa Core 7730U - (16 GB/512 GB SSD/Windows...4.151 Ratings&8 ReviewsAMD Ryzen 7 Octa Core Processor16 GB DDR4 RAMWindows 11 Home Operating System512 GB SSD39.62 cm (15.6 Inch) DisplayMS Office Home 2024 + 1 year M365 Basic1 Year Onsite Warranty₹68,900₹78,99012% offOnly 5 leftBank Offer",HP,68900.0,Intel Core i5,16.0,DDR4,512.0,SSD,Intel Iris Xe,Windows 11,15.6,1920,1080,1,https://rukminim2.flixcart.com/image/416/416/xif0q/computer/g/416/416/-original-imahc7grm5hxn82g.jpeg?q=70,https://www.flipkart.com/hp-15-laptop-backlit-keyboard-mso-2024-amd-ryzen-7-octa-core-7730u-16-gb-512-gb-ssd-windows-11-home-15-fc0390au-thin-light/p/itm436e10ffd7b57?pid=COMHBFRJ3HXWH7HH&lid=LSTCOMHBFRJ3HXWH7HH0G8MPO&marketplace=FLIPKART&q=ryzen+7+laptop&store=6bo%2Fb5g&srno=s_1_18&otracker=search&fm=organic&iid=7921c48f-04d0-415f-93c0-5edaa1f76bd7.COMHBFRJ3HXWH7HH.SEARCH&ppt=sp&ppn=sp&ssid=ut96a2wtds0000001781258675796&qH=f46cbf9bd44c5333&ov_redirect=true,flipkart
"Add to CompareASUS Vivobook 16 (2026) AI PC with Office 2024 + M365 Basic*, Copilot+ PC AMD Ryzen AI 7 Hexa Core 445...4.73 Ratings&0 ReviewsAMD Ryzen AI 7 Hexa Core Processor16 GB DDR5 RAMWindows 11 Home Operating System512 GB SSD40.64 cm (16 inch) DisplayMicrosoft Office Home 2024 (Lifetime Validity ) + Microsoft 365 Basic*(1-Year Validity), One-Month Membership of Adobe Creative Cloud All Apps, McAfee 1 year1 Year Onsite Warranty₹86,990₹97,99011% offHot DealUpto₹42,600Off on Exchange",ASUS,86990.0,Intel Core i5,16.0,DDR5,512.0,SSD,Intel Iris Xe,Windows 11,15.6,1920,1080,1,https://rukminim2.flixcart.com/image/416/416/xif0q/computer/z/w/7/-original-imahknwxwnevvgzx.jpeg?q=70,https://www.flipkart.com/asus-vivobook-16-2026-ai-pc-office-2024-m365-basic-copilot-amd-ryzen-7-hexa-core-445-16-gb-512-gb-ssd-windows-11-home-m1607ga-mb029ws-thin-light-laptop/p/itm2d63dd66b4319?pid=COMHJJ2HJZYGBDHF&lid=LSTCOMHJJ2HJZYGBDHFMICVH7&marketplace=FLIPKART&q=ryzen+7+laptop&store=6bo%2Fb5g&srno=s_1_20&otracker=search&fm=organic&iid=7921c48f-04d0-415f-93c0-5edaa1f76bd7.COMHJJ2HJZYGBDHF.SEARCH&ppt=sp&ppn=sp&ssid=ut96a2wtds0000001781258675796&qH=f46cbf9bd44c5333&ov_redirect=true,flipkart
"Add to CompareLenovo IdeaPad 1 AMD Ryzen 7 Octa Core 5700U - (16 GB/512 GB SSD/Windows 11 Home) 15ALC7 Thin and Ligh...4.2584 Ratings&42 ReviewsAMD Ryzen 7 Octa Core Processor16 GB DDR4 RAMWindows 11 Operating System512 GB SSD39.62 cm (15.6 Inch) Display1 Yr. Onsite + 1 Yr. Accidental Damage Protection₹59,990₹69,99914% offOnly 1 leftBank Offer",Lenovo,59990.0,Intel Core i5,16.0,DDR4,512.0,SSD,Intel Iris Xe,Windows 11,15.6,1920,1080,1,https://rukminim2.flixcart.com/image/416/416/xif0q/computer/v/f/9/-original-imahg52n9yhfag9v.jpeg?q=70,https://www.flipkart.com/lenovo-ideapad-1-amd-ryzen-7-octa-core-5700u-16-gb-512-gb-ssd-windows-11-home-15alc7-thin-light-laptop/p/itmd44c92b46b181?pid=COMHYG8ZDVPTUYYB&lid=LSTCOMHYG8ZDVPTUYYBHLATA5&marketplace=FLIPKART&q=ryzen+7+laptop&store=6bo%2Fb5g&srno=s_1_21&otracker=search&fm=organic&iid=7921c48f-04d0-415f-93c0-5edaa1f76bd7.COMHYG8ZDVPTUYYB.SEARCH&ppt=sp&ppn=sp&ssid=ut96a2wtds0000001781258675796&qH=f46cbf9bd44c5333&ov_redirect=true,flipkart
"Add to CompareInfinix B15 Series AMD Ryzen 7 Octa Core 5825U - (8 GB/512 GB SSD/Windows 11 Home) BL51A5 Thin and Lig...4.286 Ratings&13 ReviewsAMD Ryzen 7 Octa Core Processor8 GB DDR4 RAMWindows 11 Operating System512 GB SSD39.62 cm (15.6 Inch) DisplayInfinix PC Connection1 Year Domestic Onsite Warranty On Laptop And 6 Months On Adapter₹59,990Only 1 leftUpto₹42,600Off on Exchange",Infinix,59990.0,Intel Core i5,8.0,DDR4,512.0,SSD,Intel Iris Xe,Windows 11,15.6,1920,1080,1,https://rukminim2.flixcart.com/image/416/416/xif0q/computer/9/e/p/-original-imahfcrjnkthtatj.jpeg?q=70,https://www.flipkart.com/infinix-b15-series-amd-ryzen-7-octa-core-5825u-8-gb-512-gb-ssd-windows-11-home-bl51a5-thin-light-laptop/p/itm3fa3354f9dc3e?pid=COMHESUZV2SJKAAT&lid=LSTCOMHESUZV2SJKAATWH2POL&marketplace=FLIPKART&q=ryzen+7+laptop&store=6bo%2Fb5g&srno=s_1_22&otracker=search&fm=organic&iid=7921c48f-04d0-415f-93c0-5edaa1f76bd7.COMHESUZV2SJKAAT.SEARCH&ppt=sp&ppn=sp&ssid=ut96a2wtds0000001781258675796&qH=f46cbf9bd44c5333&ov_redirect=true,flipkart
"Add to CompareHP AMD Ryzen 7 Octa Core 5700U - (16 GB/512 GB SSD/Windows 11 Home) 14s-fy1005AU Thin and Light Laptop4.1412 Ratings&24 ReviewsAMD Ryzen 7 Octa Core Processor16 GB DDR4 RAM64 bit Windows 11 Operating System512 GB SSD35.56 cm (14 Inch) Display1 Year Onsite Warranty₹69,999₹79,99912% offOnly 1 leftBank Offer",HP,69999.0,Intel Core i5,16.0,DDR4,512.0,SSD,Intel Iris Xe,Windows 11,15.6,1920,1080,1,https://rukminim2.flixcart.com/image/416/416/xif0q/computer/y/6/c/-original-imahg5fv4zaumfdr.jpeg?q=70,https://www.flipkart.com/hp-amd-ryzen-7-octa-core-5700u-16-gb-512-gb-ssd-windows-11-home-14s-fy1005au-thin-light-laptop/p/itm85aa5e3547575?pid=COMGG3S9SZMBSGBY&lid=LSTCOMGG3S9SZMBSGBYNEK59B&marketplace=FLIPKART&q=ryzen+7+laptop&store=6bo%2Fb5g&srno=s_2_26&otracker=search&fm=organic&iid=1ee048be-ae95-434c-ae96-13f22a4d05d8.COMGG3S9SZMBSGBY.SEARCH&ppt=sp&ppn=sp&ssid=86lwim5yds0000001781258681113&qH=f46cbf9bd44c5333&ov_redirect=true,flipkart
"Add to CompareASUS Zenbook 14 OLED AMD Ryzen 7 Octa Core 7730U - (16 GB/512 GB SSD/Windows 11 Home) UM3402YA-KM741WS...4.323 Ratings&3 ReviewsAMD Ryzen 7 Octa Core Processor16 GB LPDDR4X RAMWindows 11 Operating System512 GB SSD35.56 cm (14 Inch) Display1 Year Onsite Warranty₹82,937₹1,22,99032% offOnly 1 leftBank Offer",ASUS,82937.0,Intel Core i5,16.0,LPDDR4X,512.0,SSD,Intel Iris Xe,Windows 11,15.6,1920,1080,1,https://rukminim2.flixcart.com/image/416/416/xif0q/computer/i/1/i/-original-imagpxgrz9wzqa9g.jpeg?q=70,https://www.flipkart.com/asus-zenbook-14-oled-amd-ryzen-7-octa-core-7730u-16-gb-512-gb-ssd-windows-11-home-um3402ya-km741ws-thin-light-laptop/p/itmde571f9affd92?pid=COMGMGXFVZFJZNF2&lid=LSTCOMGMGXFVZFJZNF2MRAV32&marketplace=FLIPKART&q=ryzen+7+laptop&store=6bo%2Fb5g&srno=s_2_35&otracker=search&fm=organic&iid=1ee048be-ae95-434c-ae96-13f22a4d05d8.COMGMGXFVZFJZNF2.SEARCH&ppt=sp&ppn=sp&ssid=86lwim5yds0000001781258681113&qH=f46cbf9bd44c5333&ov_redirect=true,flipkart
"Add to CompareASUS Vivobook 15(2025) with Office 2024 + M365 Basic* AMD Ryzen 7 Octa Core 7730U - (16 GB/512 GB SSD/...44 Ratings&1 ReviewsAMD Ryzen 7 Octa Core Processor16 GB DDR4 RAMWindows 11 Home Operating System512 GB SSD39.62 cm (15.6 Inch) DisplayMicrosoft Office Home 2024 (Lifetime Validity ) + Microsoft 365 Basic*(1-Year Validity), One-Month Membership of Adobe Creative Cloud All Apps, McAfee 1 year1 Year Onsite Warranty₹61,999₹86,99028% offOnly 1 leftBank Offer",ASUS,61999.0,Intel Core i5,16.0,DDR4,512.0,SSD,Intel Iris Xe,Windows 11,15.6,1920,1080,1,https://rukminim2.flixcart.com/image/416/416/xif0q/computer/6/r/x/x1502va-nj542ws-thin-and-light-laptop-asus-original-imagznwpuefs9grj.jpeg?q=70,https://www.flipkart.com/asus-vivobook-15-2025-office-2024-m365-basic-amd-ryzen-7-octa-core-7730u-16-gb-512-gb-ssd-windows-11-home-m1502ya-bq936ws-thin-light-laptop/p/itm8aceea8a3302b?pid=COMHEZZTJHKVC5FE&lid=LSTCOMHEZZTJHKVC5FEX3EEFW&marketplace=FLIPKART&q=ryzen+7+laptop&store=6bo%2Fb5g&srno=s_2_40&otracker=search&fm=organic&iid=1ee048be-ae95-434c-ae96-13f22a4d05d8.COMHEZZTJHKVC5FE.SEARCH&ppt=sp&ppn=sp&ssid=86lwim5yds0000001781258681113&qH=f46cbf9bd44c5333&ov_redirect=true,flipkart
"Add to CompareHP AMD Ryzen 7 Octa Core 5700U - (16 GB/512 GB SSD/Windows 11 Home) 15s-EQ2084AU Laptop3.948 Ratings&3 ReviewsAMD Ryzen 7 Octa Core Processor16 GB DDR4 RAMWindows 11 Operating System512 GB SSD39.62 cm (15.6 Inch) Display1 Year warranty₹62,651₹65,9905% offOnly 2 leftBank Offer",HP,62651.0,Intel Core i5,16.0,DDR4,512.0,SSD,Intel Iris Xe,Windows 11,15.6,1920,1080,1,https://rukminim2.flixcart.com/image/416/416/xif0q/computer/9/q/r/15s-eq2084au-laptop-hp-original-imahyq4nf4e95jka.jpeg?q=70,https://www.flipkart.com/hp-amd-ryzen-7-octa-core-5700u-16-gb-512-gb-ssd-windows-11-home-15s-eq2084au-laptop/p/itm7d4577134e5bc?pid=COMGUU3XWYUFTARZ&lid=LSTCOMGUU3XWYUFTARZKFWJL6&marketplace=FLIPKART&q=ryzen+7+laptop&store=6bo%2Fb5g&srno=s_2_41&otracker=search&fm=organic&iid=1ee048be-ae95-434c-ae96-13f22a4d05d8.COMGUU3XWYUFTARZ.SEARCH&ppt=sp&ppn=sp&ssid=86lwim5yds0000001781258681113&qH=f46cbf9bd44c5333&ov_redirect=true,flipkart
"Add to CompareHP AMD Ryzen 7 Octa Core 5700U - (8 GB/512 GB SSD/Windows 10 Home) 14s-fq1083AU Thin and Light Laptop4.2130 Ratings&14 ReviewsAMD Ryzen 7 Octa Core Processor8 GB DDR4 RAM64 bit Windows 10 Operating System512 GB SSD35.56 cm (14 Inch) DisplayMicrosoft Office Home & Student 20191 Year Onsite Warranty₹65,999₹72,9999% offOnly 1 leftBank Offer",HP,65999.0,Intel Core i5,8.0,DDR4,512.0,SSD,Intel Iris Xe,Windows 10,15.6,1920,1080,1,https://rukminim2.flixcart.com/image/416/416/xif0q/computer/r/v/s/-original-imagp7pg8zr5zb7h.jpeg?q=70,https://www.flipkart.com/hp-amd-ryzen-7-octa-core-5700u-8-gb-512-gb-ssd-windows-10-home-14s-fq1083au-thin-light-laptop/p/itm2bf52228ed14f?pid=COMG89QW8HCXAYTY&lid=LSTCOMG89QW8HCXAYTY93T9PS&marketplace=FLIPKART&q=ryzen+7+laptop&store=6bo%2Fb5g&srno=s_2_42&otracker=search&fm=organic&iid=1ee048be-ae95-434c-ae96-13f22a4d05d8.COMG89QW8HCXAYTY.SEARCH&ppt=sp&ppn=sp&ssid=86lwim5yds0000001781258681113&qH=f46cbf9bd44c5333&ov_redirect=true,flipkart
"Add to CompareHP HP Envy AMD Ryzen 7 7730U - (16 GB/512 GB SSD/Windows 11 Home) 15-fh0032AU Thin and Light LaptopAMD Ryzen 7 Processor16 GB DDR4 RAMWindows 11 Home Operating System512 GB SSD39.62 cm (15.6 inch) Touchscreen Display1 Year Onsite Warranty₹80,906₹87,5007% offOnly 1 leftBank Offer",HP,80906.0,Amd Ryzen 7 7730U,16.0,DDR4,512.0,SSD,Intel Iris Xe,Windows 11,15.6,1920,1080,1,https://rukminim2.flixcart.com/image/416/416/xif0q/computer/2/c/5/15-fh0032au-thin-and-light-laptop-hp-original-imahm4hakg6m4qfj.jpeg?q=70,https://www.flipkart.com/hp-envy-amd-ryzen-7-7730u-16-gb-512-gb-ssd-windows-11-home-15-fh0032au-thin-light-laptop/p/itmade87585e89b6?pid=COMHMPPNRCZ3CJ4F&lid=LSTCOMHMPPNRCZ3CJ4FIRP4GX&marketplace=FLIPKART&q=ryzen+7+laptop&store=6bo%2Fb5g&srno=s_2_46&otracker=search&fm=organic&iid=1ee048be-ae95-434c-ae96-13f22a4d05d8.COMHMPPNRCZ3CJ4F.SEARCH&ppt=sp&ppn=sp&ssid=86lwim5yds0000001781258681113&qH=f46cbf9bd44c5333&ov_redirect=true,flipkart
"Add to CompareHP AMD Ryzen 7 Octa Core 10th Gen - (16 GB/512 GB SSD/Windows 11 Home) 15-EH3101AU LaptopAMD Ryzen 7 Octa Core Processor (10th Gen)16 GB DDR4 RAMWindows 11 Operating System512 GB SSD39.62 cm (15.6 inch) Display1 Year Warranty₹66,990₹81,99018% offOnly few leftBank Offer",HP,66990.0,Intel Core i5,16.0,DDR4,512.0,SSD,Intel Iris Xe,Windows 11,15.6,1920,1080,1,https://rukminim2.flixcart.com/image/416/416/xif0q/computer/q/c/w/pavilion-15-eh3101au-laptop-hp-original-imahkf5jhj7gahus.jpeg?q=70,https://www.flipkart.com/hp-amd-ryzen-7-octa-core-10th-gen-16-gb-512-gb-ssd-windows-11-home-15-eh3101au-laptop/p/itm2ddde693fb13f?pid=COMHKF5K2PVFJ8PY&lid=LSTCOMHKF5K2PVFJ8PYL4KE8C&marketplace=FLIPKART&q=ryzen+7+laptop&store=6bo%2Fb5g&srno=s_2_48&otracker=search&fm=organic&iid=1ee048be-ae95-434c-ae96-13f22a4d05d8.COMHKF5K2PVFJ8PY.SEARCH&ppt=sp&ppn=sp&ssid=86lwim5yds0000001781258681113&qH=f46cbf9bd44c5333&ov_redirect=true,flipkart
"Add to CompareHP Envy x360 AMD Ryzen 7 Octa Core 7730U - (16 GB/512 GB SSD/Windows 11 Home) 15-fh0019AU Laptop3.86 Ratings&3 ReviewsAMD Ryzen 7 Octa Core Processor16 GB LPDDR4X RAMWindows 11 Operating System512 GB SSD39.62 cm (15.6 Inch) Touchscreen Display1 Year Onsite Warranty₹81,999₹99,00417% offOnly 2 leftUpto₹42,600Off on Exchange",HP,81999.0,Intel Core i5,16.0,LPDDR4X,512.0,SSD,Intel Iris Xe,Windows 11,15.6,1920,1080,1,https://rukminim2.flixcart.com/image/416/416/xif0q/computer/h/8/m/-original-imahg5ftfbyughnq.jpeg?q=70,https://www.flipkart.com/hp-envy-x360-amd-ryzen-7-octa-core-7730u-16-gb-512-gb-ssd-windows-11-home-15-fh0019au-laptop/p/itmfce2095d9c61b?pid=COMGQTFC7ZTW2NBY&lid=LSTCOMGQTFC7ZTW2NBYLGSDDB&marketplace=FLIPKART&q=ryzen+7+laptop&store=6bo%2Fb5g&srno=s_3_50&otracker=search&fm=organic&iid=8d2c6768-fcc7-4573-9777-f2528dffca9a.COMGQTFC7ZTW2NBY.SEARCH&ppt=sp&ppn=sp&ssid=xjx6os9yo00000001781258688326&qH=f46cbf9bd44c5333&ov_redirect=true,flipkart
"Add to CompareASUS VivoBook 15 AMD Ryzen 7 Octa Core 5800HS - (16 GB/512 GB SSD/Windows 11 Home) M1502QA-EJ742WS Thi...AMD Ryzen 7 Octa Core Processor16 GB DDR4 RAM64 bit Windows 11 Home Operating System512 GB SSD39.62 cm (15.6 Inch) Display1 Year Onsite Warranty₹65,881₹82,99020% offOnly 3 leftBank Offer",ASUS,65881.0,Intel Core i5,16.0,DDR4,512.0,SSD,Intel Iris Xe,Windows 11,15.6,1920,1080,1,https://rukminim2.flixcart.com/image/416/416/xif0q/computer/f/g/g/m1502qa-ej742ws-thin-and-light-laptop-asus-original-imahg9fhgksfgmax.jpeg?q=70,https://www.flipkart.com/asus-vivobook-15-amd-ryzen-7-octa-core-5800hs-16-gb-512-gb-ssd-windows-11-home-m1502qa-ej742ws-thin-light-laptop/p/itmf83037b199f30?pid=COMHG9FHWCUYQF89&lid=LSTCOMHG9FHWCUYQF89JFAAIV&marketplace=FLIPKART&q=ryzen+7+laptop&store=6bo%2Fb5g&srno=s_3_56&otracker=search&fm=organic&iid=8d2c6768-fcc7-4573-9777-f2528dffca9a.COMHG9FHWCUYQF89.SEARCH&ppt=sp&ppn=sp&ssid=xjx6os9yo00000001781258688326&qH=f46cbf9bd44c5333&ov_redirect=true,flipkart
"Add to CompareLenovo IdeaPad Gaming 3 AMD Ryzen 7 Octa Core 5800H - (8 GB/512 GB SSD/Windows 11 Home/4 GB Graphics/N...4.5812 Ratings&93 ReviewsAMD Ryzen 7 Octa Core Processor8 GB DDR4 RAM64 bit Windows 11 Operating System512 GB SSD39.62 cm (15.6 Inch) Display1 Year Onsite�Warranty�+ 1 Year Premium Care + 1 Year Accidental Damage Protection₹63,390₹1,03,49038% offOnly 1 leftBank Offer",Lenovo,63390.0,Intel Core i5,8.0,DDR4,512.0,SSD,Intel Iris Xe,Windows 11,15.6,1920,1080,1,https://rukminim2.flixcart.com/image/416/416/xif0q/computer/a/v/e/15ach6-gaming-laptop-lenovo-original-imah3cs4ftwevftn.jpeg?q=70,https://www.flipkart.com/lenovo-ideapad-gaming-3-amd-ryzen-7-octa-core-5800h-8-gb-512-gb-ssd-windows-11-home-4-graphics-nvidia-geforce-rtx-3050-15ach6-laptop/p/itm2a46b1c472cac?pid=COMGGMRSDDRGKFGU&lid=LSTCOMGGMRSDDRGKFGUYCPD5P&marketplace=FLIPKART&q=ryzen+7+laptop&store=6bo%2Fb5g&srno=s_4_74&otracker=search&fm=organic&iid=3ef08227-d9af-49fa-82e7-b29afea98ce6.COMGGMRSDDRGKFGU.SEARCH&ppt=sp&ppn=sp&ssid=qdzmp6icww0000001781258692473&qH=f46cbf9bd44c5333&ov_redirect=true,flipkart
"Add to CompareAcer Aspire 7 (i7 14th Gen) Intel Core 7 240H - (16 GB/512 GB SSD/Windows 11 Home/6 GB Graphics/NVIDIA...3.619 Ratings&2 ReviewsIntel Core 7 Processor16 GB DDR4 RAM64 bit Windows 11 Home Operating System512 GB SSD39.62 cm (15.6 Inch) Display1 Year Warranty₹74,990₹94,99921% offSuper DealsBank Offer",Acer,74990.0,Intel Core i5,16.0,DDR4,512.0,SSD,Intel Iris Xe,Windows 11,15.6,1920,1080,1,https://rukminim2.flixcart.com/image/416/416/xif0q/computer/f/f/s/-original-imahgguvgsswtu7p.jpeg?q=70,https://www.flipkart.com/acer-aspire-7-i7-14th-gen-intel-core-240h-16-gb-512-gb-ssd-windows-11-home-6-graphics-nvidia-geforce-rtx-3050-a715-79g-gaming-laptop/p/itm29d23f46bd0b7?pid=COMHGEUYCPDCFWNN&lid=LSTCOMHGEUYCPDCFWNNCDEDDP&marketplace=FLIPKART&q=ryzen+7+laptop&store=6bo%2Fb5g&srno=s_4_80&otracker=search&fm=organic&iid=3ef08227-d9af-49fa-82e7-b29afea98ce6.COMHGEUYCPDCFWNN.SEARCH&ppt=sp&ppn=sp&ssid=qdzmp6icww0000001781258692473&qH=f46cbf9bd44c5333&ov_redirect=true,flipkart
"Add to CompareLenovo IdeaPad Slim 3 AMD Ryzen 7 Octa Core 8840H Office 2024 and Backlit Keyboard AMD Ryzen 7 Octa Co...4.5121 Ratings&11 ReviewsAMD Ryzen 7 Octa Core Processor24 GB DDR5 RAMWindows 11 Home Operating System1 TB SSD38.86 cm (15.3 Inch) DisplayOffice Home 20241 Year Onsite Warranty₹81,990₹94,89013% offUpto₹42,600Off on ExchangeBank Offer",Lenovo,81990.0,Intel Core i5,24.0,DDR5,512.0,SSD,Intel Iris Xe,Windows 11,15.3,1920,1080,1,https://rukminim2.flixcart.com/image/416/416/xif0q/computer/i/r/p/-original-imahex3tmkrhdhfv.jpeg?q=70,https://www.flipkart.com/lenovo-ideapad-slim-3-amd-ryzen-7-octa-core-8840h-office-2024-backlit-keyboard-8840hs-24-gb-1-tb-ssd-windows-11-home-15ahp10-thin-light-laptop/p/itm39c8550e0d65e?pid=COMHDYG7DMGRZETR&lid=LSTCOMHDYG7DMGRZETRPBL0T3&marketplace=FLIPKART&q=ryzen+7+laptop&store=6bo%2Fb5g&srno=s_4_83&otracker=search&fm=organic&iid=3ef08227-d9af-49fa-82e7-b29afea98ce6.COMHDYG7DMGRZETR.SEARCH&ppt=sp&ppn=sp&ssid=qdzmp6icww0000001781258692473&qH=f46cbf9bd44c5333&ov_redirect=true,flipkart
"Add to CompareASUS ROG Strix G15 AMD Ryzen 7 Octa Core 6800HS - (16 GB/1 TB SSD/Windows 11 Home/4 GB Graphics/NVIDIA...4.3778 Ratings&66 ReviewsAMD Ryzen 7 Octa Core Processor16 GB DDR5 RAM64 bit Windows 11 Operating System1 TB SSD39.62 cm (15.6 Inch) Display1 Year Onsite Warranty₹1,11,990₹1,35,00017% offOnly 1 leftBank Offer",ASUS,111990.0,Intel Core i5,16.0,DDR5,512.0,SSD,Intel Iris Xe,Windows 11,15.6,1920,1080,1,https://rukminim2.flixcart.com/image/416/416/l0vbukw0/computer/z/o/e/-original-imagckcfz6jgjn3z.jpeg?q=70,https://www.flipkart.com/asus-rog-strix-g15-amd-ryzen-7-octa-core-6800hs-16-gb-1-tb-ssd-windows-11-home-4-gb-graphics-nvidia-geforce-rtx-3050-144-hz-g513rc-hn083w-gaming-laptop/p/itm6c78207201c3f?pid=COMGCYCEH9RMGGZ5&lid=LSTCOMGCYCEH9RMGGZ5JTLKNV&marketplace=FLIPKART&q=ryzen+7+laptop&store=6bo%2Fb5g&srno=s_4_96&otracker=search&fm=organic&iid=3ef08227-d9af-49fa-82e7-b29afea98ce6.COMGCYCEH9RMGGZ5.SEARCH&ppt=sp&ppn=sp&ssid=qdzmp6icww0000001781258692473&qH=f46cbf9bd44c5333&ov_redirect=true,flipkart
"Add to CompareHP AMD Ryzen AI 7 Octa Core Ryzen AI 7 350 - (16 GB/512 GB SSD/Windows 11 Home) ag1048au LaptopAMD Ryzen AI 7 Octa Core Processor16 GB LPDDR5X RAMWindows 11 Home Operating System512 GB SSD40.64 cm (16 inch) Touchscreen Display1 Year Onsite Warranty from HP₹89,990₹99,5269% offOnly 1 leftBank Offer",HP,89990.0,Intel Core i5,16.0,LPDDR5X,512.0,SSD,Intel Iris Xe,Windows 11,15.6,1920,1080,1,https://rukminim2.flixcart.com/image/416/416/xif0q/computer/h/z/8/ag1048au-laptop-hp-original-imahmfeq9hhhgmxf.jpeg?q=70,https://www.flipkart.com/hp-amd-ryzen-ai-7-octa-core-350-16-gb-512-gb-ssd-windows-11-home-ag1048au-laptop/p/itmb8d045b4da089?pid=COMHMSUCZJTJ7AJZ&lid=LSTCOMHMSUCZJTJ7AJZ6DPSCP&marketplace=FLIPKART&q=ryzen+7+laptop&store=6bo%2Fb5g&srno=s_5_105&otracker=search&fm=organic&iid=87d3dab9-c8d3-4382-af4a-172837f66684.COMHMSUCZJTJ7AJZ.SEARCH&ppt=sp&ppn=sp&ssid=065tikv89s0000001781258699108&qH=f46cbf9bd44c5333&ov_redirect=true,flipkart
"Add to CompareASUS ROG Strix G15 AMD Ryzen 7 Octa Core 4800H - (16 GB/1 TB SSD/Windows 11 Home/4 GB Graphics/NVIDIA ...4.5424 Ratings&40 ReviewsAMD Ryzen 7 Octa Core Processor16 GB DDR4 RAMWindows 11 Operating System1 TB SSD39.62 cm (15.6 Inch) DisplayMicrosoft Office Home & Student1 Year Onsite Warranty₹1,10,599₹1,15,9904% offOnly 1 leftBank Offer",ASUS,110599.0,Intel Core i5,16.0,DDR4,512.0,SSD,Intel Iris Xe,Windows 11,15.6,1920,1080,1,https://rukminim2.flixcart.com/image/416/416/xif0q/computer/d/k/u/g513qe-hf145t-gaming-laptop-asus-original-imahfqgsydmgfyrb.jpeg?q=70,https://www.flipkart.com/asus-rog-strix-g15-amd-ryzen-7-octa-core-4800h-16-gb-1-tb-ssd-windows-11-home-4-gb-graphics-nvidia-geforce-rtx-3050ti-144-hz-g513ie-hn040ws-gaming-laptop/p/itm6c78207201c3f?pid=COMGE73KYN76YZC7&lid=LSTCOMGE73KYN76YZC7IAJEHK&marketplace=FLIPKART&q=ryzen+7+laptop&store=6bo%2Fb5g&srno=s_5_116&otracker=search&fm=organic&iid=87d3dab9-c8d3-4382-af4a-172837f66684.COMGE73KYN76YZC7.SEARCH&ppt=sp&ppn=sp&ssid=065tikv89s0000001781258699108&qH=f46cbf9bd44c5333&ov_redirect=true,flipkart
"Add to CompareHP Envy x360 AMD Ryzen 5 Hexa Core 7530U - (16 GB/512 GB SSD/Windows 11 Home) 15-fh0015AU Laptop3.816 Ratings&1 ReviewsAMD Ryzen 5 Hexa Core Processor16 GB LPDDR5 RAMWindows 11 Operating System512 GB SSD39.62 cm (15.6 Inch) Touchscreen Display1 Year Onsite Warranty₹65,990₹87,76324% offLowest price in the yearOnly 1 left",HP,65990.0,Intel Core i5,16.0,LPDDR5,512.0,SSD,Intel Iris Xe,Windows 11,15.6,1920,1080,1,https://rukminim2.flixcart.com/image/416/416/xif0q/computer/e/p/e/-original-imahg532yhhpty9e.jpeg?q=70,https://www.flipkart.com/hp-envy-x360-amd-ryzen-5-hexa-core-7530u-16-gb-512-gb-ssd-windows-11-home-15-fh0015au-laptop/p/itmc3c086a1fc34b?pid=COMGQTFCNHFRVXKB&lid=LSTCOMGQTFCNHFRVXKB6TW5HX&marketplace=FLIPKART&q=ryzen+7+laptop&store=6bo%2Fb5g&srno=s_7_160&otracker=search&fm=organic&iid=52baca0a-f96d-442f-8eaf-da1e259e793f.COMGQTFCNHFRVXKB.SEARCH&ppt=sp&ppn=sp&ssid=bjae0hb6i80000001781258709131&qH=f46cbf9bd44c5333&ov_redirect=true,flipkart
"Add to CompareASUS ROG Strix G16 (2025) with Office 2024 + M365 Basic* AMD Ryzen 9 16 Core 8940HX - (16 GB/1 TB SSD/...4.738 Ratings&4 ReviewsAMD Ryzen 9 16 Core Processor16 GB DDR5 RAMWindows 11 Home Operating System1 TB SSD40.64 cm (16 Inch) DisplayMicrosoft Office Home 2024 (Lifetime Validity ) + Microsoft 365 Basic*(1-Year Validity), , McAfee 1 year, Xbox Game Pass for 3 months1 Year Onsite Warranty₹1,69,990₹2,03,99016% offSuper DealsOnly 5 left",ASUS,169990.0,Amd Ryzen 9 16,16.0,DDR5,512.0,SSD,Intel Iris Xe,Windows 11,15.6,1920,1080,1,https://rukminim2.flixcart.com/image/416/416/xif0q/computer/a/x/c/-original-imahbrwgqgg6g3f4.jpeg?q=70,https://www.flipkart.com/asus-rog-strix-g16-2025-office-2024-m365-basic-amd-ryzen-9-16-core-8940hx-16-gb-1-tb-ssd-windows-11-home-8-gb-graphics-nvidia-geforce-rtx-5060-240-hz-g614pm-s5046ws-gaming-laptop/p/itm38304d3595c02?pid=COMHCQ4KUZS5KBUZ&lid=LSTCOMHCQ4KUZS5KBUZBY5ZOH&marketplace=FLIPKART&q=ryzen+7+laptop&store=6bo%2Fb5g&srno=s_7_166&otracker=search&fm=organic&iid=52baca0a-f96d-442f-8eaf-da1e259e793f.COMHCQ4KUZS5KBUZ.SEARCH&ppt=sp&ppn=sp&ssid=bjae0hb6i80000001781258709131&qH=f46cbf9bd44c5333&ov_redirect=true,flipkart
"Add to CompareLenovo IdeaPad Slim 3 (Gen 11) Next-gen AI PC Intel Core Ultra 7 355 - (16 GB/512 GB SSD/Windows 11 Ho...NAIntel Core Ultra 7 Processor16 GB DDR5 RAM64 bit Windows 11 Home Operating System512 GB SSD38.86 cm (15.3 inch) Display1 Year Onsite Service₹1,25,990₹2,21,29043% offUpto₹37,000Off on ExchangeBank Offer",Lenovo,125990.0,Intel Core Ultra 7,16.0,DDR5,512.0,SSD,Intel Iris Xe,Windows 11,15.3,1920,1080,1,https://rukminim2.flixcart.com/image/416/416/xif0q/computer/q/t/d/-original-imahz3gzfzkygjpu.jpeg?q=70,https://www.flipkart.com/lenovo-ideapad-slim-3-gen-11-next-gen-ai-pc-intel-core-ultra-7-355-16-gb-512-gb-ssd-windows-11-home-15iph11-thin-light-laptop/p/itmb3fb0de089f16?pid=COMHNCZXGYVHFX8H&lid=LSTCOMHNCZXGYVHFX8H9QGBZZ&marketplace=FLIPKART&q=ryzen+7+laptop&store=6bo%2Fb5g&srno=s_7_167&otracker=search&fm=organic&iid=en_5BhPsJrN2C3Xih8P552p1v3n9lSpK0W0RwZIbzb6e8owaNeWrXzr4oyV_WkUxkLn0FGK8HwxyIYJkqzRSxLEeGgO06huo9tMsCBMrFxOf-deAjdK9PUb0ZYgfNbdipd-&ppt=sp&ppn=sp&ssid=bjae0hb6i80000001781258709131&qH=f46cbf9bd44c5333&ov_redirect=true,flipkart
"Add to CompareAcer Aspire 3 (i3 14th Gen) Intel Core 3 100U - (8 GB/256 GB SSD/Windows 11 Home) A324-53 NotebookIntel Core 3 Processor8 GB DDR4 RAM64 bit Windows 11 Home Operating System256 GB SSD35.56 cm (14 inch) DisplayMSO1 Year Onsite Service₹50,990₹62,99019% offBank Offer",Acer,50990.0,Intel Core i5,8.0,DDR4,256.0,SSD,Intel Iris Xe,Windows 11,15.6,1920,1080,1,https://rukminim2.flixcart.com/image/416/416/xif0q/computer/u/e/t/-original-imahndzskrvdxbrw.jpeg?q=70,https://www.flipkart.com/acer-aspire-3-i3-14th-gen-intel-core-100u-8-gb-256-gb-ssd-windows-11-home-a324-53-notebook/p/itm1fc4a7fe21644?pid=COMHMPEEZFDGBAPZ&lid=LSTCOMHMPEEZFDGBAPZC9BP7D&marketplace=FLIPKART&q=ryzen+7+laptop&store=6bo%2Fb5g&srno=s_7_168&otracker=search&fm=organic&iid=en_5BhPsJrN2C3Xih8P552p1v3n9lSpK0W0RwZIbzb6e8qzX2PQCSArkW8GAysa1V-4rkoSJm7T1ZNhp_Zf2gjwT6a9mnld-enMSNPNd8vG4aDVTKvUepnvwvcYf3GkfHE19QWMJPI4egdmz5nn89L_DQ%3D%3D&ppt=sp&ppn=sp&ssid=bjae0hb6i80000001781258709131&qH=f46cbf9bd44c5333&ov_redirect=true,flipkart
"Add to CompareHP 15 (2025) AMD Ryzen 3 Quad Core 7320U - (8 GB/512 GB SSD/Windows 11 Pro) 15 Thin and Light Laptop4.1131 Ratings&8 ReviewsAMD Ryzen 3 Quad Core Processor8 GB DDR4 RAM64 bit Windows 11 Operating System512 GB SSD39.62 cm (15.6 Inch) DisplayMicrosoft Office 2021, Windows 11 Pro1 Year Onsite Warranty₹45,500₹59,99924% offOnly 2 leftBank Offer",HP,45500.0,Intel Core i5,8.0,DDR4,512.0,SSD,Intel Iris Xe,Windows 11,15.6,1920,1080,1,https://rukminim2.flixcart.com/image/416/416/xif0q/computer/y/y/3/15-thin-and-light-laptop-hp-original-imahdpmugz3dsftc.jpeg?q=70,https://www.flipkart.com/hp-15-2025-amd-ryzen-3-quad-core-7320u-8-gb-512-gb-ssd-windows-11-pro-thin-light-laptop/p/itmabb2025b1c74a?pid=COMHDPMUNPRNF9XJ&lid=LSTCOMHDPMUNPRNF9XJDMVNZM&marketplace=FLIPKART&q=ryzen+7+laptop&store=6bo%2Fb5g&srno=s_8_169&otracker=search&fm=organic&iid=bae94e9a-d4e6-4608-8372-26ed3d071144.COMHDPMUNPRNF9XJ.SEARCH&ppt=sp&ppn=sp&ssid=y1fwogy4tc0000001781258715101&qH=f46cbf9bd44c5333&ov_redirect=true,flipkart
"Add to CompareASUS Vivobook Go 15 OLED, with Backlit Keyboard, AMD Ryzen 3 Quad Core 7320U - (8 GB/512 GB SSD/Window...4.44,492 Ratings&479 ReviewsAMD Ryzen 3 Quad Core Processor8 GB LPDDR5 RAMWindows 11 Operating System512 GB SSD39.62 cm (15.6 Inch) Display1 Year Onsite Warranty₹42,990₹61,99030% offOnly 1 leftUpto₹29,450Off on Exchange",ASUS,42990.0,Intel Core i5,8.0,LPDDR5,512.0,SSD,Intel Iris Xe,Windows 11,15.6,1920,1080,1,https://rukminim2.flixcart.com/image/416/416/xif0q/computer/y/z/d/-original-imahg5fue8qmg6wk.jpeg?q=70,https://www.flipkart.com/asus-vivobook-go-15-oled-backlit-keyboard-amd-ryzen-3-quad-core-7320u-8-gb-512-gb-ssd-windows-11-home-e1504fa-lk321ws-thin-light-laptop/p/itm3de88f71e558b?pid=COMGMGXFB2KYFGZN&lid=LSTCOMGMGXFB2KYFGZN0SV9BA&marketplace=FLIPKART&q=ryzen+7+laptop&store=6bo%2Fb5g&srno=s_8_173&otracker=search&fm=organic&iid=bae94e9a-d4e6-4608-8372-26ed3d071144.COMGMGXFB2KYFGZN.SEARCH&ppt=sp&ppn=sp&ssid=y1fwogy4tc0000001781258715101&qH=f46cbf9bd44c5333&ov_redirect=true,flipkart
"Add to CompareASUS Vivobook Go 15 OLED, with Backlit Keyboard, AMD Ryzen 3 Quad Core 7320U - (8 GB/512 GB SSD/Window...4.44,492 Ratings&479 ReviewsAMD Ryzen 3 Quad Core Processor8 GB LPDDR5 RAMWindows 11 Operating System512 GB SSD39.62 cm (15.6 Inch) Display1 Year Onsite Warranty₹45,990₹61,99025% offOnly 3 leftUpto₹32,950Off on Exchange",ASUS,45990.0,Intel Core i5,8.0,LPDDR5,512.0,SSD,Intel Iris Xe,Windows 11,15.6,1920,1080,1,https://rukminim2.flixcart.com/image/416/416/xif0q/computer/p/k/v/-original-imahg5fxjzyadcht.jpeg?q=70,https://www.flipkart.com/asus-vivobook-go-15-oled-backlit-keyboard-amd-ryzen-3-quad-core-7320u-8-gb-512-gb-ssd-windows-11-home-e1504fa-lk323ws-thin-light-laptop/p/itm3de88f71e558b?pid=COMGMGXFGF7ZTKHF&lid=LSTCOMGMGXFGF7ZTKHFBG8NVU&marketplace=FLIPKART&q=ryzen+7+laptop&store=6bo%2Fb5g&srno=s_8_183&otracker=search&fm=organic&iid=bae94e9a-d4e6-4608-8372-26ed3d071144.COMGMGXFGF7ZTKHF.SEARCH&ppt=sp&ppn=sp&ssid=y1fwogy4tc0000001781258715101&qH=f46cbf9bd44c5333&ov_redirect=true,flipkart
"Add to CompareHP G10 AMD Ryzen 3 Quad Core 7320U - (16 GB/512 GB SSD/Windows 11 Home) 255 G10 Thin and Light Laptop3.9343 Ratings&19 ReviewsAMD Ryzen 3 Quad Core Processor16 GB DDR4 RAMWindows 11 Operating System512 GB SSD39.62 cm (15.6 Inch) Display1 Year Onsite Warranty₹51,890₹55,5006% offOnly 2 leftBank Offer",HP,51890.0,Intel Core i5,16.0,DDR4,512.0,SSD,Intel Iris Xe,Windows 11,15.6,1920,1080,1,https://rukminim2.flixcart.com/image/416/416/xif0q/computer/q/u/i/255-g10-thin-and-light-laptop-hp-original-imahedczvnkvym6v.jpeg?q=70,https://www.flipkart.com/hp-g10-amd-ryzen-3-quad-core-7320u-16-gb-512-gb-ssd-windows-11-home-255-thin-light-laptop/p/itm894f74dac8f0c?pid=COMHEGJWZG8F5FGP&lid=LSTCOMHEGJWZG8F5FGPTMYZUT&marketplace=FLIPKART&q=ryzen+7+laptop&store=6bo%2Fb5g&srno=s_8_189&otracker=search&fm=organic&iid=bae94e9a-d4e6-4608-8372-26ed3d071144.COMHEGJWZG8F5FGP.SEARCH&ppt=sp&ppn=sp&ssid=y1fwogy4tc0000001781258715101&qH=f46cbf9bd44c5333&ov_redirect=true,flipkart
"Add to CompareLenovo IdeaPad Slim 1 AMD Ryzen 5 Quad Core 7520U - (8 GB/512 GB SSD/Windows 11 Home) 15AMN7 Thin and ...4.2536 Ratings&36 ReviewsAMD Ryzen 5 Quad Core Processor8 GB LPDDR5 RAMWindows 11 Operating System512 GB SSD39.62 cm (15.6 Inch) DisplayMicrosoft Office Home & Student 20211 Yr. Onsite + 1 Yr. Accidental Damage Protection₹57,999₹85,00031% offOnly few leftBank Offer",Lenovo,57999.0,Intel Core i5,8.0,LPDDR5,512.0,SSD,Intel Iris Xe,Windows 11,15.6,1920,1080,1,https://rukminim2.flixcart.com/image/416/416/xif0q/computer/t/p/8/-original-imahcd9rm4ykcpag.jpeg?q=70,https://www.flipkart.com/lenovo-ideapad-slim-1-amd-ryzen-5-quad-core-7520u-8-gb-512-gb-ssd-windows-11-home-15amn7-thin-light-laptop/p/itm7ecd736658657?pid=COMHYUNJGKSJGPGN&lid=LSTCOMHYUNJGKSJGPGNENYP3Q&marketplace=FLIPKART&q=ryzen+7+laptop&store=6bo%2Fb5g&srno=s_9_195&otracker=search&fm=organic&iid=fd6fc0a9-fbcb-4799-8729-92adf65f393c.COMHYUNJGKSJGPGN.SEARCH&ppt=sp&ppn=sp&ssid=k91jpgd2bk0000001781258719865&qH=f46cbf9bd44c5333&ov_redirect=true,flipkart
"Add to CompareASUS Vivobook Go 14 (2026) with Office 2024 + M365 Basic AMD Ryzen 3 Quad Core 30 - (8 GB/512 GB SSD/W...4.32,208 Ratings&145 ReviewsAMD Ryzen 3 Quad Core Processor8 GB LPDDR5 RAMWindows 11 Home Operating System512 GB SSD35.56 cm (14 inch) DisplayMSO 2024 for lifetime + Microsoft 365 Basic with 100GB Cloud Storage for 1 Year, One-Month Membership of Adobe Creative Cloud All Apps, McAfee 1 year1 Year Onsite Warranty₹48,990₹59,99018% offUpto₹32,950Off on ExchangeBank Offer",ASUS,48990.0,Intel Core i5,8.0,LPDDR5,512.0,SSD,Intel Iris Xe,Windows 11,15.6,1920,1080,1,https://rukminim2.flixcart.com/image/416/416/xif0q/computer/9/q/4/-original-imahhnkfwhzrxu3z.jpeg?q=70,https://www.flipkart.com/asus-vivobook-go-14-2026-office-2024-m365-basic-amd-ryzen-3-quad-core-30-8-gb-512-gb-ssd-windows-11-home-e1404fa-eb1224ws-thin-light-laptop/p/itm08781c019374a?pid=COMHKRBQZQYFBSH8&lid=LSTCOMHKRBQZQYFBSH804LPZP&marketplace=FLIPKART&q=ryzen+7+laptop&store=6bo%2Fb5g&srno=s_9_196&otracker=search&fm=organic&iid=fd6fc0a9-fbcb-4799-8729-92adf65f393c.COMHKRBQZQYFBSH8.SEARCH&ppt=sp&ppn=sp&ssid=k91jpgd2bk0000001781258719865&qH=f46cbf9bd44c5333&ov_redirect=true,flipkart
"Add to CompareLenovo AMD Ryzen 3 Octa Core - (8 GB/512 GB SSD/Windows 11 Home) G4 82YTA00XIN Laptop4.2124 Ratings&13 ReviewsAMD Ryzen 3 Octa Core Processor8 GB DDR4 RAMWindows 11 Operating System512 GB SSD35.56 cm (14 Inch) Display12 MONTHS₹46,990₹65,66728% offOnly 4 leftBank Offer",Lenovo,46990.0,Intel Core i5,8.0,DDR4,512.0,SSD,Intel Iris Xe,Windows 11,15.6,1920,1080,1,https://rukminim2.flixcart.com/image/416/416/xif0q/computer/4/r/g/g4-laptop-lenovo-original-imagt7fhgcuatryt.jpeg?q=70,https://www.flipkart.com/lenovo-amd-ryzen-3-octa-core-8-gb-512-gb-ssd-windows-11-home-g4-82yta00xin-laptop/p/itm26138c67d404e?pid=COMGT7FUFCHEH9Z9&lid=LSTCOMGT7FUFCHEH9Z9TPQGN3&marketplace=FLIPKART&q=ryzen+7+laptop&store=6bo%2Fb5g&srno=s_9_213&otracker=search&fm=organic&iid=fd6fc0a9-fbcb-4799-8729-92adf65f393c.COMGT7FUFCHEH9Z9.SEARCH&ppt=sp&ppn=sp&ssid=k91jpgd2bk0000001781258719865&qH=f46cbf9bd44c5333&ov_redirect=true,flipkart
"Add to CompareAcer Aspire 3 AMD Ryzen 3 Quad Core - (8 GB/512 GB SSD/Windows 11 Home) Aspire Thin and Light LaptopAMD Ryzen 3 Quad Core Processor8 GB DDR4 RAMWindows 11 Operating System512 GB SSD39.62 cm (15.6 Inch) DisplayWindows 11 Home, Ms-Office Home & Student1 Year Onsite Warranty₹44,990₹49,99010% offOnly few leftBank Offer",Acer,44990.0,Intel Core i5,8.0,DDR4,512.0,SSD,Intel Iris Xe,Windows 11,15.6,1920,1080,1,https://rukminim2.flixcart.com/image/416/416/xif0q/computer/u/s/a/a325-42-thin-and-light-laptop-acer-original-imahhymeagdrzgxq.jpeg?q=70,https://www.flipkart.com/acer-aspire-3-amd-ryzen-quad-core-8-gb-512-gb-ssd-windows-11-home-thin-light-laptop/p/itmd78ac7df9d0b7?pid=COMHHYMEUGFDQZAQ&lid=LSTCOMHHYMEUGFDQZAQJKHL1Y&marketplace=FLIPKART&q=ryzen+7+laptop&store=6bo%2Fb5g&srno=s_10_233&otracker=search&fm=organic&iid=5edccbba-59bd-46e6-b968-5f3dae024539.COMHHYMEUGFDQZAQ.SEARCH&ppt=sp&ppn=sp&ssid=2kmhfgxn5c0000001781258725781&qH=f46cbf9bd44c5333&ov_redirect=true,flipkart
"Add to CompareASUS ROG Strix G15 (2021) AMD Ryzen 5 Hexa Core 5600H - (8 GB/1 TB SSD/Windows 10 Home/4 GB Graphics/N...4.5129 Ratings&19 ReviewsAMD Ryzen 5 Hexa Core Processor8 GB DDR4 RAM64 bit Windows 10 Operating System1 TB SSD39.62 cm (15.6 Inch) Display1 Month Trial for Microsoft 365 (Credit Card Required)1 Year Onsite Warranty₹90,490₹1,14,99021% offLowest price in the yearOnly 1 left",ASUS,90490.0,Intel Core i5,8.0,DDR4,512.0,SSD,Intel Iris Xe,Windows 10,15.6,1920,1080,1,https://rukminim2.flixcart.com/image/416/416/ko382a80/computer/b/v/u/na-gaming-laptop-asus-original-imag2mrvrxgsaahh.jpeg?q=70,https://www.flipkart.com/asus-rog-strix-g15-2021-amd-ryzen-5-hexa-core-5600h-8-gb-1-tb-ssd-windows-10-home-4-gb-graphics-nvidia-geforce-rtx-3050-144-hz-80-w-g513qc-hn093t-gaming-laptop/p/itm6c78207201c3f?pid=COMG3ZF85RMEWQVC&lid=LSTCOMG3ZF85RMEWQVC0BTXEX&marketplace=FLIPKART&q=ryzen+7+laptop&store=6bo%2Fb5g&srno=s_10_234&otracker=search&fm=organic&iid=5edccbba-59bd-46e6-b968-5f3dae024539.COMG3ZF85RMEWQVC.SEARCH&ppt=sp&ppn=sp&ssid=2kmhfgxn5c0000001781258725781&qH=f46cbf9bd44c5333&ov_redirect=true,flipkart
"Add to CompareHP EliteBook 845 G11 AMD Ryzen 5 8540U - (16 GB/512 GB SSD/Windows 11 Pro) EliteBook 845 G11 Business ...4.435 Ratings&6 ReviewsAMD Ryzen 5 Processor16 GB DDR5 RAM64 bit Windows 11 Operating System512 GB SSD35.56 cm (14 Inch) Display1 Year Onsite Warranty₹71,970₹96,99025% offOnly few leftBank Offer",HP,71970.0,Amd Ryzen 5 8540U,16.0,DDR5,512.0,SSD,Intel Iris Xe,Windows 11,15.6,1920,1080,1,https://rukminim2.flixcart.com/image/416/416/xif0q/computer/c/a/f/elitebook-845-g11-business-laptop-hp-original-imahhqvjfgag2hw2.jpeg?q=70,https://www.flipkart.com/hp-elitebook-845-g11-amd-ryzen-5-8540u-16-gb-512-gb-ssd-windows-11-pro-business-laptop/p/itm97125393e1a51?pid=COMHHQVMPZCZDNXD&lid=LSTCOMHHQVMPZCZDNXDA9K86B&marketplace=FLIPKART&q=ryzen+7+laptop&store=6bo%2Fb5g&srno=s_10_235&otracker=search&fm=organic&iid=5edccbba-59bd-46e6-b968-5f3dae024539.COMHHQVMPZCZDNXD.SEARCH&ppt=sp&ppn=sp&ssid=2kmhfgxn5c0000001781258725781&qH=f46cbf9bd44c5333&ov_redirect=true,flipkart
"Add to CompareHP AMD Ryzen 3 Quad Core - (8 GB/512 GB SSD/Windows 11 Home) 15-fc0025AU Thin and Light LaptopAMD Ryzen 3 Quad Core Processor8 GB DDR4 RAMWindows 11 Home Operating System512 GB SSD39.62 cm (15.6 Inch) Display1 Year₹47,891₹49,9994% offOnly few leftBank Offer",HP,47891.0,Intel Core i5,8.0,DDR4,512.0,SSD,Intel Iris Xe,Windows 11,15.6,1920,1080,1,https://rukminim2.flixcart.com/image/416/416/xif0q/computer/e/i/p/15-fc0025au-thin-and-light-laptop-hp-original-imah9rkyjenbuhjr.jpeg?q=70,https://www.flipkart.com/hp-amd-ryzen-3-quad-core-8-gb-512-gb-ssd-windows-11-home-15-fc0025au-thin-light-laptop/p/itma5bc84556fdc9?pid=COMH3BEHNJRMNVRK&lid=LSTCOMH3BEHNJRMNVRKRSLNXZ&marketplace=FLIPKART&q=ryzen+7+laptop&store=6bo%2Fb5g&srno=s_10_236&otracker=search&fm=organic&iid=5edccbba-59bd-46e6-b968-5f3dae024539.COMH3BEHNJRMNVRK.SEARCH&ppt=sp&ppn=sp&ssid=2kmhfgxn5c0000001781258725781&qH=f46cbf9bd44c5333&ov_redirect=true,flipkart
"Add to CompareHP AMD Ryzen 3 Quad Core - (8 GB/512 GB SSD/Windows 11 Home) 15-fc0025AU Thin and Light LaptopAMD Ryzen 3 Quad Core Processor8 GB DDR4 RAMWindows 11 Home Operating System512 GB SSD39.62 cm (15.6 inch) Display1 Year₹45,891₹49,9998% offBank Offer",HP,45891.0,Intel Core i5,8.0,DDR4,512.0,SSD,Intel Iris Xe,Windows 11,15.6,1920,1080,1,https://rukminim2.flixcart.com/image/416/416/xif0q/computer/8/r/0/15-fc0025au-thin-and-light-laptop-hp-original-imahkf5ze5pm8cvr.jpeg?q=70,https://www.flipkart.com/hp-amd-ryzen-3-quad-core-8-gb-512-gb-ssd-windows-11-home-15-fc0025au-thin-light-laptop/p/itm3f21e9fdfc42f?pid=COMHKF5ZGXY43BGN&lid=LSTCOMHKF5ZGXY43BGNGBW0NP&marketplace=FLIPKART&q=ryzen+7+laptop&store=6bo%2Fb5g&srno=s_11_249&otracker=search&fm=organic&iid=49326910-eecb-426f-a2f2-fa2326ac6060.COMHKF5ZGXY43BGN.SEARCH&ppt=sp&ppn=sp&ssid=b418cm7utc0000001781258732619&qH=f46cbf9bd44c5333&ov_redirect=true,flipkart
"Add to CompareAcer Aspire 7 AMD Ryzen 5 Hexa Core 5500U - (8 GB/512 GB SSD/Windows 11 Home/4 GB Graphics/NVIDIA GeFo...4.46,680 Ratings&772 ReviewsFree upgrade to Windows 11 when availableAMD Ryzen 5 Hexa Core Processor8 GB DDR4 RAM64 bit Windows 11 Operating System512 GB SSD39.62 cm (15.6 Inch) DisplayAcer Collection , Acer Product Registration, Acer Care Center, Quick Access1 Year International Travelers Warranty (ITW)₹58,938₹88,99033% offBank Offer",Acer,58938.0,Intel Core i5,8.0,DDR4,512.0,SSD,Intel Iris Xe,Windows 11,15.6,1920,1080,1,https://rukminim2.flixcart.com/image/416/416/xif0q/computer/t/d/n/-original-imahg4uthhqjw7ur.jpeg?q=70,https://www.flipkart.com/acer-aspire-7-amd-ryzen-5-hexa-core-5500u-8-gb-512-gb-ssd-windows-11-home-4-graphics-nvidia-geforce-gtx-1650-a715-42g-a715-42g-r2ne-gaming-laptop/p/itmaae437ea23dce?pid=COMGYCG8ZBXWPYUU&lid=LSTCOMGYCG8ZBXWPYUUJOVZCC&marketplace=FLIPKART&q=ryzen+7+laptop&store=6bo%2Fb5g&srno=s_11_264&otracker=search&fm=organic&iid=49326910-eecb-426f-a2f2-fa2326ac6060.COMGYCG8ZBXWPYUU.SEARCH&ppt=sp&ppn=sp&ssid=b418cm7utc0000001781258732619&qH=f46cbf9bd44c5333&ov_redirect=true,flipkart
"Add to CompareHP AMD Ryzen 3 Quad Core 7320U - (8 GB/512 GB SSD/Windows 11 Home) 14-em0025AU Thin and Light Laptop4.287 Ratings&9 ReviewsAMD Ryzen 3 Quad Core Processor8 GB LPDDR5 RAM64 bit Windows 11 Operating System512 GB SSD35.56 cm (14 Inch) DisplayMicrosoft Office Home & Student 20211 Year Onsite Warranty₹47,797₹49,9904% offBank Offer",HP,47797.0,Intel Core i5,8.0,LPDDR5,512.0,SSD,Intel Iris Xe,Windows 11,15.6,1920,1080,1,https://rukminim2.flixcart.com/image/416/416/xif0q/computer/m/y/1/-original-imahg5fxmexwwjpg.jpeg?q=70,https://www.flipkart.com/hp-amd-ryzen-3-quad-core-7320u-8-gb-512-gb-ssd-windows-11-home-14-em0025au-thin-light-laptop/p/itmc42cc8d7eb695?pid=COMGR953WYURKTFC&lid=LSTCOMGR953WYURKTFCKMP5TF&marketplace=FLIPKART&q=ryzen+7+laptop&store=6bo%2Fb5g&srno=s_12_269&otracker=search&fm=organic&iid=2bef22e3-02a3-4c3c-aa2b-efc76c9d6063.COMGR953WYURKTFC.SEARCH&ppt=sp&ppn=sp&ssid=rm9ngj43ow0000001781258738410&qH=f46cbf9bd44c5333&ov_redirect=true,flipkart
"Add to CompareHP AMD Ryzen 3 Dual Core - (8 GB/256 GB SSD/Windows 11 Home) 15S-ER1501AU Laptop4265 Ratings&24 ReviewsAMD Ryzen 3 Dual Core Processor8 GB DDR4 RAMWindows 11 Operating System256 GB SSD39.62 cm (15.6 Inch) Display1 YEAR₹43,975₹49,99012% offBank Offer",HP,43975.0,Intel Core i5,8.0,DDR4,256.0,SSD,Intel Iris Xe,Windows 11,15.6,1920,1080,1,https://rukminim2.flixcart.com/image/416/416/xif0q/computer/d/o/e/er1501au-laptop-hp-original-imagk3gktwtrz9kt.jpeg?q=70,https://www.flipkart.com/hp-amd-ryzen-3-dual-core-8-gb-256-gb-ssd-windows-11-home-15s-er1501au-laptop/p/itmf080809bac9e9?pid=COMGK3GKQYZHPRFN&lid=LSTCOMGK3GKQYZHPRFNZWICFG&marketplace=FLIPKART&q=ryzen+7+laptop&store=6bo%2Fb5g&srno=s_12_274&otracker=search&fm=organic&iid=2bef22e3-02a3-4c3c-aa2b-efc76c9d6063.COMGK3GKQYZHPRFN.SEARCH&ppt=sp&ppn=sp&ssid=rm9ngj43ow0000001781258738410&qH=f46cbf9bd44c5333&ov_redirect=true,flipkart
"Add to CompareASUS VivoBook Ultra AMD Ryzen 5 Hexa Core 5500U - (8 GB/512 GB SSD/Windows 10 Home) KM413UA-EB502TS Th...4.5679 Ratings&78 ReviewsAMD Ryzen 5 Hexa Core Processor8 GB DDR4 RAM64 bit Windows 10 Operating System512 GB SSD35.56 cm (14 Inch) DisplayMyASUS, Office Home and Student 2019, Link to MyASUS, Splendid, Tru2Life1 Year Onsite Warranty₹53,999₹73,99027% offUpto₹37,050Off on ExchangeBank Offer",ASUS,53999.0,Intel Core i5,8.0,DDR4,512.0,SSD,Intel Iris Xe,Windows 10,15.6,1920,1080,1,https://rukminim2.flixcart.com/image/416/416/kmgn0cw0/computer/p/q/o/na-thin-and-light-laptop-asus-original-imagfcpagxqqe6zs.jpeg?q=70,https://www.flipkart.com/asus-vivobook-ultra-amd-ryzen-5-hexa-core-5500u-8-gb-512-gb-ssd-windows-10-home-km413ua-eb502ts-thin-light-laptop/p/itm2b4ff5e65cd0f?pid=COMGF8KSPWC5ZH9F&lid=LSTCOMGF8KSPWC5ZH9FAB6WKN&marketplace=FLIPKART&q=ryzen+7+laptop&store=6bo%2Fb5g&srno=s_12_283&otracker=search&fm=organic&iid=2bef22e3-02a3-4c3c-aa2b-efc76c9d6063.COMGF8KSPWC5ZH9F.SEARCH&ppt=sp&ppn=sp&ssid=rm9ngj43ow0000001781258738410&qH=f46cbf9bd44c5333&ov_redirect=true,flipkart
"Add to CompareHP AMD Ryzen 5 Hexa Core - (16 GB/512 GB SSD/Windows 11 Home) 15S-EQ2305AU Laptop38 Ratings&0 ReviewsAMD Ryzen 5 Hexa Core Processor16 GB DDR4 RAMWindows 11 Home Operating System512 GB SSD39.62 cm (15.6 Inch) Display1 Year Warranty₹52,055₹58,99011% offBank Offer",HP,52055.0,Intel Core i5,16.0,DDR4,512.0,SSD,Intel Iris Xe,Windows 11,15.6,1920,1080,1,https://rukminim2.flixcart.com/image/416/416/xif0q/computer/o/8/k/15s-laptop-hp-original-imagy4x5cuycwjuk.jpeg?q=70,https://www.flipkart.com/hp-amd-ryzen-5-hexa-core-16-gb-512-gb-ssd-windows-11-home-15s-eq2305au-laptop/p/itm94b8bbcdcfe17?pid=COMGY5ZHWJ2ZP44A&lid=LSTCOMGY5ZHWJ2ZP44AHSXTH8&marketplace=FLIPKART&q=ryzen+7+laptop&store=6bo%2Fb5g&srno=s_12_285&otracker=search&fm=organic&iid=2bef22e3-02a3-4c3c-aa2b-efc76c9d6063.COMGY5ZHWJ2ZP44A.SEARCH&ppt=sp&ppn=sp&ssid=rm9ngj43ow0000001781258738410&qH=f46cbf9bd44c5333&ov_redirect=true,flipkart
"Add to CompareAcer Extensa AMD Ryzen 5 7520U - (8 GB/512 GB SSD/Windows 11 Home) EX215-23 Thin and Light Laptop4.12,347 Ratings&263 ReviewsStylish & Portable Thin and Light LaptopLPDDR5 RAM -faster & low power consumingFirmware TPM (Trusted Platform Module)-Improved Security of your PCFHD 1080p screen with 250 Nits brightnessLatest WiFi 6AMD Ryzen 5 Processor8 GB LPDDR5 RAM64 bit Windows 11 Operating System512 GB SSD39.62 cm (15.6 Inch) Display1 Year International Travelers Warranty₹52,500₹52,600Bank Offer",Acer,52500.0,Amd Ryzen 5 7520U,8.0,LPDDR5,512.0,SSD,Intel Iris Xe,Windows 11,15.6,1920,1080,1,https://rukminim2.flixcart.com/image/416/416/xif0q/computer/f/s/b/-original-imahg5fyv7xzvpdh.jpeg?q=70,https://www.flipkart.com/acer-extensa-amd-ryzen-5-7520u-8-gb-512-gb-ssd-windows-11-home-ex215-23-thin-light-laptop/p/itm40e593d3ea893?pid=COMGMXKHFPASREJG&lid=LSTCOMGMXKHFPASREJGSKDSCR&marketplace=FLIPKART&q=ryzen+7+laptop&store=6bo%2Fb5g&srno=s_13_289&otracker=search&fm=organic&iid=77108e3e-12c0-4fe8-b5c5-dab90d11929c.COMGMXKHFPASREJG.SEARCH&ppt=sp&ppn=sp&ssid=50db6z7g8w0000001781258743491&qH=f46cbf9bd44c5333&ov_redirect=true,flipkart
"Add to CompareASUS Vivobook Go 15 AMD Ryzen 3 Quad Core 7320U - (8 GB/512 GB SSD/Windows 11 Home) E1504FA-NJ323WS Th...4.31,636 Ratings&152 ReviewsAMD Ryzen 3 Quad Core Processor8 GB LPDDR5 RAMWindows 11 Operating System512 GB SSD39.62 cm (15.6 Inch) Display1 Year Onsite Warranty₹47,990₹53,0009% offBank Offer",ASUS,47990.0,Intel Core i5,8.0,LPDDR5,512.0,SSD,Intel Iris Xe,Windows 11,15.6,1920,1080,1,https://rukminim2.flixcart.com/image/416/416/xif0q/computer/c/r/7/-original-imagpxgqbu5hmwzs.jpeg?q=70,https://www.flipkart.com/asus-vivobook-go-15-amd-ryzen-3-quad-core-7320u-8-gb-512-gb-ssd-windows-11-home-e1504fa-nj323ws-thin-light-laptop/p/itmffad5e5b0d23f?pid=COMGMGXFGKBRSATC&lid=LSTCOMGMGXFGKBRSATCV6GGRD&marketplace=FLIPKART&q=ryzen+7+laptop&store=6bo%2Fb5g&srno=s_13_293&otracker=search&fm=organic&iid=77108e3e-12c0-4fe8-b5c5-dab90d11929c.COMGMGXFGKBRSATC.SEARCH&ppt=sp&ppn=sp&ssid=50db6z7g8w0000001781258743491&qH=f46cbf9bd44c5333&ov_redirect=true,flipkart
"Add to CompareHP AMD Ryzen 5 Quad Core 7th Gen - (8 GB/512 GB SSD/Windows 11 Home) 245 G10 Laptop4.324 Ratings&0 ReviewsAMD Ryzen 5 Quad Core Processor (7th Gen)8 GB LPDDR4 RAMWindows 11 Home Operating System512 GB SSD35.56 cm (14 Inch) Display1 year Onsite Warrenty₹49,890₹51,9904% offBank Offer",HP,49890.0,Intel Core i5,8.0,LPDDR4,512.0,SSD,Intel Iris Xe,Windows 11,15.6,1920,1080,1,https://rukminim2.flixcart.com/image/416/416/xif0q/computer/h/m/2/245-g10-laptop-hp-original-imah65zrfrgpfdjs.jpeg?q=70,https://www.flipkart.com/hp-amd-ryzen-5-quad-core-7th-gen-8-gb-512-gb-ssd-windows-11-home-245-g10-laptop/p/itmb5cef80feed7b?pid=COMH65ZRMV7GBVHQ&lid=LSTCOMH65ZRMV7GBVHQ1OXFDR&marketplace=FLIPKART&q=ryzen+7+laptop&store=6bo%2Fb5g&srno=s_13_295&otracker=search&fm=organic&iid=77108e3e-12c0-4fe8-b5c5-dab90d11929c.COMH65ZRMV7GBVHQ.SEARCH&ppt=sp&ppn=sp&ssid=50db6z7g8w0000001781258743491&qH=f46cbf9bd44c5333&ov_redirect=true,flipkart
"Add to CompareLenovo AMD Ryzen 5 - (8 GB/512 GB SSD/Windows 11 Home) 82R400BGIN Thin and Light Laptop4.117 Ratings&0 ReviewsAMD Ryzen 5 Processor8 GB DDR4 RAMWindows 11 Operating System512 GB SSD39.62 cm (15.6 Inch) Display1 Yr. Onsite + 1 Yr. Accidental Damage Protection₹37,990₹55,00030% offBank Offer",Lenovo,37990.0,Intel Core i5,8.0,DDR4,512.0,SSD,Intel Iris Xe,Windows 11,15.6,1920,1080,1,https://rukminim2.flixcart.com/image/416/416/xif0q/computer/s/s/k/-original-imahex3t9hfeteqt.jpeg?q=70,https://www.flipkart.com/lenovo-amd-ryzen-5-8-gb-512-gb-ssd-windows-11-home-82r400bgin-thin-light-laptop/p/itm09d699c84f79a?pid=COMGTTBFCYKUHQEG&lid=LSTCOMGTTBFCYKUHQEGSZRI7Q&marketplace=FLIPKART&q=ryzen+7+laptop&store=6bo%2Fb5g&srno=s_13_299&otracker=search&fm=organic&iid=77108e3e-12c0-4fe8-b5c5-dab90d11929c.COMGTTBFCYKUHQEG.SEARCH&ppt=sp&ppn=sp&ssid=50db6z7g8w0000001781258743491&qH=f46cbf9bd44c5333&ov_redirect=true,flipkart
"Add to CompareHP AMD Ryzen 5 Quad Core 7520U - (8 GB/512 GB SSD/Windows 11 Home) 14-hr0001AU Thin and Light Laptop4.142 Ratings&2 ReviewsAMD Ryzen 5 Quad Core Processor8 GB LPDDR5 RAM64 bit Windows 11 Operating System512 GB SSD35.56 cm (14 Inch) Display1 Year Onsite Warranty₹54,900₹70,75122% offBank Offer",HP,54900.0,Intel Core i5,8.0,LPDDR5,512.0,SSD,Intel Iris Xe,Windows 11,15.6,1920,1080,1,https://rukminim2.flixcart.com/image/416/416/xif0q/computer/o/l/l/-original-imahg5fyhh2gvmxq.jpeg?q=70,https://www.flipkart.com/hp-amd-ryzen-5-quad-core-7520u-8-gb-512-gb-ssd-windows-11-home-14-hr0001au-thin-light-laptop/p/itm94bb392717818?pid=COMGYJF88F7XGPGF&lid=LSTCOMGYJF88F7XGPGFW1AIWN&marketplace=FLIPKART&q=ryzen+7+laptop&store=6bo%2Fb5g&srno=s_13_303&otracker=search&fm=organic&iid=77108e3e-12c0-4fe8-b5c5-dab90d11929c.COMGYJF88F7XGPGF.SEARCH&ppt=sp&ppn=sp&ssid=50db6z7g8w0000001781258743491&qH=f46cbf9bd44c5333&ov_redirect=true,flipkart
"Add to CompareHP 8540u AMD Ryzen 5 - (16 GB/512 GB SSD/Windows 11 Pro) ELITEBOOK 845 G11 LaptopAMD Ryzen 5 Processor16 GB LPDDR5 RAMWindows 11 Operating System512 GB SSD35.56 cm (14 Inch) Displaywindows 11, ms office 2021 home and student3 YEARS₹72,996₹1,09,59933% offBank Offer",HP,72996.0,Intel Core i5,16.0,LPDDR5,512.0,SSD,Intel Iris Xe,Windows 11,15.6,1920,1080,1,https://rukminim2.flixcart.com/image/416/416/xif0q/computer/y/d/q/elitebook-laptop-hp-original-imahg68zuqqzcy6u.jpeg?q=70,https://www.flipkart.com/hp-8540u-amd-ryzen-5-16-gb-512-gb-ssd-windows-11-pro-elitebook-845-g11-laptop/p/itmcda9940dad78e?pid=COMHG68ZHMGRW6D5&lid=LSTCOMHG68ZHMGRW6D5DYKQUD&marketplace=FLIPKART&q=ryzen+7+laptop&store=6bo%2Fb5g&srno=s_13_304&otracker=search&fm=organic&iid=77108e3e-12c0-4fe8-b5c5-dab90d11929c.COMHG68ZHMGRW6D5.SEARCH&ppt=sp&ppn=sp&ssid=50db6z7g8w0000001781258743491&qH=f46cbf9bd44c5333&ov_redirect=true,flipkart
"Add to CompareASUS Vivobook Go 15 AMD Ryzen 5 Quad Core 7520U - (8 GB/512 GB SSD/Windows 11 Home) E1504FA-NJ133WS | ...4.31,795 Ratings&93 ReviewsAMD Ryzen 5 Quad Core Processor8 GB LPDDR5 RAMWindows 11 Home Operating System512 GB SSD39.62 cm (15.6 Inch) DisplayMicrosoft Office Home 2024 + Microsoft 365 Basic1 Year Onsite Warranty₹53,299₹64,99017% offBank Offer",ASUS,53299.0,Intel Core i5,8.0,LPDDR5,512.0,SSD,Intel Iris Xe,Windows 11,15.6,1920,1080,1,https://rukminim2.flixcart.com/image/416/416/xif0q/computer/f/6/r/-original-imahg53uvtcffmvf.jpeg?q=70,https://www.flipkart.com/asus-vivobook-go-15-amd-ryzen-5-quad-core-7520u-8-gb-512-gb-ssd-windows-11-home-e1504fa-nj133ws-e1504fa-nj522ws-thin-light-laptop/p/itm45fbf62c111f5?pid=COMH9499ZGGSBUHQ&lid=LSTCOMH9499ZGGSBUHQASK0AC&marketplace=FLIPKART&q=ryzen+7+laptop&store=6bo%2Fb5g&srno=s_13_309&otracker=search&fm=organic&iid=77108e3e-12c0-4fe8-b5c5-dab90d11929c.COMH9499ZGGSBUHQ.SEARCH&ppt=sp&ppn=sp&ssid=50db6z7g8w0000001781258743491&qH=f46cbf9bd44c5333&ov_redirect=true,flipkart
"Add to CompareASUS Vivobook Go 14 AMD Ryzen 3 Quad Core 7320U - (8 GB/512 GB SSD/Windows 11 Home) E1404FA-NK325WS Th...4.2181 Ratings&12 ReviewsAMD Ryzen 3 Quad Core Processor8 GB LPDDR5 RAMWindows 11 Operating System512 GB SSD35.56 cm (14 Inch) Display1 Year Onsite Warranty₹55,990₹57,9903% offBank Offer",ASUS,55990.0,Intel Core i5,8.0,LPDDR5,512.0,SSD,Intel Iris Xe,Windows 11,15.6,1920,1080,1,https://rukminim2.flixcart.com/image/416/416/xif0q/computer/u/416/416/-original-imagpxgq3wcnwpwv.jpeg?q=70,https://www.flipkart.com/asus-vivobook-go-14-amd-ryzen-3-quad-core-7320u-8-gb-512-gb-ssd-windows-11-home-e1404fa-nk325ws-thin-light-laptop/p/itmd6733f7332771?pid=COMH4CHFNYAVRR9W&lid=LSTCOMH4CHFNYAVRR9WUOVHRN&marketplace=FLIPKART&q=ryzen+7+laptop&store=6bo%2Fb5g&srno=s_14_313&otracker=search&fm=organic&iid=55a387ca-9833-479f-bc0d-0c75b703a7f4.COMH4CHFNYAVRR9W.SEARCH&ppt=sp&ppn=sp&ssid=qzdwn5s4740000001781258748645&qH=f46cbf9bd44c5333&ov_redirect=true,flipkart
"Add to CompareASUS Vivobook GO 15 AMD Ryzen 5 Quad Core 7520U - (16 GB/512 GB SSD/Windows 11 Home) E1504FA-NJ549WS |...4.2135 Ratings&9 ReviewsAMD Ryzen 5 Quad Core Processor16 GB LPDDR5 RAMWindows 11 Operating System512 GB SSD39.62 cm (15.6 Inch) Display1 Year Onsite Warranty₹58,641₹58,990Bank Offer",ASUS,58641.0,Intel Core i5,16.0,LPDDR5,512.0,SSD,Intel Iris Xe,Windows 11,15.6,1920,1080,1,https://rukminim2.flixcart.com/image/416/416/xif0q/computer/m/f/w/e1504fa-nj549ws-thin-and-light-laptop-asus-original-imah3877hyhrxp43.jpeg?q=70,https://www.flipkart.com/asus-vivobook-go-15-amd-ryzen-5-quad-core-7520u-16-gb-512-gb-ssd-windows-11-home-e1504fa-nj549ws-e1504fa-bq2490ws-thin-light-laptop/p/itm7f766d96bd6a5?pid=COMH3YT3BMVGQH2U&lid=LSTCOMH3YT3BMVGQH2U8DVVFO&marketplace=FLIPKART&q=ryzen+7+laptop&store=6bo%2Fb5g&srno=s_14_314&otracker=search&fm=organic&iid=55a387ca-9833-479f-bc0d-0c75b703a7f4.COMH3YT3BMVGQH2U.SEARCH&ppt=sp&ppn=sp&ssid=qzdwn5s4740000001781258748645&qH=f46cbf9bd44c5333&ov_redirect=true,flipkart
"Add to CompareASUS Vivobook 14 (2025) with Office 2024 + M365 Basic*, AMD Ryzen AI 5 Quad Core - (16 GB/512 GB SSD/W...AMD Ryzen AI 5 Quad Core Processor16 GB DDR5 RAMWindows 11 Home Operating System512 GB SSD35.56 cm (14 Inch) DisplayMicrosoft Office Home 2024 (Lifetime Validity ) + Microsoft 365 Basic*(1-Year Validity), One-Month Membership of Adobe Creative Cloud All Apps, McAfee 1 year1 Year Onsite Warranty₹63,990₹81,99021% offBank Offer",ASUS,63990.0,Intel Core i5,16.0,DDR5,512.0,SSD,Intel Iris Xe,Windows 11,15.6,1920,1080,1,https://rukminim2.flixcart.com/image/416/416/xif0q/computer/2/t/e/x1407ca-ly102ws-thin-and-light-laptop-asus-original-imah89qezhgetgqp.jpeg?q=70,https://www.flipkart.com/asus-vivobook-14-2025-office-2024-m365-basic-amd-ryzen-ai-5-quad-core-16-gb-512-gb-ssd-windows-11-home-m1407ka-ly132ws-thin-light-laptop/p/itm5408e55b8d5b3?pid=COMHEZZTM4NCCAJJ&lid=LSTCOMHEZZTM4NCCAJJ7AOX3R&marketplace=FLIPKART&q=ryzen+7+laptop&store=6bo%2Fb5g&srno=s_14_315&otracker=search&fm=organic&iid=55a387ca-9833-479f-bc0d-0c75b703a7f4.COMHEZZTM4NCCAJJ.SEARCH&ppt=sp&ppn=sp&ssid=qzdwn5s4740000001781258748645&qH=f46cbf9bd44c5333&ov_redirect=true,flipkart
"Add to CompareAcer Aspire 7 Intel Core i5 13th Gen 13420H - (8 GB/512 GB SSD/Windows 11 Home/4 GB Graphics/NVIDIA Ge...4.32,478 Ratings&173 ReviewsIntel Core i5 Processor (13th Gen)8 GB DDR4 RAMWindows 11 Operating System512 GB SSD39.62 cm (15.6 Inch) Display1 Year Onsite Warranty₹57,990₹79,99927% offUpto₹37,050Off on ExchangeBank Offer",Acer,57990.0,Intel Core I5 13Th,8.0,DDR4,512.0,SSD,Intel Iris Xe,Windows 11,15.6,1920,1080,1,https://rukminim2.flixcart.com/image/416/416/xif0q/computer/q/r/y/-original-imahg53uzqygvzdc.jpeg?q=70,https://www.flipkart.com/acer-aspire-7-intel-core-i5-13th-gen-13420h-8-gb-512-gb-ssd-windows-11-home-4-graphics-nvidia-geforce-rtx-2050-a715-79g-gaming-laptop/p/itm8208102c97f99?pid=COMH3G96CZNHARJZ&lid=LSTCOMH3G96CZNHARJZXFO1SF&marketplace=FLIPKART&q=ryzen+7+laptop&store=6bo%2Fb5g&srno=s_14_323&otracker=search&fm=organic&iid=55a387ca-9833-479f-bc0d-0c75b703a7f4.COMH3G96CZNHARJZ.SEARCH&ppt=sp&ppn=sp&ssid=qzdwn5s4740000001781258748645&qH=f46cbf9bd44c5333&ov_redirect=true,flipkart
"Add to CompareLenovo IdeaPad Gaming 3 AMD Ryzen 5 Hexa Core 5600H - (8 GB/512 GB SSD/Windows 11 Home/4 GB Graphics/N...4.4702 Ratings&80 ReviewsAMD Ryzen 5 Hexa Core Processor8 GB DDR4 RAM64 bit Windows 11 Operating System512 GB SSD39.62 cm (15.6 Inch) Display1 Year Onsite�Warranty�+ 1 Year Premium Care + 1 Year Accidental Damage Protection₹73,990₹86,89014% offBank Offer",Lenovo,73990.0,Intel Core i5,8.0,DDR4,512.0,SSD,Intel Iris Xe,Windows 11,15.6,1920,1080,1,https://rukminim2.flixcart.com/image/416/416/xif0q/computer/u/o/t/gaming-3-gaming-laptop-lenovo-original-imahfqzf7snxpsug.jpeg?q=70,https://www.flipkart.com/lenovo-ideapad-gaming-3-amd-ryzen-5-hexa-core-5600h-8-gb-512-gb-ssd-windows-11-home-4-graphics-nvidia-geforce-gtx-1650-120-hz-15ach6-15ach6d1-gaming3-15ach6d1-laptop/p/itm9a3d107bf049c?pid=COMG8ZHDWJXZRHBW&lid=LSTCOMG8ZHDWJXZRHBWJSQE97&marketplace=FLIPKART&q=ryzen+7+laptop&store=6bo%2Fb5g&srno=s_14_324&otracker=search&fm=organic&iid=55a387ca-9833-479f-bc0d-0c75b703a7f4.COMG8ZHDWJXZRHBW.SEARCH&ppt=sp&ppn=sp&ssid=qzdwn5s4740000001781258748645&qH=f46cbf9bd44c5333&ov_redirect=true,flipkart
"Add to CompareLenovo Ideapad AMD AMD Ryzen 5 Hexa Core 5500U - (8 GB/512 GB SSD/Windows 11 Home) 15ALC6 Laptop4.626 Ratings&4 ReviewsAMD Ryzen 5 Hexa Core Processor8 GB DDR4 RAMWindows 11 Operating System512 GB SSD39.62 cm (15.6 Inch) Display1 YEAR₹50,990₹59,99015% offBank Offer",Lenovo,50990.0,Intel Core i5,8.0,DDR4,512.0,SSD,Intel Iris Xe,Windows 11,15.6,1920,1080,1,https://rukminim2.flixcart.com/image/416/416/kxuqdu80/computer/o/u/j/lenovo-core-i5-laptop-lenovo-original-imaga7u8ehmnfggx.jpeg?q=70,https://www.flipkart.com/lenovo-ideapad-amd-ryzen-5-hexa-core-5500u-8-gb-512-gb-ssd-windows-11-home-15alc6-laptop/p/itme603a3b75554d?pid=COMGADGHNBK494MP&lid=LSTCOMGADGHNBK494MPDUL9JT&marketplace=FLIPKART&q=ryzen+7+laptop&store=6bo%2Fb5g&srno=s_14_326&otracker=search&fm=organic&iid=55a387ca-9833-479f-bc0d-0c75b703a7f4.COMGADGHNBK494MP.SEARCH&ppt=sp&ppn=sp&ssid=qzdwn5s4740000001781258748645&qH=f46cbf9bd44c5333&ov_redirect=true,flipkart
"Add to CompareAcer Aspire 7 Intel Core i5 13th Gen 13420H - (16 GB/512 GB SSD/Windows 11 Home/6 GB Graphics/NVIDIA G...4.33,238 Ratings&250 ReviewsIntel Core i5 Processor (13th Gen)16 GB DDR4 RAMWindows 11 Operating System512 GB SSD39.62 cm (15.6 Inch) Display1 Year Onsite Warranty₹81,755₹89,9909% offBank Offer",Acer,81755.0,Intel Core I5 13Th,16.0,DDR4,512.0,SSD,Intel Iris Xe,Windows 11,15.6,1920,1080,1,https://rukminim2.flixcart.com/image/416/416/xif0q/computer/h/2/j/-original-imahg5fuyyb56yhw.jpeg?q=70,https://www.flipkart.com/acer-aspire-7-intel-core-i5-13th-gen-13420h-16-gb-512-gb-ssd-windows-11-home-6-graphics-nvidia-geforce-rtx-3050-a715-79g-gaming-laptop/p/itm8208102c97f99?pid=COMH3G96MYGWSGTF&lid=LSTCOMH3G96MYGWSGTFHC4WEW&marketplace=FLIPKART&q=ryzen+7+laptop&store=6bo%2Fb5g&srno=s_14_329&otracker=search&fm=organic&iid=55a387ca-9833-479f-bc0d-0c75b703a7f4.COMH3G96MYGWSGTF.SEARCH&ppt=sp&ppn=sp&ssid=qzdwn5s4740000001781258748645&qH=f46cbf9bd44c5333&ov_redirect=true,flipkart
"Add to CompareLenovo IdeaPad Flex 5 AMD Ryzen 5 Hexa Core 8th Gen - (16 GB/512 GB SSD/Windows 11 Home) 14ABR8 2 in 1...34 Ratings&1 ReviewsAMD Ryzen 5 Hexa Core Processor (8th Gen)16 GB LPDDR4 RAMWindows 11 Operating System512 GB SSD35.56 cm (14 Inch) Display1Yr Warranty + 1 Yr Premium Care and 1 Yr Accidental Damage Protection₹64,290₹97,89034% offBank Offer",Lenovo,64290.0,Intel Core i5,16.0,LPDDR4,512.0,SSD,Intel Iris Xe,Windows 11,15.6,1920,1080,1,https://rukminim2.flixcart.com/image/416/416/xif0q/computer/u/b/r/-original-imahg4uuxbz8ejhc.jpeg?q=70,https://www.flipkart.com/lenovo-ideapad-flex-5-amd-ryzen-hexa-core-8th-gen-16-gb-512-gb-ssd-windows-11-home-14abr8-2-1-laptop/p/itm53fa0d9c1fdd7?pid=COMGTBBEBXFMYZEV&lid=LSTCOMGTBBEBXFMYZEVWWNKRS&marketplace=FLIPKART&q=ryzen+7+laptop&store=6bo%2Fb5g&srno=s_14_335&otracker=search&fm=organic&iid=55a387ca-9833-479f-bc0d-0c75b703a7f4.COMGTBBEBXFMYZEV.SEARCH&ppt=sp&ppn=sp&ssid=qzdwn5s4740000001781258748645&qH=f46cbf9bd44c5333&ov_redirect=true,flipkart
"Currently unavailableAdd to CompareLenovo IdeaPad Gaming 3 AMD Ryzen 5 Quad Core 5500H - (8 GB/512 GB SSD/Windows 11 Home/4 GB Graphics/N...4.3341 Ratings&31 ReviewsAMD Ryzen 5 Quad Core Processor8 GB DDR4 RAMWindows 11 Operating System512 GB SSD39.62 cm (15.6 Inch) Display1 Year Carry-in Warranty₹68,990₹75,0008% offBank Offer",Lenovo,68990.0,Intel Core i5,8.0,DDR4,512.0,SSD,Intel Iris Xe,Windows 11,15.6,1920,1080,1,https://rukminim2.flixcart.com/image/416/416/xif0q/computer/o/j/m/-original-imahg5fugnhqgxgq.jpeg?q=70,https://www.flipkart.com/lenovo-ideapad-gaming-3-amd-ryzen-5-quad-core-5500h-8-gb-512-gb-ssd-windows-11-home-4-graphics-nvidia-geforce-rtx-2050-15ach6-laptop/p/itm2a46b1c472cac?pid=COMGSYYS4NDGGPPA&lid=LSTCOMGSYYS4NDGGPPACQGPM5&marketplace=FLIPKART&q=ryzen+7+laptop&store=6bo%2Fb5g&srno=s_15_340&otracker=search&fm=organic&iid=e6cdf279-f565-414e-ab89-0e9843054207.COMGSYYS4NDGGPPA.SEARCH&ppt=sp&ppn=sp&ssid=xwrii84qxc0000001781258752931&qH=f46cbf9bd44c5333&ov_redirect=true,flipkart
"Add to CompareASUS Vivobook S14 OLED (2025), AI PC, Metal Body, Backlit Keyboard, Intel Core Ultra 7 256V - (16 GB/5...4.48 Ratings&2 ReviewsIntel Core Ultra 7 Processor16 GB LPDDR5X RAMWindows 11 Home Operating System512 GB SSD35.56 cm (14 Inch) DisplayMicrosoft Office Home 2024 (Lifetime Validity ) + Microsoft 365 Basic*(1-Year Validity), McAfee? 1 year1 Year Onsite warranty₹86,990₹1,28,99032% offSuper DealsUpto₹42,600Off on Exchange",ASUS,86990.0,Intel Core Ultra 7,16.0,LPDDR5X,512.0,SSD,Intel Iris Xe,Windows 11,15.6,1920,1080,1,https://rukminim2.flixcart.com/image/416/416/xif0q/computer/v/j/s/-original-imahg5fuqcwakny9.jpeg?q=70,https://www.flipkart.com/asus-vivobook-s14-oled-2025-ai-pc-metal-body-backlit-keyboard-intel-core-ultra-7-256v-16-gb-512-gb-ssd-windows-11-home-s5406sa-qd094ws-thin-light-laptop/p/itmdbf3ebc3114d9?pid=COMH89EBVHHSCD5Z&lid=LSTCOMH89EBVHHSCD5ZFA1VUA&marketplace=FLIPKART&q=ryzen+7+laptop&store=6bo%2Fb5g&srno=s_15_343&otracker=search&fm=organic&iid=e6cdf279-f565-414e-ab89-0e9843054207.COMH89EBVHHSCD5Z.SEARCH&ppt=sp&ppn=sp&ssid=xwrii84qxc0000001781258752931&qH=f46cbf9bd44c5333&ov_redirect=true,flipkart
"Add to CompareASUS Vivobook 14 Flip OLED (2025) with Touch Screen, Backlit Keyboard, Intel Core Ultra 7 256V - (16 G...4.212 Ratings&2 ReviewsIntel Core Ultra 7 Processor16 GB LPDDR5X RAMWindows 11 Home Operating System512 GB SSD35.56 cm (14 Inch) Touchscreen DisplayMicrosoft Office Home 2024 (Lifetime Validity ) + Microsoft 365 Basic*(1-Year Validity), 
McAfee? 1 year, One-Month Membership of Adobe Creative Cloud All Apps1 Year Onsite warranty₹1,04,990₹1,34,99022% offUpto₹42,600Off on ExchangeBank Offer",ASUS,104990.0,Intel Core Ultra 7,16.0,LPDDR5X,512.0,SSD,Intel Iris Xe,Windows 11,15.6,1920,1080,1,https://rukminim2.flixcart.com/image/416/416/xif0q/computer/e/i/z/-original-imahg52mjcthrhgp.jpeg?q=70,https://www.flipkart.com/asus-vivobook-14-flip-oled-2025-touch-screen-backlit-keyboard-intel-core-ultra-7-256v-16-gb-512-gb-ssd-windows-11-home-tp3407sa-ql025ws-2-1-laptop/p/itm4d2f1f5061857?pid=COMH89EB5S3D48ZM&lid=LSTCOMH89EB5S3D48ZMCQTQFY&marketplace=FLIPKART&q=ryzen+7+laptop&store=6bo%2Fb5g&srno=s_15_346&otracker=search&fm=organic&iid=e6cdf279-f565-414e-ab89-0e9843054207.COMH89EB5S3D48ZM.SEARCH&ppt=sp&ppn=sp&ssid=xwrii84qxc0000001781258752931&qH=f46cbf9bd44c5333&ov_redirect=true,flipkart
"Add to CompareLenovo ThinkBook 15 Intel Core i7 12th Gen 1255U - (16 GB/512 GB SSD/Windows 11 Home) TB15 G4 IAP Thin...53 Ratings&0 ReviewsIntel Core i7 Processor (12th Gen)16 GB DDR4 RAMWindows 11 Operating System512 GB SSD39.62 cm (15.6 Inch) Display1 Year Onsite Warranty₹73,490₹1,32,30044% offUpto₹42,600Off on ExchangeBank Offer",Lenovo,73490.0,Intel Core I7 12Th,16.0,DDR4,512.0,SSD,Intel Iris Xe,Windows 11,15.6,1920,1080,1,https://rukminim2.flixcart.com/image/416/416/xif0q/computer/4/y/m/-original-imahg4utt37x2wcz.jpeg?q=70,https://www.flipkart.com/lenovo-thinkbook-15-intel-core-i7-12th-gen-1255u-16-gb-512-gb-ssd-windows-11-home-tb15-g4-iap-thin-light-laptop/p/itm65936d217ef8a?pid=COMGQY58JZHSCAWW&lid=LSTCOMGQY58JZHSCAWWMZCBQE&marketplace=FLIPKART&q=ryzen+7+laptop&store=6bo%2Fb5g&srno=s_15_353&otracker=search&fm=organic&iid=e6cdf279-f565-414e-ab89-0e9843054207.COMGQY58JZHSCAWW.SEARCH&ppt=sp&ppn=sp&ssid=xwrii84qxc0000001781258752931&qH=f46cbf9bd44c5333&ov_redirect=true,flipkart
"Add to CompareASUS Vivobook 16X for Creator, Intel Core i7 12th Gen 12700H - (16 GB/512 GB SSD/Windows 11 Home/4 GB ...4.2201 Ratings&18 ReviewsIntel Core i7 Processor (12th Gen)16 GB DDR4 RAMWindows 11 Operating System512 GB SSD40.64 cm (16 Inch) Display1 Year Onsite Warranty₹87,500₹98,99911% offBank Offer",ASUS,87500.0,Intel Core I7 12Th,16.0,DDR4,512.0,SSD,Intel Iris Xe,Windows 11,15.6,1920,1080,1,https://rukminim2.flixcart.com/image/416/416/xif0q/computer/j/a/l/-original-imahg5fyufhnud8g.jpeg?q=70,https://www.flipkart.com/asus-vivobook-16x-creator-intel-core-i7-12th-gen-12700h-16-gb-512-gb-ssd-windows-11-home-4-graphics-nvidia-geforce-rtx-3050-k3605zc-rp628ws-gaming-laptop/p/itme304c469918e6?pid=COMH3J9Y3YDSZGMM&lid=LSTCOMH3J9Y3YDSZGMM8WRYZY&marketplace=FLIPKART&q=ryzen+7+laptop&store=6bo%2Fb5g&srno=s_15_360&otracker=search&fm=organic&iid=e6cdf279-f565-414e-ab89-0e9843054207.COMH3J9Y3YDSZGMM.SEARCH&ppt=sp&ppn=sp&ssid=xwrii84qxc0000001781258752931&qH=f46cbf9bd44c5333&ov_redirect=true,flipkart
"Apple 2026 MacBook Air 13″ Laptop with M5 chip: AI and Apple Intelligence, 34.46 cm (13.6″) Liquid Retina Display, 16GB Unified Memory, 1TB SSD Storage, 12MP Center Stage Camera, Touch ID; Midnight",Apple,130100.0,Intel Core i5,8.0,DDR4,512.0,SSD,Intel Iris Xe,Windows 11,15.6,1920,1080,1,https://m.media-amazon.com/images/I/71eX66ytH+L._SL500_.jpg,,amazon
"Acer Smartchoice Aspire One, Intel Core Celeron N4500, Office 2024 + M365 Basic, 12GB LPDDR4X / 256GB SSD, 14.0""/35.56cm TN HD Display, Win 11 Home, Pure Silver, 1.3KG, A114-45, Thin and Light Laptop",Acer,35990.0,Intel Core i5,12.0,LPDDR4X,256.0,SSD,Intel Iris Xe,Windows 11,14.0,1366,768,1,https://m.media-amazon.com/images/I/81BEfyD0qeL._SL500_.jpg,,amazon
"Dell 15 (Previously Inspiron) Laptop, 14th Gen Intel Core i3/Core 3 100U Processor, 8GB DDR4, 512 SSD, 15.6"" FHD 120Hz IPS 250 nit Display, Win 11 + Office H&S 2024, Carbon Black, Thin & Light 1.63Kg",Dell,46490.0,Intel Core i5,8.0,DDR4,512.0,SSD,Intel Iris Xe,Windows 11,15.6,1920,1080,1,https://m.media-amazon.com/images/I/717WZ7WriwL._SL500_.jpg,,amazon
"Lenovo LOQ Intel Core i5-13450HX| NVIDIA RTX 4050 6GB (16GB RAM/512GB SSD/144Hz Refresh Rate/15.6"" (39.6cm)/Windows 11/Office Home 2024/3 Mon. Game Pass/Grey/2.4Kg), 83DV01K2IN AI Gaming Laptop",Lenovo,140990.0,Intel Core I5-13450Hx,16.0,DDR4,512.0,SSD,Nvidia Rtx 4050,Windows 11,15.6,3840,2160,1,https://m.media-amazon.com/images/I/815ZvsHky7L._SL500_.jpg,,amazon
"HP 15 Smartchoice, 13th Gen Intel Core i3-1315U(8GB DDR4,512GB SSD) FHD, Anti-Glare, Micro-Edge, 15.6''/39.6cm, Win11, M365(1yr)*Office24, Silver,1.59kg, fd0572TU, FHD Camera w/Shutter, Backlit Laptop",HP,51990.0,Intel Core I3-1315U,8.0,DDR4,512.0,SSD,Intel Iris Xe,Windows 11,15.6,1920,1080,1,https://m.media-amazon.com/images/I/61bWhgr-qgL._SL500_.jpg,,amazon
"Lenovo LOQ Essential AMD Ryzen 7 170 | NVIDIA RTX 3050A 4GB (16GB RAM/512GB SSD/144Hz Refresh Rate/15.6"" (39.6cm)/Windows 11/Office Home 2024/3 Mon. Game Pass/Grey/1.8Kg), 83S000FPIN Gaming Laptop",Lenovo,120990.0,Amd Ryzen 7 170,16.0,DDR4,512.0,SSD,Nvidia Rtx 3050A,Windows 11,15.6,1920,1080,1,https://m.media-amazon.com/images/I/81NyeNT6hSL._SL500_.jpg,,amazon
"Acer Smartchoice Aspire One, AMD Ryzen 3-7320U, 8GB LPDDR5 RAM/ 256GB SSD, 14.0""/35.56cm TN HD Display, Win 11 Home, Pure Silver, 1.48KG, A114-43, Thin and Light Laptop",Acer,39990.0,Intel Core i5,8.0,LPDDR5,256.0,SSD,Intel Iris Xe,Windows 11,14.0,1366,768,1,https://m.media-amazon.com/images/I/71MbIVSIhAL._SL500_.jpg,,amazon
"Apple 2026 MacBook Air 13″ Laptop with M5 chip: AI and Apple Intelligence, 34.46 cm (13.6″) Liquid Retina Display, 16GB Unified Memory, 512GB SSD Storage, 12MP Center Stage Camera, Touch ID; Silver",Apple,110300.0,Intel Core i5,8.0,DDR4,512.0,SSD,Intel Iris Xe,Windows 11,15.6,1920,1080,1,https://m.media-amazon.com/images/I/71upqrupfYL._SL500_.jpg,,amazon
"Apple 2026 MacBook Neo 13″ Laptop with A18 Pro chip: Built for AI and Apple Intelligence, Liquid Retina Display, 8GB Unified Memory, 256GB SSD Storage, 1080p FaceTime HD Camera; Indigo",Apple,65000.0,Intel Core i5,8.0,DDR4,256.0,SSD,Intel Iris Xe,Windows 11,15.6,1366,768,1,https://m.media-amazon.com/images/I/61vTx-Qa1QL._SL500_.jpg,,amazon
"ASUS Vivobook 15, Smartchoice,Intel Core i3 13th Gen 1315U, 12GB RAM, 512GB SSD, FHD 15.6"", Win 11, Office 2024, Quiet Blue, 1.7Kg, X1504VA-BQ332WS, Intel UHD iGPU, M365 Basic (1Year)*, 42Whrs Laptop",ASUS,51990.0,Intel Core I3 13Th,12.0,DDR4,512.0,SSD,Intel Iris Xe,Windows 11,15.6,1920,1080,1,https://m.media-amazon.com/images/I/61JUHhbEMxL._SL500_.jpg,,amazon
"𝗗𝗲𝗹𝗹MODEL 5320 Touch Laptop| Core i5 11th Gen | 16GB RAM | 256GB SSD | 13.3"" HD Touch Display | Win 10 | (Pre-Owned & Tested)",𝗗𝗲𝗹𝗹model,28799.0,Intel Core i5,16.0,DDR4,256.0,SSD,Intel Iris Xe,Windows 11,13.3,1366,768,1,https://m.media-amazon.com/images/I/51vIhMJreOL._SL500_.jpg,,amazon
"HP OmniBook 3, AMD Ryzen AI 5 330 (24GB DDR5 RAM, 1TB SSD) FHD, Anti-Glare, 15.6''/39.6cm, Win11, Office24, Glacier Silver,1.7kg, fn0074AU, FHD Camera w/Shutter, FPR, Backlit KB, Next Gen AI Laptop",HP,68990.0,Intel Core i5,24.0,DDR5,512.0,SSD,Intel Iris Xe,Windows 11,15.6,1920,1080,1,https://m.media-amazon.com/images/I/71-ki53YAPL._SL500_.jpg,,amazon
"𝗟𝗲𝗻𝗼𝘃𝗼Model L490 Laptop |Core i5 8th Gen | 8GB RAM | 256GB SSD | 14"" Full HD | Win 10 pro | A+ Condition (Tested & Pre-Owned)",𝗟𝗲𝗻𝗼𝘃𝗼model,20499.0,Intel Core i5,8.0,DDR4,256.0,SSD,Intel Iris Xe,Windows 11,15.6,1920,1080,1,https://m.media-amazon.com/images/I/51PG5cPDTsL._SL500_.jpg,,amazon
"HP 15, Intel Core 5 120U (14th Gen) 16GB DDR4, 512GB SSD, FHD, Anti-Glare, Micro-Edge, 15.6''/39.6cm, Win11, M365 Basic(1yr), Office24, Silver,1.59kg, FD0640TU/682tu, FHD Camera w/Shutter, BL Laptop",HP,64990.0,Intel Core i5,16.0,DDR4,512.0,SSD,Intel Iris Xe,Windows 11,15.6,1920,1080,1,https://m.media-amazon.com/images/I/71Go8vTBwXL._SL500_.jpg,,amazon
"Apple 2026 MacBook Pro Laptop with M5 Max chip with 18‑core CPU and 40‑core GPU: Built for AI, 41.05 cm (16.2″) Liquid Retina XDR Display, 48GB Unified Memory, 2TB SSD Storage; Silver",Apple,499900.0,Intel Core i5,8.0,DDR4,512.0,SSD,Intel Iris Xe,Windows 11,15.6,1920,1080,1,https://m.media-amazon.com/images/I/61NJjTxLyiL._SL500_.jpg,,amazon
"Apple 2026 MacBook Pro Laptop with M5 Pro chip with 15‑core CPU and 16‑core GPU: Built for AI, 35.97 cm (14.2″) Liquid Retina XDR Display, 24GB Unified Memory, 1TB SSD Storage; Space Black",Apple,234900.0,Intel Core i5,8.0,DDR4,512.0,SSD,Intel Iris Xe,Windows 11,15.6,1920,1080,1,https://m.media-amazon.com/images/I/61+jOMbYhYL._SL500_.jpg,,amazon
"𝗗𝗲𝗹𝗹Laptop Model 3420 | 𝗜𝗡𝗧𝗘𝗟i5 11th Gen Processor |8GB DDR4 RAM |256GB SSD |14"" FHD Display | Win10 | A+ Condition Laptop (Refab)",𝗗𝗲𝗹𝗹laptop,31500.0,Intel Core i5,8.0,DDR4,256.0,SSD,Intel Iris Xe,Windows 10,15.6,1920,1080,1,https://m.media-amazon.com/images/I/31q2-8TNSZL._SL500_.jpg,,amazon
"ASUS Zenbook 14 (2026),Smartchoice,Intel Core Ultra 7 255H,32GB RAM,1TB SSD,OLED,Touchscreen,14""(35.5 cm),Win 11,M365 Basic(1Y)* Office 24,Ponder Blue,1.28 Kg,UX3405CA-QL1015WS,Thin & Light Laptop",ASUS,119990.0,Intel Core Ultra 7,32.0,DDR4,512.0,SSD,Intel Iris Xe,Windows 11,15.6,1920,1080,1,https://m.media-amazon.com/images/I/61HSZo9UDzL._SL500_.jpg,,amazon
"Lenovo Yoga Slim 7 Aura Edition, Intel Core Ultra 7 258V, 32GB RAM, 1TB SSD, WUXGA OLED, Copilot+ AI PC, 47 Tops, 15""/38.8cm, Windows 11, Office 2024, Grey, 1.53Kg, 83HM004NIN, AI Laptop",Lenovo,194650.0,Intel Core Ultra 7,32.0,DDR4,512.0,SSD,Intel Iris Xe,Windows 11,15.6,1920,1080,1,https://m.media-amazon.com/images/I/71n9XzlKhWL._SL500_.jpg,,amazon
"HP 15 (2025), Intel Core i3 13th Gen 1315U - (32 GB/512 GB SSD/Intel UHD Graphics/Windows 11 Home) Thin and Light Business Laptop/15.6"" HD Display/Ash Grey/1.5 kg/MS Office 2021",HP,62800.0,Intel Core I3 13Th,8.0,DDR4,512.0,SSD,Intel Uhd Graphics,Windows 11,15.6,1366,768,1,https://m.media-amazon.com/images/I/71NdCUiyCiL._SL500_.jpg,,amazon
"Lenovo ThinkBook 14, Intel Core 7 240H, 16GB RAM, 512GB SSD, WUXGA IPS 14” (35.56cm), Windows 11 Pro, Arctic Grey, 1.36Kg, 21SGS00200, Fingerprint, Backlit, 300 Nits, 3Y Premier Warranty, Laptop",Lenovo,118000.0,Intel Core i5,16.0,DDR4,512.0,SSD,Intel Iris Xe,Windows 11,15.6,1920,1080,1,https://m.media-amazon.com/images/I/51KhhD5u5UL._SL500_.jpg,,amazon
"Dell 15 (Previously Inspiron) Laptop, 14th Gen Intel Core i3/Core 3 100U Processor, 16GB DDR4, 512 SSD, Intel UHD Graphics, 15.6"" FHD 120Hz IPS AG 250 nit Display, Win 11 + Office 2024, Black, 1.63Kg",Dell,58490.0,Intel Core i5,16.0,DDR4,512.0,SSD,Intel Uhd Graphics,Windows 11,15.6,1920,1080,1,https://m.media-amazon.com/images/I/71ZBa5+qu4L._SL500_.jpg,,amazon
"HP Smartchoice HyperX OMEN 15, AMD Ryzen 7 260, 8GB-RTX 5050, 24GB DDR5 (Upgradeable), 1TB SSD, 180Hz, 2.5K, 500 nits, 3ms RT, 15.3''/38.9cm, Win11, Office24, Black, 2.42kg, gb0038AX, AI Gaming Laptop",HP,149990.0,Amd Ryzen 7 260,24.0,DDR5,512.0,SSD,Rtx 5050,Windows 11,15.3,2560,1600,1,https://m.media-amazon.com/images/I/71OkT5tIRlL._SL500_.jpg,,amazon
"Lenovo LOQ 12th Gen Intel Core i5-12450HX 15.6"" (39.6cm) 144Hz 300Nits FHD Gaming Laptop (12GB/512GB SSD/Win 11/NVIDIA RTX 2050 4GB/100% sRGB/Office 21/3 Month Game Pass/Luna Grey/2.4Kg), 83GS009RIN",Lenovo,74300.0,Intel Core I5-12450Hx,8.0,DDR4,512.0,SSD,Nvidia Rtx 2050,Windows 11,15.6,3840,2160,1,https://m.media-amazon.com/images/I/81zdgqyLRWL._SL500_.jpg,,amazon
"MSI Katana 15 HX, Intel 13th Gen. i5-14450HX, 40CM FHD 144Hz Gaming Laptop (16GB/512GB NVMe SSD/Windows 11 Home/NVIDIA GeForce RTX 5050, GDDR7 8GB/Black/2.4Kg) B14WEK-438IN",MSI,102990.0,Intel Core i5,8.0,DDR4,512.0,SSD,Nvidia Geforce Rtx 5050,Windows 11,15.6,3840,2160,1,https://m.media-amazon.com/images/I/51eUDfg7rwL._SL500_.jpg,,amazon
"Acer Nitro V 15, Intel core i5-13th Gen 13420H,NVIDIA GeForce RTX - 5050 8GB, 16 GB/512 GB,Full HD IPS,15.6""/39.62 cm,165 Hz, Win 11 Home, Obsidian Black, 2.113 kg, ANV15-52, Amber KB,Gaming Laptop",Acer,91500.0,Intel Core I5-13Th,8.0,DDR4,512.0,SSD,Intel Iris Xe,Windows 11,15.6,1920,1080,1,https://m.media-amazon.com/images/I/51WgXPBL4nL._SL500_.jpg,,amazon
"Apple 2026 MacBook Pro Laptop with M5 Max chip with 18‑core CPU and 32‑core GPU: Built for AI, 41.05 cm (16.2″) Liquid Retina XDR Display, 36GB Unified Memory, 2TB SSD Storage; Space Black",Apple,421990.0,Intel Core i5,8.0,DDR4,512.0,SSD,Intel Iris Xe,Windows 11,15.6,1920,1080,1,https://m.media-amazon.com/images/I/61h78UMEXjL._SL500_.jpg,,amazon
"Apple 2026 MacBook Air 13″ Laptop with M5 chip: AI and Apple Intelligence, 34.46 cm (13.6″) Liquid Retina Display, 24GB Unified Memory, 1TB SSD Storage, 12MP Center Stage Camera, Touch ID; Sky Blue",Apple,148700.0,Intel Core i5,8.0,DDR4,512.0,SSD,Intel Iris Xe,Windows 11,15.6,1920,1080,1,https://m.media-amazon.com/images/I/71kKQjKzW1L._SL500_.jpg,,amazon
"MSI Vector 16, Intel Series 2 Core Ultra 7 255HX, 41cm QHD+ 240Hz Gaming Laptop (16GB/1TB NVMe SSD/Windows 11 Home/NVIDIA GeForce RTX 5070 Ti, GDDR7 12GB/Cosmos Gray/2.7Kg) A2XWHG-443IN",MSI,225990.0,Intel Core i5,8.0,DDR4,512.0,SSD,Nvidia Geforce Rtx 5070,Windows 11,15.6,1366,768,1,https://m.media-amazon.com/images/I/715sbMLrG5L._SL500_.jpg,,amazon
"Apple 2026 MacBook Air 13″ Laptop with M5 chip: AI and Apple Intelligence, 34.46 cm (13.6″) Liquid Retina Display, 24GB Unified Memory, 1TB SSD Storage, 12MP Center Stage Camera, Touch ID; Midnight",Apple,152990.0,Intel Core i5,8.0,DDR4,512.0,SSD,Intel Iris Xe,Windows 11,15.6,1920,1080,1,https://m.media-amazon.com/images/I/71eX66ytH+L._SL500_.jpg,,amazon
"HP 15 Smartchoice, AMD Ryzen 7 7735HS (16GB DDR5,512GB SSD) FHD, Anti-Glare, Micro-Edge, 15.6''/39.6cm, Win11, M365 Basic(1yr)* Office24, Silver, 1.59kg, fc1038AU, FHD Camera w/Shutter, Backlit Laptop",HP,66990.0,Amd Ryzen 7 7735Hs,16.0,DDR5,512.0,SSD,Intel Iris Xe,Windows 11,15.6,1920,1080,1,https://m.media-amazon.com/images/I/71O1pUfzoYL._SL500_.jpg,,amazon
"Lenovo LOQ AMD Ryzen 5 7235HS | NVIDIA RTX 3050 6GB (16GB RAM/512GB SSD/144Hz Refresh Rate/15.6"" (39.6cm)/Windows 11/Office Home 2024/3 Mon. Game Pass/Grey/2.4Kg), 83JC00LRIN AI Gaming Laptop",Lenovo,80990.0,Amd Ryzen 5 7235Hs,16.0,DDR4,512.0,SSD,Nvidia Rtx 3050,Windows 11,15.6,3840,2160,1,https://m.media-amazon.com/images/I/61Ol4v72-NL._SL500_.jpg,,amazon
"Lenovo LOQ, 12th Gen Intel Core i5 12450HX, RTX 2050-4GB, 12GB RAM, 512GB SSD,FHD, 15.6""/39.6cm, 144Hz, Windows 11, Office Home 2024, Grey, 2.4Kg, 3 Mon. Game Pass, 83GS00LJIN, Gaming Laptop",Lenovo,74250.0,Intel Core I5 12450Hx,12.0,DDR4,512.0,SSD,Rtx 2050,Windows 11,15.6,3840,2160,1,https://m.media-amazon.com/images/I/81b4LYOyFVL._SL500_.jpg,,amazon
"Lenovo LOQ Intel Core i7-13650HX 15.6"" (39.6cm) 144Hz 300Nits FHD Gaming Laptop (16GB/500 GB SSD/Win 11/NVDIA RTX 4050 6GB Graphics/100% sRGB/Office 21/3 Month Game Pass/Grey/2.4Kg), 83DV00HBIN",Lenovo,118000.0,Intel Core I7-13650Hx,8.0,DDR4,500.0,SSD,Rtx 4050,Windows 11,15.6,3840,2160,1,https://m.media-amazon.com/images/I/8107BhtbdyL._SL500_.jpg,,amazon
"MSI Katana 15, Intel 14th Gen. i9-14900HX, 40cm QHD 165Hz Gaming Laptop (16GB/1TB NVMe SSD/Windows 11 Home/NVIDIA GeForce RTX 5060, GDDR7 8GB/Black/2.4Kg) B14WFK-261IN",MSI,164990.0,Intel Core i5,8.0,DDR4,512.0,SSD,Nvidia Geforce Rtx 5060,Windows 11,15.6,3840,2160,1,https://m.media-amazon.com/images/I/51GDyaNXQxL._SL500_.jpg,,amazon
"HP Smartchoice Omen 16 Max, AMD Ryzen AI 9 HX 375, 12GB RTX 5070 Ti, 32GB DDR5, 1TB SSD, 2K,165Hz, 400 nits,3ms, IPS, 16''/40.6cm, Win11,Office24, Shadow Black, 2.71kg, ak0070ax, RGB Gaming Laptop",HP,267990.0,Intel Core i5,32.0,DDR5,512.0,SSD,Rtx 5070,Windows 11,15.6,2560,1600,1,https://m.media-amazon.com/images/I/61A1Q7i+wEL._SL500_.jpg,,amazon
"Lenovo LOQ Intel Core i5-13450HX| NVIDIA RTX 3050A 4GB (16GB RAM/512GB SSD/144Hz Refresh Rate/15.6"" (39.6cm)/Windows 11/Office Home 2024/3 Mon. Game Pass/Grey/2.4Kg), 83DV01ABIN AI Gaming Laptop",Lenovo,80990.0,Intel Core I5-13450Hx,16.0,DDR4,512.0,SSD,Nvidia Rtx 3050A,Windows 11,15.6,3840,2160,1,https://m.media-amazon.com/images/I/712LLNPdo4L._SL500_.jpg,,amazon
"ROG Strix G16, Intel Core i7 14650HX,Gaming Laptop(RTX 5050-8GB/115W TGP/16GB RAM/1TB SSD/2.5K QHD+/16""/240Hz/90Whr/Windows 11/M365 Basic (1Year)*/Office Home 2024/Eclipse Gray/2.5 Kg)G615JHR-S5005WS",Mi,159990.0,Intel Core I7 14650Hx,16.0,DDR4,512.0,SSD,Rtx 5050,Windows 11,15.6,1366,768,1,https://m.media-amazon.com/images/I/71KWm10j2nL._SL500_.jpg,,amazon
"HP Victus, 13th Gen Intel Core i5-13420H, RTX 4050-6GB, 16GB DDR4, 512GB SSD, FHD IPS, 15.6""/39.6cm, 144Hz, Win11, Office24, Mica Silver, 2.29kg, fa2701TX, 300nits, Backlit Kb, HD Cam, Gaming Laptop",HP,92990.0,Intel Core I5-13420H,16.0,DDR4,512.0,SSD,Rtx 4050,Windows 11,15.6,1920,1080,1,https://m.media-amazon.com/images/I/71s00YuMQcL._SL500_.jpg,,amazon
"Lenovo Legion Pro 7 FIFA World Cup 26 Edition Intel Core Ultra 9 275HX | NVIDIA RTX 5070Ti 12GB (32GB RAM/1TB SSD/WQXGA OLED/240Hz/16(40.6cm)/Windows 11/Black/2.4Kg), 83F500HPIN AI Gaming Laptop",HP,329990.0,Intel Core Ultra 9,32.0,DDR4,512.0,SSD,Nvidia Rtx 5070Ti,Windows 11,15.6,3840,2160,1,https://m.media-amazon.com/images/I/71J7zDz1NyL._SL500_.jpg,,amazon
"MSI Thin A15, AMD 7th Gen. Ryzen 5 7535HS, 40CM FHD 144Hz Gaming Laptop (16GB/1TB NVMe SSD/Windows 11 Home/NVIDIA GeForce RTX 3050, GDDR6 4GB/Cosmos Gray/1.8Kg) B7UC-104IN",MSI,75990.0,Intel Core i5,8.0,DDR4,512.0,SSD,Nvidia Geforce Rtx 3050,Windows 11,15.6,1920,1080,1,https://m.media-amazon.com/images/I/51EKq6oCbrL._SL500_.jpg,,amazon
"Acer Aspire, AMD Ryzen R5 7430U Processor, 16 GB RAM, 1TB SSD, Full HD IPS, 15.6''/39.62 cm, Windows 11 Home, Pure Silver, 1.79 kg, AS15-42, Backlit Keyboard, Thin and Light Laptop",Acer,57990.0,Intel Core i5,16.0,DDR4,512.0,SSD,Intel Iris Xe,Windows 11,15.6,1920,1080,1,https://m.media-amazon.com/images/I/61G2lmqr+zL._SL500_.jpg,,amazon
"HP Victus 15-fa2191TX/FA2190 Gaming Laptop – 13th Gen Intel Core i5, 15.6"" FHD 144Hz, RTX 3050 4GB, 16GB RAM, 512GB SSD, Win 11, Backlit KB – Blue",HP,75900.0,Intel Core i5,16.0,DDR4,512.0,SSD,Rtx 3050,Windows 11,15.6,1920,1080,1,https://m.media-amazon.com/images/I/71sPkUngxML._SL500_.jpg,,amazon
"Lenovo LOQ Essential AMD Ryzen 5 7535HS | NVIDIA RTX 3050 6GB (16GB RAM/512GB SSD/144Hz Refresh Rate/15.6"" (39.6cm)/Windows 11/Office Home 2024/3 Mon. Game Pass/Grey/1.8Kg), 83S000G8IN Gaming Laptop",Lenovo,117990.0,Amd Ryzen 5 7535Hs,16.0,DDR4,512.0,SSD,Nvidia Rtx 3050,Windows 11,15.6,1920,1080,1,https://m.media-amazon.com/images/I/81OAbFkYnmL._SL500_.jpg,,amazon
"ASUS Vivobook 16, Smartchoice, Intel Core Ultra 5 Series 2, 16GB RAM, 512GB SSD, FHD+ 16"", Windows 11, Office Home 2024, Silver, 1.88kg, X1607CA-MB142WS, Intel iGPU, M365 Basic (1Year)* Laptop",ASUS,67990.0,Intel Core Ultra 5,16.0,DDR4,512.0,SSD,Intel Iris Xe,Windows 11,15.6,1920,1080,1,https://m.media-amazon.com/images/I/714zVJcMt5L._SL500_.jpg,,amazon
"MSI GF63 Intel Core i7 10th Gen 15.6 inches Thin Gaming Laptop (8GB/1 TB HDD/256 GB SSD/Windows 10 Home/4 GB Graphics/NVIDIA GeForce GTX 1650 Max Q/60 Hz) GF63 Thin 10SCXR-1617-IN (Black, 1.86 KG)",MSI,81990.0,Intel Core I7 10Th,8.0,DDR4,256.0,SSD,Nvidia Geforce Gtx 1650,Windows 10,15.6,1366,768,1,https://m.media-amazon.com/images/I/41Ratqne1xS._SL500_.jpg,,amazon
"ASUS Gaming V16, Intel Core 7 240H Gaming Laptop(RTX 5060-8GB/16GB RAM/512GB SSD/FHD+/16""/144Hz/Backlit Keyboard/Windows 11ASUS 1 Year Brand Warranty Extension",ASUS,116989.0,Intel Core i5,16.0,DDR4,512.0,SSD,Rtx 5060,Windows 11,15.6,1920,1080,1,https://m.media-amazon.com/images/I/513krzpZz6L._SL500_.jpg,,amazon
"MSI Stealth 14 Studio, Intel 13th Gen. i7-13700H, 36CM QHD+ 240Hz Gaming Laptop (16GB/1TB NVMe SSD/Windows 11 Home/Nvidia GeForce RTX4060, 8GB GDDR6/Star Blue/1.7Kg), A13VF-037IN",MSI,160000.0,Intel Core i5,8.0,DDR4,512.0,SSD,Intel Iris Xe,Windows 11,15.6,1366,768,1,https://m.media-amazon.com/images/I/71AW1jbG7pL._SL500_.jpg,,amazon
"MSI Katana 15, Intel 13th Gen. i7-13620H, 40CM FHD 144Hz Gaming Laptop (16GB/1TB NVMe SSD/Windows 11 Home/NVIDIA GeForce RTX 4050, GDDR6 6GB/Black/2.5Kg) B13VEK-106IN",MSI,114500.0,Intel Core i5,8.0,DDR4,512.0,SSD,Nvidia Geforce Rtx 4050,Windows 11,15.6,1920,1080,1,https://m.media-amazon.com/images/I/51dRGelADgL._SL500_.jpg,,amazon
"ASUS ROG Strix SCAR 16,Intel Core Ultra 9 275HX Gaming Laptop(NVIDIA RTX 5090-24GB/175W TGP/32GB/2TB/2.5K QHD+/16""/240Hz/Windows 11/M365 Basic(1Year)*/Office Home 2024/Off Black/2.80 Kg)G635LX-RW158WS",ASUS,449990.0,Intel Core Ultra 9,8.0,DDR4,512.0,SSD,Nvidia Rtx 5090,Windows 11,15.6,1366,768,1,https://m.media-amazon.com/images/I/71lpz3hY3yL._SL500_.jpg,,amazon
"acer Nitro V 15, Intel Core i7-13th Gen 13620H Processor, NVIDIA GeForce RTX 4050-6GB GDDR6,16GB DDR5, 512GB, FHD IPS, 15.6""/39.6cm, 165Hz,Win 11 Home,Obsidian Black, 2.1KG, ANV15-51, Gaming Laptop",Acer,109990.0,Intel Core I7-13Th,16.0,DDR5,512.0,SSD,Nvidia Geforce Rtx 4050,Windows 11,15.6,1920,1080,1,https://m.media-amazon.com/images/I/71ZRoALK1oL._SL500_.jpg,,amazon
"MSI Modern 14, Intel 12th Gen. i7 1255U,36CM Laptop(16GB/512GB NVMe SSD/Windows 11 Home/Iris Xe/Classic Black/1.4Kg), C12MO-1202IN",MSI,61990.0,Intel Core i5,8.0,DDR4,512.0,SSD,Intel Iris Xe,Windows 11,15.6,3840,2160,1,https://m.media-amazon.com/images/I/71Doi1cfWVL._SL500_.jpg,,amazon
"ASUS TUF Gaming A15, 15.6"" FHD (1920 x 1080) 16:9, AMD Ryzen 7 7435HS Processor, Gaming Laptop (16GB RAM/512GB SSD//Windows 11/Office Home/48WHr Battery/Graphite Black/2.3Kg), FA566NCR-HN054WS",ASUS,78990.0,Amd Ryzen 7 7435Hs,16.0,DDR4,512.0,SSD,Intel Iris Xe,Windows 11,15.6,1920,1080,1,https://m.media-amazon.com/images/I/71ycW+AeqxL._SL500_.jpg,,amazon
"acer Aspire AMD Ryzen 3-7330U Processor Laptop with 39.62 cm (15.6"") Full HD LED-Backlit IPS Display (16 GB RAM/512 GB SSD/WiFi 6/AMD Radeon Graphics/Win11 Home/55Wh) AS15-42 Pure Silver 1.79KG",Acer,49990.0,Intel Core i5,16.0,DDR4,512.0,SSD,Amd Radeon Graphics,Windows 11,15.6,1920,1080,1,https://m.media-amazon.com/images/I/61G2lmqr+zL._SL500_.jpg,,amazon
"acer Nitro V Gaming Laptop 13th Gen Intel Core i5-13420H with RTX 2050 Graphics 4 GB VRAM, 144Hz Display (16 GB DDR5/512GB SSD/Windows 11 Home/Wi-Fi 6),15.6""(39.6cms) FHD ANV15-51",Acer,71990.0,Intel Core I5-13420H,16.0,DDR5,512.0,SSD,Rtx 2050,Windows 11,15.6,1920,1080,1,https://m.media-amazon.com/images/I/51GGNToj7aL._SL500_.jpg,,amazon
"Lenovo LOQ 2025 Intel Core i7-13650HX | NVIDIA RTX 5050 8GB (16GB RAM/1TB SSD/144Hz Refresh Rate/440 AI TOPS/15.6"" (39.6cm)/Windows 11/Office 2024/3 Mon.Game Pass/Grey/2.4Kg), 83JE010SIN",Lenovo,127990.0,Intel Core I7-13650Hx,16.0,DDR4,512.0,SSD,Nvidia Rtx 5050,Windows 11,15.6,3840,2160,1,https://m.media-amazon.com/images/I/81xd71gmvmL._SL500_.jpg,,amazon
"Lenovo LOQ AI Powered AMD Ryzen 7 7840HS 15.6"" (39.6cm) FHD IPS 144Hz 350Nits Gaming Laptop (16GB/512GB SSD/Win 11/NVIDIA RTX 3050 6GB/Office 2021/3 Month Game Pass/Storm Grey/2.4Kg), 82XT004HIN",Lenovo,105000.0,Amd Ryzen 7 7840Hs,8.0,DDR4,512.0,SSD,Nvidia Rtx 3050,Windows 11,15.6,3840,2160,1,https://m.media-amazon.com/images/I/810hIikYNXL._SL500_.jpg,,amazon
"ASUS TUF F15 FA507RE-HN043WS AMD Ryzen 7 (15.6 inch, 16GB, 1TB, Windows 11, MS Office 2019, NVIDIA GeForce RTX 3050 Ti Graphics, FHD IPS Display, Mecha Grey,",ASUS,82990.0,Intel Core i5,8.0,DDR4,512.0,SSD,Nvidia Geforce Rtx 3050,Windows 11,15.6,1920,1080,1,https://m.media-amazon.com/images/I/71kG41LuveL._SL500_.jpg,,amazon
"MSI Cyborg 15, Intel Series 2 Core 7 240H, 40cm FHD 144Hz Gaming Laptop (16GB/1TB NVMe SSD/Windows 11 Home/NVIDIA GeForce RTX 5060, GDDR7 8GB/Translucent Black/2.1Kg) B2RWFKG-215IN",MSI,159990.0,Intel Core i5,8.0,DDR4,512.0,SSD,Nvidia Geforce Rtx 5060,Windows 11,15.6,1920,1080,1,https://m.media-amazon.com/images/I/51VZKKwcGPL._SL500_.jpg,,amazon
"Samsung Galaxy Book4 (Gray, 16GB RAM, 512GB SSD) | 15.6"" Full HD Screen | Intel Core i5 1335U Processor | Windows 11 Home | MS Office 2021 | Fingerprint Reader | Intel Iris XE Graphics | RJ45 LAN Port",Samsung,64690.0,Intel Core I5 1335U,16.0,DDR4,512.0,SSD,Intel Iris Xe,Windows 11,15.6,1920,1080,1,https://m.media-amazon.com/images/I/71TwTzVcVqL._SL500_.jpg,,amazon
"ASUS Vivobook Go 15, AMD Ryzen 5 7520U Thin & Light Laptop(AMD Radeon iGPU/16GB RAM/512GB SSD/FHD/15.6""/60Hz/Windows 11/M365 Basic (1Year)*/Office Home 2024/Cool Silver/1.63 Kg) E1504FA-NJ5541WS",ASUS,55990.0,Amd Ryzen 5 7520U,16.0,DDR4,512.0,SSD,Amd Radeon Igpu,Windows 11,15.6,1920,1080,1,https://m.media-amazon.com/images/I/61CVKTNbMQL._SL500_.jpg,,amazon
"Lenovo V15 G6 AMD Ryzen 7 170 (Coequal 7735HS) 15.6"" (39.62cm) FHD Thin and Light Business Laptop (16GB RAM DDR5/ 512GB SSD/Windows 11/ MS Office 2024/ AMD Radeon Graphics/Luna Grey/ 1.6 kg)",Lenovo,64999.0,Amd Ryzen 7 170,16.0,DDR5,512.0,SSD,Amd Radeon Graphics,Windows 11,15.6,1920,1080,1,https://m.media-amazon.com/images/I/712HIme8bnL._SL500_.jpg,,amazon
"ASUS Vivobook 14,Smartchoice,AMD Ryzen AI 5 330, 16GB RAM, 512GB SSD,FHD+ 14"", Win11,Office24, M365 Basic (1Yr)*,Quiet Blue, 1.46Kg,M1407KA-LY132WS,AMD Radeon iGPU, 50 Tops,Next-Gen AI Laptop,Copilot+",ASUS,63990.0,Intel Core i5,16.0,DDR4,512.0,SSD,Amd Radeon Igpu,Windows 11,15.6,1920,1080,1,https://m.media-amazon.com/images/I/71vNBnnFl7L._SL500_.jpg,,amazon
"ASUS Vivobook 15 (2026),AMD Ryzen 7 170,Fingerprint Sensor,16GB RAM,512GB SSD,FHD, 15.6"",(39.6 cm),Windows 11,M365 Basic(1 Year)* Office 2024, Cool Silver,1.70 kg, M1502NAQ-BQ121WS,Thin & Light Laptop",ASUS,66990.0,Amd Ryzen 7 170,16.0,DDR4,512.0,SSD,Intel Iris Xe,Windows 11,15.6,1920,1080,1,https://m.media-amazon.com/images/I/71VZhdpIHpL._SL500_.jpg,,amazon
"Lenovo IdeaPad Pro 5 Intel Core Ultra 7 155H Built-in AI 16"" (40.6cm) 2K OLED 400Nits 120Hz Laptop (16GB/1TB SSD/NVIDIA RTX 3050 6GB/Win11/MSO 21/FHD+IR Camera/1Yr ADP Free/Grey/1.9Kg), 83D4002NIN",Lenovo,129490.0,Intel Core Ultra 7,8.0,DDR4,512.0,SSD,Nvidia Rtx 3050,Windows 11,15.6,2560,1600,1,https://m.media-amazon.com/images/I/61qM3WPsgZL._SL500_.jpg,,amazon
"MSI Venture A15 AI,AMD Ryzen 7 260,40CM FHD 144Hz Thin & Light Laptop(16GB/1TB NVMe SSD/Windows 11 Home/Solid Gray/1.9Kg) A2HMG-007IN",MSI,79990.0,Amd Ryzen 7 260,8.0,DDR4,512.0,SSD,Intel Iris Xe,Windows 11,15.6,1920,1080,1,https://m.media-amazon.com/images/I/71E3rvycy7L._SL500_.jpg,,amazon
"ASUS Vivobook 15,13th Gen,Intel Core i5-13420H(Intel UHD iGPU/16GB RAM/1TB SSD/FHD/15.6""/60Hz/Backlit Keyboard/Windows 11/M365 Basic (1Year)*/Office Home 2024/Quiet Blue/1.70 kg) X1502VA-BQ1297WS",ASUS,69990.0,Intel Core I5-13420H,16.0,DDR4,512.0,SSD,Intel Iris Xe,Windows 11,15.6,1920,1080,1,https://m.media-amazon.com/images/I/81jbZxMzCJL._SL500_.jpg,,amazon
"ASUS Vivobook Go 15 (2026),AMD Ryzen 3 30, AMD Radeon iGPU, 8GB RAM, 512GB SSD, FHD, 15.6""(39.6 cm),Windows 11,M365 Basic(1 Year)* Office 2024,Mixed Black, 1.63 Kg,E1504FA-BQ2114WS,Thin & Light Laptop",ASUS,48990.0,Amd Ryzen 3 30,8.0,DDR4,512.0,SSD,Amd Radeon Igpu,Windows 11,15.6,1920,1080,1,https://m.media-amazon.com/images/I/71pmdcINiVL._SL500_.jpg,,amazon
"acer Aspire Lite, 13th Gen Intel Core i3-1305U, 8GB RAM, 512GB SSD, FHD, 15.6""/39.62cm, Windows 11 Home, Steel Gray, 1.59KG, AL15-53, Metal Body, Thin and Light Premium, Laptop",Acer,46990.0,Intel Core I3-1305U,8.0,DDR4,512.0,SSD,Intel Iris Xe,Windows 11,15.6,1920,1080,1,https://m.media-amazon.com/images/I/811747fHGDL._SL500_.jpg,,amazon
"ASUS Vivobook Go 15 (2025), AMD Ryzen 5 7520U Thin & Light Laptop(AMD Radeon iGPU/16GB RAM/512GB SSD/FHD/15.6""/60Hz/Windows 11/M365 Basic (1Year)*/Office Home 2024/Mixed Black/1.63Kg)E1504FA-NJ1505WS",ASUS,52890.0,Amd Ryzen 5 7520U,16.0,DDR4,512.0,SSD,Amd Radeon Igpu,Windows 11,15.6,1920,1080,1,https://m.media-amazon.com/images/I/61ceJMf3giL._SL500_.jpg,,amazon
"HP Smartchoice Omnibook 5 OLED (Previously Pavilion), Snapdragon X Processor (16GB LPDDR5x,1TB SSD) 2K OLED,16''/40.6cm, Win11, M365(1yr)*Office24, Glacier Silver, 1.59kg, fb0001QU,Next-Gen AI Laptop",HP,67099.0,Snapdragon X Processor,16.0,LPDDR5X,512.0,SSD,Intel Iris Xe,Windows 11,15.6,2560,1600,1,https://m.media-amazon.com/images/I/71IdAMTOjZL._SL500_.jpg,,amazon
"Dell 15, Intel Core i3/Core 3 14th Gen-100U, 16GB DDR4, 512GB SSD, FHD IPS, 15.6""/39.62cm, Windows 11, Microsoft Office Home 2024, Carbon Black, 1.63Kg, Thin & Light, Laptop Model NO - Dell 15 DCU5250",Dell,48990.0,Intel Core i5,16.0,DDR4,512.0,SSD,Intel Iris Xe,Windows 11,15.6,1920,1080,1,https://m.media-amazon.com/images/I/71I4NoKj-oL._SL500_.jpg,,amazon
"JioBook 11 with Lifetime Office | Android 4G Laptop Mediatek 8788 (JioOS) | Octa-core | 4GB RAM | 64 eMMC Storage | Thin and Light Laptop (11.6 inch, 990 Grams) | Dual Band WiFi + SIM | Blue",Jiobook,10990.0,Intel Core i5,4.0,DDR4,512.0,SSD,Intel Iris Xe,Windows 11,11.6,1920,1080,1,https://m.media-amazon.com/images/I/61IDcxw27+L._SL500_.jpg,,amazon
"Acer Smartchoice Aspire One, Intel Core Celeron N4500, Office 2024 + M365 Basic, 12GB LPDDR4X / 512GB SSD, 14.0""/35.56cm TN HD Display, Win 11 Home, Pure Silver, 1.3KG, A114-45, Thin and Light Laptop",Acer,39990.0,Intel Core i5,12.0,LPDDR4X,512.0,SSD,Intel Iris Xe,Windows 11,14.0,1366,768,1,https://m.media-amazon.com/images/I/81BEfyD0qeL._SL500_.jpg,,amazon
"Lenovo Ideapad Slim 3, 13th Gen Intel Core i7 13620H, 16GB RAM, 512GB SSD, WUXGA IPS, 15.3""/38.8cm, Win 11, Office 2024, Top Metal Cover Grey, 1.6Kg, 83K100CJIN/S1IN, Backlit KB, Laptop",Lenovo,76990.0,Intel Core I7 13620H,16.0,DDR4,512.0,SSD,Intel Iris Xe,Windows 11,15.3,1920,1080,1,https://m.media-amazon.com/images/I/71IjxF4prWL._SL500_.jpg,,amazon
"Dell 15, Smart Choice AMD Ryzen 7-7730U, 16GB DDR4, 512GB SSD, FHD, 15.6""/39.6cm, Windows 11, Microsoft Office Home 2024, Silver, 1.63Kg, 120Hz 250nits, AMD Radeon Graphics, Thin & Light Laptop",Dell,58990.0,Intel Core i5,16.0,DDR4,512.0,SSD,Amd Radeon Graphics,Windows 11,15.6,1920,1080,1,https://m.media-amazon.com/images/I/71M9t-wC2FL._SL500_.jpg,,amazon
"ASUS Chromebook CX1405 (2026), Smartchoice,Intel N50 Processor, Intel UHD iGPU, 8GB RAM, 128GB SSD, FHD, 14"" (35.5 cm), Chrome OS, Pure Grey, 1.39 Kg, CX1405CTA-S60622, 42WHrs, Thin & Light Laptop",ASUS,30990.0,Intel N50,8.0,DDR4,128.0,SSD,Intel Iris Xe,Windows 11,15.6,1920,1080,1,https://m.media-amazon.com/images/I/616Jpqwdp3L._SL500_.jpg,,amazon
"ASUS Vivobook 14 (2026),Intel Core Ultra 5 225H, Intel iGPU,16GB RAM,1TB SSD,FHD+,14""(35.5 cm),Windows 11,M365 Basic(1 Year)* Office 2024, Platinum Gold, 1.46 Kg, X1407CA-LY1581WS,Thin & Light Laptop",ASUS,69990.0,Intel Core Ultra 5,16.0,DDR4,512.0,SSD,Intel Iris Xe,Windows 11,15.6,1920,1080,1,https://m.media-amazon.com/images/I/418dOHs7XKL._SL500_.jpg,,amazon
"ASUS Vivobook 15, Smartchoice,Intel Core i3 13th Gen 1315U, 16GB RAM, 512GB SSD, FHD 15.6"", Touchscreen, Win11, Office 24, M365 Basic (1Y), Quiet Blue, 1.7Kg, X1504VA-E83959WS, Intel UHD iGPU, Laptop",ASUS,56990.0,Intel Core I3 13Th,16.0,DDR4,512.0,SSD,Intel Iris Xe,Windows 11,15.6,1920,1080,1,https://m.media-amazon.com/images/I/61LN3yfrpfL._SL500_.jpg,,amazon
"Dell 15 Smart Choice (Previously Inspiron), 13th Gen Intel Core i5-1334U (16GB RAM, 1TB SSD) FHD, 15.6""/39.62cm, Windows 11 MSO'24, Silver, 1.62kg, 12 Month McAfee, Backlit KB, Thin & Light Laptop",Dell,67990.0,Intel Core I5-1334U,16.0,DDR4,512.0,SSD,Intel Iris Xe,Windows 11,15.6,2560,1600,1,https://m.media-amazon.com/images/I/718X9G8SM0L._SL500_.jpg,,amazon
"ASUS TUF A15 (2025),Smartchoice, AMD Ryzen 7 7445HS,Gaming Laptop,RTX 3050-4GB,75W TGP,16GB RAM (Upgradeable Upto 64GB) 1TB SSD,FHD,15.6"",144Hz,M365 Basic(1Y),Office 2024,Black,2.3 Kg,FA506NCG-HN251WS",ASUS,77990.0,Amd Ryzen 7 7445Hs,16.0,DDR4,512.0,SSD,Rtx 3050,Windows 11,15.6,1920,1080,1,https://m.media-amazon.com/images/I/71oX4B9F1oL._SL500_.jpg,,amazon
"HP 14s Intel Celeron Dual Core N4500 Laptop (8GB/512GB SSD/Win 11) 14.0"" HD Display, MSO 24, Black, 1.46kg, DQ3149TU Thin and Light Business Laptop",HP,39100.0,Intel Celeron Dual,8.0,DDR4,512.0,SSD,Intel Iris Xe,Windows 11,14.0,1366,768,1,https://m.media-amazon.com/images/I/61bRpOLNVKL._SL500_.jpg,,amazon
"ASUS Zenbook 14 (2026),Smartchoice,Intel Core Ultra 9 285H,32GB RAM,1TB SSD,OLED,Touchscreen,14""(35.5 cm),Win 11,M365 Basic(1Y)* Office 24,Ponder Blue,1.28 Kg,UX3405CA-QL1016WS,Thin & Light Laptop",ASUS,124990.0,Intel Core Ultra 9,32.0,DDR4,512.0,SSD,Intel Iris Xe,Windows 11,15.6,1920,1080,1,https://m.media-amazon.com/images/I/61KJB9peJNL._SL500_.jpg,,amazon
"HP 15 Smartchoice, 13th Gen Intel Core i3-1315U (12GB DDR4, 512GB SSD) FHD, Anti-Glare, Micro-Edge, 15.6''/39.6cm, Win11, M365(1yr)*Office24, Silver, 1.59kg, fd0573TU, FHD Camera w/Shutter Laptop",HP,55990.0,Intel Core I3-1315U,12.0,DDR4,512.0,SSD,Intel Iris Xe,Windows 11,15.6,1920,1080,1,https://m.media-amazon.com/images/I/61ER6I1s9iL._SL500_.jpg,,amazon
"Acer TravelLite Thin Laptop AMD Ryzen 5 7430U (6-Core) 16GB RAM, 512GB SSD 14"" Full HD Anti-Glare Display Privacy Shutter Windows 11 MS Office Metal Body 1.34Kg Black 1 Year Warranty",Acer,51400.0,Amd Ryzen 5 7430U,16.0,DDR4,512.0,SSD,Intel Iris Xe,Windows 11,15.6,3840,2160,1,https://m.media-amazon.com/images/I/51xuTIRBMCL._SL500_.jpg,,amazon
"HP Smartchoice Victus, 13th Gen Intel Core i7-13620H, 8GB RTX 5060, 24GB DDR5(Upgradeable) 1TB SSD, 144Hz, FHD, 15.6""/39.6cm, Win11, M365(1yr)*Office 24, Mica Silver,2.29Kg,fa2308TX, RGB Gaming Laptop",HP,125990.0,Intel Core I7-13620H,24.0,DDR5,512.0,SSD,Rtx 5060,Windows 11,15.6,1920,1080,1,https://m.media-amazon.com/images/I/71idqUButkL._SL500_.jpg,,amazon
"Lenovo LOQ 2024 12th Gen Core i5-12450HX | NVIDIA RTX 3050 6GB (16GB RAM/512GB SSD/15.6"" (39.6cm)/Windows 11/Office Home 2024/100% sRGB/3 Mon. Game Pass/Grey/2.4Kg), 83GS00LNIN Gaming Laptop",Lenovo,76990.0,Intel Core i5,16.0,DDR4,512.0,SSD,Nvidia Rtx 3050,Windows 11,15.6,3840,2160,1,https://m.media-amazon.com/images/I/81xQ0Y1ZwfL._SL500_.jpg,,amazon
"Lenovo Yoga Slim 7 Aura Edition Intel Evo Core Ultra 5 226V (16GB RAM/1TB SSD/14 (35.5cm)/WUXGA OLED/Copilot+ PC/Windows 11/Office Home 2024/1Yr ADP Free/Grey/1.19Kg), 83JX005FIN AI Laptop",Lenovo,104950.0,Intel Core i5,16.0,DDR4,512.0,SSD,Intel Iris Xe,Windows 11,15.6,1920,1080,1,https://m.media-amazon.com/images/I/815+LXzloGL._SL500_.jpg,,amazon
"HP Professional 14 (2026), Intel (i5 14th Gen) Core 5 120U - (16 GB/512 GB SSD/Intel Iris Xe Graphics/DOS) Business Laptop/14.0"" FHD/Backlit + Fingerprint/Silver/Copilot Key/1.4kg",HP,61010.0,Intel Core i5,8.0,DDR4,512.0,SSD,Intel Iris Xe,DOS,14.0,3840,2160,1,https://m.media-amazon.com/images/I/71VBfzaHWnL._SL500_.jpg,,amazon
"HP 14, Intel Core Ultra 5 125H (24GB DDR5, 1TB SSD) Micro-Edge, Anti-Glare, FHD, 14''/35.6cm, Win11, M365* Office24, Silver, 1.4kg, ep1180TU, FHD Camera, Backlit Laptop",HP,87990.0,Intel Core Ultra 5,24.0,DDR5,512.0,SSD,Intel Iris Xe,Windows 11,15.6,3840,2160,1,https://m.media-amazon.com/images/I/81XstkrCA8L._SL500_.jpg,,amazon
ALKETRON - 15.6 Inch Professional Laptop - 512GB SSD + 12GB RAM with Windows 11 & MS Office - 1Yr Warranty + 3 Yr Extended Warranty(Standard Plus Edition),Alketron,30560.0,Intel Core i5,12.0,DDR4,512.0,SSD,Intel Iris Xe,Windows 11,15.6,1920,1080,1,https://m.media-amazon.com/images/I/61XX5Oe4qkL._SL500_.jpg,,amazon
"ASUS Zenbook 14 (2026),Smartchoice,Intel Core Ultra 9 285H,32GB RAM,1TB SSD,OLED,Touchscreen,14""(35.5 cm),Win 11,M365 Basic(1Y)* Office 24,Foggy Silver,1.28 Kg,UX3405CA-QL1113WS,Thin & Light Laptop",ASUS,124990.0,Intel Core Ultra 9,32.0,DDR4,512.0,SSD,Intel Iris Xe,Windows 11,15.6,1920,1080,1,https://m.media-amazon.com/images/I/61tjQ9CkAhL._SL500_.jpg,,amazon
"Certified T14 Professional Light Weight Laptop | Core i5 10th Gen | Up to 32GB RAM | Up to 2TB SSD | 14"" FHD Display | Windows 11 (16, GB, 512, GB)",Certified,29990.0,Intel Core i5,32.0,DDR4,512.0,SSD,Intel Iris Xe,Windows 11,15.6,1920,1080,1,https://m.media-amazon.com/images/I/71618Qzqd5L._SL500_.jpg,,amazon
FUTOPIA Ultimus APEX5 Laptop Intel core i5 12th Gen 1235U Laptop 8GB RAM 512GB SSD Expandable~1TB FHD IPS 14.1 Win 11 Home ‎DDR4 SDRAM 3xUSB ‎SD Card Slot Iris Xe Graphics MS Office 365 (Trial) Black,Futopia,33990.0,Intel Core I5 12Th,8.0,DDR4,512.0,SSD,Intel Iris Xe,Windows 11,15.6,1920,1080,1,https://m.media-amazon.com/images/I/71QzBOp2PIL._SL500_.jpg,,amazon
"ASUS Vivobook S16, Intel Core Ultra 5 225H, 16GB RAM, 512GB SSD, FHD+ 16"", Windows 11, Office Home 2024, Cool Silver, 1.7Kg, S3607CA-RP065WS, Intel iGPU, M365 Basic (1Year)* Metallic Design Laptop",ASUS,75990.0,Intel Core Ultra 5,16.0,DDR4,512.0,SSD,Intel Iris Xe,Windows 11,15.6,1920,1080,1,https://m.media-amazon.com/images/I/71t-lG3LpxL._SL500_.jpg,,amazon
"ASUS Vivobook 15, Thin & Light Laptop,(i5 14th Gen) Intel Core 5 120U (16GB/512GB SSD/Intel Graphics/ 15.6"" FHD/Windows 11 H/Office 2024+M365 Basic(1-Year)/Backlit KB/Terra Cotta), X1504VAP-BQ1543WS",ASUS,60990.0,Intel Core i5,8.0,DDR4,512.0,SSD,Intel Iris Xe,Windows 11,15.6,1920,1080,1,https://m.media-amazon.com/images/I/61N2v0PuN5L._SL500_.jpg,,amazon
"ASUS TUF A15 (2026), AMD Ryzen 7 170,RTX 3050-4GB,16GB RAM (Upgradeable),512GB SSD,FHD, 15.6""(39.6 cm),Windows 11,M365 Basic(1 Year),Office 2024, Graphite Black, 2.3 Kg, FA506NCQ-HN007WS,Gaming Laptop",ASUS,75800.0,Amd Ryzen 7 170,16.0,DDR4,512.0,SSD,Rtx 3050,Windows 11,15.6,1920,1080,1,https://m.media-amazon.com/images/I/71ssAPVxQwL._SL500_.jpg,,amazon
"Acer Smartchoice Aspire One, AMD Ryzen 3-7320U, Office 2024 + M365 Basic, 8GB LPDDR5 RAM/ 512GB SSD, 14.0""/35.56cm TN HD Display, Win 11 Home, Pure Silver, 1.48KG, A114-43, Thin and Light Laptop",Acer,46990.0,Intel Core i5,8.0,LPDDR5,512.0,SSD,Intel Iris Xe,Windows 11,14.0,1366,768,1,https://m.media-amazon.com/images/I/71MbIVSIhAL._SL500_.jpg,,amazon
"acer TravelLite Smart FHD TL04-51M Laptop, Intel Core i5 1334u 13th Gen 8 Core with 16GB Ram / 512GB NVMe SSD/Intel Iris Xe Graphics/Windows 11 / MS-Office / 14 Inch / 3 Year Brand Warranty",Acer,56860.0,Intel Core I5 1334U,16.0,DDR4,512.0,SSD,Intel Iris Xe,Windows 11,15.6,1920,1080,1,https://m.media-amazon.com/images/I/71mlM2YScUL._SL500_.jpg,,amazon
"Acer TravelLite TL04-41M 14-inch FHD Thin & Light Metal Body Laptop, AMD Ryzen 3 5400U Processor, 8GB DDR4 RAM, 512GB SSD, Windows 11 Home, MS Office 2021, Wi-Fi 6, HD Webcam",Acer,42999.0,Amd Ryzen 3 5400U,8.0,DDR4,512.0,SSD,Intel Iris Xe,Windows 11,15.6,1920,1080,1,https://m.media-amazon.com/images/I/71kMe-oBqCL._SL500_.jpg,,amazon
"ASUS Zenbook 14, Smartchoice, Intel Core Ultra 5 Series 2,16GB RAM,1TB SSD,3K OLED 14"", Touchscreen, Win 11, Office Home 2024,Blue, 1.28kg, UX3405CA-PZ162WS, Intel iGPU, M365 Basic (1Year)* Laptop",ASUS,114990.0,Intel Core Ultra 5,16.0,DDR4,512.0,SSD,Intel Iris Xe,Windows 11,15.6,1920,1080,1,https://m.media-amazon.com/images/I/71n6Fs5KQPL._SL500_.jpg,,amazon
"ASUS Vivobook 16X (2025), Smartchoice, Intel Core i7-13620H, RTX 3050-4GB,16GB RAM,512GB SSD,FHD+,16"",144Hz,M365 Basic (1Year)*,Office 2024,Indie Black,1.8 Kg K3605VC-RP517WS, Creator/Gaming Laptop",ASUS,70990.0,Intel Core I7-13620H,16.0,DDR4,512.0,SSD,Rtx 3050,Windows 11,15.6,1920,1080,1,https://m.media-amazon.com/images/I/61E53I2Fx6L._SL500_.jpg,,amazon
"DELLMODEL Latitude 5410 Refurbished Corporate Laptop, 6th Gen, 8GB RAM, 256GB Storage, 1 Year Onsite Warranty",Dell,26900.0,Intel Core i5,8.0,DDR4,256.0,SSD,Intel Iris Xe,Windows 11,15.6,1920,1080,1,https://m.media-amazon.com/images/I/41TmUdribvL._SL500_.jpg,,amazon
"HP 15 (2026), AMD Ryzen 3 Quad Core 7335U - (8 GB DDR5/512 GB SSD/AMD Radeon 660M Graphics/Windows 11 Pro) Thin and Light Business Laptop/15.6"" Display/Turbo Silver/Copilot Key/1.5kg/MS Office",HP,45009.0,Intel Core i5,8.0,DDR5,512.0,SSD,Amd Radeon 660M,Windows 11,15.6,1920,1080,1,https://m.media-amazon.com/images/I/71SXrbCSSZL._SL500_.jpg,,amazon
"ASUS Vivobook 16, Snapdragon X, 16GB RAM, 512GB SSD, FHD+ 16"", Windows 11, Office Home 2024, Cool Silver, 1.88kg, X1607QA-MB050WS, Qualcomm Adreno iGPU, 45TOPS, M365 Basic(1Year)* Laptop",ASUS,58990.0,Snapdragon X,16.0,DDR4,512.0,SSD,Intel Iris Xe,Windows 11,15.6,1920,1080,1,https://m.media-amazon.com/images/I/71iACnZo-7L._SL500_.jpg,,amazon
"ASUS Vivobook Go 15, AMD Ryzen 5 7520U Thin & Light Laptop(AMD Radeon iGPU/16GB RAM/512GB SSD/FHD/15.6""/60Hz/Windows 11/M365 Basic (1Year)*/Office Home 2024/Mixed Black/1.63 Kg) E1504FA-NJ5542WS",ASUS,54500.0,Amd Ryzen 5 7520U,16.0,DDR4,512.0,SSD,Amd Radeon Igpu,Windows 11,15.6,1920,1080,1,https://m.media-amazon.com/images/I/61ceJMf3giL._SL500_.jpg,,amazon
"ASUS Gaming V16, Intel Core 7 240H (14th Gen), RTX 5060-8GB,16GB RAM,512GB SSD,FHD+,16"",144Hz,Backlit Keyboard,Windows 11,M365 Basic (1Y),Office 2024,Matte Black,1.95 Kg,V3607VM-RP057WS, Gaming Laptop",ASUS,109990.0,Intel Core i5,16.0,DDR4,512.0,SSD,Rtx 5060,Windows 11,15.6,1920,1080,1,https://m.media-amazon.com/images/I/71Du1Y52b9L._SL500_.jpg,,amazon
"ASUS Gaming V16 (2025), 14th Gen,Intel Core 7 240H Gaming Laptop(RTX 5050-8GB/16GB RAM/512GB SSD/FHD+/16""/144Hz/Backlit Keyboard/Windows 11/M365*/Office Home 2024/Matte Black/1.95 Kg) V3607VH-RP038WS",ASUS,99990.0,Intel Core i5,16.0,DDR4,512.0,SSD,Rtx 5050,Windows 11,15.6,1920,1080,1,https://m.media-amazon.com/images/I/71RFp+rZSSL._SL500_.jpg,,amazon
"Lenovo V15 G4 (2026 Edition) Business Laptop – AMD Ryzen 5 | 16GB RAM | 512GB SSD | 15.6"" FHD Display | Pre-Installed MS Office 2024 | Military Grade Durability | 1 Year Onsite Warranty",Lenovo,55999.0,Intel Core i5,16.0,DDR4,512.0,SSD,Intel Iris Xe,Windows 11,15.6,1920,1080,1,https://m.media-amazon.com/images/I/71fHkFlCjHL._SL500_.jpg,,amazon
"Lenovo IdeaPad Slim 3 13th Gen Intel Core i3-1315U 15.6 inch (39.6cm) FHD Laptop (8GB RAM/512GB SSD/Windows 11/Office 2024/Backlit Keyboard/1Yr ADP Free/3 Month Game Pass/Grey/1.6Kg), 82X700FXIN",Lenovo,49600.0,Intel Core I3-1315U,8.0,DDR4,512.0,SSD,Intel Iris Xe,Windows 11,15.6,1920,1080,1,https://m.media-amazon.com/images/I/81Be1f26lVL._SL500_.jpg,,amazon
"DELL 14 (2025) Intel Core i5 13th Gen 1335U - (16 GB/512 GB SSD/Intel Graphics/Windows 11 Pro) Thin and Light Business Laptop/14.1"" FHD Display/Grey/1.5 kg/MS Office 2021/3 Years ADP Warranty",Dell,85115.0,Intel Core I5 13Th,8.0,DDR4,512.0,SSD,Intel Iris Xe,Windows 11,14.1,1920,1080,1,https://m.media-amazon.com/images/I/71KIOe4dksL._SL500_.jpg,,amazon
"Lenovo IdeaPad Slim 3 13th Gen Intel Core i3-1315U 14 inch (35.5cm) FHD Laptop (8GB RAM/512GB SSD/Windows 11/Office 2024/Alexa Built-in/1Yr ADP Free/3 Month Game Pass/Grey/1.37Kg), 82X6005KIN",Lenovo,56170.0,Intel Core I3-1315U,8.0,DDR4,512.0,SSD,Intel Iris Xe,Windows 11,15.6,1920,1080,1,https://m.media-amazon.com/images/I/81K0c1HB7UL._SL500_.jpg,,amazon
"Lenovo Thinkpad E16 G2 16-inch (40.64 CM) Laptop, AMD Ryzen 7 7735HS (8-Core), 16GB DDR5 RAM, 512GB NVMe SSD, FHD+ IPS Display, Radeon 680M, Wi-Fi 6, Fingerprint Reader, Windows 11 Pro, MS-Office 2024",Lenovo,99999.0,Amd Ryzen 7 7735Hs,16.0,DDR5,512.0,SSD,Intel Iris Xe,Windows 11,15.6,1920,1080,1,https://m.media-amazon.com/images/I/61WjhbasMWL._SL500_.jpg,,amazon
"HP OmniBook 5 (Previously Pavilion) Intel 13th Gen Core i5 1334U (16GB LPDDR5X,512GB SSD) 2K,IPS, 300nits, 16''/40.6cm, Win11,M365 Basic(1yr),Office Home24, Silver,1.79kg, Camera w/Shutter, ba1008TU",HP,62990.0,Intel Core i5,16.0,LPDDR5X,512.0,SSD,Intel Iris Xe,Windows 11,15.6,2560,1600,1,https://m.media-amazon.com/images/I/61OMdnlMYZL._SL500_.jpg,,amazon
"ASUS Vivobook Go 15 (2026),AMD Ryzen 5 40, AMD Radeon iGPU, 16GB RAM, 512GB SSD, FHD, 15.6""(39.6 cm),Windows 11,M365 Basic(1 Year)* Office 2024,Cool Silver,1.63 Kg,E1504FA-BQ2113WS,Thin & Light Laptop",ASUS,60990.0,Amd Ryzen 5 40,16.0,DDR4,512.0,SSD,Amd Radeon Igpu,Windows 11,15.6,1920,1080,1,https://m.media-amazon.com/images/I/71UaUyk+E1L._SL500_.jpg,,amazon
"Lenovo IdeaPad Slim 3 Core i5 13420H (16GB RAM/512GB SSD/15.6"" (39.6cm)/Integrated Intel UHD Graphics/Windows 11/Office Home 2024/1 Year ADP Free/Grey/1.6Kg), 83EM00H0IN Laptop",Lenovo,62990.0,Intel Core i5,16.0,DDR4,512.0,SSD,Intel Uhd Graphics,Windows 11,15.6,1366,768,1,https://m.media-amazon.com/images/I/81Y0y+GFEDL._SL500_.jpg,,amazon
"ASUS Vivobook S14, Intel Core Ultra 7 255H, Metallic Design Laptop(Intel iGPU/16GB RAM/512GB SSD/FHD+/14""/60Hz/Windows 11/M365 Basic (1Year)*/Office Home 2024/Matte Gray/1.4 Kg) S3407CA-LY083WS",ASUS,83990.0,Intel Core Ultra 7,16.0,DDR4,512.0,SSD,Intel Iris Xe,Windows 11,15.6,1920,1080,1,https://m.media-amazon.com/images/I/71e8pWWKExL._SL500_.jpg,,amazon
"Lenovo 15 (2025), AMD Ryzen 5 7520U Quad Core - (16 GB/512 GB SSD/AMD Radeon 610M Graphics/Windows 11 Home) Thin and Light Business Laptop/15.6"" FHD Display/Arctic Grey/1.6 kg/MS Office 2021",Lenovo,53250.0,Amd Ryzen 5 7520U,8.0,DDR4,512.0,SSD,Amd Radeon 610M,Windows 11,15.6,1920,1080,1,https://m.media-amazon.com/images/I/71UMN-qkXiL._SL500_.jpg,,amazon
"Acer Aspire Lite Intel Core i3/Core 3 14th Gen-100U Processor, Office 2024 + M365 Basic, 8GB RAM/256GB SSD, 15.6""/39.62 cm, FHD IPS Display,Win11Home, Steel Grey, 1.59Kg, AL15-53, Thin & Light Laptop",Acer,46990.0,Intel Core i5,8.0,DDR4,256.0,SSD,Intel Iris Xe,Windows 11,15.6,1920,1080,1,https://m.media-amazon.com/images/I/517m2WrmJxL._SL500_.jpg,,amazon
"Dell 15 (Previously Inspiron) Laptop, 14th Gen Intel Core i3/Core 3 100U Processor, 8GB DDR4, 512 SSD, 15.6"" FHD 120Hz IPS AG 250 nit Display, Win 11 + Office H&S 2024, Carbon Black, 1.63Kg",Dell,51990.0,Intel Core i5,8.0,DDR4,512.0,SSD,Intel Iris Xe,Windows 11,15.6,1920,1080,1,https://m.media-amazon.com/images/I/717WZ7WriwL._SL500_.jpg,,amazon
"HP 15 (2025) 250R G10 15.6 HD Business Laptop with Copilot Key – Intel Core 3 100U, 16GB DDR4 RAM, 512GB PCIe NVMe SSD, Intel Graphics, Wi-Fi, Windows 11 Pro & MS Office 2024, Turbo Silver, 1.59 kg",HP,51999.0,Intel Core i5,16.0,DDR4,512.0,SSD,Intel Iris Xe,Windows 11,15.6,1366,768,1,https://m.media-amazon.com/images/I/71ymi6ARd8L._SL500_.jpg,,amazon
"Lenovo IdeaPad 3 12th Gen Intel Core i3-1215U 14 Inch (35.5cm) FHD Thin & Light Laptop (8GB/512GB SSD/Windows 11/Office 2021/1Yr ADP Free/3months Game Pass/Arctic Grey/1.43Kg), 82RJ00F1IN",Lenovo,49990.0,Intel Core I3-1215U,8.0,DDR4,512.0,SSD,Intel Iris Xe,Windows 11,15.6,1920,1080,1,https://m.media-amazon.com/images/I/71p-D5bOqJL._SL500_.jpg,,amazon
"Dell Inspiron 3505 FHD AG 15 inches, AMD Ryzen-5 3450U Laptop (8GB/512 SSD/Vega Graphics/1 Yr NBD/Windows 10 + MS Office H and S 2019, D560348WIN9S), 1.83kg",Dell,55500.0,Intel Core i5,8.0,DDR4,512.0,SSD,Intel Iris Xe,Windows 10,15.6,1920,1080,1,https://m.media-amazon.com/images/I/61NRIdN1bcL._SL500_.jpg,,amazon
"Lenovo 15 (2025), AMD Ryzen 3 7320U Quad Core - (8 GB/512 GB SSD/AMD Radeon Graphics/Windows 11 Pro) Thin and Light Business Laptop/15.6"" FHD Display/Arctic Grey/1.6 kg/MS Office 2021",Lenovo,49999.0,Amd Ryzen 3 7320U,8.0,DDR4,512.0,SSD,Amd Radeon Graphics,Windows 11,15.6,1920,1080,1,https://m.media-amazon.com/images/I/71A5A7QHQ6L._SL500_.jpg,,amazon
"Dell Inspiron 5430, Intel Core i5-1335U, 13th Gen, 8GB LPDDR5, 512GB SSD, FHD 14""/35.56cm, Windows 11, MS Office 21, Platinum Silver, 1.59KG, Backlit KB, Thunderbolt 4.0 Port, McAfee 15 Months Laptop",Dell,64990.0,Intel Core I5-1335U,8.0,LPDDR5,512.0,SSD,Intel Iris Xe,Windows 11,15.6,1920,1080,1,https://m.media-amazon.com/images/I/61FAL4cIPRL._SL500_.jpg,,amazon
"Samsung Galaxy Book 4 15.6"" Full HD | Intel Core i5 1335U | 16GB RAM | 512GB SSD | Win 11 Home | MS Office'2024 | Fingerprint Reader | Intel Iris XE Graphics | Backlit Keyboard |NP750XGJ-LS6IN |Silver",Samsung,64990.0,Intel Core I5 1335U,16.0,DDR4,512.0,SSD,Intel Iris Xe,Windows 11,15.6,1920,1080,1,https://m.media-amazon.com/images/I/61WUU7hja2L._SL500_.jpg,,amazon
"ASUS Vivobook 15 (2024) Intel Core i3 12th Gen 1215U - (16 GB/512 GB SSD/Windows 11 Home) X1502ZA-EJ993WS Thin and Light Laptop (15.6 Inch, Icelight Silver, 1.70 Kg, with MS Office)",ASUS,54990.0,Intel Core I3 12Th,8.0,DDR4,512.0,SSD,Intel Iris Xe,Windows 11,15.6,1920,1080,1,https://m.media-amazon.com/images/I/31dU5dnzEWL._SL500_.jpg,,amazon
"HP Professional 15 (2026) – Intel Core 5-120U, 8GB RAM, 512GB SSD, 15.6"" FHD Anti-Glare, Win 11 Pro + MS Office 2024, Backlit + Fingerprint / FHD, 1.59kg, Turbo Silver",HP,57115.0,Intel Core i5,8.0,DDR4,512.0,SSD,Intel Iris Xe,Windows 11,15.6,1920,1080,1,https://m.media-amazon.com/images/I/51kG0ca8MEL._SL500_.jpg,,amazon
"Acer TravelLite Thin Laptop AMD Ryzen 5 7430U |16GB RAM, 512GB SSD | 14"" Full HD Anti-Glare Display |Privacy Shutter| Windows 11 | Metal Body | 1.34Kg | Black | 30 Months Warranty",Acer,51500.0,Amd Ryzen 5 7430U,16.0,DDR4,512.0,SSD,Intel Iris Xe,Windows 11,15.6,3840,2160,1,https://m.media-amazon.com/images/I/81fYz-KdI6L._SL500_.jpg,,amazon
"acer Aspire 14, Intel Core i5-13500H Processors, 16 GB, 512 GB, WUXGA IPS, 14""/35.56 cm, Windows 11 Home, MS Office, Pure Silver, 1.44 kg, AS14H-53, Thin and Light Laptop",Acer,59990.0,Intel Core I5-13500H,8.0,DDR4,512.0,SSD,Intel Iris Xe,Windows 11,15.6,1920,1080,1,https://m.media-amazon.com/images/I/710Cx-77GvL._SL500_.jpg,,amazon
"ASUS Vivobook 15, Intel Core i3 13th Gen 1315U, 8GB RAM, 512GB SSD, FHD 15.6"", Windows 11, Office Home 2024, Cool Silver, 1.7Kg, X1504VA-NJ3320WS, Intel UHD iGPU, M365 Basic (1Year)* Laptop",ASUS,53850.0,Intel Core I3 13Th,8.0,DDR4,512.0,SSD,Intel Iris Xe,Windows 11,15.6,1920,1080,1,https://m.media-amazon.com/images/I/71bIUPAleZL._SL500_.jpg,,amazon
"HP 15, Intel Core 5-Laptop (8GB DDR4,1TB SSD) Anti-Glare, Micro-Edge,15.6''/39.6cm, FHD, Win11, M365 Basic(1yr),Office Home24, Silver,1.59kg, FHD Camera,15-fd0549TU",HP,58990.0,Intel Core i5,8.0,DDR4,512.0,SSD,Intel Iris Xe,Windows 11,15.6,1920,1080,1,https://m.media-amazon.com/images/I/61a0CSTcXkL._SL500_.jpg,,amazon
"Lenovo Ideapad 5 2-in-1 13th Gen Core i5-13420H (16GB RAM/512GB SSD/Windows 11/Office Home 2024/WUXGA IPS/14 (35.5cm)/Touchscreen 2-in-1/3Mon.Game Pass/Grey/1.6kg), 83KX0059IN Laptop",Lenovo,79490.0,Intel Core i5,16.0,DDR4,512.0,SSD,Intel Iris Xe,Windows 11,15.6,1920,1080,1,https://m.media-amazon.com/images/I/61XOR7fpbVL._SL500_.jpg,,amazon
"Lenovo Yoga 7 Intel Evo Core Ultra 5 125H Built-in AI 14""(35.5cm) WUXGA-OLED 400Nits 2-in-1 Laptop (16GB/1TB SSD/Win 11/Office Home 2024/Digital Pen/3 Mon. Game Pass/Teal/1.5Kg), 83DJ00FXIN",Lenovo,98990.0,Intel Core i5,8.0,DDR4,512.0,SSD,Intel Iris Xe,Windows 11,15.6,1920,1080,1,https://m.media-amazon.com/images/I/61VWMDV8i1L._SL500_.jpg,,amazon
"ASUS VivoBook 15 (2022), Intel Core i3-1215U, 12th Gen, 8GB RAM, 512GB SSD, FHD, 15.6""/39.62cm, Windows 11, Office 2021, Cool Silver, 1.7KG, X1504ZA-NJ322WS, Backlit KB Laptop",ASUS,49990.0,Intel Core I3-1215U,8.0,DDR4,512.0,SSD,Intel Iris Xe,Windows 11,15.6,1920,1080,1,https://m.media-amazon.com/images/I/71AfIVui-wL._SL500_.jpg,,amazon
"Lenovo IdeaPad Slim 3 13th Gen Intel Core i5-13420H 15.6"" (39.6cm) FHD 300 Nits Thin & Light Laptop (16GB/512GB SSD/Win 11/Office 21/1Yr ADP Free/Alexa/3 Month Game Pass/Grey/1.62Kg), 83EM0026IN",Lenovo,69780.0,Intel Core I5-13420H,8.0,DDR4,512.0,SSD,Intel Iris Xe,Windows 11,15.6,2560,1600,1,https://m.media-amazon.com/images/I/613ccYCmduL._SL500_.jpg,,amazon
"HP 15s, 12th Gen Intel Core i5-1235U Laptop (8GB DDR4, 512GB SSD) Anti-Glare, 15.6""/39.6cm, FHD, Win 11, MS Office 21, Silver, 1.69kg, Intel UHD Graphics, Backlit KB, HD Camera, fq5329tu/FY5008TU",HP,58700.0,Intel Core I5-1235U,8.0,DDR4,512.0,SSD,Intel Uhd Graphics,Windows 11,15.6,1920,1080,1,https://m.media-amazon.com/images/I/713nDmiZaML._SL500_.jpg,,amazon
"Lenovo IdeaPad Slim 3 13th Gen Intel Core i5-13420H 15.3 inch (38.8cm) WUXGA IPS Laptop (16GB RAM/1TB SSD/Windows 11/MSO 365 Basic+Office 2024/Top Metal Cover/Backlit KB/Grey/1.6Kg), 83K100S0IN",Lenovo,72990.0,Intel Core I5-13420H,16.0,DDR4,512.0,SSD,Intel Iris Xe,Windows 11,15.3,1920,1080,1,https://m.media-amazon.com/images/I/71QsXET2IML._SL500_.jpg,,amazon
"Lenovo IdeaPad Slim 3 14th Gen Intel Core 5 210H 15.3 inch (38.8cm) WUXGA IPS Laptop (24GB RAM/1TB SSD/Windows 11/Office Home 2024/Backlit Keyboard/1Yr ADP Free/Grey/1.6Kg), 83K4004VIN",Lenovo,75490.0,Intel Core i5,24.0,DDR4,512.0,SSD,Intel Iris Xe,Windows 11,15.3,1920,1080,1,https://m.media-amazon.com/images/I/71-wjGaTTTL._SL500_.jpg,,amazon
"HP Professional 15 (2026) – Intel Core 5-120U, 16GB RAM, 512GB SSD, 15.6"" FHD Anti-Glare, Win 11 Pro + MS Office 2024, Backlit +Fingerprint/FHD, 1.59kg, Turbo Silver, Copilot Key 1Yr Warranty",HP,63760.0,Intel Core i5,16.0,DDR4,512.0,SSD,Intel Iris Xe,Windows 11,15.6,1920,1080,1,https://m.media-amazon.com/images/I/511FJHprhGL._SL500_.jpg,,amazon
"ASUS Vivobook 15, Intel Core i5-1235U, 12th Gen, 8GB RAM, 512GB SSD, FHD, 15.6""/39.62cm, Windows 11 Home, MS Office 2021, Quiet Blue, 1.7KG, X1504ZA-NJ521WS, Backlit Keyboard, Thin and Light Laptop",ASUS,54990.0,Intel Core I5-1235U,8.0,DDR4,512.0,SSD,Intel Iris Xe,Windows 11,15.6,1920,1080,1,https://m.media-amazon.com/images/I/71z44lerPwL._SL500_.jpg,,amazon
"ASUS Vivobook 16,Intel Core i7-13620H Processor,(16GB RAM/512GB SSD/16 FHD+ (1920 x 1200)/Iris Xᵉ/Windows 11/M365 Basic (1Year)*/Office Home 2024/Silver/1.88 kg),X1605VA-MB1628WS",ASUS,69950.0,Intel Core I7-13620H,16.0,DDR4,512.0,SSD,Intel Iris Xe,Windows 11,15.6,1920,1080,1,https://m.media-amazon.com/images/I/71ZlE6arPQL._SL500_.jpg,,amazon
"HP 15 (Fingerprint, Metal ID,Backlit KB Laptop) Intel 13th Gen Core i5-1334U (16GB DDR4 Ram,512GB SSD) 15.6''/39.6cm,FHD,Win11, M365 Basic(1yr),Office Home24,Silver,1.59kg,Iris Xe,FHD Camera hr0008TU",HP,64190.0,Intel Core i5,16.0,DDR4,512.0,SSD,Intel Iris Xe,Windows 11,15.6,1920,1080,1,https://m.media-amazon.com/images/I/61AfUHWH2kL._SL500_.jpg,,amazon
"HP 15, Intel Core Ultra 5-125H AI Powered Laptop (16GB RAM, 512GB SSD), IPS, 300nits, 15.6""/39.6cm, FHD, Win 11, Office 2021, Silver, 1.65Kg, Intel Arc Graphics, FHD Camera, Backlit KB, fd1099TU",HP,74990.0,Intel Core Ultra 5,16.0,DDR4,512.0,SSD,Intel Arc Graphics,Windows 11,15.6,1920,1080,1,https://m.media-amazon.com/images/I/71ADoSstoIL._SL500_.jpg,,amazon
"HP 15, Ci7-13620H 13th Gen Laptop (16GB DDR4, 512GB SSD) Anti-Glare, Micro-Edge, 15.6''/39.6cm, FHD, Win11, M365 Basic(1yr), Office Home24, Silver,1.65kg, FHD Camera W P. Shutter, Backlit,15-Fr0025TU",HP,79990.0,Intel Core i5,16.0,DDR4,512.0,SSD,Intel Iris Xe,Windows 11,15.6,1920,1080,1,https://m.media-amazon.com/images/I/61ORfm9npjL._SL500_.jpg,,amazon
"Lenovo LOQ 2024 12th Gen Intel Core i5-12450HX 15.6"" (39.6cm) 144Hz 300Nits FHD Gaming Laptop (16GB/512GB SSD/NVIDIA RTX 4050 6GB/100% sRGB/Win 11/Office 2021/3 Month Game Pass/Grey/2.4Kg), 83GS003VIN",Lenovo,97000.0,Intel Core I5-12450Hx,8.0,DDR4,512.0,SSD,Nvidia Rtx 4050,Windows 11,15.6,3840,2160,1,https://m.media-amazon.com/images/I/81ap8FzW9xL._SL500_.jpg,,amazon
JIN OFFICE Pneumatic Height Adjustable Table Desk | Hydraulic Sit Stand Laptop Table with Wheels and Foot Pedal for Height Adjustment| Portable Laptop Standing Desk (White Frame with Maple Top),Jin,11490.0,Intel Core i5,8.0,DDR4,512.0,SSD,Intel Iris Xe,Windows 11,15.6,1920,1080,1,https://m.media-amazon.com/images/I/61jzEY7in4L._SL500_.jpg,,amazon
"HAMMONDS FLYCATCHER Genuine Leather Office Bag for Men, 2in1 New Brown Laptop Bag for Men, Fits 15.6"" Laptop, Adjustable Strap, Multi Compartments Ideal for Office, Travel, Daily Use, 1 Year Warranty",Hammonds,6559.0,Intel Core i5,8.0,DDR4,512.0,SSD,Intel Iris Xe,Windows 11,15.6,1920,1080,1,https://m.media-amazon.com/images/I/81eNAdetfuL._SL500_.jpg,,amazon
"HAMMONDS FLYCATCHER Genuine Leather Office Bag for Men with Adjustable Shoulder Strap - 15.6 Inch Laptop Bag for Men - Water Resistant, 1 Year Warranty - Office, Travel, Daily Use - Brown",Hammonds,5289.0,Intel Core i5,8.0,DDR4,512.0,SSD,Intel Iris Xe,Windows 11,15.6,1920,1080,1,https://m.media-amazon.com/images/I/81d47+AIaUL._SL500_.jpg,,amazon
Un-Desk Nova Computer Table for Home Office/Study Table with 3 Shelf Workstation Desk for Desktop Pc Laptop and Gaming with Keyboard Tray Reversible Shelf Left and Right 150 CM Charcoal Black,Mi,8499.0,Intel Core i5,8.0,DDR4,512.0,SSD,Intel Iris Xe,Windows 11,15.6,1920,1080,1,https://m.media-amazon.com/images/I/71IvWbFEk+L._SL500_.jpg,,amazon
HAMMONDS FLYCATCHER Genuine Leather Laptop Bag for Men - Office Bag - Fits Up to 15.6 Inch Laptop - Laptop Messenger Bags/Leather Bag for Men with Adjustable Shoulder Strap and Trolley Strap - Black,Hammonds,6279.0,Intel Core i5,8.0,DDR4,512.0,SSD,Intel Iris Xe,Windows 11,15.6,1920,1080,1,https://m.media-amazon.com/images/I/81sU5SGUrLL._SL500_.jpg,,amazon
"HAMMONDS FLYCATCHER Men Genuine Leather Office Bag - 15.6"" Laptop Bag for Office, Travel, Daily Use - Padded Laptop Compartment, Trolley Strap, Adjustable Strap, 1 Year Warranty, Brown",Hammonds,5069.0,Intel Core i5,8.0,DDR4,512.0,SSD,Intel Iris Xe,Windows 11,15.6,1920,1080,1,https://m.media-amazon.com/images/I/81stQXw7TXL._SL500_.jpg,,amazon
Microsoft Office Home 2024 - Lifetime Validity - Email Delivery in 3 hours,Mi,8499.0,Intel Core i5,8.0,DDR4,512.0,SSD,Intel Iris Xe,Windows 11,15.6,1920,1080,1,https://m.media-amazon.com/images/I/61WwdEbasFL._SL500_.jpg,,amazon
Ultimus APEX5 Laptop Intel core i5 12th Gen 1235U Laptop 8GB RAM 512GB SSD Expandable~1TB FHD IPS 14.1 Win 11 Home ‎DDR4 SDRAM 3xUSB ‎SD Card Slot Iris Xe Graphics MS Office 365 (Trial) Silver,Ultimus,33990.0,Intel Core I5 12Th,8.0,DDR4,512.0,SSD,Intel Iris Xe,Windows 11,15.6,1920,1080,1,https://m.media-amazon.com/images/I/51SiUmeN87L._SL500_.jpg,,amazon
"Certified ThinkPad L440 Core i5 4200m – Upto 16GB RAM, Upto 1TB SSD 14"", Win 10 Pro, Professional Business Laptop (8.0, GB, 128.0, GB)",Certified,13990.0,Intel Core i5,16.0,DDR4,512.0,SSD,Intel Iris Xe,Windows 11,15.6,1920,1080,1,https://m.media-amazon.com/images/I/61TDeK987ML._SL500_.jpg,,amazon
"Certified Latitude 5420 Business Laptop – Core i5-1145G7, 11th Generation 16GB RAM, 256GB SSD, 14” Full HD, Win 11 Pro (16, GB, 256, GB)",Certified,31990.0,Intel Core i5,16.0,DDR4,256.0,SSD,Intel Iris Xe,Windows 11,15.6,1920,1080,1,https://m.media-amazon.com/images/I/61lcwuX5nUL._SL500_.jpg,,amazon
"𝗗𝗲𝗹𝗹Laptop ModeI Latitude 5440 Laptop | InteI Core i5 4th Gen | 8GB DDR4 RAM | 256GB SSD | 14"" Full HD Display | Win 10 Pro | InteI UHD Graphics 620 | Seller Warranty | A+ Condition (Refab)",𝗗𝗲𝗹𝗹laptop,20499.0,Intel Core i5,8.0,DDR4,256.0,SSD,Intel Iris Xe,Windows 11,15.6,1920,1080,1,https://m.media-amazon.com/images/I/31q2-8TNSZL._SL500_.jpg,,amazon
"Certified Latitude 5420 Business Laptop – Core i5-1145G7, 11th Generation 16GB RAM, 256GB SSD, 14” Full HD, Win 11 Pro (16, GB, 1, TB)",Certified,38990.0,Intel Core i5,16.0,DDR4,256.0,SSD,Intel Iris Xe,Windows 11,15.6,1920,1080,1,https://m.media-amazon.com/images/I/61lcwuX5nUL._SL500_.jpg,,amazon
"𝗗𝗲𝗹𝗹Laptop ModeI 7410 Laptop | InteI Core i5 10th Gen | 16GB DDR4 RAM | 256GB SSD | 14"" Full HD Display Touchscreen | Win 10 Pro | InteI UHD Graphics 620 | Seller Warranty | A+ Condition (Refab)",𝗗𝗲𝗹𝗹laptop,31500.0,Intel Core i5,16.0,DDR4,256.0,SSD,Intel Iris Xe,Windows 11,15.6,1920,1080,1,https://m.media-amazon.com/images/I/51nfZ8ZkaGL._SL500_.jpg,,amazon
𝗗𝗲𝗹𝗹Laptop Model 5440 Laptop | InteI Core i5 4th Gen | 8GB RAM | 256GB SSD | 14” FHD Display | Win 10 | Business Laptop | Seller Warranty | A+ Condition (Refab),𝗗𝗲𝗹𝗹laptop,24900.0,Intel Core i5,8.0,DDR4,256.0,SSD,Intel Iris Xe,Windows 11,15.6,1920,1080,1,https://m.media-amazon.com/images/I/31q2-8TNSZL._SL500_.jpg,,amazon
𝗗𝗲𝗹𝗹Laptop Model 3400 Laptop | InteI Core i5 8th Gen | 8GB RAM | 256GB SSD | 14” FHD Display | Win 10 | Business Laptop | Seller Warranty | A+ Condition (Refab),𝗗𝗲𝗹𝗹laptop,25000.0,Intel Core i5,8.0,DDR4,256.0,SSD,Intel Iris Xe,Windows 11,15.6,1920,1080,1,https://m.media-amazon.com/images/I/31q2-8TNSZL._SL500_.jpg,,amazon
"𝗛𝗣𝗣𝗿𝗼𝗯𝗼𝗼𝗸Model 440 | G3 Business Laptop | InteI i5 6th Gen | 8GB RAM - 256GB SSD | 14"" FHD Display | Ultra Slim Silver | Win 10 | A+ Condition (Refab)",𝗛𝗣𝗣𝗿𝗼𝗯𝗼𝗼𝗸model,24900.0,Intel Core i5,8.0,DDR4,256.0,SSD,Intel Iris Xe,Windows 11,15.6,1920,1080,1,https://m.media-amazon.com/images/I/61BYfPSEqWL._SL500_.jpg,,amazon
"𝗗𝗲𝗹𝗹Laptop Model 5420 |𝗜𝗡𝗧𝗘𝗟i5 11th Gen Processor |8GB DDR4 RAM |256GB SSD |14"" FHD Display |Win10 | A+ Condition Laptop (Refab)",𝗗𝗲𝗹𝗹laptop,34999.0,Intel Core i5,8.0,DDR4,256.0,SSD,Intel Iris Xe,Windows 10,15.6,1920,1080,1,https://m.media-amazon.com/images/I/51LHNjAjH9L._SL500_.jpg,,amazon
"𝗗𝗲𝗹𝗹Laptop Model 3420 Business Laptop | Core i5 11th Gen | 8GB DDR4 RAM | 256GB SSD | 14"" Full HD Display | Win 10 | A+Condition (Pre-Owned & Tested)",𝗗𝗲𝗹𝗹laptop,32900.0,Intel Core i5,8.0,DDR4,256.0,SSD,Intel Iris Xe,Windows 11,15.6,1920,1080,1,https://m.media-amazon.com/images/I/31q2-8TNSZL._SL500_.jpg,,amazon
"𝗗𝗲𝗹𝗹Model 5420 | 𝗜𝗡𝗧𝗘𝗟i5 11th Gen Processor |8GB DDR4 RAM |256GB SSD |14"" FHD Display | Win10 | A+ Condition (Refab.)",𝗗𝗲𝗹𝗹model,35499.0,Intel Core i5,8.0,DDR4,256.0,SSD,Intel Iris Xe,Windows 10,15.6,1920,1080,1,https://m.media-amazon.com/images/I/51iLgRKGPzL._SL500_.jpg,,amazon
𝗟𝗲𝗻𝗼𝘃𝗼Model T480 | InteI Core i7 8th Gen Processor | 8GB RAM - 256GB SSD |14-inch Full HD Display | Win 10 pro | A+ Condition Laptop (Refab),𝗟𝗲𝗻𝗼𝘃𝗼model,22995.0,Intel Core i5,8.0,DDR4,256.0,SSD,Intel Iris Xe,Windows 11,15.6,1920,1080,1,https://m.media-amazon.com/images/I/51z1n2GulaL._SL500_.jpg,,amazon
"𝗟𝗲𝗻𝗼𝘃𝗼Model T490S Laptop | Core i7-8665U Processor (16GB DDR4 RAM- 256GB PCIe SSD -Win 10, 14.0"" HD IPS) (Tested & Pre Owned)",𝗟𝗲𝗻𝗼𝘃𝗼model,27599.0,Intel Core i5,16.0,DDR4,256.0,SSD,Intel Iris Xe,Windows 11,14.0,1366,768,1,https://m.media-amazon.com/images/I/513BmVMUbUL._SL500_.jpg,,amazon
Certified | Lee no-vo Thin-Pad T430 Professional Business Laptop | Core i7-3632QM | 8GB RAM | 128GB SSD | 14” HD Display | WiFi | Webcam | Win 10 Pro,Certified,13990.0,Intel Core i5,8.0,DDR4,128.0,SSD,Intel Iris Xe,Windows 11,15.6,1366,768,1,https://m.media-amazon.com/images/I/61XGSJcXOOL._SL500_.jpg,,amazon
"DELLMODEL Latitude 5410 Refurbished Laptop, i7 8th Gen, 16GB RAM, 512GB Storage, 1 Year Onsite Warranty",Dell,37999.0,Intel Core i5,16.0,DDR4,512.0,SSD,Intel Iris Xe,Windows 11,15.6,1920,1080,1,https://m.media-amazon.com/images/I/51yEWbFqo7L._SL500_.jpg,,amazon
"Model 5400 Touch Laptop | i7 8th Gen Processor | 8GB DDR4 RAM | 256GB SSD | 14"" FHD Touchscreen Display | Win 10 | A+ Condition (PRE-Owned & Tested)",Model,26499.0,Intel Core i5,8.0,DDR4,256.0,SSD,Intel Iris Xe,Windows 11,15.6,1920,1080,1,https://m.media-amazon.com/images/I/51vIhMJreOL._SL500_.jpg,,amazon
"Certified ThinkPad T480 Business Laptop | Core i7-8550U 8th Gen Processor | Upto 32GB RAM | Upto 2TB SSD | 14"" HD Display | Int UHD 620 Graphics | WiFi | Bluetooth | Win 11 Pro (8.0, GB, 1.0, TB)",Certified,33990.0,Intel Core i5,32.0,DDR4,512.0,SSD,Intel Iris Xe,Windows 11,15.6,1366,768,1,https://m.media-amazon.com/images/I/71vdyf+3FQL._SL500_.jpg,,amazon
"𝗟𝗲𝗻𝗼𝘃𝗼Model T490S Laptop | Core i7-8665U Processor (16GB DDR4 RAM- 256GB PCIe SSD -Win 10, 14.0"" HD) (Tested & Pre Owned)",𝗟𝗲𝗻𝗼𝘃𝗼model,27599.0,Intel Core i5,16.0,DDR4,256.0,SSD,Intel Iris Xe,Windows 11,14.0,1366,768,1,https://m.media-amazon.com/images/I/513BmVMUbUL._SL500_.jpg,,amazon
"Model 5411 | InteI Core i7 10th Gen Processor | 8GB DDR4 | 256GB SSD | 14"" Full HD | UHD 620 | Win 10 Pro | A+ Condition Laptop (Refab)",Model,29950.0,Intel Core i5,8.0,DDR4,256.0,SSD,Intel Iris Xe,Windows 11,15.6,1920,1080,1,https://m.media-amazon.com/images/I/51LHNjAjH9L._SL500_.jpg,,amazon
Laptop Model T480s Touch | Core i7 8th Gen Processor | 16GB RAM - 256GB SSD |14-inch FHD Display | Win 10 | A+ Condition(Pre-Owned & Tested),Laptop,26599.0,Intel Core i5,16.0,DDR4,256.0,SSD,Intel Iris Xe,Windows 11,15.6,1920,1080,1,https://m.media-amazon.com/images/I/51PG5cPDTsL._SL500_.jpg,,amazon
"Certified ThinkPad L14 14"" FHD Business Laptop, Core i7 Processor 10th Gen, Upto 32GB DDR4 RAM, Upto 1TB NVMe SSD, Win 11 Pro, Webcam, WiFi, Bluetooth, Durable Business Series (8.0, GB, 512.0, GB)",Certified,30990.0,Intel Core i5,32.0,DDR4,512.0,SSD,Intel Iris Xe,Windows 11,15.6,1920,1080,1,https://m.media-amazon.com/images/I/61YsiT4fCiL._SL500_.jpg,,amazon
"Model X360 1030 G4 Laptop (Core i7-8565 - 8GB RAM /256GB SSD/Win 10 Pro/UHD 620 Graphics 13.3-inch Foldable), Silver (Pre-Owned & Tested)",Model,26000.0,Intel Core i5,8.0,DDR4,256.0,SSD,Intel Iris Xe,Windows 11,15.6,1366,768,1,https://m.media-amazon.com/images/I/61OOkjVrC1L._SL500_.jpg,,amazon
𝗟𝗲𝗻𝗼𝘃𝗼Model T480 | InteI Core i7 8th Gen | 8GB RAM - 256GB SSD |14-inch Full HD Display | Win 10 pro | A+ Condition Laptop (Refab),𝗟𝗲𝗻𝗼𝘃𝗼model,25995.0,Intel Core i5,8.0,DDR4,256.0,SSD,Intel Iris Xe,Windows 11,15.6,1920,1080,1,https://m.media-amazon.com/images/I/51z1n2GulaL._SL500_.jpg,,amazon
𝗟𝗲𝗻𝗼𝘃𝗼Model T490s | 𝗜𝗻𝘁𝗲𝗹i5 8th Gen Processor | 16GB RAM | 256GB SSD | 14-inch FHD Display | Win 10 pro | A+ Condition Laptop (Refab),𝗟𝗲𝗻𝗼𝘃𝗼model,24995.0,Intel Core i5,16.0,DDR4,256.0,SSD,Intel Iris Xe,Windows 11,15.6,1920,1080,1,https://m.media-amazon.com/images/I/51z1n2GulaL._SL500_.jpg,,amazon
𝗗𝗲𝗹𝗹Model 5400 Laptop |Core i7 8th Gen | 16GB Fast RAM | 512GB SSD | 14” FHD | Win 10 | Seller Warranty |(Pre-Owned & Tested),𝗗𝗲𝗹𝗹model,28199.0,Intel Core i5,8.0,DDR4,512.0,SSD,Intel Iris Xe,Windows 11,15.6,1920,1080,1,https://m.media-amazon.com/images/I/51vIhMJreOL._SL500_.jpg,,amazon
HP/440G10 PROBOOK/14 FHD/i7 1355U/16GB/512GB/Aluminium/Pike Silver/FPR/WiFi 6E/Backlit/Win 11 Pro/1 Year/Intel(B10MCPT),HP,110000.0,Intel Core i5,8.0,DDR4,512.0,SSD,Intel Iris Xe,Windows 11,15.6,1920,1080,1,https://m.media-amazon.com/images/I/419kQVyp6SL._SL500_.jpg,,amazon
"Certified 5531 FHD Laptop Notebook with Core i7 12th Gen Processor (32GB Ram, 1TB SSD, WiFi, Bluetooth, Win 11 Pro) Silver",Certified,76999.0,Intel Core i5,32.0,DDR4,512.0,SSD,Intel Iris Xe,Windows 11,15.6,1920,1080,1,https://m.media-amazon.com/images/I/714g6-5-O3L._SL500_.jpg,,amazon
"𝗗𝗲𝗹𝗹Model 5420 Touchscreen Laptop- Core i7 11th gen -512GB SSD- 16GB RAM - Sleek & Thin 14"" FHD -Win 10 Silver (Pre-Owned & Tested)",𝗗𝗲𝗹𝗹model,37899.0,Intel Core i5,16.0,DDR4,512.0,SSD,Intel Iris Xe,Windows 11,15.6,1920,1080,1,https://m.media-amazon.com/images/I/51vIhMJreOL._SL500_.jpg,,amazon
Certified 820G3 12.5 Inch Business Notebook Laptop | Core i5 6th Gen 6200u | 8GB DDR4 RAM | 1TB SSD Storage | Compact & Lightweight | HD Screen | Type-C | Webcam | WiFi | Win 10 Pro,Certified,24990.0,Intel Core i5,8.0,DDR4,512.0,SSD,Intel Iris Xe,Windows 11,12.5,1366,768,1,https://m.media-amazon.com/images/I/71FTvPqS-SL._SL500_.jpg,,amazon
"Certified ThinkPad T14 Core i7-10610U 10th Gen | 14″ FHD Touchscreen | 16GB RAM | 1TB SSD | Win Pro | Laptop Computer (32, GB, 1, TB)",Certified,48990.0,Intel Core i5,16.0,DDR4,512.0,SSD,Intel Iris Xe,Windows 11,15.6,1920,1080,1,https://m.media-amazon.com/images/I/511UhwnPNgL._SL500_.jpg,,amazon
𝗟𝗲𝗻𝗼𝘃𝗼Model E15 | 𝗜𝗻𝘁𝗲𝗹i7 10th Gen | 8GB RAM/256GB SSD | 14″ FHD Display Win 10 | A+ Condition Laptop (Refab),𝗟𝗲𝗻𝗼𝘃𝗼model,29995.0,Intel Core i5,8.0,DDR4,256.0,SSD,Intel Iris Xe,Windows 11,15.6,1920,1080,1,https://m.media-amazon.com/images/I/51z1n2GulaL._SL500_.jpg,,amazon
𝗗𝗲𝗹𝗹Laptop Latitude 5410 Laptop | InteI Core i7 10th Gen | 8GB RAM | 256GB SSD | 14” FHD Display | Win 10 Pro | UHD Graphics | Business Laptop | A+ Condition | Seller Warranty (Refab),𝗗𝗲𝗹𝗹laptop,32999.0,Intel Core i5,8.0,DDR4,256.0,SSD,Intel Iris Xe,Windows 11,15.6,1920,1080,1,https://m.media-amazon.com/images/I/51LHNjAjH9L._SL500_.jpg,,amazon
"ROG Zephyrus G16, 16 ""(40.64cm) 2.5K OLED ROG Nebula Display 240Hz, Ultra 7 155H, Gaming Laptop (16GB LPDDRX/1TB SSD/NVIDIA GeForce RTX 4060 /Win11/Office 2021/Eclipse Grey/1.85 Kg ),GU605MV-CO711WS",Mi,176990.0,Intel Core i5,8.0,DDR4,512.0,SSD,Nvidia Geforce Rtx 4060,Windows 11,15.6,1920,1080,1,https://m.media-amazon.com/images/I/71Bi75aircL._SL500_.jpg,,amazon
"ASUS Vivobook 16,Smartchoice, 13th Gen, Intel Core i5-13420H,16GB RAM,512GB SSD,FHD, OLED,Win 11,M365 Basic (1Y),Backlit Keyboard,Office 2024,Silver,1.88 kg,X1605VA-SH1952WS, Thin & Light Laptop",ASUS,63990.0,Intel Core I5-13420H,16.0,DDR4,512.0,SSD,Intel Iris Xe,Windows 11,15.6,1920,1080,1,https://m.media-amazon.com/images/I/71aaW7HXKnL._SL500_.jpg,,amazon
"HP Professional 15 (2026), Intel (i3 14th Gen) Core 3 100U - (8 GB DDR5/512 GB SSD/Intel UHD Graphics) Thin & Light Business Laptop/15.6"" FHD/Fingerprint/Silver/1.5kg",HP,46520.0,Intel Core i5,8.0,DDR5,512.0,SSD,Intel Uhd Graphics,Windows 11,15.6,1920,1080,1,https://m.media-amazon.com/images/I/713Rk7E7dWL._SL500_.jpg,,amazon
"HP 15 (2026), Renewd AMD Ryzen 7 Octa Core 7735U - (16 GB DDR5/512 GB SSD/AMD Radeon 680M Graphics/DOS) Thin & Light Business Laptop/15.6"" FHD Display/Backlit + Fingerprint/Silver/1.5kg",HP,61700.0,Intel Core i5,16.0,DDR5,512.0,SSD,Amd Radeon 680M,DOS,15.6,1920,1080,1,https://m.media-amazon.com/images/I/71gGeGiFNKL._SL500_.jpg,,amazon
"ASUS Zenbook 14,Smartchoice,Intel Core Ultra 5 (Series 2),16GB,1TB,3K OLED Touch Screen,14"",120Hz,Win 11,M365 Basic (1Y)*,Office 2024, Silver,1.28 kg,UX3405CA-PZ345WS,Thin & Light Laptop",ASUS,114990.0,Intel Core Ultra 5,8.0,DDR4,512.0,SSD,Intel Iris Xe,Windows 11,15.6,1920,1080,1,https://m.media-amazon.com/images/I/71ULHGG5nBL._SL500_.jpg,,amazon
"HP Smartchoice OmniBook 5 OLED (Previously Pavilion), Snapdragon X Processor (16GB LPDDR5x, 1TB SSD) 2K, 14''/35.6cm, Win11, M365(1yr)*Office24, Silver,1.35kg, he0015QU,Light-Weight,Next-Gen AI Laptop",HP,79990.0,Snapdragon X Processor,16.0,LPDDR5X,512.0,SSD,Intel Iris Xe,Windows 11,15.6,2560,1600,1,https://m.media-amazon.com/images/I/71fHNU8KnQL._SL500_.jpg,,amazon
HP Laptop 245 G9 AMD Ryzen 3 3250U Dual Core - (8GB/512GB SSD/AMD Radeon Graphics) Thin and Light Business Laptop/14 (35.56Cm)/Silver/1.47 Kg,HP,37990.0,Amd Ryzen 3 3250U,8.0,DDR4,512.0,SSD,Amd Radeon Graphics,Windows 11,15.6,1920,1080,1,https://m.media-amazon.com/images/I/71-S1RFX3qL._SL500_.jpg,,amazon
"HP 15 (2026), Refrbishd AMD Ryzen 5 Hexa Core 7535U - (8 GB DDR5/512 GB SSD/) Thin and Light Business Laptop/15.6"" FHD Display/Turbo Silver/1.5kg",HP,48300.0,Intel Core i5,8.0,DDR5,512.0,SSD,Intel Iris Xe,Windows 11,15.6,1920,1080,1,https://m.media-amazon.com/images/I/71vF+WK+vrL._SL500_.jpg,,amazon
"HP Professional 14 (2026) Thin & Light Laptop – Intel Core 5-120U, 16GB RAM, 512GB SSD, 14"" FHD Display, Windows 11 Pro, Backlit Keyboard, Fingerprint Sensor, MSO 2024, Turbo Silver, 1.4 Kg",HP,64460.0,Intel Core i5,16.0,DDR4,512.0,SSD,Intel Iris Xe,Windows 11,15.6,1920,1080,1,https://m.media-amazon.com/images/I/51f2Na4PmYL._SL500_.jpg,,amazon
"DELL 14 (2025) Intel Core i3 11th Gen 1305U - (4 GB/512 GB SSD/Intel UHD Graphics/Windows 11 Pro) Thin and Light Business Laptop/14.0"" FHD+ IPS Display/Ice Blue/1.4 kg/MSO 2021/1 Year ADP Warranty",Dell,44100.0,Intel Core I3 11Th,8.0,DDR4,512.0,SSD,Intel Uhd Graphics,Windows 11,14.0,1920,1080,1,https://m.media-amazon.com/images/I/81wyj7X9c-L._SL500_.jpg,,amazon
"ASUS Vivobook 14, (i5 14th Gen) Intel Core 5 120U, Thin & Light Laptop(16GB RAM/512GB SSD/FHD/14/60Hz/Fingerprint Reader/M365 Basic (1Year)*/Office Home 2024/Cool Silver/1.4 Kg) X1404VAP-EB1541WS",ASUS,61650.0,Intel Core i5,16.0,DDR4,512.0,SSD,Intel Iris Xe,Windows 11,15.6,1920,1080,1,https://m.media-amazon.com/images/I/71ik+SPFwYL._SL500_.jpg,,amazon
"Lenovo IdeaPad Slim 3 13th Gen Intel Core i3-1315U 15.6 Inch (39.6cm) FHD Thin & Light Laptop (8GB/512GB SSD/Windows 11/Office Home 2024/Grey/1.62Kg), 82X700HJIN/HHIN",Lenovo,47490.0,Intel Core I3-1315U,8.0,DDR4,512.0,SSD,Intel Iris Xe,Windows 11,15.6,2560,1600,1,https://m.media-amazon.com/images/I/81Be1f26lVL._SL500_.jpg,,amazon
"DELL 15 (2025) Intel Core i3 13th Gen 1315U - (8 GB/512 GB SSD/Intel UHD Graphics/Windows 11 Home) Thin and Light Business Laptop/15.6"" HD Display/Smoky Black/1.5 kg/MSO 2021/1 Year ADP Warranty",Dell,47400.0,Intel Core I3 13Th,8.0,DDR4,512.0,SSD,Intel Uhd Graphics,Windows 11,15.6,1366,768,1,https://m.media-amazon.com/images/I/61oaKQ0+uqL._SL500_.jpg,,amazon
"HP Professional 15 (2026), Intel (i3 14th Gen) Core 3 100U - (8 GB/512 GB SSD/Intel UHD Graphics) Thin & Light Business Laptop/15.6"" Display/Turbo Silver/Copilot Key/1.5kg",HP,47760.0,Intel Core i5,8.0,DDR4,512.0,SSD,Intel Uhd Graphics,Windows 11,15.6,1366,768,1,https://m.media-amazon.com/images/I/71LFZxS09oL._SL500_.jpg,,amazon
"HP 255 G10 AMD Ryzen™ 7 7730U Octa CORE (16 GB/512 GB SSD/DOS/AMD Radeon™ Graphics) Thin and Light Laptop/ 15.6"" FHD Display Anti-Glare,Turbo Silver/1.5 kg 1 Year Brand Warranty",HP,57090.0,Intel Core i5,8.0,DDR4,512.0,SSD,Intel Iris Xe,DOS,15.6,1920,1080,1,https://m.media-amazon.com/images/I/71HJZo9V8DL._SL500_.jpg,,amazon
"𝗗𝗲𝗹𝗹LaptopModel 3400 Business Laptop | Core i5 8th Gen | 8GB DDR4 RAM | 256GB SSD | 14"" Full HD Display | Thin and Lightweight Laptop |Win 10 | A+ (Pre-Owned & Tested)",𝗗𝗲𝗹𝗹laptopmodel,26900.0,Intel Core i5,8.0,DDR4,256.0,SSD,Intel Iris Xe,Windows 11,15.6,1920,1080,1,https://m.media-amazon.com/images/I/31q2-8TNSZL._SL500_.jpg,,amazon
"DELL PRO 15 (2025) AMD Ryzen 5 7520U Quad Core - (8 GB DDR5/512 GB SSD/AMD Radeon 610M Graphics/Windows 11 Home) Thin and Light Business Laptop/Backlit/15.6"" FHD Display/Black/1.5 kg/MSO 2021",Dell,44500.0,Amd Ryzen 5 7520U,8.0,DDR5,512.0,SSD,Amd Radeon 610M,Windows 11,15.6,1920,1080,1,https://m.media-amazon.com/images/I/71JpPRWXOOL._SL500_.jpg,,amazon
"Acer Smartchoice Aspire One, AMD Ryzen 3-7320U, Office 2024 + M365 Basic, 8GB LPDDR5 RAM/ 256GB SSD, 14.0""/35.56cm TN HD Display, Win 11 Home, Pure Silver, 1.48KG, A114-43, Thin and Light Laptop",Acer,41990.0,Intel Core i5,8.0,LPDDR5,256.0,SSD,Intel Iris Xe,Windows 11,14.0,1366,768,1,https://m.media-amazon.com/images/I/71MbIVSIhAL._SL500_.jpg,,amazon
"ASUS Vivobook Go 15, AMD Ryzen 3 7320U Thin & Light Laptop(AMD Radeon iGPU/8GB RAM/512GB SSD/FHD/15.6""/60Hz/Windows 11/M365 Basic (1Year)*/Office Home 2024/Cool Silver/1.63 Kg) E1504FA-NJ131WS",ASUS,53990.0,Amd Ryzen 3 7320U,8.0,DDR4,512.0,SSD,Amd Radeon Igpu,Windows 11,15.6,1920,1080,1,https://m.media-amazon.com/images/I/61CVKTNbMQL._SL500_.jpg,,amazon
"Lenovo Chromebook Intel Celeron N4500 (4GB RAM/64GB eMMC 5.1/11.6 Inch (29.46cm)/HD Display/2Wx2 Stereo Speakers/HD Camera/Chrome OS/Blue/1.21Kg), 82UY0014HA",Lenovo,17990.0,Intel Celeron N4500,4.0,DDR4,512.0,SSD,Intel Iris Xe,Windows 11,11.6,1366,768,1,https://m.media-amazon.com/images/I/61aQ9BYq89L._SL500_.jpg,,amazon
"ASUS Vivobook S14,Smartchoice,AMD Ryzen AI 5 330,16GB RAM,512GB SSD,OLED,14"",Win11,Office24,M365 Basic (1Yr)*, Silver,1.4Kg,M3407KA-SF2501WS,50 Tops,Metallic Design Laptop,Next-Gen AI Laptop,Copilot+",ASUS,67990.0,Intel Core i5,16.0,DDR4,512.0,SSD,Intel Iris Xe,Windows 11,15.6,3840,2160,1,https://m.media-amazon.com/images/I/71TxOsJ0SvL._SL500_.jpg,,amazon
"Acer TravelLite TL04-41M 14.0"" FHD Thin and Light Laptop (AMD Ryzen 3 5400U / 16GB RAM / 512GB SSD/Windows 11 Home + MS Office Home & Student 2021 / Wi-Fi 6 / HD Webcam)",Acer,46999.0,Amd Ryzen 3 5400U,16.0,DDR4,512.0,SSD,Intel Iris Xe,Windows 11,14.0,1920,1080,1,https://m.media-amazon.com/images/I/71Nv0dJYbIL._SL500_.jpg,,amazon
"Acer Smartchoice Aspire One, AMD Ryzen 3-7320U, 8GB LPDDR5 RAM/ 512GB SSD, 14.0""/35.56cm TN HD Display, Win 11 Home, Pure Silver, 1.48KG, A114-43, Thin and Light Laptop",Acer,43990.0,Intel Core i5,8.0,LPDDR5,512.0,SSD,Intel Iris Xe,Windows 11,14.0,1366,768,1,https://m.media-amazon.com/images/I/71MbIVSIhAL._SL500_.jpg,,amazon
"Lenovo 15 (2025), Intel Core i5 12th Gen 1235U - (8 GB/512 GB SSD/Intel Iris Xe Graphics/Windows 11 Home) Thin and Light Business Laptop/15.6"" FHD Display/Iron Grey/1.6 kg/MS Office 2021",Lenovo,54999.0,Intel Core I5 12Th,8.0,DDR4,512.0,SSD,Intel Iris Xe,Windows 11,15.6,1920,1080,1,https://m.media-amazon.com/images/I/71UMN-qkXiL._SL500_.jpg,,amazon
"acer Aspire 3, AMD Ryzen R5 7430U Processor, 16GB, 512 GB, Full HD IPS, 15.6""/39.62 cm, Windows 11 Home, Pure Silver, 1.79 kg, A325-42, Thin and Light Laptop",Acer,54990.0,Intel Core i5,8.0,DDR4,512.0,SSD,Intel Iris Xe,Windows 11,15.6,1920,1080,1,https://m.media-amazon.com/images/I/51BV4vFUFpL._SL500_.jpg,,amazon
"Lenovo ThinkBook 14 Intel Core 5 210H 14th Gen(16GB/512GB SSD/Win11 Home/Fingerprint Reader)14"" WUXGA IPS 300Nits Antiglare Thin & Light Laptop/Aluminium Top/Arctic Grey/1Y Warranty/1.36Kg),21SGA02WIG",Lenovo,93990.0,Intel Core i5,8.0,DDR4,512.0,SSD,Intel Iris Xe,Windows 11,15.6,1920,1080,1,https://m.media-amazon.com/images/I/61JXT1qggjL._SL500_.jpg,,amazon
"Lenovo IdeaPad Slim 3, 13th Gen Intel Core i5-13420H, 16GB RAM, 512GB SSD, WUXGA IPS, 14""/36.8cm, Windows 11, Office Home 2024, Grey, 1.4Kg, Backlit Keyboard, 1Yr ADP Free, 83K00034IN, Laptop",Lenovo,79750.0,Intel Core I5-13420H,16.0,DDR4,512.0,SSD,Intel Iris Xe,Windows 11,15.6,3840,2160,1,https://m.media-amazon.com/images/I/71+Hg4qEXJL._SL500_.jpg,,amazon
"Lenovo IdeaPad Slim 3 AMD Ryzen 3 7320U 14"" FHD Thin and Light Laptop (8 GB/512GB SDD/Windows 11 Home/Office Home & Student 2021/1Yr ADP Free/Arctic Grey/1.37Kg), 82XN006JIN",Lenovo,46990.0,Amd Ryzen 3 7320U,8.0,DDR4,512.0,SSD,Intel Iris Xe,Windows 11,15.6,1920,1080,1,https://m.media-amazon.com/images/I/61khNUOxptL._SL500_.jpg,,amazon
"Lenovo ThinkBook 14 Intel Core 7 240H 14th Gen(16GB/512GB SSD/Win11 Home/Fingerprint Reader)14"" WUXGA IPS 300Nits Antiglare Thin & Light Laptop/Aluminium Top/Arctic Grey/1Y Warranty/1.36Kg),21SGA02YIG",Lenovo,102990.0,Intel Core i5,8.0,DDR4,512.0,SSD,Intel Iris Xe,Windows 11,15.6,1920,1080,1,https://m.media-amazon.com/images/I/61JXT1qggjL._SL500_.jpg,,amazon
"HP Laptop 245 G9 (2024), AMD Ryzen 3 3250U Dual Core - (16GB/512GB SSD/AMD Radeon Graphics/Windows 11 Pro) Thin and Light Business Laptop/14 (35.56cm)/Silver/1.47 kg/MS Office 2021",HP,40990.0,Amd Ryzen 3 3250U,8.0,DDR4,512.0,SSD,Amd Radeon Graphics,Windows 11,15.6,1920,1080,1,https://m.media-amazon.com/images/I/71-S1RFX3qL._SL500_.jpg,,amazon
"Dell 15 (Previously Inspiron), R5-7520U Processor, 8GB LPDDR5 RAM, 512GB SSD, FHD 15.6""/39.62 cm Display, Windows 11 Home, Carbon Black, 1.63kg, Standard Keyboard, 15 Month McAfee, Thin & Light Laptop",Dell,51990.0,Intel Core i5,8.0,LPDDR5,512.0,SSD,Intel Iris Xe,Windows 11,15.6,1920,1080,1,https://m.media-amazon.com/images/I/71TyZ4JfBrL._SL500_.jpg,,amazon
"HP 15 (2025), AMD Ryzen 3 7335U Quad Core - (8 GB DDR5/512 GB SSD/AMD Radeon Graphics/Windows 11 pro) Thin and Light Business Laptop/15.6"" FHD Display/Turbo Silver/1.5 kg/MSO 2024 / Copilot Key AI PC",HP,44910.0,Amd Ryzen 3 7335U,8.0,DDR5,512.0,SSD,Amd Radeon Graphics,Windows 11,15.6,1920,1080,1,https://m.media-amazon.com/images/I/71ymi6ARd8L._SL500_.jpg,,amazon
"Lenovo ThinkPad E14 Intel Core i3 11th Gen 14"" FHD IPS Thin and Light Laptop (8GB RAM/256 SSD/DOS/Fingerprint Reader/Black/1.59 kg), 20TAS14A00",Lenovo,49999.0,Intel Core I3 11Th,8.0,DDR4,512.0,SSD,Intel Iris Xe,DOS,15.6,1920,1080,1,https://m.media-amazon.com/images/I/51Td9b16cFL._SL500_.jpg,,amazon
"ASUS Vivobook 15 (2026),Intel Core 3 100U (14th Gen), Intel iGPU, 8GB/512GB,FHD,15.6""(39.6 cm),Windows 11 Home,M365 Basic(1 Year)* Office 2024,Cool Silver,1.7 Kg, X1504VAP-BQ1321WS,Thin & Light Laptop",ASUS,53990.0,Intel Core i5,8.0,DDR4,512.0,SSD,Intel Iris Xe,Windows 11,15.6,1920,1080,1,https://m.media-amazon.com/images/I/7107vv60uqL._SL500_.jpg,,amazon
"Lenovo V14 AMD Ryzen 3 7320U 14"" (35.5cm) FHD 250 Nits Antiglare Thin and Light Laptop Lifetime (8GB DDR5/ 512GB SSD/Windows 11/ Iron Grey/1.65 Kg) 1 Year Brand Warranty / 82YTA00UIN",Lenovo,44800.0,Amd Ryzen 3 7320U,8.0,DDR5,512.0,SSD,Intel Iris Xe,Windows 11,15.6,1920,1080,1,https://m.media-amazon.com/images/I/31pExzAxluL._SL500_.jpg,,amazon
"MSI Prestige 16 AI Evo, Intel Core Ultra 7 155H, Built-in AI, 41CM QHD+ Thin and Light Laptop(16GB/1TB NVMe SSD/Windows 11 Home/Intel Arc Graphics/Stellar Grey/1.5Kg), B1MG-033IN",MSI,113500.0,Intel Core Ultra 7,8.0,DDR4,512.0,SSD,Intel Arc Graphics,Windows 11,15.6,1366,768,1,https://m.media-amazon.com/images/I/710DewIQJjL._SL500_.jpg,,amazon
"Lenovo ThinkPad E14 AMD Ryzen 5 7530U 14"" (35.56 cm) WUXGA IPS 300 Nits Thin and Light Laptop (16GB RAM/1TB SSD/Windows 11 Home/AMD Radeon Graphics/Backlit Keyboard/FPR/Black/1.41 kg), 21JRS0H200",Lenovo,94500.0,Amd Ryzen 5 7530U,16.0,DDR4,512.0,SSD,Amd Radeon Graphics,Windows 11,15.6,1920,1080,1,https://m.media-amazon.com/images/I/510pfCNfE+L._SL500_.jpg,,amazon
"Lenovo Yoga Slim 7, Intel Core Ultra 5 125H, 16GB RAM, 512GB SSD, WUXGA-OLED, AI PC, 14""/35.5cm, 2Wx4 Speakers, Windows 11, Office Home 2024, Grey, 1.39Kg, 1Yr ADP Free, 83CV0085IN, AI Powered Laptop",Lenovo,79990.0,Intel Core Ultra 5,16.0,DDR4,512.0,SSD,Intel Iris Xe,Windows 11,15.6,1920,1080,1,https://m.media-amazon.com/images/I/71VkbzKU+FL._SL500_.jpg,,amazon
Acer Professional 14 | Intel Core 7-150U Processor | 16GB DDR5 RAM | 512GB SSD | 14” FHD Display | Windows 11 Pro | MSO 2021 | Fingerprint Reader | Backlit Keyboard | Thin & Light Business Laptop,Acer,84990.0,Intel Core i5,16.0,DDR5,512.0,SSD,Intel Iris Xe,Windows 11,15.6,1920,1080,1,https://m.media-amazon.com/images/I/6166M8BvdEL._SL500_.jpg,,amazon
"Acer Aspire Lite, AMD Ryzen 5-5625U Processor, 8 GB RAM, 512 GB SSD, Full HD, 15.6""/39.62 cm, Windows 11 Home, Steel Gray, 1.59 kg, AL15-41, Thin and Light Laptop",Acer,52999.0,Intel Core i5,8.0,DDR4,512.0,SSD,Intel Iris Xe,Windows 11,15.6,1920,1080,1,https://m.media-amazon.com/images/I/71x6CtIix+L._SL500_.jpg,,amazon
"ASUS Zenbook Duo (2026),Smartchoice,Intel Core Ultra 7 (Series 3),32GB RAM,1TB SSD,3K OLED,Touchscreen,14""(35.5 cm),Win 11,M365 Basic(1Y),Office 24,Moher Gray,1.65 Kg, UX8407AA-SN183WS,Copilot+ PC",ASUS,299990.0,Intel Core Ultra 7,32.0,DDR4,512.0,SSD,Intel Iris Xe,Windows 11,15.6,1920,1080,1,https://m.media-amazon.com/images/I/61k++IlhlVL._SL500_.jpg,,amazon
"Acer Aspire 3 Intel Core i5-1334U Processor, 8GB RAM/512GB SSD, 39.62 cm(15.6"") FHD LED-Backlit IPS Display, Win11Home, Pure Silver, 1.7Kg, A325-53, Thin & Light Laptop",Acer,55990.0,Intel Core I5-1334U,8.0,DDR4,512.0,SSD,Intel Iris Xe,Windows 11,15.6,1920,1080,1,https://m.media-amazon.com/images/I/510F+ee+WPL._SL500_.jpg,,amazon
"ASUS Vivobook 14, Intel Core i5-1335U,Thin & Light Laptop(Intel UHD iGPU/8GB RAM/512GB SSD/FHD/14/Backlit Keyboard/Windows 11/M365 Basic (1Year)*/Office Home 2024/Cool Silver/1.4 Kg) X1404VA-NK763WS",ASUS,61990.0,Intel Core I5-1335U,8.0,DDR4,512.0,SSD,Intel Iris Xe,Windows 11,15.6,1920,1080,1,https://m.media-amazon.com/images/I/71hL7DW-4RL._SL500_.jpg,,amazon
"HP 15 (2026), AMD Ryzen 3 Quad Core 7335U - (16 GB DDR5/512 GB SSD/AMD Radeon 660M Graphics/Windows 11 Home) Thin and Light Business Laptop/15.6"" Display/Turbo Silver/Copilot Key/1.5kg/MS Office",HP,51990.0,Intel Core i5,16.0,DDR5,512.0,SSD,Amd Radeon 660M,Windows 11,15.6,1920,1080,1,https://m.media-amazon.com/images/I/71FL4Z5JtiL._SL500_.jpg,,amazon
"acer Aspire, 13th Gen, Intel Core i5-13420H Processor, 16 GB, 512 GB, 15.6""/39.62 cm, Windows 11 Home, Obsidian Black, 1.99kg, A715-79G, Thin and Light Laptop",Acer,72990.0,Intel Core I5-13420H,8.0,DDR4,512.0,SSD,Intel Iris Xe,Windows 11,15.6,1920,1080,1,https://m.media-amazon.com/images/I/71delzFA7kL._SL500_.jpg,,amazon
"Lenovo 15 (2025), AMD Ryzen 3 7320U Quad Core - (8 GB/512 GB SSD/AMD Radeon Graphics/Windows 11 Home) Thin and Light Business Laptop/15.6"" FHD Display/Arctic Grey/1.6 kg/MS Office 2021",Lenovo,49999.0,Amd Ryzen 3 7320U,8.0,DDR4,512.0,SSD,Amd Radeon Graphics,Windows 11,15.6,1920,1080,1,https://m.media-amazon.com/images/I/71uxIR5ZneL._SL500_.jpg,,amazon
"Lenovo ThinkPad E14 AMD Ryzen 5 7535HS (16GB RAM/1TB SSD/Win11 Home/Office 2024/Backlit Keyboard/Fingerprint) 14"" WUXGA IPS 300 Nits Thin & Light Laptop/1Y Warranty/Aluminium Top/1.42 kg, 21M3S0KS00",Lenovo,94990.0,Amd Ryzen 5 7535Hs,16.0,DDR4,512.0,SSD,Intel Iris Xe,Windows 11,15.6,1920,1080,1,https://m.media-amazon.com/images/I/41r9Iz4j3LL._SL500_.jpg,,amazon
"DELL 14 (2025) Intel Core i3 13th Gen 1305U - (16 GB/512 GB SSD/Intel UHD Graphics/Windows 11 Home) Thin and Light Business Laptop/14.0"" FHD+ IPS Display/Ice Blue/1.4 kg/MSO 2021/1 Year ADP Warranty",Dell,53990.0,Intel Core I3 13Th,8.0,DDR4,512.0,SSD,Intel Uhd Graphics,Windows 11,14.0,1920,1080,1,https://m.media-amazon.com/images/I/819hxbwfNxL._SL500_.jpg,,amazon
"Lenovo 15 (2025), Intel Core i3 12th Gen 1215U - (8 GB/512 GB SSD/Intel UHD Graphics/Windows 11 Pro) Thin and Light Business Laptop/15.6"" FHD Display/Iron Grey/1.6 kg/MS Office 2021",Lenovo,45990.0,Intel Core I3 12Th,8.0,DDR4,512.0,SSD,Intel Uhd Graphics,Windows 11,15.6,1920,1080,1,https://m.media-amazon.com/images/I/71osSRn6QPL._SL500_.jpg,,amazon
"HP 14 (2025), Intel Core i3 13th Gen 1315U - (16 GB/512 GB SSD/Intel UHD Graphics/Windows 11 Pro) Thin and Light Business Laptop/14.0"" HD Display/Ash Grey/1.4 kg/MS Office 2021",HP,49990.0,Intel Core I3 13Th,8.0,DDR4,512.0,SSD,Intel Uhd Graphics,Windows 11,14.0,1366,768,1,https://m.media-amazon.com/images/I/61pOa9nADEL._SL500_.jpg,,amazon
"ASUS Vivobook 15 (2024) Intel Core i3 12th Gen 1215U - (8 GB/SSD/512 GB SSD/Windows 11 Home) X1502ZA-EJ953WS Thin and Light Laptop (15.6 Inch, Icelight Silver, 1.70 kg, with MS Office)",ASUS,49990.0,Intel Core I3 12Th,8.0,DDR4,512.0,SSD,Intel Iris Xe,Windows 11,15.6,1920,1080,1,https://m.media-amazon.com/images/I/51a10N0zoUL._SL500_.jpg,,amazon
"Lenovo Yoga Slim 7 Aura Edition Intel Evo Core Ultra 7 256V (16GB RAM/512GB SSD/14 (35.5cm)/WUXGA OLED/Copilot+ PC/Windows 11/MSO 365 Basic+Office 2024/1Yr ADP/Seashell/1.19Kg), 83JX00EXIN AI Laptop",Lenovo,136990.0,Intel Core i5,16.0,DDR4,512.0,SSD,Intel Iris Xe,Windows 11,15.6,1920,1080,1,https://m.media-amazon.com/images/I/815lJLgNCqL._SL500_.jpg,,amazon
"Acer One 14 Z14-55M Thin and Light Laptop | AMD Ryzen 3 7320U | 8GB LPDDR5/512GB NVMe SSD/Windows 11 Home MS Office | 14-Inch HD Display, AMD Radeon 610M Graphics, Silver",Acer,47999.0,Amd Ryzen 3 7320U,8.0,LPDDR5,512.0,SSD,Amd Radeon 610M,Windows 11,15.6,1366,768,1,https://m.media-amazon.com/images/I/61Oj4SAW-xL._SL500_.jpg,,amazon
"Lenovo ThinkBook 16, Intel Core Ultra 9 185H, 16GB RAM, 512GB SSD, WUXGA IPS 16” (40.64cm), Win 11 Home, Arctic Grey, 1.7Kg, 21SKA0J5IG, Fingerprint, Backlit, 300 Nits, 1Y Warranty, AI Powered Laptop",Lenovo,94990.0,Intel Core Ultra 9,16.0,DDR4,512.0,SSD,Intel Iris Xe,Windows 11,15.6,1920,1080,1,https://m.media-amazon.com/images/I/511EukRBJzL._SL500_.jpg,,amazon
"ASUS Vivobook 15, Intel Core i3 13th Gen 1315U, 8GB RAM, 512GB SSD, FHD 15.6"", Windows 11, Office Home 2024, Quiet Blue, 1.7Kg, X1504VA-NJ3321WS, Intel UHD iGPU, M365 Basic (1Year)* Laptop",ASUS,53850.0,Intel Core I3 13Th,8.0,DDR4,512.0,SSD,Intel Iris Xe,Windows 11,15.6,1920,1080,1,https://m.media-amazon.com/images/I/71iTDJNIN3L._SL500_.jpg,,amazon
"ASUS Chromebook CM32 Detachable (2026),Smartchoice,MediaTek Kompanio 540 Processor,4GB RAM,64GB SSD,Touchscreen,12.1""(30.7 cm),Chrome OS,Cloud Titanium,0.64 Kg,CM3206DM4A-TR0118,Thin & Light Laptop",ASUS,37990.0,Intel Core i5,4.0,DDR4,512.0,SSD,Intel Iris Xe,Windows 11,12.1,1920,1080,1,https://m.media-amazon.com/images/I/714AHSIJNWL._SL500_.jpg,,amazon
"ASUS Vivobook S16 (2026), Smartchoice,Intel Core Ultra 7 355 (Series 3),16GB RAM, 1TB SSD, OLED, 16""(40 cm),Win 11, M365 Basic(1 Year), Office 2024, Matte Gray,1.7 Kg, S3607AA-SH089WS, Copilot+ PC",ASUS,155990.0,Intel Core Ultra 7,16.0,DDR4,512.0,SSD,Intel Iris Xe,Windows 11,15.6,1920,1080,1,https://m.media-amazon.com/images/I/618aD6UpgBL._SL500_.jpg,,amazon
"HP 14 (2025), Intel Core 5 14th Gen 120U - (16 GB/512 GB SSD/Intel Iris Xe Graphics/Windows 11 Home) Thin and Light Business Laptop/14.0"" FHD Display/Ash Grey/1.4 kg/MS Office 2021",HP,60990.0,Intel Core i5,8.0,DDR4,512.0,SSD,Intel Iris Xe,Windows 11,14.0,1920,1080,1,https://m.media-amazon.com/images/I/71uR8ZbCvSL._SL500_.jpg,,amazon
"Lenovo IdeaPad Slim 5 Snapdragon X Plus X1P-42-100, Copilot+ AI PC (Qualcomm Adreno iGPU/45TOPS/16GB RAM/1TB SSD/WUXGA IPS Display/14(35.5cm)/Win 11/MS Office 2021/Grey/1.89Kg), 83HL0035IN AI Laptop",Lenovo,82999.0,Snapdragon X Plus,16.0,DDR4,512.0,SSD,Intel Iris Xe,Windows 11,15.6,1920,1080,1,https://m.media-amazon.com/images/I/71xk4GOo1fL._SL500_.jpg,,amazon
"ASUS Vivobook 15, Intel Core i5 13th Gen 1335U, 16GB RAM, 512GB SSD, FHD 15.6"", Windows 11, Office 2021, Cool Silver, 1.70kg, X1504VA-NJ540WS, Intel Iris Xᵉ iGPU, 42WHrs, Thin & Light Laptop",ASUS,61850.0,Intel Core I5 13Th,16.0,DDR4,512.0,SSD,Intel Iris Xe,Windows 11,15.6,1920,1080,1,https://m.media-amazon.com/images/I/71XYOmBw9zL._SL500_.jpg,,amazon
"HP Professional 14 (2025), Intel Core i3 13th Gen 1315U - (8 GB/512 GB SSD/Intel UHD Graphics/Windows 11 Home) Thin and Light Business Laptop/14.0"" HD Display/Turbo Silver/1.4 Kg/MSO 2021",HP,50490.0,Intel Core I3 13Th,8.0,DDR4,512.0,SSD,Intel Uhd Graphics,Windows 11,14.0,1366,768,1,https://m.media-amazon.com/images/I/71oFGn8D8FL._SL500_.jpg,,amazon
"Lenovo V15 Powered by AMD Ryzen 7 7730U Features a 15.6"" FHD Anti-Glare Display (250 nits), 16GB RAM, 512GB SSD, and Windows 11. Sleek, Thin, and Lightweight in Iron Grey, Weighing 1.65 kg.",Lenovo,79999.0,Amd Ryzen 7 7730U,16.0,DDR4,512.0,SSD,Intel Iris Xe,Windows 11,15.6,1920,1080,1,https://m.media-amazon.com/images/I/61JplM0ZWBL._SL500_.jpg,,amazon
"Acer One 14 Pro Laptop Z14-55M | 14"" HD Display | AMD Ryzen 3 7320U | 8GB LPDDR5 RAM | 256GB NVMe SSD | Windows 11 MS Office | Thin & Light Design | AMD Radeon Graphics | Silver",Acer,41999.0,Amd Ryzen 3 7320U,8.0,LPDDR5,256.0,SSD,Amd Radeon Graphics,Windows 11,15.6,1366,768,1,https://m.media-amazon.com/images/I/61s++AStMJL._SL500_.jpg,,amazon
"ASUS Vivobook 14 (2023), Intel Core i3-1315U 13th Gen, 14"" (35.56 cms) FHD, Thin and Light Laptop (8GB/512GB SSD/Integrated Graphics/Windows 11/Office 2021/Fingerprint/Silver/1.4 kg), X1404VA-NK322WS",ASUS,48999.0,Intel Core I3-1315U,8.0,DDR4,512.0,SSD,Intel Iris Xe,Windows 11,15.6,1920,1080,1,https://m.media-amazon.com/images/I/71ik+SPFwYL._SL500_.jpg,,amazon
"ASUS Vivobook 16 (2026),Smartchoice,Intel Core Ultra 5 325 (Series 3), Intel iGPU,16GB RAM,512GB SSD,FHD+, 16""(40 cm),Win11,M365 Basic(1Y),Office 24,Quiet Blue,1.88 kg,X1607AA-MB037WS, Copilot+ AI PC",ASUS,98990.0,Intel Core Ultra 5,16.0,DDR4,512.0,SSD,Intel Iris Xe,Windows 11,15.6,1920,1080,1,https://m.media-amazon.com/images/I/71pV96bCi9L._SL500_.jpg,,amazon
"HP Professional 15 (2026), Intel (i5 14th Gen) Core 5 120U - (16 GB/512 GB SSD/Intel Iris Xe Graphics/DOS) Business Laptop/15.6"" FHD/Backlit + Fingerprint/Silver/Copilot Key/1.5kg",HP,64660.0,Intel Core i5,8.0,DDR4,512.0,SSD,Intel Iris Xe,DOS,15.6,1920,1080,1,https://m.media-amazon.com/images/I/71gGeGiFNKL._SL500_.jpg,,amazon
"Lexibook LAPTAB 11, Laptop with Touch Screen, Designed for The Whole Family, Educational and Fun Content, Powered by Android™, Parental Control, Ultra Thin and Light, LT11EN",Mi,39413.0,Intel Core i5,8.0,DDR4,512.0,SSD,Intel Iris Xe,Windows 11,15.6,1920,1080,1,https://m.media-amazon.com/images/I/71YFAniXxvL._SL500_.jpg,,amazon
"Lenovo V15 Intel i3-1115G4 3.0Ghz 15.6"" (39.62cm) FHD 250 nits Antiglare Thin and Light Laptop,1YR ADP (4GB/256GB SSD/DOS/Iron Grey/1.7 Kg), 82KBA002IH",Lenovo,45399.0,Intel Core i5,8.0,DDR4,256.0,SSD,Intel Iris Xe,DOS,15.6,2560,1600,1,https://m.media-amazon.com/images/I/71xRJyb0hYL._SL500_.jpg,,amazon
"HP 255 G10 AMD Ryzen 3 Quad Core 7320U - (8 GB DDR4/512 GB SSD/AMD Radeon Graphics/Windows 11),15.6 inch, Silver",HP,46090.0,Intel Core i5,8.0,DDR4,512.0,SSD,Amd Radeon Graphics,Windows 11,15.6,1920,1080,1,https://m.media-amazon.com/images/I/71CQ2SFwyZL._SL500_.jpg,,amazon
DELL PRO 15 (2025) AMD Ryzen 5 7520U Quad Core - (8 GB DDR5/512 GB SSD/AMD Radeon 610M Graphics/Windows 11 Pro),Dell,44690.0,Amd Ryzen 5 7520U,8.0,DDR5,512.0,SSD,Amd Radeon 610M,Windows 11,15.6,1920,1080,1,https://m.media-amazon.com/images/I/81AODMAQHvL._SL500_.jpg,,amazon
"Lenovo V14 G3 (2024), Intel Core i3 12th Gen 1215U - (8GB/512GB SSD/Intel Integrated UHD Graphics/Windows 11) Thin and Light Business Laptop/14.0"" FHD Display/Iron Grey/1.57 kg/MS Office 2021",Lenovo,62500.0,Intel Core I3 12Th,8.0,DDR4,512.0,SSD,Intel Iris Xe,Windows 11,14.0,1920,1080,1,https://m.media-amazon.com/images/I/51yVm98oT5L._SL500_.jpg,,amazon
"Lenovo V15 AMD Ryzen 3 7320U 15.6"" (39.62cm) FHD 250 Nits Antiglare Thin and Light Laptop (8GB/512GB SSD/DOS/Arctic Grey/1.65 Kg), 82YU00W6IN",Lenovo,47500.0,Amd Ryzen 3 7320U,8.0,DDR4,512.0,SSD,Intel Iris Xe,DOS,15.6,1920,1080,1,https://m.media-amazon.com/images/I/71e90zDk8rL._SL500_.jpg,,amazon
"HP 250R Notebook, 13th Gen i3-1315U, 8GB DDR4, 512GB SSD, 15.6-inch(39.6cm),Anti-Glare, HD Laptop, Intel UHD Graphics, (DOS, Silver,1.74kg) G9",HP,49450.0,Intel Core i5,8.0,DDR4,512.0,SSD,Intel Uhd Graphics,DOS,15.6,3840,2160,1,https://m.media-amazon.com/images/I/81SLIASQ-ML._SL500_.jpg,,amazon
"Lenovo 15 (2025), Intel Core i5 12th Gen 1235U - (16 GB/512 GB SSD/Intel Iris Xe Graphics/Windows 11 Home) Thin and Light Business Laptop/15.6"" FHD Display/Iron Grey/1.6 kg/MS Office 2021",Lenovo,59999.0,Intel Core I5 12Th,8.0,DDR4,512.0,SSD,Intel Iris Xe,Windows 11,15.6,1920,1080,1,https://m.media-amazon.com/images/I/71uxIR5ZneL._SL500_.jpg,,amazon
"ASUS Vivobook Go 15, 7000 Series, AMD Ryzen 3 7320U, 8 GB RAM, 512GB SSD, FHD, Anti-Glare, 15.6"", 39.6 cm, Windows 11 Home, M365 Basic(1yr)* Office24, Mixed Black, 1.63 kg, E1504FA-BQ2322WS, Laptop",ASUS,50900.0,Amd Ryzen 3 7320U,8.0,DDR4,512.0,SSD,Intel Iris Xe,Windows 11,15.6,1920,1080,1,https://m.media-amazon.com/images/I/71Got5ZZBLL._SL500_.jpg,,amazon
"HP 15 Laptop, AMD Ryzen 7 7730U (16GB DDR4,512GB SSD) Anti-Glare, Micro-Edge,15.6''/39.6cm, FHD, Win11, M365 Basic(1yr),Office Home24,Silver,1.59kg,FHD Camera w/Privacy Shutter, Backlit KB, fc0761AU",HP,59980.0,Amd Ryzen 7 7730U,16.0,DDR4,512.0,SSD,Intel Iris Xe,Windows 11,15.6,1920,1080,1,https://m.media-amazon.com/images/I/717beEiCf6L._SL500_.jpg,,amazon
"Lenovo IdeaPad Slim 3 13th Gen Intel Core i5-13420H 15.3""(38.8cm) WUXGA IPS Laptop(16GB RAM/512GB SSD/Win 11/Office Home 2024/Backlit/1Yr ADP Free/Top Metal Cover & IR Camera/Grey/1.6Kg), 83K100CGIN",Lenovo,67150.0,Intel Core I5-13420H,16.0,DDR4,512.0,SSD,Intel Iris Xe,Windows 11,15.3,1920,1080,1,https://m.media-amazon.com/images/I/71Q6JmLZE7L._SL500_.jpg,,amazon
Lenovo V15 Intel Celeron n4500 FHD 15.6 inch Laptop / 8GB DDR4 Ram and 256GB NVME SSD/Intel UHD Graphics/Windows 11 & MS-Office/Privacy Shutter/Black / 1.6kg / 1 Year Brand Warranty,Lenovo,59999.0,Intel Celeron N4500,8.0,DDR4,256.0,SSD,Intel Uhd Graphics,Windows 11,15.6,1920,1080,1,https://m.media-amazon.com/images/I/51pu+WsoXaL._SL500_.jpg,,amazon
"HP Pavilion x360,14th Gen Intel Core 3 100U 8GB RAM/512GB SSD 14-inch(35.6 cm) Micro-Edge FHD Laptop/Intel Iris Xe Graphics/Backlit KB/Alexa/B&O/Win 11/MSO/1.41 Kg,14-ek2033TU",HP,68990.0,Intel Core i5,8.0,DDR4,512.0,SSD,Intel Iris Xe,Windows 11,15.6,1920,1080,1,https://m.media-amazon.com/images/I/41w6eMsD5ML._SL500_.jpg,,amazon
"Dell G Series, 13th Gen Intel Core i5-13450HX, NVIDIA RTX 3050-6GB, 16GB DDR5, 512GB SSD, FHD, 15.6""/39.62cm, Windows 11, Microsoft Office Home 2024, 2.65KG, G15-5530, Backlit Keyboard, Gaming Laptop",Dell,76990.0,Intel Core I5-13450Hx,16.0,DDR5,512.0,SSD,Nvidia Rtx 3050,Windows 11,15.6,1920,1080,1,https://m.media-amazon.com/images/I/71FJAKQJ0JL._SL500_.jpg,,amazon
"ASUS Vivobook Go 15 (2023), Intel Core i3-N305, 8GB RAM, 512GB SSD, FHD, 15.6""/39.62cm, Windows 11, MS Office 2021, Silver, 1.63KG, E1504GA-NJ321WS, Integrated Graphics, Backlit KB, Thin&Light Laptop",ASUS,49990.0,Intel Core i5,8.0,DDR4,512.0,SSD,Intel Iris Xe,Windows 11,15.6,1920,1080,1,https://m.media-amazon.com/images/I/71GbvoTwsQL._SL500_.jpg,,amazon
"Lenovo V15 Intel Core i3 12th Gen 15.6"" (39.62 cm) FHD (1920x1080) Antiglare 250 Nits Thin and Light Laptop (8GB RAM/512GB SSD/Windows 11 Home/Iron Grey/1Y Onsite + 1Y ADP Add On/1.7 kg), 82TTA00VIH",Lenovo,55000.0,Intel Core I3 12Th,8.0,DDR4,512.0,SSD,Intel Iris Xe,Windows 11,15.6,1920,1080,1,https://m.media-amazon.com/images/I/51uMR8hdx9L._SL500_.jpg,,amazon
"HP 250R Notebook, 13th Gen i5-1335U, 16GB DDR4, 512GB SSD, 15.6-inch(39.6cm),Anti-Glare, HD Laptop, Intel Iris Xe Graphics, (DOS, Silver,1.74kg) G9",HP,63990.0,Intel Core i5,16.0,DDR4,512.0,SSD,Intel Iris Xe,DOS,15.6,3840,2160,1,https://m.media-amazon.com/images/I/81SLIASQ-ML._SL500_.jpg,,amazon
"HP 15, AMD Ryzen 3 7320U (8GB LPDDR5, 512GB SSD) FHD, Anti-Glare, Micro-Edge, 15.6""/39.6cm, Win 11, Office 21, Silver, 1.59kg, fc0026AU, AMD Radeon Graphics, 1080p FHD Backlit Keyboard",HP,45990.0,Amd Ryzen 3 7320U,8.0,LPDDR5,512.0,SSD,Amd Radeon Graphics,Windows 11,15.6,1920,1080,1,https://m.media-amazon.com/images/I/61Ja6Xa4QaL._SL500_.jpg,,amazon
"ASUS Vivobook 15, 13th Gen, Intel Core i3-1315U, 8 GB RAM, 512GB SSD, FHD, Anti-Glare, 15.6"", 39.6 cm, Windows 11 Home, M365 Basic(1yr)* Office24, Cool Silver, 1.70 kg, X1504VA-BQ321WS, Laptop",ASUS,49500.0,Intel Core I3-1315U,8.0,DDR4,512.0,SSD,Intel Iris Xe,Windows 11,15.6,1920,1080,1,https://m.media-amazon.com/images/I/71bIUPAleZL._SL500_.jpg,,amazon
"MSI Modern 15, Intel 13th Gen. i7-1355U, 40CM FHD 60Hz Laptop (8GB/512GB NVMe SSD/Windows 11 Home/Iris Xe Graphics/Star Blue/1.7Kg), B13M-290IN",MSI,58990.0,Intel Core i5,8.0,DDR4,512.0,SSD,Intel Iris Xe,Windows 11,15.6,1920,1080,1,https://m.media-amazon.com/images/I/612uH7PYGIL._SL500_.jpg,,amazon
"HP 255 G10 7000 Series AMD Ryzen 5 Quad Core 7520U 2.8Ghz Upto 4.3Ghz - (8 GB/512 GB SSD/AMD Radeon Graphics) 255 G10 Thin and Light Laptop (15.6 inch, Matt Silver, 1.45 kg)",HP,47280.0,Intel Core i5,8.0,DDR4,512.0,SSD,Amd Radeon Graphics,Windows 11,15.6,1920,1080,1,https://m.media-amazon.com/images/I/71-Ia2Gvd0L._SL500_.jpg,,amazon
"Lenovo IdeaPad Slim 1 AMD Ryzen 7 5700U 15.6"" HD Thin and Light Laptop (16GB/512GB SSD/Windows 11 Home/MS Office 2021/1 Year Warranty + 1 Year ADP/Cloud Grey/1.6Kg), 82R400EFIN",Lenovo,59990.0,Amd Ryzen 7 5700U,8.0,DDR4,512.0,SSD,Intel Iris Xe,Windows 11,15.6,1366,768,1,https://m.media-amazon.com/images/I/61CHy-sShhL._SL500_.jpg,,amazon
"ASUS Vivobook 15, (i5 14th Gen) Intel Core 5 120U,Thin & Light Laptop (16GB RAM/512GB SSD/FHD/15.6""/60Hz/Backlit Keyboard/Windows 11/Office 2021/Blue/1.70 kg) X1504VAP-NJ2864WS",ASUS,60799.0,Intel Core i5,16.0,DDR4,512.0,SSD,Intel Iris Xe,Windows 11,15.6,1920,1080,1,https://m.media-amazon.com/images/I/71qTbS09tjL._SL500_.jpg,,amazon
"Lenovo ThinkBook 15 G5 AMD Ryzen 7 7730U 15.6"" FHD Antiglare 250 Nits Thin and Light Laptop (8GB RAM/512GB SSD/Windows 11 Home/Fingerprint Reader/Backlit/Mineral Grey/1 Year Onsite/1.7 kg), 21JFA00BIN",Lenovo,99999.0,Amd Ryzen 7 7730U,8.0,DDR4,512.0,SSD,Intel Iris Xe,Windows 11,15.6,1920,1080,1,https://m.media-amazon.com/images/I/51UoiQ-zvEL._SL500_.jpg,,amazon
"Dell 14 Smart Choice, AMD Ryzen5 AI 340 Processor, 16GB LPDDR5X, 512GB SSD, FHD+, 14""/35.56cm, Win 11, MSO'24, Ice Blue, 1.52 Kg, [Dell 14], 300 Nits IPS, Backlit + FPS Keyboard, AI Powered Laptop",Dell,72990.0,Intel Core i5,16.0,LPDDR5X,512.0,SSD,Intel Iris Xe,Windows 11,15.6,1920,1080,1,https://m.media-amazon.com/images/I/71U+eutXvhL._SL500_.jpg,,amazon
"acer Aspire GO Intel Core i3-N305 Processor Laptop (Windows 11 Home/8 GB LPDDR5 RAM/512 GB SSD/Intel Graphics/50 WHR) AG15-31P with 15.6"" Full HD LED-Backlit TFT LCD Display, Pure Silver, 1.75 KG",Acer,47990.0,Intel Core i5,8.0,LPDDR5,512.0,SSD,Intel Iris Xe,Windows 11,15.6,1920,1080,1,https://m.media-amazon.com/images/I/61eeI5WdKHL._SL500_.jpg,,amazon
"HP 14 245, AMD R3 (4 GB/256 GB/DOS) 14 Silver",HP,54990.0,Intel Core i5,8.0,DDR4,256.0,SSD,Intel Iris Xe,DOS,15.6,1920,1080,1,https://m.media-amazon.com/images/I/71OYTmMWyLL._SL500_.jpg,,amazon
"ASUS Vivobook Go 14, AMD Ryzen 3 7320U Processor,(8GB RAM/512GB SSD/14 FHD (1920 x 1080)/Windows 11/M365 Basic (1Year)*/Office Home 2024/Silver/1.38 kg), E1404FA-EB2321WS",ASUS,47990.0,Amd Ryzen 3 7320U,8.0,DDR4,512.0,SSD,Intel Iris Xe,Windows 11,15.6,1920,1080,1,https://m.media-amazon.com/images/I/71EqJT4UzEL._SL500_.jpg,,amazon
"ASUS Vivobook 15, Intel Core i5-1334U, (8GB RAM/512GB SSD/15.6"" FHD (1920 x 1080)/Intel Iris Xᵉ/Win 11/M365 Basic (1Year)*/Backlit Keyboard/Office Home 2024/Cool Silver/1.70 kg), X1504VA-NJ1765WS",ASUS,56999.0,Intel Core I5-1334U,8.0,DDR4,512.0,SSD,Intel Iris Xe,Windows 11,15.6,1920,1080,1,https://m.media-amazon.com/images/I/710ztpw+PrL._SL500_.jpg,,amazon
"ASUS Vivobook S 15 2022, Intel Core EVO i5-12500H 12th Gen, 15.6-inch (39.62 cms) FHD, Thin & Light Laptop (8GB/512GB SSD/Win11/Office 2021/Backlit/FingerPrint/70WHr/Black/1.80 kg), K3502ZA-KJ522WS",ASUS,68590.0,Intel Core i5,8.0,DDR4,512.0,SSD,Intel Iris Xe,Windows 11,15.6,1920,1080,1,https://m.media-amazon.com/images/I/71GU-nTNV-L._SL500_.jpg,,amazon
"acer Aspire Lite 12th Gen Intel Core i5-12450H Thin and Light Laptop (Windows11Home/16GB RAM/512GB SSD) AL15-52H, 39.62cm (15.6"") IPS Full HD, Backlit Keyboard, Pure Silver, 1.7KG",Acer,62000.0,Intel Core I5-12450H,16.0,DDR4,512.0,SSD,Intel Iris Xe,Windows 11,15.6,1920,1080,1,https://m.media-amazon.com/images/I/81JjrVwWSgL._SL500_.jpg,,amazon
"Certified ThinkPad E15 Professional Laptop (Core i5 10th Gen | Upto 32 GB RAM | Upto 2TB SSD | 15.6"" FHD Display | Win 11 | Numeric Keypad) (2.0, TB, 8.0, GB)",Certified,39990.0,Intel Core i5,32.0,DDR4,512.0,SSD,Intel Iris Xe,Windows 11,15.6,1920,1080,1,https://m.media-amazon.com/images/I/61C1Udl9vCL._SL500_.jpg,,amazon
"HP All-in-One, Intel Core Ultra 7 155U (16GB DDR5,1TB SSD) IPS, 300 nits, Touch, Anti-Glare, FHD, 27inch(68.6cm), Win11, M365*, Shell White, 6.72kg, FHD IR tilt Camera w/Privacy shuttter, 27-cr1418in",HP,127359.0,Intel Core Ultra 7,16.0,DDR5,512.0,SSD,Intel Iris Xe,Windows 11,15.6,2560,1600,1,https://m.media-amazon.com/images/I/71vg52juShL._SL500_.jpg,,amazon
"LG 32MR50C 80 cm (31.5 Inch) Full HD Curved (1920x1080) VA PC Monitor w/ 100Hz, 5ms (GtG), AMD FreeSync, D-Sub, 2xHDMI, Tilt Adjustable Anti-Glare, 3-Side Virtually Borderless Design, NTSC 72% (Black)",Mi,13499.0,Intel Core i5,8.0,DDR4,512.0,SSD,Intel Iris Xe,Windows 11,15.6,1920,1080,1,https://m.media-amazon.com/images/I/71G2Xl6W9XL._SL500_.jpg,,amazon
